part,scope,subset,config,stat,n,mae,bias,rel_mae,dir_acc,dir_bal_acc,coverage,pooled_rel_mae
player,pooled,all,base,PTS,70944,4.683736917180932,-0.41579299284287785,1.0,0.5146973327850488,0.515395702587524,0.9940657419936851,1.0
player,pooled,all,base,AST,70944,1.3679129236952579,-0.12617921838537316,1.0,0.5148577238683069,0.5163678309981389,0.9842833784393324,1.0
player,pooled,all,base,REB,70944,1.9307155256425512,-0.13168811116954177,1.0,0.5057587593009665,0.5068857776633038,0.9888644564727108,1.0
player,pooled,all,base,STL,70944,0.7138789733757293,-0.01591074202373429,1.0,0.5098587468308584,0.5134446022418817,0.97295049616599,1.0
player,pooled,all,base,BLK,70944,0.5191129639295158,-0.008792248079877905,1.0,0.500784553999731,0.5090315407836291,0.9432369192602617,1.0
player,pooled,all,base,FG3M,70944,0.889994298532199,-0.04653368018290801,1.0,0.5014183733906917,0.5047439077361501,0.9043470906630582,1.0
player,pooled,all,base,TOV,70944,0.8992427429080239,-0.016632543898378403,1.0,0.49241585553462824,0.4947544320700727,0.9803929860171403,1.0
player,pooled,all,base,FG3A,70944,1.5280796178379124,-0.1153809900438102,1.0,0.5043335815338794,0.5060252198685069,0.946521199819576,1.0
player,pooled,all,base,OREB,70944,0.8553996017732493,-0.027513155249541482,1.0,0.5009512279488066,0.5045884163831416,0.9780108254397835,1.0
player,2023-24,all,base,PTS,23614,4.65711442810806,-0.34006678081352004,1.0,0.5086793737236215,0.5092315670555584,0.9953417464216143,1.0
player,2023-24,all,base,AST,23614,1.3747534452754409,-0.13396463182633608,1.0,0.5095765696126427,0.5107046512873321,0.9861099347844499,1.0
player,2023-24,all,base,REB,23614,1.9174447278470539,-0.11560530502843953,1.0,0.5077212644907387,0.5086517919268359,0.989963580926569,1.0
player,2023-24,all,base,STL,23614,0.6856215219762918,-0.0200041780976568,1.0,0.5095013947001394,0.512138169068504,0.9716270009316507,1.0
player,2023-24,all,base,BLK,23614,0.5312280343506057,-0.010804239638415817,1.0,0.5027597038366615,0.5082537799728113,0.94371982722114,1.0
player,2023-24,all,base,FG3M,23614,0.8691139064146054,-0.042920653151708954,1.0,0.49793737108569286,0.5002406568336389,0.9033624121283984,1.0
player,2023-24,all,base,TOV,23614,0.8822615365314147,-0.01241808747164296,1.0,0.49377969762419005,0.4953461912995357,0.9803506394511731,1.0
player,2023-24,all,base,FG3A,23614,1.494020005523894,-0.10609679813497878,1.0,0.497058561369106,0.49842408612027256,0.9501990344710765,1.0
player,2023-24,all,base,OREB,23614,0.8409955697683104,-0.015285801633749558,1.0,0.49920076035771377,0.5019154176776486,0.9802235961717625,1.0
player,2024-25,all,base,PTS,23528,4.705480114696994,-0.5498443309725535,1.0,0.5158713205451361,0.5172039985371684,0.9948571914314859,1.0
player,2024-25,all,base,AST,23528,1.3620182409538168,-0.14337937996950378,1.0,0.5163633219488998,0.5196417525071129,0.9831264875892554,1.0
player,2024-25,all,base,REB,23528,1.9535952617844003,-0.14219582901185512,1.0,0.5030490423430387,0.5061489722912325,0.9897143828629718,1.0
player,2024-25,all,base,STL,23528,0.724487408550194,-0.014956855331296185,1.0,0.5091861226271002,0.5180166818973816,0.9739459367562053,1.0
player,2024-25,all,base,BLK,23528,0.5182560813397338,0.0014341497911097047,1.0,0.4951903717954454,0.5186792560982125,0.9499744984699082,1.0
player,2024-25,all,base,FG3M,23528,0.9012763520472031,-0.06259279472123944,1.0,0.5023625023625024,0.5104029238567457,0.8995239714382863,1.0
player,2024-25,all,base,TOV,23528,0.9050698776811889,-0.024720874273291147,1.0,0.49067059180051087,0.4971473144306723,0.981766405984359,1.0
player,2024-25,all,base,FG3A,23528,1.5440984964582563,-0.15070455833265545,1.0,0.5107748944958247,0.5142836159140507,0.9467018021081265,1.0
player,2024-25,all,base,OREB,23528,0.8636616897370863,-0.04177160424281918,1.0,0.5011098054576315,0.5102680952943113,0.9765810948656919,1.0
player,2025-26,all,base,PTS,23802,4.688656230928147,-0.35841289400018195,1.0,0.5195239708622734,0.5192795057922942,0.9920174775228973,1.0
player,2025-26,all,base,AST,23802,1.366953257236401,-0.10145313844476433,1.0,0.5186229284127798,0.5181345632587766,0.9836148222838417,1.0
player,2025-26,all,base,REB,23802,1.921265151186518,-0.13725713053018707,1.0,0.5064918479417649,0.5061593496034203,0.9869338711032686,1.0
player,2025-26,all,base,STL,23802,0.7314269186980573,-0.012792543832409064,1.0,0.5108780108780109,0.5097899221654523,0.9732795563398033,1.0
player,2025-26,all,base,BLK,23802,0.50794060281066,-0.016904823512416605,1.0,0.504420806965576,0.5007055361952832,0.9360978069069826,1.0
player,2025-26,all,base,FG3M,23802,0.899557588355064,-0.03424392190447923,1.0,0.503923922075524,0.5026666985275604,0.9100915889421057,1.0
player,2025-26,all,base,TOV,23802,0.9103297683862995,-0.01281849201198185,1.0,0.49279093717816685,0.49150119838304174,0.9790773884547517,1.0
player,2025-26,all,base,FG3A,23802,1.5460357353492373,-0.08967491463145727,1.0,0.5052143684820394,0.5044621043870752,0.9426938912696412,1.0
player,2025-26,all,base,OREB,23802,0.861522885789374,-0.02554962026800471,1.0,0.502536543422184,0.5012578828217102,0.9772288043021595,1.0
player,pooled,all,min_3_0.25,PTS,70944,4.630176380837895,-0.3515095324284589,0.9885645719881164,0.5553855959209688,0.5569879751094775,0.9952215832205683,0.9934974637575189
player,pooled,all,min_3_0.25,AST,70944,1.356946129589128,-0.11210007409020029,0.9919828273304934,0.5460514082190213,0.5496338843656118,0.9854392196662156,0.9934974637575189
player,pooled,all,min_3_0.25,REB,70944,1.9086520128543172,-0.1034406433054954,0.9885723647553386,0.5472834443874935,0.5500089058741888,0.9900202976995941,0.9934974637575189
player,pooled,all,min_3_0.25,STL,70944,0.7125869458667663,-0.010155216698343586,0.9981901308805062,0.521431465617041,0.5299125197483314,0.974064050518719,0.9934974637575189
player,pooled,all,min_3_0.25,BLK,70944,0.5191055504410669,-0.005147016795355678,0.9999857189302412,0.5044190976680302,0.5247560311041648,0.9441531348669373,0.9934974637575189
player,pooled,all,min_3_0.25,FG3M,70944,0.8864964347976398,-0.03835388738504085,0.9960697908510908,0.5255102835167915,0.5340766709833221,0.9053478800180425,0.9934974637575189
player,pooled,all,min_3_0.25,TOV,70944,0.8949418049408118,-0.008851296190320428,0.9952171557667644,0.5264095125944223,0.5328231660900214,0.9815347316193054,0.9934974637575189
player,pooled,all,min_3_0.25,FG3A,70944,1.5080265244199402,-0.0931282565490645,0.9868769315525854,0.5491706954258089,0.553385399703046,0.9475783716734326,0.9934974637575189
player,pooled,all,min_3_0.25,OREB,70944,0.8519931283387808,-0.019358340988089875,0.9960176817625105,0.5223349888433024,0.5315974814289163,0.9791525710419485,0.9934974637575189
player,2023-24,all,min_3_0.25,PTS,23614,4.600687455107151,-0.27137128680561345,0.9878837048408502,0.5618192648059904,0.563577608317066,0.9953417464216143,0.9926228084476255
player,2023-24,all,min_3_0.25,AST,23614,1.362608045290565,-0.1188305998982928,0.9911653976743084,0.5511466116980159,0.5547988268470654,0.9861099347844499,0.9926228084476255
player,2023-24,all,min_3_0.25,REB,23614,1.892570045997714,-0.08834465648851515,0.9870271713765344,0.557428241433888,0.5604250248185583,0.989963580926569,0.9926228084476255
player,2023-24,all,min_3_0.25,STL,23614,0.6839854431718672,-0.01443422148562152,0.9976137289277217,0.5246687587168759,0.5332315614509787,0.9716270009316507,0.9926228084476255
player,2023-24,all,min_3_0.25,BLK,23614,0.5308669172621006,-0.007343652480935971,0.9993202220794891,0.5101189140677586,0.5286085735884364,0.94371982722114,0.9926228084476255
player,2023-24,all,min_3_0.25,FG3M,23614,0.864845541803784,-0.0343792259645267,0.9950888317638013,0.5293455840990062,0.5379776081138028,0.9033624121283984,0.9926228084476255
player,2023-24,all,min_3_0.25,TOV,23614,0.8780196469596587,-0.004979175253073437,0.9951920270848131,0.5264794816414686,0.5326762184111028,0.9803506394511731,0.9926228084476255
player,2023-24,all,min_3_0.25,FG3A,23614,1.4713602177568983,-0.08361521387522347,0.9848330091409627,0.5499598894732151,0.5548755904213512,0.9501990344710765,0.9926228084476255
player,2023-24,all,min_3_0.25,OREB,23614,0.8371952648085814,-0.007679841760049367,0.9954811831401387,0.5274549617661036,0.5372453410029739,0.9802235961717625,0.9926228084476255
player,2024-25,all,min_3_0.25,PTS,23528,4.657698789850275,-0.4747309299206637,0.9898456005164221,0.5495430084564791,0.551029788756239,0.995154709282557,0.9941399161000322
player,2024-25,all,min_3_0.25,AST,23528,1.3520742758236448,-0.1266090769779635,0.9926990954811343,0.5433486040280059,0.5471293516041421,0.9834240054403264,0.9941399161000322
player,2024-25,all,min_3_0.25,REB,23528,1.9320264898020312,-0.11071320151753379,0.9889594470234994,0.54198866563627,0.5456201201274447,0.9899693981638898,0.9941399161000322
player,2024-25,all,min_3_0.25,STL,23528,0.7236744676558843,-0.008474977577476691,0.9988779088708648,0.5214640956286537,0.5316846453053414,0.9742434546072765,0.9941399161000322
player,2024-25,all,min_3_0.25,BLK,23528,0.5183355882335059,0.005668890615814706,1.0001534123701294,0.4994856197164199,0.5260193867886095,0.9502295137708262,0.9941399161000322
player,2024-25,all,min_3_0.25,FG3M,23528,0.898438224812191,-0.05289042284286357,0.9968509911210149,0.5206197741981199,0.5302774214000483,0.8997364841890514,0.9941399161000322
player,2024-25,all,min_3_0.25,TOV,23528,0.900844688242721,-0.01544519021173359,0.9953316428458696,0.5269422202986367,0.5347505981540931,0.9820214212852771,0.9941399161000322
player,2024-25,all,min_3_0.25,FG3A,23528,1.5260368531861555,-0.1238141046171876,0.988302790713459,0.5500201965800458,0.5540248478469516,0.9469993199591975,0.9941399161000322
player,2024-25,all,min_3_0.25,OREB,23528,0.8604129018875185,-0.03294857769467706,0.9962383559579274,0.5159465692033242,0.5268716523999937,0.97683611016661,0.9941399161000322
player,2025-26,all,min_3_0.25,PTS,23802,4.632226807397155,-0.30921188903467206,0.9879646916404872,0.5547768818339174,0.5561414215220646,0.9951684732375431,0.9937159253781576
player,2025-26,all,min_3_0.25,AST,23802,1.356144705255941,-0.09108072880931808,0.9920929615381964,0.543662451568953,0.5467209509424351,0.9867658179984875,0.9937159253781576
player,2025-26,all,min_3_0.25,REB,23802,1.901501557923009,-0.11122855537520997,0.9897132401265322,0.5424534306445453,0.544133544381238,0.9901268800941098,0.9937159253781576
player,2025-26,all,min_3_0.25,STL,23802,0.7300026534536446,-0.007570906429835411,0.9980527579611861,0.5182029434546863,0.5247182105378752,0.9763045122258633,0.9937159253781576
player,2025-26,all,min_3_0.25,BLK,23802,0.508198179409544,-0.013659129831685619,1.0005070998409293,0.5036705461056401,0.5198228255062775,0.938576590202504,0.9937159253781576
player,2025-26,all,min_3_0.25,FG3M,23802,0.8961719978467201,-0.027927958829977235,0.9962363826928043,0.5265095729013255,0.5335795696951127,0.9128644651709941,0.9937159253781576
player,2025-26,all,min_3_0.25,TOV,23802,0.9058953718780578,-0.006174845693570011,0.9951288020426844,0.5258137644894991,0.5309218811320404,0.9822283841693975,0.9937159253781576
player,2025-26,all,min_3_0.25,FG3A,23802,1.5266002220222192,-0.07223355679078093,0.9874288071856095,0.5475428774549009,0.5509239646046555,0.9455507940509201,0.9937159253781576
player,2025-26,all,min_3_0.25,OREB,23802,0.858351262837848,-0.0175108068119017,0.9963185853749946,0.5235483179772873,0.5305366395283607,0.9803798000168054,0.9937159253781576
player,pooled,all,form_3_0.25,PTS,70944,4.626262169647871,-0.3293040916854893,0.9877288693730318,0.5508250123928901,0.5515028404891745,0.9952215832205683,0.9947821913585074
player,pooled,all,form_3_0.25,AST,70944,1.3566656458238118,-0.09952906830979097,0.9917777822867095,0.5412202274515414,0.542158665474136,0.9853546459179071,0.9947821913585074
player,pooled,all,form_3_0.25,REB,70944,1.9135347845718587,-0.10432571977278265,0.9911013606911552,0.5407779707833813,0.5412548768514127,0.9899921064501579,0.9947821913585074
player,pooled,all,form_3_0.25,STL,70944,0.7148948445463075,-0.012893832687550894,1.0014230299651015,0.524999638210735,0.5191209188120165,0.9740217636445647,0.9947821913585074
player,pooled,all,form_3_0.25,BLK,70944,0.5190226600013002,-0.006965420044062478,0.999826041855058,0.5532613726280587,0.5294295106697465,0.9441390392422192,0.9947821913585074
player,pooled,all,form_3_0.25,FG3M,70944,0.8881907322568863,-0.03649089718798197,0.9979735080569626,0.5447949428580325,0.5416304800398977,0.9053055931438881,0.9947821913585074
player,pooled,all,form_3_0.25,TOV,70944,0.8990115673780851,-0.013981467309484906,0.9997429219954721,0.5222817423274116,0.5188017224605274,0.9814924447451511,0.9947821913585074
player,pooled,all,form_3_0.25,FG3A,70944,1.50268781457046,-0.09144619445289083,0.9833831935384431,0.5694882475453734,0.569410197006012,0.9475078935498421,0.9947821913585074
player,pooled,all,form_3_0.25,OREB,70944,0.855470612313209,-0.021908922236772838,1.0000830144645898,0.5269643834038755,0.5215862823722595,0.9791102841677943,0.9947821913585074
player,2023-24,all,form_3_0.25,PTS,23614,4.593761131433643,-0.2677522723586467,0.986396448347481,0.5537780803267529,0.5543068258893488,0.9953417464216143,0.9937122326482459
player,2023-24,all,form_3_0.25,AST,23614,1.362161278623722,-0.10488937771935748,0.9908404181891745,0.543717255003006,0.5447225159513791,0.9861099347844499,0.9937122326482459
player,2023-24,all,form_3_0.25,REB,23614,1.896949270734965,-0.0910106553525987,0.989311057150997,0.5448090002994396,0.5451380306849716,0.989963580926569,0.9937122326482459
player,2023-24,all,form_3_0.25,STL,23614,0.6872043288590716,-0.016425674097960575,1.0023085723421028,0.5271094839609484,0.5200528477287445,0.9716270009316507,0.9937122326482459
player,2023-24,all,form_3_0.25,BLK,23614,0.5308080267218669,-0.00831552122471626,0.999209364714244,0.5538703163562935,0.5331285204063514,0.94371982722114,0.9937122326482459
player,2023-24,all,form_3_0.25,FG3M,23614,0.866279900613387,-0.03348319888939641,0.9967392009490361,0.5532064504031502,0.5486329093478411,0.9033624121283984,0.9937122326482459
player,2023-24,all,form_3_0.25,TOV,23614,0.8811447133305133,-0.010746430532623504,0.9987341359056714,0.525097192224622,0.5204982545812694,0.9803506394511731,0.9937122326482459
player,2023-24,all,form_3_0.25,FG3A,23614,1.4685401172599561,-0.08370732340854703,0.982945416949079,0.5716195739370711,0.5708740623853739,0.9501990344710765,0.9937122326482459
player,2023-24,all,form_3_0.25,OREB,23614,0.8384099114690358,-0.012639844050977109,0.9969254792864201,0.5384715081868061,0.5296479804505287,0.9802235961717625,0.9937122326482459
player,2024-25,all,form_3_0.25,PTS,23528,4.654561405362937,-0.43218639749865034,0.9891788493218788,0.5489450755957974,0.5498610414515501,0.995154709282557,0.9959965231938139
player,2024-25,all,form_3_0.25,AST,23528,1.352222695022308,-0.11333683048146477,0.9928080655332233,0.5404097156193275,0.5416285028050415,0.9834240054403264,0.9959965231938139
player,2024-25,all,form_3_0.25,REB,23528,1.9361874877018468,-0.11264748525943383,0.9910893651192424,0.5434483942984716,0.5441719295543622,0.9899693981638898,0.9959965231938139
player,2024-25,all,form_3_0.25,STL,23528,0.7265845081644752,-0.0119650443070844,1.002894597738394,0.5204606927842248,0.5153741152143485,0.9742434546072765,0.9959965231938139
player,2024-25,all,form_3_0.25,BLK,23528,0.5175506332877263,0.001072160551456421,0.9986388041020574,0.5594668336538892,0.5307424661741565,0.9502295137708262,0.9959965231938139
player,2024-25,all,form_3_0.25,FG3M,23528,0.9014596728891503,-0.04910239533003494,1.0002034013668795,0.5334687514762152,0.5328311178072571,0.8997364841890514,0.9959965231938139
player,2024-25,all,form_3_0.25,TOV,23528,0.9053357702865167,-0.02032726717746186,1.000293781300089,0.5195412248431076,0.5169954321391608,0.9820214212852771,0.9959965231938139
player,2024-25,all,form_3_0.25,FG3A,23528,1.5229708018391268,-0.11942612011111162,0.9863171328334389,0.5629460078093443,0.5635515491469039,0.9469993199591975,0.9959965231938139
player,2024-25,all,form_3_0.25,OREB,23528,0.8658594595098901,-0.03265454649678894,1.0025447114291677,0.5167732671974938,0.5139683586893672,0.97683611016661,0.9959965231938139
player,2025-26,all,form_3_0.25,PTS,23802,4.630533033377327,-0.28867178223300805,0.9876034422896198,0.5497530290876852,0.5500872395356902,0.9951684732375431,0.9946374897177033
player,2025-26,all,form_3_0.25,AST,23802,1.3556052254188196,-0.08056228506583607,0.991698302954028,0.5395426089178484,0.5400068920646726,0.9865137383413158,0.9946374897177033
player,2025-26,all,form_3_0.25,REB,23802,1.9075973643761523,-0.1093096468733772,0.9928860486529413,0.5341396138340759,0.5345011469633827,0.9900428535417192,0.9946374897177033
player,2025-26,all,form_3_0.25,STL,23802,0.7308115503621937,-0.01030798401727994,0.9991586742022667,0.527394017645793,0.521819056951148,0.9761784723972775,0.9946374897177033
player,2025-26,all,form_3_0.25,BLK,23802,0.5087854612271298,-0.013571037511981512,1.0016633015982568,0.546443439724249,0.5241525186616665,0.9385345769263087,0.9946374897177033
player,2025-26,all,form_3_0.25,FG3M,23802,0.896812307890569,-0.027008520048941827,0.9969481881982495,0.5475719217491369,0.542962674107911,0.9127384253424082,0.9946374897177033
player,2025-26,all,form_3_0.25,TOV,23802,0.9104858991758303,-0.010918202842424988,1.0001715101438433,0.5222022587268994,0.5188132432978013,0.9821023443408117,0.9946374897177033
player,2025-26,all,form_3_0.25,FG3A,23802,1.516516299564705,-0.0714661091640261,0.9809063690381912,0.5738411626149948,0.573420537943585,0.9453407276699437,0.9946374897177033
player,2025-26,all,form_3_0.25,OREB,23802,0.8621273047294178,-0.020482864119376255,1.0007015703819524,0.5255871764100806,0.5206492507123403,0.9802537601882195,0.9946374897177033
player,pooled,all,min_3_0.5,PTS,70944,4.606183627800068,-0.2872260720140391,0.9834420056565476,0.5545782876566815,0.55634440529301,0.9952215832205683,0.9910319339565716
player,pooled,all,min_3_0.5,AST,70944,1.3517075539610035,-0.09802092979502909,0.9881532154177792,0.5452074780792722,0.5491597447249641,0.9854392196662156,0.9910319339565716
player,pooled,all,min_3_0.5,REB,70944,1.9010070805597725,-0.07519317544144924,0.9846127279300385,0.5473403952389089,0.5503393403737991,0.9900202976995941,0.9910319339565716
player,pooled,all,min_3_0.5,STL,70944,0.7123340969893223,-0.004399691372952678,0.9978359407630338,0.5198541329011345,0.5291478025525137,0.974064050518719,0.9910319339565716
player,pooled,all,min_3_0.5,BLK,70944,0.5195625514461233,-0.001501785510833365,1.0008660687515867,0.5019258905377564,0.5239768535065432,0.9441531348669373,0.9910319339565716
player,pooled,all,min_3_0.5,FG3M,70944,0.8855052966228566,-0.030174094587174204,0.9949561453182953,0.5250432047828862,0.5344458333867361,0.9053478800180425,0.9910319339565716
player,pooled,all,min_3_0.5,TOV,70944,0.8930369034124325,-0.0010700484822624946,0.9930988161488898,0.5299709911824684,0.5371248443726426,0.9815347316193054,0.9910319339565716
player,pooled,all,min_3_0.5,FG3A,70944,1.499528267405722,-0.07087552305431985,0.9813155348066165,0.5493789512830048,0.5540221452783336,0.9475783716734326,0.9910319339565716
player,pooled,all,min_3_0.5,OREB,70944,0.851128549489914,-0.011203526726638425,0.9950069508163447,0.5226804865759735,0.5328246761385061,0.9791525710419485,0.9910319339565716
player,2023-24,all,min_3_0.5,PTS,23614,4.576924824805297,-0.2026757927977087,0.9827812684140271,0.5590112321307011,0.5610599451475253,0.9953417464216143,0.9894704450206319
player,2023-24,all,min_3_0.5,AST,23614,1.356696716670743,-0.10369656797025029,0.9868654785578045,0.5508030576311947,0.5550670149309042,0.9861099347844499,0.9894704450206319
player,2023-24,all,min_3_0.5,REB,23614,1.882989686972293,-0.06108400794859076,0.9820307514608575,0.5545621764982676,0.5580235366204829,0.989963580926569,0.9894704450206319
player,2023-24,all,min_3_0.5,STL,23614,0.6832438537088028,-0.008864264873586117,0.9965320979705684,0.5222280334728033,0.5320758910924119,0.9716270009316507,0.9894704450206319
player,2023-24,all,min_3_0.5,BLK,23614,0.5310244844997559,-0.003883065323456208,0.9996168314966665,0.5061700695535113,0.5269278315699886,0.94371982722114,0.9894704450206319
player,2023-24,all,min_3_0.5,FG3M,23614,0.8629373317679225,-0.02583779877734394,0.9928932506992589,0.5266735420963811,0.5366173414166069,0.9033624121283984,0.9894704450206319
player,2023-24,all,min_3_0.5,TOV,23614,0.8759574996402831,0.0024597369654959403,0.9928546846597145,0.5287688984881209,0.5360797278722265,0.9803506394511731,0.9894704450206319
player,2023-24,all,min_3_0.5,FG3A,23614,1.4603854835679313,-0.06113362961546784,0.977487234554009,0.5482663338978518,0.5539518801482479,0.9501990344710765,0.9894704450206319
player,2023-24,all,min_3_0.5,OREB,23614,0.8360945901864194,-7.388188634906267e-05,0.9941724073727894,0.524776428910874,0.535984940450011,0.9802235961717625,0.9894704450206319
player,2024-25,all,min_3_0.5,PTS,23528,4.6373315191041335,-0.3996175288687768,0.9855171855088737,0.5493721704962843,0.5509086273022785,0.995154709282557,0.9921979002160192
player,2024-25,all,min_3_0.5,AST,23528,1.3477059827764175,-0.10983877398642386,0.989491874817056,0.5428299766617685,0.5467681592202422,0.9834240054403264,0.9921979002160192
player,2024-25,all,min_3_0.5,REB,23528,1.9243571168024511,-0.07923057402321253,0.985033673272103,0.5442641250214666,0.5480267129310303,0.9899693981638898,0.9921979002160192
player,2024-25,all,min_3_0.5,STL,23528,0.7238411750246606,-0.0019930998236571797,0.9991080127578439,0.5193700375185412,0.5299266952829332,0.9742434546072765,0.9921979002160192
player,2024-25,all,min_3_0.5,BLK,23528,0.5189555069073816,0.009903631440519868,1.001349575225129,0.49733864114147697,0.5245078614075791,0.9502295137708262,0.9921979002160192
player,2024-25,all,min_3_0.5,FG3M,23528,0.8983498531916454,-0.043188050964487336,0.9967529394852943,0.5225093296801927,0.5325568252647552,0.8997364841890514,0.9921979002160192
player,2024-25,all,min_3_0.5,TOV,23528,0.899161277140102,-0.006169506150176421,0.9934716636949438,0.5312702878164899,0.5394367169367799,0.9820214212852771,0.9921979002160192
player,2024-25,all,min_3_0.5,FG3A,23528,1.5194974785045008,-0.09692365090171995,0.9840677145854485,0.5510973475158206,0.5552457659748575,0.9469993199591975,0.9921979002160192
player,2024-25,all,min_3_0.5,OREB,23528,0.8593334168758591,-0.024125551146535033,0.9949884625975046,0.5177304964539007,0.5290214655968469,0.97683611016661,0.9921979002160192
player,2025-26,all,min_3_0.5,PTS,23802,4.604422002193647,-0.260010884069162,0.9820344626294242,0.5553257060835057,0.5568846060498247,0.9951684732375431,0.9914001216412481
player,2025-26,all,min_3_0.5,AST,23802,1.3507133046795685,-0.08070831917387232,0.988119599210245,0.5420019585302508,0.5454527387567913,0.9867658179984875,0.9914001216412481
player,2025-26,all,min_3_0.5,REB,23802,1.895800924751743,-0.0851999802202338,0.9867461154859196,0.5432172105062163,0.5451338736478504,0.9901268800941098,0.9914001216412481
player,2025-26,all,min_3_0.5,STL,23802,0.7298199583795806,-0.002349269027261883,0.9978029789752081,0.517987778638437,0.5253802282831053,0.9763045122258633,0.9914001216412481
player,2025-26,all,min_3_0.5,BLK,23802,0.5087912068859552,-0.010413436150954443,1.0016746132728718,0.5022829006266786,0.5206128269413282,0.938576590202504,0.9914001216412481
player,2025-26,all,min_3_0.5,FG3M,23802,0.8951983138119249,-0.02161199575547516,0.9951539794677131,0.5259112665684831,0.5338546329936336,0.9128644651709941,0.9914001216412481
player,2025-26,all,min_3_0.5,TOV,23802,0.9039275334271675,0.0004688006248423647,0.9929671255610111,0.5298772402583515,0.5357711877964516,0.9822283841693975,0.9914001216412481
player,2025-26,all,min_3_0.5,FG3A,23802,1.518622549348959,-0.05479219895010345,0.9822687242128473,0.5487869901359638,0.5526389622516678,0.9455507940509201,0.9914001216412481
player,2025-26,all,min_3_0.5,OREB,23802,0.8579333472017342,-0.009471993355798401,0.9958334959559981,0.5254767516605957,0.5333842814772414,0.9803798000168054,0.9914001216412481
player,pooled,all,form_3_0.5,PTS,70944,4.66329680125182,-0.24281519052810313,0.995635938505823,0.5499327243113094,0.5506066534955631,0.9952215832205683,1.0060902038544666
player,pooled,all,form_3_0.5,AST,70944,1.3720035688153076,-0.07287891823421076,1.0029904280083786,0.5406766325727773,0.5415745962743643,0.9853546459179071,1.0060902038544666
player,pooled,all,form_3_0.5,REB,70944,1.934515201591093,-0.07696332837602546,1.0019680143957441,0.5409773044394453,0.5414585003041902,0.9899921064501579,1.0060902038544666
player,pooled,all,form_3_0.5,STL,70944,0.7260178388722123,-0.009876923351367679,1.017004094460257,0.524218173398359,0.5183124585622995,0.9740217636445647,1.0060902038544666
player,pooled,all,form_3_0.5,BLK,70944,0.5230587974744247,-0.005138592008247038,1.0076011076954092,0.5531419357728311,0.5297240103235021,0.9441390392422192,1.0060902038544666
player,pooled,all,form_3_0.5,FG3M,70944,0.9011024536447986,-0.0264481141930561,1.0124811531162825,0.5453243234827017,0.5421778392980525,0.9053055931438881,1.0060902038544666
player,pooled,all,form_3_0.5,TOV,70944,0.9126715242794949,-0.011330390720591117,1.014933433132912,0.523947666987405,0.5203775687044812,0.9814924447451511,1.0060902038544666
player,pooled,all,form_3_0.5,FG3A,70944,1.508549627777697,-0.06751139886197022,0.9872192588447364,0.5705891103838143,0.5705541116906998,0.9475078935498421,1.0060902038544666
player,pooled,all,form_3_0.5,OREB,70944,0.8682121247547555,-0.016304689224004472,1.0149784065306262,0.5270651579280757,0.5216527536292206,0.9791102841677943,1.0060902038544666
player,2023-24,all,form_3_0.5,PTS,23614,4.627385213462849,-0.19543776390377357,0.9936163873350934,0.5525867937372362,0.5530246682321472,0.9953417464216143,1.0041212336893284
player,2023-24,all,form_3_0.5,AST,23614,1.3766562075622195,-0.07581412361237969,1.0013840752997005,0.5432448681611268,0.5441723853091562,0.9861099347844499,1.0041212336893284
player,2023-24,all,form_3_0.5,REB,23614,1.9150557066757783,-0.06641600567675733,0.9987540599545885,0.5459212046028147,0.5463565551502698,0.989963580926569,1.0041212336893284
player,2023-24,all,form_3_0.5,STL,23614,0.6978018265638839,-0.012847170098264174,1.0177653474944712,0.5264993026499303,0.5193457689974734,0.9716270009316507,1.0041212336893284
player,2023-24,all,form_3_0.5,BLK,23614,0.5350710965372325,-0.005826802811016737,1.0072342985274172,0.5536908234238277,0.5332891299456217,0.94371982722114,1.0041212336893284
player,2023-24,all,form_3_0.5,FG3M,23614,0.87855728058662,-0.024045744627083608,1.0108655195853162,0.5540502531408213,0.5494918484319502,0.9033624121283984,1.0041212336893284
player,2023-24,all,form_3_0.5,TOV,23614,0.8934565812831764,-0.00907477359360408,1.0126890318666413,0.526133909287257,0.5215586033019473,0.9803506394511731,1.0041212336893284
player,2023-24,all,form_3_0.5,FG3A,23614,1.473084560025732,-0.061317848682116094,0.9859871719115166,0.5720206792049203,0.5714090303310457,0.9501990344710765,1.0041212336893284
player,2023-24,all,form_3_0.5,OREB,23614,0.8483923034472617,-0.009993886468204769,1.0087952112292198,0.5389035296150689,0.5304464161007281,0.9802235961717625,1.0041212336893284
player,2024-25,all,form_3_0.5,PTS,23528,4.696118109212723,-0.3145284640247472,0.9980104037726112,0.5470231485436063,0.5479615322824851,0.995154709282557,1.008451678079152
player,2024-25,all,form_3_0.5,AST,23528,1.3690512013041696,-0.08329428099342576,1.0051636315424313,0.5388106145734289,0.5400481341716472,0.9834240054403264,1.008451678079152
player,2024-25,all,form_3_0.5,REB,23528,1.956592305815299,-0.08309914150701332,1.0015341171682461,0.5422891980078997,0.5430271136578623,0.9899693981638898,1.008451678079152
player,2024-25,all,form_3_0.5,STL,23528,0.7394399997128268,-0.008973233282872497,1.0206388558119535,0.5191082802547771,0.5140654900096508,0.9742434546072765,1.008451678079152
player,2024-25,all,form_3_0.5,BLK,23528,0.5207398152955603,0.0007101713118030891,1.0047924839577589,0.5586617166882856,0.529947232701051,0.9502295137708262,1.008451678079152
player,2024-25,all,form_3_0.5,FG3M,23528,0.9166090529153811,-0.03561199593883025,1.0170122081127952,0.5344607681043034,0.533810383355577,0.8997364841890514,1.008451678079152
player,2024-25,all,form_3_0.5,TOV,23528,0.9200609405775967,-0.01593366008163266,1.0165634314720813,0.5209694871239992,0.5182564180008344,0.9820214212852771,1.008451678079152
player,2024-25,all,form_3_0.5,FG3A,23528,1.5331527763755437,-0.08814768188956813,0.9929112552678379,0.5629460078093443,0.5635641396044835,0.9469993199591975,1.008451678079152
player,2024-25,all,form_3_0.5,OREB,23528,0.8804501637042786,-0.023537488750758763,1.0194387156066995,0.5164251838315277,0.5135260165654769,0.97683611016661,1.008451678079152
player,2025-26,all,form_3_0.5,PTS,23802,4.66648126055545,-0.21893067046583295,0.9952705062430436,0.5501752015873685,0.5505443457392581,0.9951684732375431,1.0056912150714918
player,2025-26,all,form_3_0.5,AST,23802,1.370306059842601,-0.05967143168690782,1.0024527558557383,0.539968485158213,0.5403556825377951,0.9865137383413158,1.0056912150714918
player,2025-26,all,form_3_0.5,REB,23802,1.9319980351657242,-0.08136216321656659,1.0055863627009523,0.5347761510715043,0.5350657579245695,0.9900428535417192,1.0056912150714918
player,2025-26,all,form_3_0.5,STL,23802,0.7407433373341147,-0.007823424202150759,1.0127373198851437,0.5270066709705186,0.5213949375906667,0.9761784723972775,1.0056912150714918
player,2025-26,all,form_3_0.5,BLK,23802,0.5134336644030626,-0.010237251511546606,1.0108143778268746,0.547070146380769,0.5256604353375791,0.9385345769263087,1.0056912150714918
player,2025-26,all,form_3_0.5,FG3M,23802,0.9081414608272846,-0.019773118193404174,1.0095423267874624,0.5473417721518987,0.5427862839657455,0.9127384253424082,1.0056912150714918
player,2025-26,all,form_3_0.5,TOV,23802,0.9244303461118302,-0.009017913672868038,1.015489527218819,0.5247262149212868,0.5212225251200071,0.9821023443408117,1.0056912150714918
player,2025-26,all,form_3_0.5,FG3A,23802,1.5194146487710989,-0.05325730369659489,0.9827810664595535,0.5767299231145282,0.5763142664272232,0.9453407276699437,1.0056912150714918
player,2025-26,all,form_3_0.5,OREB,23802,0.8757782402051405,-0.015416107970747472,1.0165466926658706,0.525801474369964,0.520565680581748,0.9802537601882195,1.0056912150714918
player,pooled,all,min_3_0.75,PTS,70944,4.613262189382954,-0.22294261159961784,0.9849533120574087,0.553813469301041,0.5556410713299481,0.9952215832205683,0.9925328150940156
player,pooled,all,min_3_0.75,AST,70944,1.352009618446018,-0.08394178549985855,0.9883740368456496,0.5433765787930369,0.5474416920228771,0.9854392196662156,0.9925328150940156
player,pooled,all,min_3_0.75,REB,70944,1.90736766643838,-0.046945707577402414,0.9879071469131157,0.5459023862406743,0.549002502044698,0.9900202976995941,0.9925328150940156
player,pooled,all,min_3_0.75,STL,70944,0.7130678996973021,0.0013558339524381048,0.9988638498839768,0.518595160916879,0.5281544397475245,0.974064050518719,0.9925328150940156
player,pooled,all,min_3_0.75,BLK,70944,0.5204061347521285,0.0021434457736889583,1.002491116409075,0.5004329521363948,0.5230474785307306,0.9441531348669373,0.9925328150940156
player,pooled,all,min_3_0.75,FG3M,70944,0.8869463015520415,-0.02199430178930724,0.9965752623525869,0.5247162496691525,0.5344258519590324,0.9053478800180425,0.9925328150940156
player,pooled,all,min_3_0.75,TOV,70944,0.8934195915501865,0.006711199225795352,0.9935243832616367,0.5304592584082488,0.5378663401354465,0.9815347316193054,0.9925328150940156
player,pooled,all,min_3_0.75,FG3A,70944,1.502647234417989,-0.04862278955957547,0.983356637230785,0.5494384529564894,0.5542439115850943,0.9475783716734326,0.9925328150940156
player,pooled,all,min_3_0.75,OREB,70944,0.8526192031165793,-0.0030487124651870224,0.9967495908918841,0.521543223205931,0.5319572733431122,0.9791525710419485,0.9925328150940156
player,2023-24,all,min_3_0.75,PTS,23614,4.586358904097487,-0.13398029878980303,0.9848070033273132,0.5583304969366917,0.5604970286138862,0.9953417464216143,0.9903281684824619
player,2023-24,all,min_3_0.75,AST,23614,1.3565774469696936,-0.0885625360422074,0.9867787214004018,0.5490423430387357,0.5535292319545291,0.9861099347844499,0.9903281684824619
player,2023-24,all,min_3_0.75,REB,23614,1.8875604042998815,-0.03382335940866644,0.9844145058717184,0.5522094366257433,0.5558683685838246,0.989963580926569,0.9903281684824619
player,2023-24,all,min_3_0.75,STL,23614,0.6835461093480741,-0.003294308261550776,0.9969729470827734,0.5209205020920502,0.5312724313609254,0.9716270009316507,0.9903281684824619
player,2023-24,all,min_3_0.75,BLK,23614,0.531596805425273,-0.0004224781659763676,1.0006941860195946,0.5041507740632712,0.5258069012226572,0.94371982722114,0.9903281684824619
player,2023-24,all,min_3_0.75,FG3M,23614,0.8632956100735987,-0.017296371590161282,0.993305484703377,0.5269548096756047,0.537432071409905,0.9033624121283984,0.9903281684824619
player,2023-24,all,min_3_0.75,TOV,23614,0.8759905902229772,0.009898649184065352,0.9928921912054668,0.5290712742980561,0.536817716077408,0.9803506394511731,0.9903281684824619
player,2023-24,all,min_3_0.75,FG3A,23614,1.4603828627813928,-0.03865204535571277,0.9774854803696461,0.5494696497013994,0.5554641996485353,0.9501990344710765,0.9903281684824619
player,2023-24,all,min_3_0.75,OREB,23614,0.8372977091883936,0.007532077987351182,0.9956029963618737,0.5237827796258694,0.5355160673598774,0.9802235961717625,0.9903281684824619
player,2024-25,all,min_3_0.75,PTS,23528,4.64462843804772,-0.32450412781688864,0.9870679133338291,0.5488169471256513,0.5503858346854109,0.995154709282557,0.9941649994192225
player,2024-25,all,min_3_0.75,AST,23528,1.3487575199863446,-0.09306847099488351,0.9902639182290449,0.5400207450946495,0.5440123357697049,0.9834240054403264,0.9941649994192225
player,2024-25,all,min_3_0.75,REB,23528,1.9309685193896409,-0.047747946528891555,0.9884178965636412,0.5435342606903658,0.547372621775821,0.9899693981638898,0.9941649994192225
player,2024-25,all,min_3_0.75,STL,23528,0.7249014330019506,0.004488777930162272,1.0005714722531749,0.5179303725678388,0.5286509656735286,0.9742434546072765,0.9941649994192225
player,2024-25,all,min_3_0.75,BLK,23528,0.5200359973690512,0.014138372265224932,1.0034344334652567,0.49595205081182625,0.5235316679323304,0.9502295137708262,0.9941649994192225
player,2024-25,all,min_3_0.75,FG3M,23528,0.9007522918968002,-0.03348567908611134,0.9994185355587988,0.5227927630025037,0.5330952662931638,0.8997364841890514,0.9941649994192225
player,2024-25,all,min_3_0.75,TOV,23528,0.8996747172739671,0.003106177911381023,0.9940389570570656,0.5310538844405973,0.5393976090615864,0.9820214212852771,0.9941649994192225
player,2024-25,all,min_3_0.75,FG3A,23528,1.5253649770927298,-0.0700331971862515,0.9878676655611619,0.5501997217360083,0.5544444703900534,0.9469993199591975,0.9941649994192225
player,2024-25,all,min_3_0.75,OREB,23528,0.8605561374091192,-0.015302524598393163,0.9964042027510642,0.5164251838315277,0.5278684508124113,0.97683611016661,0.9941649994192225
player,2025-26,all,min_3_0.75,PTS,23802,4.608947807404339,-0.2108098791036524,0.9829997296457663,0.5542702748342972,0.5558736667209088,0.9951684732375431,0.9930627693475833
player,2025-26,all,min_3_0.75,AST,23802,1.350692530377813,-0.07033590953842582,0.9881044016885739,0.5410652701494444,0.5445966697855409,0.9867658179984875,0.9930627693475833
player,2025-26,all,min_3_0.75,REB,23802,1.9036893125144054,-0.05917140506525641,0.9908519453125747,0.5419866762846353,0.5439527321923783,0.9901268800941098,0.9930627693475833
player,2025-26,all,min_3_0.75,STL,23802,0.7306592023489799,0.0028723683753118386,0.9989503854322915,0.5169549875204407,0.5245043798048921,0.9763045122258633,0.9930627693475833
player,2025-26,all,min_3_0.75,BLK,23802,0.5096697300413096,-0.007167742470223369,1.0034041917914946,0.5012085944494181,0.5198959769137728,0.938576590202504,0.9930627693475833
player,2025-26,all,min_3_0.75,FG3M,23802,0.8967631273540703,-0.015296032680973053,0.9968935162827053,0.5243924889543446,0.5324852840235775,0.9128644651709941,0.9930627693475833
player,2025-26,all,min_3_0.75,TOV,23802,0.904527810998632,0.00711244694325448,0.993626532286256,0.5312459899910176,0.5373021519386215,0.9822283841693975,0.9930627693475833
player,2025-26,all,min_3_0.75,FG3A,23802,1.522121556835291,-0.037350841109426686,0.9845319367675951,0.548653692348707,0.5526193470467642,0.9455507940509201,0.9930627693475833
player,2025-26,all,min_3_0.75,OREB,23802,0.8599741131066931,-0.001433179899695135,0.9982022849210136,0.524362545532462,0.5324447714678463,0.9803798000168054,0.9930627693475833
player,pooled,all,form_3_0.75,PTS,70944,4.79362835115839,-0.15632628937071688,1.0234623412716415,0.5495786417392536,0.5502504851998098,0.9952215832205683,1.0327835405246626
player,pooled,all,form_3_0.75,AST,70944,1.4124926031004015,-0.046228768158629925,1.0325895593446934,0.54074815821472,0.5416985522909403,0.9853546459179071,1.0327835405246626
player,pooled,all,form_3_0.75,REB,70944,1.9917853050024035,-0.049600936979265556,1.0316306460215134,0.5407210183102201,0.541204762395485,0.9899921064501579,1.0327835405246626
player,pooled,all,form_3_0.75,STL,70944,0.7447230691555577,-0.006860014015184412,1.0432063373907356,0.5245076048103501,0.5186556607230348,0.9740217636445647,1.0327835405246626
player,pooled,all,form_3_0.75,BLK,70944,0.5311972863274279,-0.0033117639724315777,1.0232787913953003,0.5527537659933414,0.5293460897884192,0.9441390392422192,1.0327835405246626
player,pooled,all,form_3_0.75,FG3M,70944,0.9273201969171937,-0.016405331198129924,1.0419394803388604,0.5459159841808613,0.5427370757651298,0.9053055931438881,1.0327835405246626
player,pooled,all,form_3_0.75,TOV,70944,0.9395127665339429,-0.008679314131697641,1.0447821502519923,0.5244934009277477,0.5208930829026475,0.9814924447451511,1.0327835405246626
player,pooled,all,form_3_0.75,FG3A,70944,1.5459523823715589,-0.04357660327105017,1.011696225985221,0.5702320737875632,0.5701493465225538,0.9475078935498421,1.0327835405246626
player,pooled,all,form_3_0.75,OREB,70944,0.8917252858724046,-0.01070045621123605,1.0424663327219839,0.5275546341884771,0.5222151467288869,0.9791102841677943,1.0327835405246626
player,2023-24,all,form_3_0.75,PTS,23614,4.7553450971077975,-0.12312325544889975,1.0210926036961632,0.5523315180394827,0.5527381094275612,0.9953417464216143,1.0299670950698
player,2023-24,all,form_3_0.75,AST,23614,1.4175536273085552,-0.046738869505402014,1.0311329876496749,0.543717255003006,0.5447380738647336,0.9861099347844499,1.0299670950698
player,2023-24,all,form_3_0.75,REB,23614,1.9703325438006436,-0.041821356000915896,1.027582446151116,0.5460923129571801,0.5465097588069125,0.989963580926569,1.0299670950698
player,2023-24,all,form_3_0.75,STL,23614,0.7151206565517908,-0.009268666098567933,1.0430253917503551,0.5272838214783822,0.520126402898776,0.9716270009316507,1.0299670950698
player,2023-24,all,form_3_0.75,BLK,23614,0.5437611685941022,-0.00333808439731718,1.0235927575976187,0.5534664572582455,0.5329622693578007,0.94371982722114,1.0299670950698
player,2023-24,all,form_3_0.75,FG3M,23614,0.9035147295358865,-0.014608290364770859,1.039581489684366,0.5545190324395275,0.5499024476822418,0.9033624121283984,1.0299670950698
player,2023-24,all,form_3_0.75,TOV,23614,0.9180641466372933,-0.007403116654584698,1.0405804952651954,0.5265658747300216,0.521947649751565,0.9803506394511731,1.0299670950698
player,2023-24,all,form_3_0.75,FG3A,23614,1.5076315494416868,-0.03892837395568474,1.0091106838378725,0.5724217844727694,0.5717485424547359,0.9501990344710765,1.0299670950698
player,2023-24,all,form_3_0.75,OREB,23614,0.8695936241147854,-0.007347928885432319,1.0340049999958332,0.5395083596146368,0.5310220695810854,0.9802235961717625,1.0299670950698
player,2024-25,all,form_3_0.75,PTS,23528,4.830764868591152,-0.1968705305508446,1.0266252860155258,0.5460835397625352,0.5470190007284655,0.995154709282557,1.036114847844524
player,2024-25,all,form_3_0.75,AST,23528,1.4109886524803106,-0.05325173150538622,1.0359542993287671,0.5395021177284122,0.5407882581424124,0.9834240054403264,1.036114847844524
player,2024-25,all,form_3_0.75,REB,23528,2.0138132707300005,-0.053550797754592386,1.0308241989134448,0.5410870685213808,0.5418636105001222,0.9899693981638898,1.036114847844524
player,2024-25,all,form_3_0.75,STL,23528,0.7596045769134004,-0.005981422258660686,1.0484717442273899,0.5190210278335223,0.5140523474547734,0.9742434546072765,1.036114847844524
player,2024-25,all,form_3_0.75,BLK,23528,0.527957067158502,0.00034818207214978516,1.0187185180609828,0.5578118710023706,0.5290748268247968,0.9502295137708262,1.036114847844524
player,2024-25,all,form_3_0.75,FG3M,23528,0.9454143839490432,-0.022121596547625206,1.0489728059563275,0.5352638291841845,0.5345648034851223,0.8997364841890514,1.036114847844524
player,2024-25,all,form_3_0.75,TOV,23528,0.9481978303780548,-0.011540052985803457,1.0476515170379703,0.5212724518502488,0.5185823423843944,0.9820214212852771,1.036114847844524
player,2024-25,all,form_3_0.75,FG3A,23528,1.5743451380317028,-0.05686924366802473,1.0195885441523458,0.5618239755845787,0.5624082870181273,0.9469993199591975,1.036114847844524
player,2024-25,all,form_3_0.75,OREB,23528,0.9053132575523091,-0.0144204310047285,1.04822671690799,0.5169473088804769,0.5142306491155524,0.97683611016661,1.036114847844524
player,2025-26,all,form_3_0.75,PTS,23802,4.794900209783563,-0.14918955869866002,1.0226597928324468,0.5503018533372737,0.5506968858551342,0.9951684732375431,1.0322424241717683
player,2025-26,all,form_3_0.75,AST,23802,1.4089581910568056,-0.03878057830797925,1.0307288735719602,0.539031557429411,0.5394338102445659,0.9865137383413158,1.0322424241717683
player,2025-26,all,form_3_0.75,REB,23802,1.9912942338898276,-0.053414679559756414,1.0364494628240501,0.5350307659664757,0.5353083978469246,0.9900428535417192,1.0322424241717683
player,2025-26,all,form_3_0.75,STL,23802,0.7593814699915714,-0.005338864387021628,1.038219199456421,0.5271788250484183,0.5216525172338561,0.9761784723972775,1.0322424241717683
player,2025-26,all,form_3_0.75,BLK,23802,0.5219355587734968,-0.006903465511111612,1.0275523474307795,0.546980616858409,0.5257299830291476,0.9385345769263087,1.0322424241717683
player,2025-26,all,form_3_0.75,FG3M,23802,0.9330517436047134,-0.012537716337866663,1.0372340311317905,0.5478481012658228,0.5433018487828685,0.9127384253424082,1.0322424241717683
player,2025-26,all,form_3_0.75,TOV,23802,0.9522068900578115,-0.007117624503310996,1.046002144635707,0.5256245722108145,0.5220470428643266,0.9821023443408117,1.0322424241717683
player,2025-26,all,form_3_0.75,FG3A,23802,1.5559046298144246,-0.03504849822916361,1.0063833546919603,0.5763743833607395,0.5759129444400144,0.9453407276699437,1.0322424241717683
player,2025-26,all,form_3_0.75,OREB,23802,0.9002505889166865,-0.010349351822118777,1.044952610970782,0.5261443511057775,0.5209538782994827,0.9802537601882195,1.0322424241717683
player,pooled,all,min_3_1.0,PTS,70944,4.650761048247569,-0.1586591511851998,0.9929594959075607,0.553940939026981,0.5558052977858565,0.9952215832205683,0.9979479077184408
player,pooled,all,min_3_1.0,AST,70944,1.3579413230987676,-0.06986264120468681,0.9927103542749365,0.5429474617728255,0.5470836930918348,0.9854392196662156,0.9979479077184408
player,pooled,all,min_3_1.0,REB,70944,1.9278389154284243,-0.018698239713355786,0.998510080757165,0.5461871404977504,0.5493447599274027,0.9900202976995941,0.9979479077184408
player,pooled,all,min_3_1.0,STL,70944,0.7148075127124961,0.0071113592778289676,1.0013006957361041,0.5176834915489696,0.5273890795633799,0.974064050518719,0.9979479077184408
player,pooled,all,min_3_1.0,BLK,70944,0.5216427422640134,0.005788677058211037,1.0048732713499295,0.49938789525544175,0.5222466300423106,0.9441531348669373,0.9979479077184408
player,pooled,all,min_3_1.0,FG3M,70944,0.8905490700971648,-0.013814508991440435,1.0006233428302593,0.5245294181755905,0.5344194366078932,0.9053478800180425,0.9979479077184408
player,pooled,all,min_3_1.0,TOV,70944,0.8958989172592691,0.014492446933853355,0.996281509442119,0.5310911336416119,0.5386594785590331,0.9815347316193054,0.9979479077184408
player,pooled,all,min_3_1.0,FG3A,70944,1.5175641166314653,-0.02637005606483048,0.9931184860502632,0.5492450725176645,0.5541450578708743,0.9475783716734326,0.9979479077184408
player,pooled,all,min_3_1.0,OREB,70944,0.8563866757025621,0.005106101796264282,1.0011539331176436,0.5219606996329087,0.5325893668268779,0.9791525710419485,0.9979479077184408
player,2023-24,all,min_3_1.0,PTS,23614,4.6269692926903065,-0.0652848047818971,0.9935270786485692,0.5579475833900612,0.5601690923315163,0.9953417464216143,0.9951752046305022
player,2023-24,all,min_3_1.0,AST,23614,1.3620013695121915,-0.07342850411416428,0.990724099796175,0.5477969595465086,0.5523787309551377,0.9861099347844499,0.9951752046305022
player,2023-24,all,min_3_1.0,REB,23614,1.9068306614425752,-0.006562710868741962,0.9944644733429182,0.5523805449801087,0.5561282176447226,0.989963580926569,0.9951752046305022
player,2023-24,all,min_3_1.0,STL,23614,0.6848207979840655,0.002275648350484545,0.9988321195199437,0.5204846582984658,0.5310525725849536,0.9716270009316507,0.9951752046305022
player,2023-24,all,min_3_1.0,BLK,23614,0.53249846365836,0.003038108991503369,1.0023914952254078,0.5030289432353601,0.5249588592816905,0.94371982722114,0.9951752046305022
player,2023-24,all,min_3_1.0,FG3M,23614,0.8660782699052745,-0.008754944402978748,0.9965072052271564,0.5271423213950872,0.5378592307707861,0.9033624121283984,0.9951752046305022
player,2023-24,all,min_3_1.0,TOV,23614,0.8777993150589488,0.01733756140263469,0.9949422917267716,0.5294168466522678,0.5373558449616271,0.9803506394511731,0.9951752046305022
player,2023-24,all,min_3_1.0,FG3A,23614,1.472630468548945,-0.01617046109595759,0.985683232556545,0.5500044567251984,0.5561397706981714,0.9501990344710765,0.9951752046305022
player,2023-24,all,min_3_1.0,OREB,23614,0.8405791471376608,0.01513803786105126,0.9995048456310281,0.5243444074826111,0.5364002878518751,0.9802235961717625,0.9951752046305022
player,2024-25,all,min_3_1.0,PTS,23528,4.680656847051872,-0.24939072676500007,0.9947246047076947,0.5497138464166738,0.5513003393477209,0.995154709282557,0.9999236647691551
player,2024-25,all,min_3_1.0,AST,23528,1.355601911503196,-0.07629816800334357,0.9952891016744957,0.5406690293024462,0.5447119049509492,0.9834240054403264,0.9999236647691551
player,2024-25,all,min_3_1.0,REB,23528,1.9512507484986314,-0.016265319034570142,0.9987998981510415,0.5441353254336253,0.5480140585942944,0.9899693981638898,0.9999236647691551
player,2024-25,all,min_3_1.0,STL,23528,0.7269438492397837,0.010970655683981945,1.003390591279573,0.5172759794084286,0.5281227071103544,0.9742434546072765,0.9999236647691551
player,2024-25,all,min_3_1.0,BLK,23528,0.5216665840138907,0.01837311308992976,1.0065807287110622,0.49577313593058103,0.5236341189391304,0.9502295137708262,0.9999236647691551
player,2024-25,all,min_3_1.0,FG3M,23528,0.9050961559784291,-0.023783307207735093,1.0042382160838295,0.5220369408096746,0.5324589568722342,0.8997364841890514,0.9999236647691551
player,2024-25,all,min_3_1.0,TOV,23528,0.9024273474193358,0.012381861972938103,0.997080302497066,0.5329149534732742,0.5413913670557242,0.9820214212852771,0.9999236647691551
player,2024-25,all,min_3_1.0,FG3A,23528,1.5419341086664482,-0.04314274347078376,0.9985982838550996,0.5482698263094116,0.5525649336858576,0.9469993199591975,0.9999236647691551
player,2024-25,all,min_3_1.0,OREB,23528,0.8641896080945526,-0.006479498050251181,1.000611255962541,0.5162946525692903,0.5278732178775487,0.97683611016661,0.9999236647691551
player,2025-26,all,min_3_1.0,PTS,23802,4.64481323552037,-0.16160887413814373,0.9906491341551984,0.5541436230843922,0.5557896077375024,0.9951684732375431,0.998688978862255
player,2025-26,all,min_3_1.0,AST,23802,1.3562258260823268,-0.0599634999029797,0.9921523057959191,0.5403840422361307,0.5439833466927377,0.9867658179984875,0.998688978862255
player,2025-26,all,min_3_1.0,REB,23802,1.9255389112753387,-0.03314282991027977,1.0022244509489995,0.5420715407137099,0.5440839031510283,0.9901268800941098,0.998688978862255
player,2025-26,all,min_3_1.0,STL,23802,0.7325607500784033,0.00809400577788543,1.0015501635930582,0.5153197349169464,0.52297421640111,0.9763045122258633,0.998688978862255
player,2025-26,all,min_3_1.0,BLK,23802,0.5108491974485739,-0.003922048789492268,1.0057262495296082,0.499373321396598,0.5182409896302513,0.938576590202504,0.998688978862255
player,2025-26,all,min_3_1.0,FG3M,23802,0.9004469626741275,-0.008980069606470978,1.0009886796916283,0.5243924889543446,0.5326801850651603,0.9128644651709941,0.998688978862255
player,2025-26,all,min_3_1.0,TOV,23802,0.9074022825879245,0.01375609326166675,0.9967841480087226,0.5309465759869969,0.5371620544702301,0.9822283841693975,0.998688978862255
player,2025-26,all,min_3_1.0,FG3A,23802,1.5380534029612394,-0.019909483268749615,0.9948369030511516,0.5494534790722474,0.553528531516829,0.9455507940509201,0.998688978862255
player,2025-26,all,min_3_1.0,OREB,23802,0.8643562407060322,0.006605633556408134,1.0032887749860135,0.5251767730876366,0.5334614896997444,0.9803798000168054,0.998688978862255
player,pooled,all,form_3_1.0,PTS,70944,5.009207763889162,-0.06983738821332876,1.0694895662295374,0.549422845407549,0.5501013624931759,0.9952215832205683,1.0712689858495863
player,pooled,all,form_3_1.0,AST,70944,1.4737083146672783,-0.019578618083048123,1.0773407350273738,0.540776768471497,0.541713489872454,0.9853546459179071,1.0712689858495863
player,pooled,all,form_3_1.0,REB,70944,2.0821136879765763,-0.022238545582505705,1.0784155720111428,0.541062733149187,0.5415442555594681,0.9899921064501579,1.0712689858495863
player,pooled,all,form_3_1.0,STL,70944,0.7668317363879337,-0.0038431046790011686,1.074176106857179,0.5245799626633478,0.5187223108213233,0.9740217636445647,1.0712689858495863
player,pooled,all,form_3_1.0,BLK,70944,0.5415259618425246,-0.0014849359366161591,1.0431755696165892,0.5527836252071483,0.5294110760432097,0.9441390392422192,1.0712689858495863
player,pooled,all,form_3_1.0,FG3M,70944,0.9632537768699807,-0.0063625482032037516,1.0823145479230687,0.5460249743094697,0.5428818617091646,0.9053055931438881,1.0712689858495863
player,pooled,all,form_3_1.0,TOV,70944,0.9752090185281828,-0.006028237542803821,1.0844780524716833,0.5248093521563671,0.5212649292164205,0.9814924447451511,1.0712689858495863
player,pooled,all,form_3_1.0,FG3A,70944,1.6109373656047552,-0.019641807680130137,1.0542234493540927,0.5702915798869385,0.5702316804196871,0.9475078935498421,1.0712689858495863
player,pooled,all,form_3_1.0,OREB,70944,0.9219559122456641,-0.005096223198467228,1.0778072731556663,0.5276266159914773,0.5221985258958134,0.9791102841677943,1.0712689858495863
player,2023-24,all,form_3_1.0,PTS,23614,4.968221550734281,-0.05080874699402585,1.0668025506842915,0.5519486044928523,0.5523678742331308,0.9953417464216143,1.0676011924430753
player,2023-24,all,form_3_1.0,AST,23614,1.4790497336968447,-0.01766361539842422,1.0758654497501619,0.5435454779695955,0.5445182253778378,0.9861099347844499,1.0676011924430753
player,2023-24,all,form_3_1.0,REB,23614,2.059436459662268,-0.017226706325074774,1.0740525814137274,0.5459212046028147,0.546350281891196,0.989963580926569,1.0676011924430753
player,2023-24,all,form_3_1.0,STL,23614,0.7355940205392706,-0.005690162098871561,1.072886420512212,0.5277632496513249,0.5205984609980592,0.9716270009316507,1.0676011924430753
player,2023-24,all,form_3_1.0,BLK,23614,0.5549976374921645,-0.000849365983617635,1.0447446324451193,0.553421584025129,0.5328472386508802,0.94371982722114,1.0676011924430753
player,2023-24,all,form_3_1.0,FG3M,23614,0.9374727910790152,-0.00517083610245804,1.0786535391504917,0.5544252765797862,0.5499015236097726,0.9033624121283984,1.0676011924430753
player,2023-24,all,form_3_1.0,TOV,23614,0.9509788457232998,-0.005731459715565237,1.077887685619893,0.5270410367170626,0.522479812742874,0.9803506394511731,1.0676011924430753
player,2023-24,all,form_3_1.0,FG3A,23614,1.5690392996361562,-0.016538899229253588,1.0502130452302307,0.5731348605045012,0.572512141873913,0.9501990344710765,1.0676011924430753
player,2023-24,all,form_3_1.0,OREB,23614,0.8975986312520278,-0.004701971302659867,1.0673048271815557,0.5395515617574632,0.5309562591798578,0.9802235961717625,1.0676011924430753
player,2024-25,all,form_3_1.0,PTS,23528,5.050192744038742,-0.07921259707694116,1.0732576954825752,0.5451439309814641,0.546076469174446,0.995154709282557,1.075403664360608
player,2024-25,all,form_3_1.0,AST,23528,1.4733725002220555,-0.023209182017346924,1.0817568046594428,0.539674993517158,0.5409961009697124,0.9834240054403264,1.075403664360608
player,2024-25,all,form_3_1.0,REB,23528,2.1042306684255503,-0.0240024540021712,1.0771067628939548,0.5413876008930105,0.5421571992549938,0.9899693981638898,1.075403664360608
player,2024-25,all,form_3_1.0,STL,23528,0.7830277954447201,-0.0029896112344488515,1.0808024904279265,0.5188028967803856,0.5138967226671244,0.9742434546072765,1.075403664360608
player,2024-25,all,form_3_1.0,BLK,23528,0.5371947750703758,-1.3807167503545761e-05,1.0365431191500634,0.5580802433242384,0.5294921789526448,0.9502295137708262,1.075403664360608
player,2024-25,all,form_3_1.0,FG3M,23528,0.9843517997213588,-0.008631197156420401,1.0921753327771733,0.5354055458453398,0.5347489123876839,0.8997364841890514,1.075403664360608
player,2024-25,all,form_3_1.0,TOV,23528,0.9851332608494732,-0.007146445889974213,1.0884609963745784,0.5214888552261415,0.5188902859165124,0.9820214212852771,1.075403664360608
player,2024-25,all,form_3_1.0,FG3A,23528,1.6424172412879083,-0.025590805446481252,1.063673881591856,0.5608365872267852,0.5614097706193519,0.9469993199591975,1.075403664360608
player,2024-25,all,form_3_1.0,OREB,23528,0.9369484761638182,-0.005303373258698278,1.0848558958879477,0.5169473088804769,0.5141484103870723,0.97683611016661,1.075403664360608
player,2025-26,all,form_3_1.0,PTS,23802,5.009357071698452,-0.07944844693148552,1.0683993078133704,0.5511461983366404,0.5515563133562944,0.9951684732375431,1.070747578594268
player,2025-26,all,form_3_1.0,AST,23802,1.4687410334851878,-0.017889724929050718,1.0744632456961731,0.539116732677484,0.5394758689826353,0.9865137383413158,1.070747578594268
player,2025-26,all,form_3_1.0,REB,23802,2.082749422511996,-0.025467195902946313,1.084051007340535,0.5359219180988755,0.5361912286509289,0.9900428535417192,1.070747578594268
player,2025-26,all,form_3_1.0,STL,23802,0.7818131053721766,-0.0028543045718924824,1.0688875202512516,0.5271357865289434,0.5215363107108272,0.9761784723972775,1.070747578594268
player,2025-26,all,form_3_1.0,BLK,23802,0.532442019887429,-0.003569679510676661,1.0482367759954567,0.5468463225748691,0.5256348295148111,0.9385345769263087,1.070747578594268
player,2025-26,all,form_3_1.0,FG3M,23802,0.9679759815931557,-0.005302314482329114,1.0760578245615164,0.5481242807825086,0.5435524772742435,0.9127384253424082,1.070747578594268
player,2025-26,all,form_3_1.0,TOV,23802,0.9894378113724437,-0.005217335333754029,1.086900424146705,0.5258812457221081,0.5223211316445835,0.9821023443408117,1.070747578594268
player,2025-26,all,form_3_1.0,FG3A,23802,1.6213870091099953,-0.01683969276173228,1.0487383777993549,0.5768188080529755,0.576403958875839,0.9453407276699437,1.070747578594268
player,2025-26,all,form_3_1.0,OREB,23802,0.9313008324001876,-0.005282595673490129,1.0809937237440697,0.5263157894736842,0.5210488803368282,0.9802537601882195,1.070747578594268
player,pooled,all,min_5_0.25,PTS,70944,4.640039431808685,-0.35767077185077073,0.9906703800523116,0.55083124282495,0.5526311466577414,0.9945449932341002,0.9946935230469693
player,pooled,all,min_5_0.25,AST,70944,1.358814362218042,-0.1133783034057574,0.9933485813902311,0.5437797912998669,0.5477639388103903,0.9847344384303113,0.9946935230469693
player,pooled,all,min_5_0.25,REB,70944,1.9125389225098959,-0.106290134814213,0.9905855612122799,0.5422538221506633,0.5453007824916112,0.9892732295895355,0.9946935230469693
player,pooled,all,min_5_0.25,STL,70944,0.7129655297557079,-0.010764111155331336,0.9987204503086741,0.5189132827434397,0.5282940459332051,0.9733310780333785,0.9946935230469693
player,pooled,all,min_5_0.25,BLK,70944,0.519140776628369,-0.0055408770847388865,1.0000535773536452,0.5014490588586794,0.523290782515142,0.9435611186287777,0.9946935230469693
player,pooled,all,min_5_0.25,FG3M,70944,0.8871505026603749,-0.039164326497143326,0.9968047032699963,0.5233777362312066,0.5327508526437315,0.9047276725304465,0.9946935230469693
player,pooled,all,min_5_0.25,TOV,70944,0.8955250269174467,-0.009590325038758939,0.9958657258900332,0.5231306497276633,0.5301680619696743,0.9808158547586829,0.9946935230469693
player,pooled,all,min_5_0.25,FG3A,70944,1.5117353103992235,-0.09530184796040417,0.9893040210419024,0.5448442175149233,0.5495047166843566,0.9469017816869644,0.9946935230469693
player,pooled,all,min_5_0.25,OREB,70944,0.8527382028976156,-0.020206723888482384,0.9968887069036221,0.5202339619379656,0.5304553078993844,0.978419598556608,0.9946935230469693
player,2023-24,all,min_5_0.25,PTS,23614,4.609943103809775,-0.27790495383011105,0.9898711262034748,0.5542886317222601,0.5562950343747224,0.9953417464216143,0.9938691981397658
player,2023-24,all,min_5_0.25,AST,23614,1.3645288025387239,-0.12016995905471396,0.9925625625657826,0.5470669071545134,0.551226564098867,0.9861099347844499,0.9938691981397658
player,2023-24,all,min_5_0.25,REB,23614,1.896689727693075,-0.0911379616554648,0.9891756983382352,0.5509261239680028,0.5543147159487424,0.989963580926569,0.9938691981397658
player,2023-24,all,min_5_0.25,STL,23614,0.6843346679289407,-0.014991091367092963,0.9981230839375709,0.5243636680613668,0.5340021111757447,0.9716270009316507,0.9938691981397658
player,2023-24,all,min_5_0.25,BLK,23614,0.5309367112158406,-0.007744792016232346,0.9994516043658679,0.5066636751177922,0.5264551187186476,0.94371982722114,0.9938691981397658
player,2023-24,all,min_5_0.25,FG3M,23614,0.865540175659332,-0.03520493385857892,0.9958880755112904,0.5242827676729795,0.5335972667290443,0.9033624121283984,0.9938691981397658
player,2023-24,all,min_5_0.25,TOV,23614,0.8785853252858559,-0.0056868585190731095,0.9958331956077193,0.5239740820734341,0.5309447659007669,0.9803506394511731,0.9938691981397658
player,2023-24,all,min_5_0.25,FG3A,23614,1.4755731364654254,-0.08585459366235143,0.9876528634219927,0.5425617256439967,0.5480899763594405,0.9501990344710765,0.9938691981397658
player,2023-24,all,min_5_0.25,OREB,23614,0.8378540924674412,-0.008468898889200153,0.9962645733059643,0.5235235667689118,0.534535308974905,0.9802235961717625,0.9938691981397658
player,2024-25,all,min_5_0.25,PTS,23528,4.667855915524686,-0.4822811249798397,0.9920041742276702,0.5463437553391424,0.5480480720179103,0.9950697041822509,0.9954250416544015
player,2024-25,all,min_5_0.25,AST,23528,1.3538662210804355,-0.12823839936435844,0.9940147498555765,0.5436192287739927,0.547939193494713,0.9831689901394084,0.9954250416544015
player,2024-25,all,min_5_0.25,REB,23528,1.9369577032071983,-0.11412491614064381,0.9914836205315062,0.5371237170953751,0.5412899558604422,0.9897568854131248,0.9954250416544015
player,2024-25,all,min_5_0.25,STL,23528,0.7241543343485535,-0.00925038125570359,0.9995402622630748,0.513679801021076,0.5251750286524778,0.9740309418565114,0.9954250416544015
player,2024-25,all,min_5_0.25,BLK,23528,0.5183917144803825,0.0051983298091968526,1.0002617106591336,0.4958392984967788,0.5258530311040444,0.9500170010200613,0.9954250416544015
player,2024-25,all,min_5_0.25,FG3M,23528,0.8989906712113165,-0.053917136664691195,0.9974639511724717,0.5209071580439405,0.5319389236446969,0.8995664739884393,0.9954250416544015
player,2024-25,all,min_5_0.25,TOV,23528,0.9014649173963373,-0.016368752996942723,0.9960169260145079,0.5203255552188406,0.5290957040011683,0.981766405984359,0.9954250416544015
player,2024-25,all,min_5_0.25,FG3A,23528,1.5297635898335076,-0.12657164548799377,0.9907163262851265,0.5468013468013468,0.5513498323873901,0.9467443046582795,0.9954250416544015
player,2024-25,all,min_5_0.25,OREB,23528,0.8613502321252525,-0.033927114488492116,0.997323653880565,0.5150143615632344,0.5273545229649408,0.9766235974158449,0.9954250416544015
player,2025-26,all,min_5_0.25,PTS,23802,4.642401773649592,-0.31363067598987965,0.9901348158192006,0.5518379087179053,0.5532925104880626,0.9932358625325602,0.9947739594541098
player,2025-26,all,min_5_0.25,AST,23802,1.3580362373106023,-0.09195125970319334,0.9934767192085127,0.5406731220406944,0.5438318490022285,0.9849172338458954,0.9947739594541098
player,2025-26,all,min_5_0.25,REB,23802,1.90412525198464,-0.11357803843249745,0.9910788476065927,0.5387133806709469,0.5404804169532934,0.9881102428367364,0.9947739594541098
player,2025-26,all,min_5_0.25,STL,23802,0.7303102477086829,-0.00806682211902763,0.9984732979319915,0.5186925962657928,0.5255617698198853,0.9743298882446854,0.9947739594541098
player,2025-26,all,min_5_0.25,BLK,23802,0.5081784513981057,-0.013969950801579162,1.0004682606315234,0.5018607362238264,0.5178025222794133,0.9370220989832787,0.9947739594541098
player,2025-26,all,min_5_0.25,FG3M,23802,0.8968862717611266,-0.02850946472691487,0.9970304106946354,0.5248985614164515,0.5321913285210012,0.9111839341231829,0.9947739594541098
player,2025-26,all,min_5_0.25,TOV,23802,0.9064594177728676,-0.006762562892540858,0.9957484081616844,0.5250707122653638,0.5303133631367636,0.98033778674061,0.9947739594541098
player,2025-26,all,min_5_0.25,FG3A,23802,1.5297911131361166,-0.07376465221067935,0.9894927252703837,0.5451834045584045,0.5486785409387412,0.9437862364507185,0.9947739594541098
player,2025-26,all,min_5_0.25,OREB,23802,0.8589918605747103,-0.018289391290214042,0.9970621497624608,0.522114393679148,0.5293438591704291,0.9784051760356273,0.9947739594541098
player,pooled,all,form_5_0.25,PTS,70944,4.629749850847486,-0.3380257428886309,0.9884735058163883,0.5479488961048169,0.5491230947251645,0.9940657419936851,0.9942595950616305
player,pooled,all,form_5_0.25,AST,70944,1.3564171128651268,-0.10192351054822821,0.9915960945824934,0.5376992367068124,0.5404334140965393,0.9842833784393324,0.9942595950616305
player,pooled,all,form_5_0.25,REB,70944,1.913861555838816,-0.10694565677175907,0.9912706094813682,0.5388716252815235,0.5403356994536651,0.9888644564727108,0.9942595950616305
player,pooled,all,form_5_0.25,STL,70944,0.7138288074505668,-0.013310241028517716,0.9999297276890963,0.5197971749366171,0.5177943066974154,0.97295049616599,0.9942595950616305
player,pooled,all,form_5_0.25,BLK,70944,0.5186228070610378,-0.007182232886799751,0.9990557799505353,0.528161752618916,0.5191299428041323,0.9432369192602617,0.9942595950616305
player,pooled,all,form_5_0.25,FG3M,70944,0.8875059276810289,-0.037539376180280686,0.9972040597841223,0.5359269303905982,0.5368598798707573,0.9043470906630582,0.9942595950616305
player,pooled,all,form_5_0.25,TOV,70944,0.8964897998457503,-0.014394900359786316,0.9969385985219558,0.522234842494213,0.5208792432455533,0.9803929860171403,0.9942595950616305
player,pooled,all,form_5_0.25,FG3A,70944,1.5058293788793289,-0.09386638035479193,0.9854390839987353,0.5622338049143708,0.5638102456183468,0.946521199819576,0.9942595950616305
player,pooled,all,form_5_0.25,OREB,70944,0.8540556798063542,-0.0223862744889083,0.9984288957300015,0.5199613743802606,0.5193200289923129,0.9780108254397835,0.9942595950616305
player,2023-24,all,form_5_0.25,PTS,23614,4.600460176314646,-0.2757199770064758,0.9878349023482251,0.5505020422055821,0.551641290656909,0.9953417464216143,0.9932993506444886
player,2023-24,all,form_5_0.25,AST,23614,1.3617504953800292,-0.10730595089352198,0.990541613159731,0.537189727733402,0.5402266359612555,0.9861099347844499,0.9932993506444886
player,2023-24,all,form_5_0.25,REB,23614,1.8979182504252652,-0.09317226872666204,0.9898164066279446,0.5428412542242375,0.54426385479253,0.989963580926569,0.9932993506444886
player,2023-24,all,form_5_0.25,STL,23614,0.6856971033712086,-0.017003552593071312,1.0001102377806095,0.5184797768479776,0.5157464060706648,0.9716270009316507,0.9932993506444886
player,2023-24,all,form_5_0.25,BLK,23614,0.5302995494678698,-0.008663226974596842,0.998252191483318,0.5282925734799192,0.5230131089094364,0.94371982722114,0.9932993506444886
player,2023-24,all,form_5_0.25,FG3M,23614,0.8652034830594838,-0.03455171813627351,0.9955006779591675,0.5405962872679543,0.5406403641057791,0.9033624121283984,0.9932993506444886
player,2023-24,all,form_5_0.25,TOV,23614,0.8794165516401495,-0.011030604816847766,0.9967753497421556,0.5236717062634989,0.5208013242312715,0.9803506394511731,0.9932993506444886
player,2023-24,all,form_5_0.25,FG3A,23614,1.4710279411845855,-0.08582077016724798,0.9846106047748336,0.5644888136197522,0.5655629637603318,0.9501990344710765,0.9932993506444886
player,2023-24,all,form_5_0.25,OREB,23614,0.8378436629604875,-0.012985312671586422,0.9962521719243957,0.5283190046226293,0.5247825586169713,0.9802235961717625,0.9932993506444886
player,2024-25,all,form_5_0.25,PTS,23528,4.6562494610055545,-0.4433710569325267,0.9895375918096736,0.5464177382834194,0.5477094246269364,0.9948571914314859,0.9951936244159163
player,2024-25,all,form_5_0.25,AST,23528,1.352241763679603,-0.1163247797064797,0.9928220658283192,0.5361203579611776,0.5390370704707814,0.9831264875892554,0.9951936244159163
player,2024-25,all,form_5_0.25,REB,23528,1.9373294614748129,-0.11597726212913591,0.9916739149465822,0.5384780554839818,0.5403358394849891,0.9897143828629718,0.9951936244159163
player,2024-25,all,form_5_0.25,STL,23528,0.7252570028281916,-0.012338567472352057,1.0010622603911694,0.5200960069823259,0.5184314052178824,0.9739459367562053,0.9951936244159163
player,2024-25,all,form_5_0.25,BLK,23528,0.5169809382261905,0.0010953789125951229,0.9975395501192322,0.5387230996376001,0.5225577959446437,0.9499744984699082,0.9951936244159163
player,2024-25,all,form_5_0.25,FG3M,23528,0.900341555441162,-0.05045833617059304,0.9989628080178453,0.5285862785862786,0.5315158981860629,0.8995239714382863,0.9951936244159163
player,2024-25,all,form_5_0.25,TOV,23528,0.9025881183909823,-0.02094958234162477,0.9972579362639301,0.5194597168708602,0.519402274407268,0.981766405984359,0.9951936244159163
player,2024-25,all,form_5_0.25,FG3A,23528,1.5255427522577552,-0.12280682191004222,0.9879827975721317,0.5543234264164497,0.5564147221755917,0.9467018021081265,0.9951936244159163
player,2024-25,all,form_5_0.25,OREB,23528,0.863578514620488,-0.033533751570931976,0.9999036947944048,0.5153849501675588,0.5171936641449557,0.9765810948656919,0.9951936244159163
player,2025-26,all,form_5_0.25,PTS,23802,4.632613624758147,-0.29570676997527123,0.9880471923276558,0.5469252922242928,0.5477580558146465,0.9920174775228973,0.9942821218151576
player,2025-26,all,form_5_0.25,AST,23802,1.355253140128821,-0.08234809642046491,0.9914407335835071,0.5397659320006835,0.5418230415207886,0.9836148222838417,0.9942821218151576
player,2025-26,all,form_5_0.25,REB,23802,1.9064811815102825,-0.11168261897865499,0.9923050862255572,0.5353113958537312,0.5364093750892367,0.9869338711032686,0.9942821218151576
player,2025-26,all,form_5_0.25,STL,23802,0.7304416752467707,-0.010606589072551947,0.9986529844252445,0.5208063541396875,0.519119646658027,0.9732795563398033,0.9942821218151576
player,2025-26,all,form_5_0.25,BLK,23802,0.5086612615922276,-0.013895259356294805,1.001418785538275,0.5174363807728558,0.5113936093351977,0.9360978069069826,0.9942821218151576
player,2025-26,all,form_5_0.25,FG3M,23802,0.8969443478706437,-0.027733194615669775,0.9970949714412383,0.5385006001292586,0.5379779381325023,0.9100915889421057,0.9942821218151576
player,2025-26,all,form_5_0.25,TOV,23802,0.9074000781583059,-0.01125339617031721,0.9967817264361319,0.5235581874356333,0.5222645446144065,0.9790773884547517,0.9942821218151576
player,2025-26,all,form_5_0.25,FG3A,23802,1.5208694973936272,-0.07324115264521716,0.9837220852143277,0.5678313575184954,0.5689466792047224,0.9426938912696412,0.9942821218151576
player,2025-26,all,form_5_0.25,OREB,23802,0.8607264347131441,-0.020693831482790224,0.9990755311444842,0.5161650902837489,0.5155016201546063,0.9772288043021595,0.9942821218151576
player,pooled,all,min_5_0.5,PTS,70944,4.616490262769534,-0.299548550858664,0.9856425210039591,0.5497448979591837,0.5517230492961827,0.9945872801082544,0.992189512374267
player,pooled,all,min_5_0.5,AST,70944,1.3536876960275024,-0.1005773884261429,0.9896007798293818,0.5414066525447988,0.5457761379406426,0.9848331078033379,0.992189512374267
player,pooled,all,min_5_0.5,REB,70944,1.9040796848881896,-0.08089215845888399,0.9862041608923691,0.5423963067979425,0.5457539563288656,0.9892732295895355,0.992189512374267
player,pooled,all,min_5_0.5,STL,70944,0.7127935356147181,-0.005617480286928304,0.9984795213173473,0.5154433165843699,0.5256273554817054,0.9734297474064051,0.992189512374267
player,pooled,all,min_5_0.5,BLK,70944,0.5195082371031406,-0.002289506089599851,1.0007614396115798,0.49854362406082425,0.5222806151958741,0.9436597880018043,0.992189512374267
player,pooled,all,min_5_0.5,FG3M,70944,0.886022874559848,-0.03179497281137961,0.9955376972875984,0.520602576685205,0.5308444482676531,0.9048122462787551,0.992189512374267
player,pooled,all,min_5_0.5,TOV,70944,0.8934754795041705,-0.002548106179139538,0.993586533281112,0.5260964534115077,0.5338775374341267,0.9808863328822733,0.992189512374267
player,pooled,all,min_5_0.5,FG3A,70944,1.5037298677227329,-0.0752227058769985,0.9840651299638182,0.5443936710179659,0.5495365265442189,0.9469863554352729,0.992189512374267
player,pooled,all,min_5_0.5,OREB,70944,0.8518307276609428,-0.012900292527423177,0.9958278281812273,0.5184256778171551,0.5295894547526456,0.9784336941813261,0.992189512374267
player,2023-24,all,min_5_0.5,PTS,23614,4.585228849485811,-0.21574312684670238,0.9845643520828301,0.5511402314499659,0.5535093716831088,0.9953417464216143,0.9906859642996348
player,2023-24,all,min_5_0.5,AST,23614,1.3585249980957927,-0.10637528628309344,0.9881953762433425,0.5460362449540497,0.5509498533722442,0.9861099347844499,0.9906859642996348
player,2023-24,all,min_5_0.5,REB,23614,1.8861504970967071,-0.06667061828249075,0.9836792006070069,0.5507550156136374,0.5547511986450407,0.989963580926569,0.9906859642996348
player,2023-24,all,min_5_0.5,STL,23614,0.683705052299238,-0.009978004636529012,0.9972047702476912,0.5186541143654114,0.5298126222380153,0.9716270009316507,0.9906859642996348
player,2023-24,all,min_5_0.5,BLK,23614,0.5310015594642185,-0.004685344394048918,0.9995736767042763,0.5017276194749831,0.5246024841423685,0.94371982722114,0.9906859642996348
player,2023-24,all,min_5_0.5,FG3M,23614,0.8636025831223823,-0.027489214565448446,0.9936586870241751,0.5202043877742359,0.5310052022809731,0.9033624121283984,0.9906859642996348
player,2023-24,all,min_5_0.5,TOV,23614,0.8764667952276222,0.0010443704334966465,0.9934319461249826,0.5246652267818575,0.5329444202225035,0.9803506394511731,0.9906859642996348
player,2023-24,all,min_5_0.5,FG3A,23614,1.4656234717641223,-0.06561238918972437,0.9809932038026473,0.5422497548801141,0.5487151782135388,0.9501990344710765,0.9906859642996348
player,2023-24,all,min_5_0.5,OREB,23614,0.8366833362725534,-0.0016519961446509253,0.9948724658597827,0.5197217782001987,0.5323965750094597,0.9802235961717625,0.9906859642996348
player,2024-25,all,min_5_0.5,PTS,23528,4.649327513858126,-0.4147179189871268,0.9880665523028245,0.5473688706646165,0.5490739114176519,0.9950697041822509,0.9935572399774095
player,2024-25,all,min_5_0.5,AST,23528,1.349712585642227,-0.11309741875921214,0.9909651317863727,0.5390334572490706,0.5433558926909583,0.9832539952397144,0.9935572399774095
player,2024-25,all,min_5_0.5,REB,23528,1.929489432136527,-0.08605400326943269,0.9876607861825754,0.5386696440073862,0.5428529063287978,0.9897568854131248,0.9935572399774095
player,2024-25,all,min_5_0.5,STL,23528,0.7245140265043288,-0.003543907180111039,1.0000367403957986,0.5114970112134037,0.5229335473008524,0.9741159469568174,0.9935572399774095
player,2024-25,all,min_5_0.5,BLK,23528,0.5189796723128517,0.00896250982728371,1.0013962035356163,0.4936476693209269,0.5232302593600402,0.9501020061203672,0.9935572399774095
player,2024-25,all,min_5_0.5,FG3M,23528,0.8985517966511829,-0.04524147860814232,0.9969770033465986,0.520149288987575,0.5313055952861326,0.8996514790887453,0.9935572399774095
player,2024-25,all,min_5_0.5,TOV,23528,0.8996343418493102,-0.008016631720594355,0.9939943467726571,0.5257348166746029,0.5345649557464759,0.9818514110846651,0.9935572399774095
player,2024-25,all,min_5_0.5,FG3A,23528,1.5235143758910932,-0.10243873264333267,0.9866691661093008,0.5453402765307954,0.549929979612759,0.9467868072084326,0.9935572399774095
player,2024-25,all,min_5_0.5,OREB,23528,0.8604222928326317,-0.026082624734165012,0.9962492293649893,0.5140792966879923,0.5264467078497234,0.9765810948656919,0.9935572399774095
player,2025-26,all,min_5_0.5,PTS,23802,4.615045517356151,-0.2688484579795788,0.9843002536448613,0.5507105396717984,0.5524142783869443,0.9933619023611461,0.9923017986317461
player,2025-26,all,min_5_0.5,AST,23802,1.3528179517247074,-0.08244938096162198,0.9896592619851012,0.539150460593654,0.542820571144369,0.9851273002268717,0.9923017986317461
player,2025-26,all,min_5_0.5,REB,23802,1.8967500196183849,-0.0898989463348072,0.9872401102195696,0.537777966750287,0.5398642602588967,0.9881102428367364,0.9923017986317461
player,2025-26,all,min_5_0.5,STL,23802,0.7300666948182029,-0.0033411004056461487,0.9981403147121269,0.5161665804449043,0.5240808831535161,0.9745399546256617,0.9923017986317461
player,2025-26,all,min_5_0.5,BLK,23802,0.5086281748458186,-0.011035078090741664,1.0013536465314128,0.5002689618074233,0.5191113111428189,0.9372321653642551,0.9923017986317461
player,2025-26,all,min_5_0.5,FG3M,23802,0.8958813857370014,-0.02277500754935023,0.9959133215419995,0.5214364742762309,0.5298510413342872,0.9113519872279641,0.9923017986317461
player,2025-26,all,min_5_0.5,TOV,23802,0.9042618570039738,-0.0007066337730997599,0.993334381019873,0.527874191198526,0.5340391174866317,0.9804638265691958,0.9923017986317461
player,2025-26,all,min_5_0.5,FG3A,23802,1.5219785243894617,-0.05785438978990235,0.9844394211532641,0.5455961547020339,0.5497346049331516,0.9439963028316948,0.9923017986317461
player,2025-26,all,min_5_0.5,OREB,23802,0.8583658152538376,-0.011029162312423126,0.9963354768775022,0.5214255045083727,0.5298921637728972,0.9784892025880179,0.9923017986317461
player,pooled,all,form_5_0.5,PTS,70944,4.631967194764403,-0.2602584929343814,0.9889469192373522,0.5477787388511549,0.5489324915950663,0.9940657419936851,0.9983274532928098
player,pooled,all,form_5_0.5,AST,70944,1.3609379203146377,-0.07766780271108598,0.9949009887546073,0.5369688811238884,0.5398010534099322,0.9842833784393324,0.9983274532928098
player,pooled,all,form_5_0.5,REB,70944,1.9201832442208737,-0.0822032023739741,0.9945448817903008,0.5384154859309519,0.5398548904680592,0.9888644564727108,0.9983274532928098
player,pooled,all,form_5_0.5,STL,70944,0.719380434947074,-0.010709740033301286,1.0077064345309599,0.5192756247736328,0.517265670805592,0.97295049616599,0.9983274532928098
player,pooled,all,form_5_0.5,BLK,70944,0.5204283442915911,-0.005572217693721602,1.0025339000438724,0.5277283799333503,0.5184860224814163,0.9432369192602617,0.9983274532928098
player,pooled,all,form_5_0.5,FG3M,70944,0.8937398750470323,-0.028545072177654496,1.0042085398985297,0.5357398921412763,0.5367191013421724,0.9043470906630582,0.9983274532928098
player,pooled,all,form_5_0.5,TOV,70944,0.901770582761853,-0.012157256821194314,1.002811076179116,0.5235431972740212,0.5222325876328128,0.9803929860171403,0.9983274532928098
player,pooled,all,form_5_0.5,FG3A,70944,1.5034511876868293,-0.07235177066577404,0.9838827572440694,0.5633507073715562,0.5649913656611465,0.946521199819576,0.9983274532928098
player,pooled,all,form_5_0.5,OREB,70944,0.8600286668237717,-0.01725939372827497,1.0054115819564562,0.5195434105845728,0.5189709090154271,0.9780108254397835,0.9983274532928098
player,2023-24,all,form_5_0.5,PTS,23614,4.60047271417818,-0.21137317319943388,0.9878375945439445,0.5499914908100749,0.5511220080267227,0.9953417464216143,0.996482198032846
player,2023-24,all,form_5_0.5,AST,23614,1.365408703413502,-0.08064726996070853,0.9932026052423821,0.537189727733402,0.5403899940514779,0.9861099347844499,0.996482198032846
player,2023-24,all,form_5_0.5,REB,23614,1.901540701280556,-0.07073923242488388,0.9917056140729719,0.540959062326218,0.5424970622015014,0.989963580926569,0.996482198032846
player,2023-24,all,form_5_0.5,STL,23614,0.6908875922298722,-0.014002927088485738,1.0076807248383977,0.5183490237099023,0.5157631813949268,0.9716270009316507,0.996482198032846
player,2023-24,all,form_5_0.5,BLK,23614,0.5320437870271212,-0.0065222143107779365,1.0015355979424427,0.5266771370877271,0.521644608032688,0.94371982722114,0.996482198032846
player,2023-24,all,form_5_0.5,FG3M,23614,0.8702437913760758,-0.026182783120837754,1.0013000424376415,0.5397524845302831,0.5400327452856362,0.9033624121283984,0.996482198032846
player,2023-24,all,form_5_0.5,TOV,23614,0.884163451532852,-0.009643122162052592,1.0021557269842096,0.5238012958963283,0.5211647169596808,0.9803506394511731,0.996482198032846
player,2023-24,all,form_5_0.5,FG3A,23614,1.4668257112870975,-0.06554474219951774,0.9817979048899943,0.5652910241554506,0.5666328996516754,0.9501990344710765,0.996482198032846
player,2023-24,all,form_5_0.5,OREB,23614,0.8419408246888571,-0.010684823709423292,1.0011239713436306,0.5273253553376247,0.5238281723060123,0.9802235961717625,0.996482198032846
player,2024-25,all,form_5_0.5,PTS,23528,4.661824686757579,-0.33689778289250494,0.9907224285566438,0.5454351262442859,0.5466907231992553,0.9948571914314859,1.0000987053002575
player,2024-25,all,form_5_0.5,AST,23528,1.3582375906970257,-0.08927017944345614,0.997224229350893,0.5349530932514807,0.5379074765123775,0.9831264875892554,1.0000987053002575
player,2024-25,all,form_5_0.5,REB,23528,1.944524513688874,-0.08975869524641607,0.9953568949142274,0.538821609550803,0.5404687524452271,0.9897143828629718,1.0000987053002575
player,2024-25,all,form_5_0.5,STL,23528,0.731834047863098,-0.009720279613407991,1.0101404651429426,0.5191359371590661,0.5171968746017443,0.9739459367562053,1.0000987053002575
player,2024-25,all,form_5_0.5,BLK,23528,0.5178781453528764,0.000756608034080429,0.9992707543616773,0.5385888774551474,0.5220064530036743,0.9499744984699082,1.0000987053002575
player,2024-25,all,form_5_0.5,FG3M,23528,0.9080830042146881,-0.038323877619946885,1.0075522365055078,0.5285862785862786,0.5311753927246836,0.8995239714382863,1.0000987053002575
player,2024-25,all,form_5_0.5,TOV,23528,0.9085937050819173,-0.017178290409958677,1.0038934313113579,0.523096237932378,0.5230221380561414,0.981766405984359,1.0000987053002575
player,2024-25,all,form_5_0.5,FG3A,23528,1.5270971869217924,-0.09490908548743074,0.9889894915541632,0.5545927987788453,0.5565343293604164,0.9467018021081265,1.0000987053002575
player,2024-25,all,form_5_0.5,OREB,23528,0.8703450631797861,-0.025295898899044884,1.007738416004924,0.5148626887757323,0.5165711944259519,0.9765810948656919,1.0000987053002575
player,2025-26,all,form_5_0.5,PTS,23802,4.633699132960556,-0.2330006459503606,0.988278710304018,0.5478993732000678,0.5487285835968703,0.9920174775228973,0.9983882804392947
player,2025-26,all,form_5_0.5,AST,23802,1.3591716940792475,-0.06324305439616482,0.9943073670471418,0.5387408166752093,0.5409070730770689,0.9836148222838417,0.9983882804392947
player,2025-26,all,form_5_0.5,REB,23802,1.9146174775184568,-0.08610810742712333,0.9965399499054405,0.5354816738325316,0.5366051526616747,0.9869338711032686,0.9983882804392947
player,2025-26,all,form_5_0.5,STL,23802,0.7353379756258587,-0.008420634312694799,1.0053471602258894,0.5203315203315203,0.518781303395067,0.9732795563398033,0.9983882804392947
player,2025-26,all,form_5_0.5,BLK,23802,0.5114254880557039,-0.010885695200173065,1.0068608125157898,0.517885193662762,0.5113554297620824,0.9360978069069826,0.9983882804392947
player,2025-26,all,form_5_0.5,FG3M,23802,0.9028723587353545,-0.021222467326860235,1.0036848895759398,0.5387775828640015,0.5385676649087365,0.9100915889421057,0.9983882804392947
player,2025-26,all,form_5_0.5,TOV,23802,0.9124940671285107,-0.009688300328652798,1.002377488705049,0.5237298317885342,0.5223661005256424,0.9790773884547517,0.9983882804392947
player,2025-26,all,form_5_0.5,FG3A,23802,1.5164135828512444,-0.05680739065897693,0.9808399302676598,0.5701042873696408,0.571398616978303,0.9426938912696412,0.9983882804392947
player,2025-26,all,form_5_0.5,OREB,23802,0.8677760044722672,-0.01583804269757558,1.0072582154067409,0.5164230438521066,0.5160179476383115,0.9772288043021595,0.9983882804392947
player,pooled,all,min_5_0.75,PTS,70944,4.613547500004411,-0.2414263298665565,0.9850142272254848,0.5492744175500255,0.5512925348455764,0.9946436626071268,0.9923969230150287
player,pooled,all,min_5_0.75,AST,70944,1.3524315562768425,-0.08777647344652709,0.9886824905662963,0.5412402856693048,0.5456743738739349,0.9848753946774921,0.9923969230150287
player,pooled,all,min_5_0.75,REB,70944,1.9051053575760628,-0.055494182103554154,0.9867354005671158,0.5413888413973899,0.5447930645767352,0.9893437077131259,0.9923969230150287
player,pooled,all,min_5_0.75,STL,70944,0.7132985836185237,-0.0004708494185252713,0.9991869913824977,0.5146534997538443,0.524953040545372,0.9734720342805593,0.9923969230150287
player,pooled,all,min_5_0.75,BLK,70944,0.5201488275270516,0.0009618649055392104,1.0019954492943108,0.4977072099657949,0.5216384738955746,0.9436879792512404,0.9923969230150287
player,pooled,all,min_5_0.75,FG3M,70944,0.8866246007555945,-0.024425619125615413,0.996213798467968,0.5207882233818834,0.5312045300983708,0.9048686287776274,0.9923969230150287
player,pooled,all,min_5_0.75,TOV,70944,0.89306775646381,0.00449411268048,0.993133126185446,0.5260662145074146,0.5339942274519035,0.9809427153811457,0.9923969230150287
player,pooled,all,min_5_0.75,FG3A,70944,1.5036490665387847,-0.05514356379359219,0.9840122523630697,0.544435679521336,0.5496549603383726,0.9470427379341453,0.9923969230150287
player,pooled,all,min_5_0.75,OREB,70944,0.8524900208322718,-0.005593861166364263,0.9965985710830864,0.5188418323249784,0.5301729959678804,0.9785182679296346,0.9923969230150287
player,2023-24,all,min_5_0.75,PTS,23614,4.582748969615379,-0.15358129986329225,0.9840318592895542,0.5506296800544588,0.5530477693875503,0.9953417464216143,0.9903700942461646
player,2023-24,all,min_5_0.75,AST,23614,1.356617006511326,-0.09258061351147281,0.9868074971359865,0.545993300695697,0.5509960176873246,0.9861099347844499,0.9903700942461646
player,2023-24,all,min_5_0.75,REB,23614,1.8859311836223456,-0.04220327490951598,0.9835648226167748,0.5493861487787142,0.5534565635420877,0.989963580926569,0.9903700942461646
player,2023-24,all,min_5_0.75,STL,23614,0.6837827973583028,-0.004964917905965186,0.9973181637987654,0.5165620641562064,0.5278148638199582,0.9716270009316507,0.9903700942461646
player,2023-24,all,min_5_0.75,BLK,23614,0.5313793647579528,-0.0016258967718654743,1.0002848690158697,0.5009199012788872,0.5242285998874702,0.94371982722114,0.9903700942461646
player,2023-24,all,min_5_0.75,FG3M,23614,0.8634076897389668,-0.01977349527231816,0.9934344432490161,0.520438777423589,0.531432823678089,0.9033624121283984,0.9903700942461646
player,2023-24,all,min_5_0.75,TOV,23614,0.8758687011558545,0.007775599386066402,0.9927540359509627,0.5238876889848813,0.5322942638546565,0.9803506394511731,0.9903700942461646
player,2023-24,all,min_5_0.75,FG3A,23614,1.463613822943474,-0.04537018471709774,0.9796480753483817,0.5432748016757287,0.549830854888525,0.9501990344710765,0.9903700942461646
player,2023-24,all,min_5_0.75,OREB,23614,0.837200225563959,0.005164906599898437,0.9954870818101816,0.5202834060569405,0.5332201063488544,0.9802235961717625,0.9903700942461646
player,2024-25,all,min_5_0.75,PTS,23528,4.64892223532171,-0.347154712994417,0.9879804232518977,0.5471125918332479,0.5488151803958579,0.9950697041822509,0.9942459467491553
player,2024-25,all,min_5_0.75,AST,23528,1.3492991179254514,-0.09795643815406531,0.9906615619043004,0.5402870234287196,0.5445892217973819,0.9832539952397144,0.9942459467491553
player,2024-25,all,min_5_0.75,REB,23528,1.9313268706026527,-0.05798309039822139,0.9886013282191332,0.5386465132256957,0.5428141313049969,0.9897993879632778,0.9942459467491553
player,2024-25,all,min_5_0.75,STL,23528,0.7254017310557547,0.0021625668954815378,1.0012620267719965,0.5119993018588009,0.5234065598446284,0.9740734444066644,0.9942459467491553
player,2024-25,all,min_5_0.75,BLK,23528,0.5198652271156006,0.012726689845370882,1.0031049240593735,0.49273028228873084,0.5218066002210687,0.9500595035702142,0.9942459467491553
player,2024-25,all,min_5_0.75,FG3M,23528,0.8998889051244491,-0.03656582055159341,0.9984605754720963,0.5201020456370766,0.5312029440930179,0.8996514790887453,0.9942459467491553
player,2024-25,all,min_5_0.75,TOV,23528,0.8992621410608951,0.0003354895557539766,0.9935831069362745,0.5275096316176789,0.5363774198264571,0.9818514110846651,0.9942459467491553
player,2024-25,all,min_5_0.75,FG3A,23528,1.5251974027744637,-0.07830581979867202,0.9877591398948004,0.544507788301836,0.5490976883871488,0.9468293097585855,0.9942459467491553
player,2024-25,all,min_5_0.75,OREB,23528,0.8608983473599476,-0.018238134979837946,0.9968004342325584,0.5146662024545218,0.5269631799795912,0.9766235974158449,0.9942459467491553
player,2025-26,all,min_5_0.75,PTS,23802,4.609135254145512,-0.22406623996927721,0.9830397084226157,0.5500676589986468,0.5518569517909313,0.9935299554659273,0.9925408714278114
player,2025-26,all,min_5_0.75,AST,23802,1.3513755436600425,-0.0729475022200512,0.9886040627257068,0.537461089079357,0.5412747200541115,0.9852533400554575,0.9925408714278114
player,2025-26,all,min_5_0.75,REB,23802,1.8982084239256205,-0.06621985423711699,0.9879991956099052,0.5361561025379415,0.5383157224781595,0.9882782959415175,0.9925408714278114
player,2025-26,all,min_5_0.75,STL,23802,0.730617419172077,0.0013846213077352654,0.9988932598660477,0.5153879310344828,0.5235804040229262,0.9747080077304429,0.9925408714278114
player,2025-26,all,min_5_0.75,BLK,23802,0.5092873303549903,-0.008100205379904218,1.0026513484783053,0.4994845591860517,0.5189460858970454,0.937358205192841,0.9925408714278114
player,2025-26,all,min_5_0.75,FG3M,23802,0.8965465225922702,-0.01704055037178566,0.9966527259602087,0.5218012536873157,0.5306344627611677,0.9115200403327451,0.9925408714278114
player,2025-26,all,min_5_0.75,TOV,23802,0.9040078880175441,0.0053492953463412036,0.9930553953212281,0.526798337689045,0.5332393190894232,0.980631879673977,0.9925408714278114
player,2025-26,all,min_5_0.75,FG3A,23802,1.5220678123293632,-0.04194412736912444,0.984497173983854,0.5455233179067284,0.5498256174362885,0.9441223426602806,0.9925408714278114
player,2025-26,all,min_5_0.75,OREB,23802,0.8593475167957418,-0.0037689333346322897,0.9974749724824342,0.5215282249409745,0.5303206826903776,0.9786992689689942,0.9925408714278114
player,pooled,all,form_5_0.75,PTS,70944,4.692742230690767,-0.18249124298013292,1.0019226770565974,0.5476227613686315,0.5487927796460778,0.9940657419936851,1.011889585137328
player,pooled,all,form_5_0.75,AST,70944,1.3811899191885955,-0.053412094873943536,1.0097060238728308,0.5367111085652093,0.5395093052966506,0.9842833784393324,1.011889585137328
player,pooled,all,form_5_0.75,REB,70944,1.9487485950449084,-0.057460747976190774,1.00934009654082,0.5385010120591841,0.539960145193972,0.9888644564727108,1.011889585137328
player,pooled,all,form_5_0.75,STL,70944,0.7300245194882458,-0.008109239038084796,1.022616643317235,0.5187975371242304,0.516729912313846,0.97295049616599,1.011889585137328
player,pooled,all,form_5_0.75,BLK,70944,0.5245567287098714,-0.0039622025006434015,1.0104866669850685,0.527788155476187,0.5184262134396952,0.9432369192602617,1.011889585137328
player,pooled,all,form_5_0.75,FG3M,70944,0.9077959684565736,-0.01955076817502762,1.0200020044552403,0.5351787773933102,0.536115506982566,0.9043470906630582,1.011889585137328
player,pooled,all,form_5_0.75,TOV,70944,0.9148936433879902,-0.009919613282602298,1.0174045335404813,0.5237013500496025,0.5223588537572452,0.9803929860171403,1.011889585137328
player,pooled,all,form_5_0.75,FG3A,70944,1.5207210601437617,-0.05083716097675545,0.9951844409098458,0.5638868205510053,0.5655293610504061,0.946521199819576,1.011889585137328
player,pooled,all,form_5_0.75,OREB,70944,0.8728011494658308,-0.012132512967641836,1.0203431795578408,0.5195722356739306,0.5190186424826182,0.9780108254397835,1.011889585137328
player,2023-24,all,form_5_0.75,PTS,23614,4.658223939708162,-0.14702636939238958,1.000238240141448,0.5495660313138189,0.5507533617622653,0.9953417464216143,1.0094910447549015
player,2023-24,all,form_5_0.75,AST,23614,1.3859456952025135,-0.05398858902789514,1.0081412779619041,0.5367173408915228,0.5399098740193504,0.9861099347844499,1.0094910447549015
player,2023-24,all,form_5_0.75,REB,23614,1.9293109783325124,-0.048306196123106084,1.0061885749889539,0.5398896351114343,0.5414250523693875,0.989963580926569,1.0094910447549015
player,2023-24,all,form_5_0.75,STL,23614,0.7006702654604875,-0.011002301583900236,1.0219490535256606,0.5176516736401674,0.514893427100515,0.9716270009316507,1.0094910447549015
player,2023-24,all,form_5_0.75,BLK,23614,0.5365272643040053,-0.0043812016469590015,1.009975433544044,0.5267220103208436,0.5214699636350308,0.94371982722114,1.0094910447549015
player,2023-24,all,form_5_0.75,FG3M,23614,0.8831741812150384,-0.017813848105401885,1.0161777123765556,0.53951809488093,0.5398177794964916,0.9033624121283984,1.0094910447549015
player,2023-24,all,form_5_0.75,TOV,23614,0.8968355582179187,-0.00825563950725745,1.0165189358065032,0.524622030237581,0.5219184157312207,0.9803506394511731,1.0094910447549015
player,2023-24,all,form_5_0.75,FG3A,23614,1.4817988621621025,-0.04526871423178717,0.9918199600295795,0.565736696675283,0.5671461543084997,0.9501990344710765,1.0094910447549015
player,2023-24,all,form_5_0.75,OREB,23614,0.8531144962545039,-0.008384334747260204,1.014410214419472,0.5278437810515402,0.5242117711082748,0.9802235961717625,1.0094910447549015
player,2024-25,all,form_5_0.75,PTS,23528,4.726640807675814,-0.23042450885248056,1.0044970316446027,0.5459905156577093,0.5472522166622773,0.9948571914314859,1.0142874279324803
player,2024-25,all,form_5_0.75,AST,23528,1.3798697460322327,-0.06221557918043142,1.0131066563880415,0.5348233971726255,0.537717421993817,0.9831264875892554,1.0142874279324803
player,2024-25,all,form_5_0.75,REB,23528,1.97331566751711,-0.06354012836369613,1.0100944172615898,0.5404534913682041,0.5421506353844592,0.9897143828629718,1.0142874279324803
player,2024-25,all,form_5_0.75,STL,23528,0.7435026221479757,-0.0071019917544639,1.0262464376514626,0.5184377045603317,0.5165083734721638,0.9739459367562053,1.0142874279324803
player,2024-25,all,form_5_0.75,BLK,23528,0.5209069789459536,0.00041783715556578037,1.0051150342498076,0.5384993960001789,0.5220805057946151,0.9499744984699082,1.0142874279324803
player,2024-25,all,form_5_0.75,FG3M,23528,0.9237697171990823,-0.026189419069300644,1.0249572343718734,0.5272632772632773,0.5298487611609857,0.8995239714382863,1.0142874279324803
player,2024-25,all,form_5_0.75,TOV,23528,0.9222347904323076,-0.013406998478292406,1.0189652900559494,0.5223602753365947,0.522278819225935,0.981766405984359,1.0142874279324803
player,2024-25,all,form_5_0.75,FG3A,23528,1.5473075135382472,-0.06701134906481816,1.0020782463601583,0.5541887402352519,0.5560747859660903,0.9467018021081265,1.0142874279324803
player,2024-25,all,form_5_0.75,OREB,23528,0.8839806294247862,-0.017058046227157796,1.0235265034088652,0.514209862035949,0.5159205163106841,0.9765810948656919,1.0142874279324803
player,2025-26,all,form_5_0.75,PTS,23802,4.693479530243733,-0.1702945219254485,1.0010287167746976,0.5473064543452482,0.5481278210643765,0.9920174775228973,1.0118653573485903
player,2025-26,all,form_5_0.75,AST,23802,1.3777766824534614,-0.04413801237186473,1.0079179190361933,0.5385699641209636,0.5407131346792102,0.9836148222838417,1.0118653573485903
player,2025-26,all,form_5_0.75,REB,23802,1.9437484185858076,-0.06053359587559157,1.0117023240573624,0.535183687369631,0.5363169031743156,0.9869338711032686,1.0118653573485903
player,2025-26,all,form_5_0.75,STL,23802,0.7458239714348606,-0.006234679552837675,1.0196835150153298,0.5202883536216869,0.5187126411443662,0.9732795563398033,1.0118653573485903
player,2025-26,all,form_5_0.75,BLK,23802,0.5162884775093881,-0.007876131044051278,1.0164347458197602,0.5181096001077151,0.5112918294820897,0.9360978069069826,1.0118653573485903
player,2025-26,all,form_5_0.75,FG3M,23802,0.9164334158773049,-0.014711740038050671,1.0187601413636032,0.53863909149663,0.5382906128905645,0.9100915889421057,1.0118653573485903
player,2025-26,all,form_5_0.75,TOV,23802,0.9255524584265529,-0.008123204486988271,1.0167221709856014,0.5241160315825609,0.5227293856581823,0.9790773884547517,1.0118653573485903
player,2025-26,all,form_5_0.75,FG3A,23802,1.5330554315274085,-0.04037362867273648,0.9916041372621377,0.5716641411890543,0.5729855408277656,0.9426938912696412,1.0118653573485903
player,2025-26,all,form_5_0.75,OREB,23802,0.8812815218907497,-0.010982253912361054,1.022934545822633,0.5166380051590713,0.5163984030965985,0.9772288043021595,1.0118653573485903
player,pooled,all,min_5_1.0,PTS,70944,4.631641809107149,-0.18330410887445353,0.9888774478594881,0.5491546561228973,0.5512083231059935,0.9946295669824087,0.9953363637014176
player,pooled,all,min_5_1.0,AST,70944,1.3550411583655646,-0.07497555846691244,0.9905902158633492,0.5403815603039888,0.5448862817159839,0.9848753946774921,0.9953363637014176
player,pooled,all,min_5_1.0,REB,70944,1.9159596317699494,-0.03009620574822427,0.9923572925806029,0.541202450491523,0.5446647714315846,0.9893718989625621,0.9953363637014176
player,pooled,all,min_5_1.0,STL,70944,0.7144675524198297,0.00467578144987776,1.000824480151454,0.513632480488829,0.524062935190535,0.9734861299052774,0.9953363637014176
player,pooled,all,min_5_1.0,BLK,70944,0.5210536923362379,0.004213235900678281,1.003738547371334,0.49755041075429424,0.5219799514251675,0.9437020748759585,0.9953363637014176
player,pooled,all,min_5_1.0,FG3M,70944,0.888803575179077,-0.017056265439851104,0.9986621000212144,0.5203981494462359,0.5309465779140732,0.9048968200270636,0.9953363637014176
player,pooled,all,min_5_1.0,TOV,70944,0.8941925044575066,0.011536331540099407,0.9943838985742837,0.526532840946647,0.5345977488485683,0.9809568110058637,0.9953363637014176
player,pooled,all,min_5_1.0,FG3A,70944,1.5116131871297431,-0.03506442171018583,0.9892241016005063,0.5444573435732571,0.5497535598222487,0.9470568335588633,0.9953363637014176
player,pooled,all,min_5_1.0,OREB,70944,0.8548600065435724,0.001712570194694769,0.9993691892905152,0.5177902621722846,0.5292365456680951,0.9785182679296346,0.9953363637014176
player,2023-24,all,min_5_1.0,PTS,23614,4.601996678995708,-0.0914194728798835,0.9881648282508007,0.5510125936010892,0.5535295198955944,0.9953417464216143,0.9928843145193219
player,2023-24,all,min_5_1.0,AST,23614,1.3585092318130325,-0.07878594073985198,0.9881839077994478,0.5450055827535858,0.5501830683749543,0.9861099347844499,0.9928843145193219
player,2023-24,all,min_5_1.0,REB,23614,1.8966894524570939,-0.01773593153654121,0.9891755547951218,0.5494717029558969,0.5536994067358658,0.989963580926569,0.9928843145193219
player,2023-24,all,min_5_1.0,STL,23614,0.6844882128043173,4.816882459876341e-05,0.9983470338435357,0.5163441422594143,0.5279747158136687,0.9716270009316507,0.9928843145193219
player,2023-24,all,min_5_1.0,BLK,23614,0.5319972945197057,0.0014335508503179775,1.001448079015716,0.5001570563159076,0.5242594214440697,0.94371982722114,0.9928843145193219
player,2023-24,all,min_5_1.0,FG3M,23614,0.8649814539490844,-0.012057775979187793,0.9952452118933786,0.5210950684417777,0.5324832378972331,0.9033624121283984,0.9928843145193219
player,2023-24,all,min_5_1.0,TOV,23614,0.8765393391779813,0.01450682833863621,0.9935141711199001,0.5238876889848813,0.5326240483379774,0.9803506394511731,0.9928843145193219
player,2023-24,all,min_5_1.0,FG3A,23614,1.4698716420313138,-0.025127980244470733,0.9838366531885023,0.5423834566360638,0.5491438214762128,0.9501990344710765,0.9928843145193219
player,2023-24,all,min_5_1.0,OREB,23614,0.8393500700720099,0.011981809344447567,0.9980433907674955,0.5187281289151942,0.5320288505069981,0.9802235961717625,0.9928843145193219
player,2024-25,all,min_5_1.0,PTS,23528,4.667699789852185,-0.27959150700170377,0.9919709946862179,0.5469844524175637,0.5486585608226578,0.9950697041822509,0.9975289037950262
player,2024-25,all,min_5_1.0,AST,23528,1.352842695257542,-0.0828154575489193,0.9932632725316197,0.5386876458891675,0.5429115980061807,0.9832539952397144,0.9975289037950262
player,2024-25,all,min_5_1.0,REB,23528,1.9419222632031738,-0.02991217752701014,0.9940248633841607,0.5382600480934386,0.5423582810607455,0.9897993879632778,0.9975289037950262
player,2024-25,all,min_5_1.0,STL,23528,0.7269433740629195,0.007869040971074189,1.0033899353994922,0.5105593856357449,0.5217469823072918,0.9740734444066644,0.9975289037950262
player,2024-25,all,min_5_1.0,BLK,23528,0.521119445609583,0.01649086986345783,1.0055249988817316,0.49299870263499307,0.5217215423676298,0.9500595035702142,0.9975289037950262
player,2024-25,all,min_5_1.0,FG3M,23528,0.9026184196885265,-0.027890162495044623,1.0014890745089102,0.5209051825955496,0.5318490877767283,0.8996514790887453,0.9975289037950262
player,2024-25,all,min_5_1.0,TOV,23528,0.9004527169092745,0.008687610832102349,0.9948985587900312,0.5284186831738886,0.5371682954172514,0.9818514110846651,0.9975289037950262
player,2024-25,all,min_5_1.0,FG3A,23528,1.5346555863159963,-0.05417290695401062,0.9938845156808873,0.5462584728643893,0.5507781460118457,0.9468293097585855,0.9975289037950262
player,2024-25,all,min_5_1.0,OREB,23528,0.863069148977369,-0.010393645225511033,0.9993139202922235,0.5133606057968492,0.5253825102677347,0.9766235974158449,0.9975289037950262
player,2025-26,all,min_5_1.0,PTS,23802,4.625409892943951,-0.1792840219589768,0.9865107751839445,0.5494565906880365,0.5513152451593211,0.9934879421897319,0.9955531767686373
player,2025-26,all,min_5_1.0,AST,23802,1.3537736326793155,-0.0634456234784801,0.9903583941240738,0.537461089079357,0.5414348442349303,0.9852533400554575,0.9955531767686373
player,2025-26,all,min_5_1.0,REB,23802,1.9094138466230985,-0.042540762139427354,0.9938315101608463,0.5358979808714134,0.5381444801284934,0.9883623224939081,0.9955531767686373
player,2025-26,all,min_5_1.0,STL,23802,0.7318778958389308,0.006110343021116831,1.0006165717029971,0.5139864661005991,0.522457091798096,0.9747500210066381,0.9955531767686373
player,2025-26,all,min_5_1.0,BLK,23802,0.5101315318045371,-0.005165332669066731,1.0043133566833542,0.4995069917533166,0.5199839660674741,0.9374002184690362,0.9955531767686373
player,2025-26,all,min_5_1.0,FG3M,23802,0.8987817244567253,-0.011306093194221213,0.9991375050264902,0.5192183611392756,0.5282681789234781,0.9116040668851357,0.9955531767686373
player,2025-26,all,min_5_1.0,TOV,23802,0.9055180891287904,0.011405224465782604,0.9947143558031115,0.5272898637648873,0.5339533916167452,0.9806738929501723,0.9955531767686373
player,2025-26,all,min_5_1.0,FG3A,23802,1.5302478933688115,-0.02603386494834687,0.9897881778412639,0.5447425799848707,0.549199051530474,0.944164355936476,0.9955531767686373
player,2025-26,all,min_5_1.0,OREB,23802,0.8621327960846429,0.0034912956431586155,1.0007079443916498,0.5212277312728053,0.5303194525834277,0.9786992689689942,0.9955531767686373
player,pooled,all,form_5_1.0,PTS,70944,4.809738399989519,-0.10472399302588652,1.026901912946113,0.5470130312096763,0.548175280303508,0.9940657419936851,1.0336481663594137
player,pooled,all,form_5_1.0,AST,70944,1.415301034784029,-0.029156387036799757,1.0346426371649184,0.5370404846124103,0.5398788889589843,0.9842833784393324,1.0336481663594137
player,pooled,all,form_5_1.0,REB,70944,1.9980609974473698,-0.03271829357840685,1.034881095070904,0.5389286427003449,0.5403717680004985,0.9888644564727108,1.0336481663594137
player,pooled,all,form_5_1.0,STL,70944,0.7436183240281901,-0.005508738042868217,1.041658812994335,0.5185367620427381,0.5163997971796241,0.97295049616599,1.0336481663594137
player,pooled,all,form_5_1.0,BLK,70944,0.5305348083304448,-0.0023521873075652215,1.0220026183019342,0.5277582677047686,0.5183319273851097,0.9432369192602617,1.0336481663594137
player,pooled,all,form_5_1.0,FG3M,70944,0.9285486352314488,-0.010556464172400514,1.0433197569499477,0.5349138065401041,0.5358795266261059,0.9043470906630582,1.0336481663594137
player,pooled,all,form_5_1.0,TOV,70944,0.9344033253989409,-0.007681969744010078,1.0391002126714088,0.523557574799074,0.5222245566300192,0.9803929860171403,1.0336481663594137
player,pooled,all,form_5_1.0,FG3A,70944,1.5570371369508467,-0.029322551287736975,1.018950268542873,0.5639612807148175,0.5656393912852784,0.946521199819576,1.0336481663594137
player,pooled,all,form_5_1.0,OREB,70944,0.8907927718855556,-0.007005632207008697,1.04137618259224,0.5197595987547562,0.5191869726549252,0.9780108254397835,1.0336481663594137
player,2023-24,all,form_5_1.0,PTS,23614,4.773232146569022,-0.08267956558534603,1.0249334046335827,0.5477365554799183,0.5489259254196611,0.9953417464216143,1.0309043704844394
player,2023-24,all,form_5_1.0,AST,23614,1.4211158369860055,-0.027329908095082112,1.0337241502248262,0.5374044490251654,0.5406103519633569,0.9861099347844499,1.0309043704844394
player,2023-24,all,form_5_1.0,REB,23614,1.9790583416867709,-0.02587315982132847,1.0321331890014345,0.5404457372631218,0.5420123581952783,0.989963580926569,1.0309043704844394
player,2023-24,all,form_5_1.0,STL,23614,0.7132160431412723,-0.008001676079314698,1.0402474547261062,0.5172594142259415,0.5144041903099084,0.9716270009316507,1.0309043704844394
player,2023-24,all,form_5_1.0,BLK,23614,0.5429200210545445,-0.002240188983140054,1.022009355583491,0.5266322638546107,0.52123990222119,0.94371982722114,1.0309043704844394
player,2023-24,all,form_5_1.0,FG3M,23614,0.9029746192293658,-0.009444913089966174,1.0389600402948924,0.5397056066004126,0.5399936185934067,0.9033624121283984,1.0309043704844394
player,2023-24,all,form_5_1.0,TOV,23614,0.9156535594231865,-0.006868156852462289,1.037848213380194,0.5245788336933045,0.5219335957415234,0.9803506394511731,1.0309043704844394
player,2023-24,all,form_5_1.0,FG3A,23614,1.5154396921377622,-0.024992686264056676,1.0143369476544277,0.5656029949193333,0.5671084226897888,0.9501990344710765,1.0309043704844394
player,2023-24,all,form_5_1.0,OREB,23614,0.8695444921992109,-0.00608384578509707,1.033946578861004,0.528275802479803,0.5246663015603895,0.9802235961717625,1.0309043704844394
player,2024-25,all,form_5_1.0,PTS,23528,4.845458827232647,-0.1239512348124557,1.0297480191444133,0.5460759601828513,0.5473354390324503,0.9948571914314859,1.0363991449743777
player,2024-25,all,form_5_1.0,AST,23528,1.4145473958072363,-0.03516097891740751,1.038567144898619,0.5347801651463404,0.53771102114534,0.9831264875892554,1.0363991449743777
player,2024-25,all,form_5_1.0,REB,23528,2.0224114580282304,-0.037321561480976394,1.0352254111125265,0.5407541011766727,0.5424008007424461,0.9897143828629718,1.0363991449743777
player,2024-25,all,form_5_1.0,STL,23528,0.7580145672100246,-0.004483703895519701,1.046277075714712,0.5180013091861226,0.5160281677285954,0.9739459367562053,1.0363991449743777
player,2024-25,all,form_5_1.0,BLK,23528,0.5257008721252547,7.906627705108821e-05,1.014365081382701,0.5384993960001789,0.5220805057946151,0.9499744984699082,1.0363991449743777
player,2024-25,all,form_5_1.0,FG3M,23528,0.9459722355012464,-0.014054960518654057,1.0495917632283496,0.527027027027027,0.5296914613467516,0.8995239714382863,1.0363991449743777
player,2024-25,all,form_5_1.0,TOV,23528,0.9422503639773157,-0.009635706546626155,1.041080238347334,0.5221871076669986,0.5221259490891161,0.981766405984359,1.0363991449743777
player,2024-25,all,form_5_1.0,FG3A,23528,1.5861463407107037,-0.039113612642206294,1.0272313225800693,0.5541887402352519,0.5561251468860164,0.9467018021081265,1.0363991449743777
player,2024-25,all,form_5_1.0,OREB,23528,0.9029636930898888,-0.0088201935552707,1.0455062483607156,0.5145580362971667,0.5162478167884805,0.9765810948656919,1.0363991449743777
player,2025-26,all,form_5_1.0,PTS,23802,4.810647082289025,-0.10758839790053794,1.0260182972161946,0.5472217516517025,0.548018933843482,0.9920174775228973,1.0336041751765401
player,2025-26,all,form_5_1.0,AST,23802,1.4102771241315146,-0.025032970347564475,1.0316937442196836,0.538911669229455,0.541122863999348,0.9836148222838417,1.0336041751765401
player,2025-26,all,form_5_1.0,REB,23802,1.992843413907473,-0.03495908432405939,1.0372557960970419,0.5356093823166319,0.5367227143909377,0.9869338711032686,1.0336041751765401
player,2025-26,all,form_5_1.0,STL,23802,0.759549953776987,-0.004048724792980537,1.0384495489022907,0.5203315203315203,0.5186850861270482,0.9732795563398033,1.0336041751765401
player,2025-26,all,form_5_1.0,BLK,23802,0.523025709841605,-0.004866566887929526,1.0296985650437802,0.5181096001077151,0.5112473189886548,0.9360978069069826,1.0336041751765401
player,2025-26,all,form_5_1.0,FG3M,23802,0.9366976288759338,-0.00820101274924114,1.041287007081752,0.5379004708706491,0.5375610796646679,0.9100915889421057,1.0336041751765401
player,2025-26,all,form_5_1.0,TOV,23802,0.9452482901111295,-0.006558108645323765,1.0383581015775405,0.5239014761414349,0.5224676564368782,0.9790773884547517,1.0336041751765401
player,2025-26,all,form_5_1.0,FG3A,23802,1.5695319153624911,-0.0239398666864961,1.0151976952899764,0.5720206792049203,0.5733025600005747,0.9426938912696412,1.0336041751765401
player,2025-26,all,form_5_1.0,OREB,23802,0.8998424081521526,-0.00612646512714638,1.0444788211605893,0.5164230438521066,0.5161341883428465,0.9772288043021595,1.0336041751765401
player,pooled,all,min_10_0.25,PTS,70944,4.653884232567792,-0.3708097514466333,0.9936263105419934,0.5407259378941849,0.54279781029879,0.9945449932341002,0.9965685701622817
player,pooled,all,min_10_0.25,AST,70944,1.362061583657943,-0.11624382613702358,0.9957224323741963,0.5331730149869026,0.5376804180661898,0.9847344384303113,0.9965685701622817
player,pooled,all,min_10_0.25,REB,70944,1.9188857754607145,-0.11209836492417506,0.9938728673257556,0.5329495746833278,0.5364116406000251,0.9892732295895355,0.9965685701622817
player,pooled,all,min_10_0.25,STL,70944,0.7132380192867923,-0.012039727457031156,0.9991021530079429,0.5117882175751608,0.5223359829686728,0.9733310780333785,0.9965685701622817
player,pooled,all,min_10_0.25,BLK,70944,0.5192177649340994,-0.006321511503199132,1.000201884776281,0.4932476844935763,0.517405708386634,0.9435611186287777,0.9965685701622817
player,pooled,all,min_10_0.25,FG3M,70944,0.8881863336214374,-0.04091116073718299,0.9979685657382923,0.5147775960115292,0.5252955605244387,0.9047276725304465,0.9965685701622817
player,pooled,all,min_10_0.25,TOV,70944,0.8969498925122089,-0.0111502493989288,0.9974502430918701,0.5149246223934006,0.5229245870682577,0.9808158547586829,0.9965685701622817
player,pooled,all,min_10_0.25,FG3A,70944,1.517453300432053,-0.0999916766449311,0.99304596613827,0.5333670750405645,0.5386929569263534,0.9469017816869644,0.9965685701622817
player,pooled,all,min_10_0.25,OREB,70944,0.8537971889410085,-0.021914484086629448,0.9981267084659392,0.5121519023813983,0.5235799833540493,0.978419598556608,0.9965685701622817
player,2023-24,all,min_10_0.25,PTS,23614,4.623694877262761,-0.2921585013597766,0.992823979019376,0.5436521443158612,0.5458868175143092,0.9953417464216143,0.9958163327613073
player,2023-24,all,min_10_0.25,AST,23614,1.3676212781856973,-0.12326550174233875,0.9948120391229065,0.5360731770162329,0.5406334545722651,0.9861099347844499,0.9958163327613073
player,2023-24,all,min_10_0.25,REB,23614,1.9027141565019652,-0.09680566251213145,0.9923176031459197,0.542541814604098,0.5462745097519781,0.989963580926569,0.9958163327613073
player,2023-24,all,min_10_0.25,STL,23614,0.6846490017032952,-0.016161801230285464,0.9985815493799075,0.5176516736401674,0.5281846565054233,0.9716270009316507,0.9958163327613073
player,2023-24,all,min_10_0.25,BLK,23614,0.5311141138887275,-0.00851556341270053,0.9997855526167485,0.4999326901503253,0.5210771919682702,0.94371982722114,0.9958163327613073
player,2023-24,all,min_10_0.25,FG3M,23614,0.866834723092267,-0.03705886528201328,0.997377578122378,0.516266641665104,0.5262106385499045,0.9033624121283984,0.9958163327613073
player,2023-24,all,min_10_0.25,TOV,23614,0.8799296854376857,-0.007166077280595494,0.9973569616296655,0.5173218142548596,0.5250246840250511,0.9803506394511731,0.9958163327613073
player,2023-24,all,min_10_0.25,FG3A,23614,1.4816734774673526,-0.09084415630549722,0.991736035654884,0.52954808806489,0.5355019034162808,0.9501990344710765,0.9958163327613073
player,2023-24,all,min_10_0.25,OREB,23614,0.8389399210677166,-0.010030900422008975,0.9975556961600109,0.5141919039184344,0.5260526125664979,0.9802235961717625,0.9958163327613073
player,2024-25,all,min_10_0.25,PTS,23528,4.6809927390405655,-0.49874879230025226,0.9947959878568139,0.5372458568255596,0.5391947118355768,0.9950697041822509,0.9972015588461043
player,2024-25,all,min_10_0.25,AST,23528,1.3568990042957743,-0.13197884321339032,0.996241433114397,0.5320335466021097,0.5369074285298143,0.9831689901394084,0.9972015588461043
player,2024-25,all,min_10_0.25,REB,23528,1.9439130203070252,-0.12120869121220976,0.9950438856672141,0.5256151500837377,0.5303004626940645,0.9897568854131248,0.9972015588461043
player,2024-25,all,min_10_0.25,STL,23528,0.7241889374391902,-0.010834596926922756,0.9995880244328885,0.509272592398656,0.5222708644358874,0.9740309418565114,0.9972015588461043
player,2024-25,all,min_10_0.25,BLK,23528,0.5183962184248335,0.004217561279103263,1.0002704012362775,0.4861757337151038,0.5195063156161502,0.9500170010200613,0.9972015588461043
player,2024-25,all,min_10_0.25,FG3M,23528,0.8997197368870643,-0.056100284609451725,0.9982728769521,0.5138672336404442,0.5263318347878583,0.8995664739884393,0.9972015588461043
player,2024-25,all,min_10_0.25,TOV,23528,0.9030816784960817,-0.018409213298611327,0.9978032644394323,0.5114940040694402,0.5214514607400917,0.981766405984359,0.9972015588461043
player,2024-25,all,min_10_0.25,FG3A,23528,1.5349879185241109,-0.13248229581168944,0.9940997430183148,0.5354433221099888,0.5406384833367628,0.9467443046582795,0.9972015588461043
player,2024-25,all,min_10_0.25,OREB,23528,0.8625375588208103,-0.03596844184943502,0.9986984128975198,0.5053529462964574,0.5190534084359719,0.9766235974158449,0.9972015588461043
player,2025-26,all,min_10_0.25,PTS,23802,4.657038694204843,-0.3223735219847107,0.9932565888463382,0.5412630599382429,0.5430227456190662,0.9932358625325602,0.9966765145479788
player,2025-26,all,min_10_0.25,AST,23802,1.3616489519738104,-0.09372372994692707,0.9961196147457821,0.5314166275647315,0.535144639536153,0.9849172338458954,0.9966765145479788
player,2025-26,all,min_10_0.25,REB,23802,1.910190522681464,-0.11826482647585937,0.9942357625660292,0.5306773247161869,0.5327996009114279,0.9881102428367364,0.9966765145479788
player,2025-26,all,min_10_0.25,STL,23802,0.7307763714810395,-0.009141469370768035,0.9991105779670043,0.5084731145703074,0.5163853328367933,0.9743298882446854,0.9966765145479788
player,2025-26,all,min_10_0.25,BLK,23802,0.5082274684067369,-0.014562540098739127,1.000564762089294,0.4936555620320136,0.5119452447450125,0.9370220989832787,0.9966765145479788
player,2025-26,all,min_10_0.25,FG3M,23802,0.8979686636358113,-0.02971875667078576,0.9982336598125278,0.5142014016967908,0.5227458749740089,0.9111839341231829,0.9966765145479788
player,2025-26,all,min_10_0.25,TOV,23802,0.90777446646519,-0.007927551212666813,0.9971929931219868,0.5159424016456673,0.5221222954735854,0.98033778674061,0.9966765145479788
player,2025-26,all,min_10_0.25,FG3A,23802,1.5356177506891144,-0.07695034640124525,0.9932614852154348,0.5351228632478633,0.5394191137197655,0.9437862364507185,0.9966765145479788
player,2025-26,all,min_10_0.25,OREB,23802,0.8598973528359796,-0.019812031620998205,0.99811318656741,0.516832703538303,0.5253715790540451,0.9784051760356273,0.9966765145479788
player,pooled,all,form_10_0.25,PTS,70944,4.642492054273613,-0.35535505605758144,0.9911940265568638,0.5410433475603704,0.5427816180828322,0.9940657419936851,0.9953524843981254
player,pooled,all,form_10_0.25,AST,70944,1.3596026019497136,-0.10722664128804738,0.993924816703175,0.5318134299503072,0.5363733636587733,0.9842833784393324,0.9953524843981254
player,pooled,all,form_10_0.25,REB,70944,1.9176806151682353,-0.11198663566056212,0.9932486633576059,0.5333836987199589,0.5358031407431614,0.9888644564727108,0.9953524843981254
player,pooled,all,form_10_0.25,STL,70944,0.713062919159912,-0.014072368428247396,0.9988568731588217,0.5118725099601593,0.5144067721158899,0.97295049616599,0.9953524843981254
player,pooled,all,form_10_0.25,BLK,70944,0.5187738298581847,-0.007347722738303924,0.999346704677206,0.5092278494254076,0.5155703939656754,0.9432369192602617,0.9953524843981254
player,pooled,all,form_10_0.25,FG3M,70944,0.8872820602981047,-0.039637300799126765,0.9969525217874134,0.526465912279061,0.5320147996564475,0.9043470906630582,0.9953524843981254
player,pooled,all,form_10_0.25,TOV,70944,0.896636508240697,-0.015374237029288354,0.9971017451206872,0.5150029473926359,0.5163304243835785,0.9803929860171403,0.9953524843981254
player,pooled,all,form_10_0.25,FG3A,70944,1.5115963046363041,-0.09901727247886433,0.9892130534239283,0.5472673119880864,0.5507372188595065,0.946521199819576,0.9953524843981254
player,pooled,all,form_10_0.25,OREB,70944,0.8539744673704227,-0.023337775345611277,0.9983339547974146,0.5135910296321918,0.5176775023614018,0.9780108254397835,0.9953524843981254
player,2023-24,all,form_10_0.25,PTS,23614,4.616481271272562,-0.290335200391076,0.9912750357624323,0.5383764465622872,0.5399235850926851,0.9953417464216143,0.99451738477136
player,2023-24,all,form_10_0.25,AST,23614,1.3645527424047221,-0.11288778135014214,0.9925799764999561,0.5356437344327063,0.5404105495354703,0.9861099347844499,0.99451738477136
player,2023-24,all,form_10_0.25,REB,23614,1.901508021836214,-0.09738548010420572,0.991688570846716,0.5396329725798862,0.5418947152711568,0.989963580926569,0.99451738477136
player,2023-24,all,form_10_0.25,STL,23614,0.6842766653535094,-0.01813981328087331,0.9980384854038707,0.5167799860529986,0.517816984107053,0.9716270009316507,0.99451738477136
player,2023-24,all,form_10_0.25,BLK,23614,0.5306612327596854,-0.008921695411923418,0.9989330352423577,0.5100291676015257,0.5171225652538692,0.94371982722114,0.99451738477136
player,2023-24,all,form_10_0.25,FG3M,23614,0.8663607303372461,-0.036479709984473356,0.9968322034004559,0.5291580723795237,0.5339159710894138,0.9033624121283984,0.99451738477136
player,2023-24,all,form_10_0.25,TOV,23614,0.8790249894630499,-0.012083997362144772,0.9963315332989637,0.5212958963282938,0.5203302782439779,0.9803506394511731,0.99451738477136
player,2023-24,all,form_10_0.25,FG3A,23614,1.4767941551287211,-0.09076915674573291,0.9884701340467388,0.5429182636598627,0.5461983162449281,0.9501990344710765,0.99451738477136
player,2023-24,all,form_10_0.25,OREB,23614,0.8380583830196131,-0.013562468536655199,0.9965074884407381,0.5211042467706398,0.5223201334616243,0.9802235961717625,0.99451738477136
player,2024-25,all,form_10_0.25,PTS,23528,4.6694371220783575,-0.46622627093948776,0.9923402093431398,0.538984064596061,0.540907436969009,0.9948571914314859,0.9962140068886166
player,2024-25,all,form_10_0.25,AST,23528,1.355403639856546,-0.12258578563914994,0.9951435297278882,0.530327266438978,0.5351609719162455,0.9831264875892554,0.9962140068886166
player,2024-25,all,form_10_0.25,REB,23528,1.9418817607351035,-0.12237038244916236,0.9940041311122978,0.5299321480718028,0.5329001533120556,0.9897143828629718,0.9962140068886166
player,2024-25,all,form_10_0.25,STL,23528,0.7241427334954592,-0.013005525067862088,0.9995242497651959,0.5138991926685577,0.5179127597893809,0.9739459367562053,0.9962140068886166
player,2024-25,all,form_10_0.25,BLK,23528,0.5174934409346437,0.0013036044829264366,0.9985284487099148,0.5168896246252964,0.5185154831650665,0.9499744984699082,0.9962140068886166
player,2024-25,all,form_10_0.25,FG3M,23528,0.8992118448169125,-0.0532139365019127,0.9977093516038641,0.5211207711207712,0.5297212113596793,0.8995239714382863,0.9962140068886166
player,2024-25,all,form_10_0.25,TOV,23528,0.9033184790354748,-0.02227698101718885,0.9980649022921916,0.5091562405298931,0.512705532952672,0.981766405984359,0.9962140068886166
player,2024-25,all,form_10_0.25,FG3A,23528,1.5302713387047147,-0.12976771144477173,0.9910451582038038,0.5430097871958337,0.5471042471042471,0.9467018021081265,0.9962140068886166
player,2024-25,all,form_10_0.25,OREB,23528,0.8632869307269998,-0.03510061393573445,0.9995660812392878,0.5073769421595509,0.5144333169893409,0.9765810948656919,0.9962140068886166
player,2025-26,all,form_10_0.25,PTS,23802,4.641662505264205,-0.31026644703175643,0.9899771441220236,0.5457394545146536,0.5470786604963142,0.9920174775228973,0.9953172932952411
player,2025-26,all,form_10_0.25,AST,23802,1.3588421853218249,-0.08642788027136487,0.9940663136273125,0.5294720656073808,0.5332212800367928,0.9836148222838417,0.9953172932952411
player,2025-26,all,form_10_0.25,REB,23802,1.9098029185900256,-0.1162082511914255,0.9940340183709608,0.5305861819420203,0.5325362975790037,0.9869338711032686,0.9953172932952411
player,2025-26,all,form_10_0.25,STL,23802,0.7306695373305584,-0.011091612518375257,0.9989645153218559,0.5050073383406717,0.5073153545221596,0.9732795563398033,0.9953172932952411
player,2025-26,all,form_10_0.25,BLK,23802,0.5082459691102178,-0.014337918358262654,1.000601185055633,0.5007405412683452,0.5108732319413238,0.9360978069069826,0.9953172932952411
player,2025-26,all,form_10_0.25,FG3M,23802,0.8962456900576443,-0.029349605003902164,0.9963183031967123,0.5290370233588773,0.5316921228849947,0.9100915889421057,0.9953172932952411
player,2025-26,all,form_10_0.25,TOV,23802,0.9075038721410464,-0.011815206651698454,0.9968957444396577,0.514546858908342,0.5156830409208493,0.9790773884547517,0.9953172932952411
player,2025-26,all,form_10_0.25,FG3A,23802,1.5276635156652802,-0.07680378944938059,0.9881165620794594,0.5558427667350031,0.558178907049443,0.9426938912696412,0.9953172932952411
player,2025-26,all,form_10_0.25,OREB,23802,0.8605595769413329,-0.021408442879359238,0.9988818534435604,0.5122527944969906,0.5156580503014645,0.9772288043021595,0.9953172932952411
player,pooled,all,min_10_0.5,PTS,70944,4.634594510196232,-0.32582651005039287,0.98950786351717,0.5413265306122449,0.5435934271756551,0.9945872801082544,0.9946417792901467
player,pooled,all,min_10_0.5,AST,70944,1.3583379773978463,-0.1063084338886756,0.9930003247052137,0.5318887044140379,0.5368026375457661,0.9848331078033379,0.9946417792901467
player,pooled,all,min_10_0.5,REB,70944,1.9123196632842752,-0.09250861867880841,0.9904719974983733,0.5332915378367981,0.5370724703904908,0.9892732295895355,0.9946417792901467
player,pooled,all,min_10_0.5,STL,70944,0.7130153555520238,-0.008168712890328006,0.9987902461678774,0.5088837081336248,0.5203111251076356,0.9734297474064051,0.9946417792901467
player,pooled,all,min_10_0.5,BLK,70944,0.5195308306950872,-0.003850774926520311,1.0008049630708693,0.4905223535035177,0.51656719371726,0.9436597880018043,0.9946417792901467
player,pooled,all,min_10_0.5,FG3M,70944,0.8873127397335691,-0.03528864129145771,0.9969869932840454,0.5137012976897073,0.5250845506997733,0.9048122462787551,0.9946417792901467
player,pooled,all,min_10_0.5,TOV,70944,0.8954730819289278,-0.005667954899479093,0.9958079606326306,0.516267172501006,0.5250252470945617,0.9808863328822733,0.9946417792901467
player,pooled,all,min_10_0.5,FG3A,70944,1.5112884922966066,-0.08460236324604924,0.9890116160536963,0.5334831728264591,0.5392770704049359,0.9469863554352729,0.9946417792901467
player,pooled,all,min_10_0.5,OREB,70944,0.8531704720531019,-0.01631581292371724,0.9973940486814249,0.5112945515313914,0.5237330971272239,0.9784336941813261,0.9946417792901467
player,2023-24,all,min_10_0.5,PTS,23614,4.602487905708188,-0.24425022190603324,0.9882703070231266,0.5430565010211028,0.5455552898148777,0.9953417464216143,0.9932445278673817
player,2023-24,all,min_10_0.5,AST,23614,1.3627114930824424,-0.11256637165834235,0.9912406459249966,0.5367173408915228,0.5418157184052784,0.9861099347844499,0.9932445278673817
player,2023-24,all,min_10_0.5,REB,23614,1.8939089049306537,-0.07800601999582164,0.987725423020235,0.5419857124524105,0.5461388785794039,0.989963580926569,0.9932445278673817
player,2023-24,all,min_10_0.5,STL,23614,0.6840624998214855,-0.012319424362913998,0.9977261184125202,0.5169543235704324,0.5286997799703862,0.9716270009316507,0.9932445278673817
player,2023-24,all,min_10_0.5,BLK,23614,0.5312611880016143,-0.006226887186985208,1.0000624094529413,0.49602871886919453,0.5191390412365717,0.94371982722114,0.9932445278673817
player,2023-24,all,min_10_0.5,FG3M,23614,0.8653977573720545,-0.031197077412317645,0.9957242094331721,0.513828989311832,0.524698023409903,0.9033624121283984,0.9932445278673817
player,2023-24,all,min_10_0.5,TOV,23614,0.878364361426633,-0.0019140670895480274,0.9955827439558315,0.5176673866090713,0.5263015301519091,0.9803506394511731,0.9932445278673817
player,2023-24,all,min_10_0.5,FG3A,23614,1.4738530233151221,-0.0755915144760157,0.9865015313488351,0.5295926553168732,0.5361797162271565,0.9501990344710765,0.9932445278673817
player,2023-24,all,min_10_0.5,OREB,23614,0.8379405375011945,-0.004775999210268103,0.996367362234781,0.5135438717760401,0.5267363228218972,0.9802235961717625,0.9932445278673817
player,2024-25,all,min_10_0.5,PTS,23528,4.666013400570729,-0.4476532536279506,0.9916126063304371,0.5378865539039809,0.5399505556392741,0.9950697041822509,0.995818408562233
player,2024-25,all,min_10_0.5,AST,23528,1.3539147840389554,-0.12057830645727569,0.9940504050010474,0.528442984352036,0.5336066202039877,0.9832539952397144,0.995818408562233
player,2024-25,all,min_10_0.5,REB,23528,1.938774880915839,-0.10022155341256364,0.9924137915573038,0.5272899042384163,0.5322670698370406,0.9897568854131248,0.995818408562233
player,2024-25,all,min_10_0.5,STL,23528,0.724242083789641,-0.006712338522549294,0.9996613816090483,0.5048649592041538,0.5185116980602616,0.9741159469568174,0.995818408562233
player,2024-25,all,min_10_0.5,BLK,23528,0.5188059585555366,0.0070009727670966755,1.0010610144976682,0.482553457994095,0.5170635839836273,0.9501020061203672,0.995818408562233
player,2024-25,all,min_10_0.5,FG3M,23528,0.8992248216956729,-0.04960777449766401,0.9977237499387611,0.5153304672367365,0.5286360046590908,0.8996514790887453,0.995818408562233
player,2024-25,all,min_10_0.5,TOV,23528,0.9019910851730896,-0.012097552323931535,0.9965982819846102,0.5134409765811004,0.5239917990924445,0.9818514110846651,0.995818408562233
player,2024-25,all,min_10_0.5,FG3A,23528,1.5301297400935934,-0.11426003329072366,0.9909534551087894,0.536541569402047,0.5420586641885735,0.9467868072084326,0.995818408562233
player,2024-25,all,min_10_0.5,OREB,23528,0.8621856841643885,-0.03016527945605126,0.9982909910324445,0.5035035035035035,0.5179311150179449,0.9765810948656919,0.995818408562233
player,2025-26,all,min_10_0.5,PTS,23802,4.635390313307297,-0.2863341499692424,0.9886394064743996,0.5430130265606496,0.5449924752155703,0.9933619023611461,0.9948401259657158
player,2025-26,all,min_10_0.5,AST,23802,1.3583712810686415,-0.08599432144908954,0.9937218217796927,0.5304930058000682,0.5346353861130682,0.9851273002268717,0.9948401259657158
player,2025-26,all,min_10_0.5,REB,23802,1.9044343295866444,-0.09927252242153169,0.9912397195204987,0.530592287087036,0.5329656458186813,0.9881102428367364,0.9948401259657158
player,2025-26,all,min_10_0.5,STL,23802,0.7306420370597139,-0.0054903949091269074,0.9989269172103489,0.5048715295740644,0.5136085064260368,0.9745399546256617,0.9948401259657158
player,2025-26,all,min_10_0.5,BLK,23802,0.5086096532420655,-0.01222025668506169,1.0013171824179912,0.493006993006993,0.5137888343291568,0.9372321653642551,0.9948401259657158
player,2025-26,all,min_10_0.5,FG3M,23802,0.8972796723056237,-0.02519359143709229,0.997467737386763,0.5119859856168173,0.5213325313445114,0.9113519872279641,0.9948401259657158
player,2025-26,all,min_10_0.5,TOV,23802,0.906003698919626,-0.0030366104133516727,0.9952477996250197,0.5176757938038308,0.5246158404987146,0.9804638265691958,0.9948401259657158
player,2025-26,all,min_10_0.5,FG3A,23802,1.529803923199918,-0.06422577817103294,0.9895010110192282,0.5343361965374516,0.5390997828816936,0.9439963028316948,0.9948401259657158
player,2025-26,all,min_10_0.5,OREB,23802,0.8593686807731594,-0.014074442973991493,0.99749953825748,0.5167453842851009,0.5262948548841286,0.9784892025880179,0.9948401259657158
player,pooled,all,form_10_0.5,PTS,70944,4.6283135613015665,-0.2949171192722832,0.9881668512003574,0.5405045162571076,0.5422516017501522,0.9940657419936851,0.9951343425911381
player,pooled,all,form_10_0.5,AST,70944,1.35829786101394,-0.0882740641907219,0.9929709979964658,0.5307393776224778,0.5355220301684231,0.9842833784393324,0.9951343425911381
player,pooled,all,form_10_0.5,REB,70944,1.9148938047552968,-0.092285160151581,0.9918052552656785,0.5329988311429141,0.5354529645936712,0.9888644564727108,0.9951343425911381
player,pooled,all,form_10_0.5,STL,70944,0.7146922234002414,-0.012233994832760225,1.0011391987365226,0.5103368344802608,0.5130592000972842,0.97295049616599,0.9951343425911381
player,pooled,all,form_10_0.5,BLK,70944,0.5193593899696787,-0.005903197396729919,1.0004747060028956,0.5082714407400212,0.5145695107379457,0.9432369192602617,0.9951343425911381
player,pooled,all,form_10_0.5,FG3M,70944,0.8887017455629864,-0.03274092141534552,0.9985476839892697,0.5258892110103183,0.5315851178195594,0.9043470906630582,0.9951343425911381
player,pooled,all,form_10_0.5,TOV,70944,0.8974253368839116,-0.01411593016019824,0.9979789594762443,0.5154198956191681,0.5168238879815739,0.9803929860171403,0.9951343425911381
player,pooled,all,form_10_0.5,FG3A,70944,1.5048715647710598,-0.08265355491391627,0.984812274965302,0.5486224869694714,0.5522005943621885,0.946521199819576,0.9951343425911381
player,pooled,all,form_10_0.5,OREB,70944,0.8556674750236225,-0.019162395441680947,1.0003131556874871,0.5132018909258619,0.517482568875034,0.9780108254397835,0.9951343425911381
player,2023-24,all,form_10_0.5,PTS,23614,4.604075898519278,-0.24060361996863208,0.9886112891560724,0.5390571817562968,0.5406787694084167,0.9953417464216143,0.993707359365975
player,2023-24,all,form_10_0.5,AST,23614,1.3618664254263138,-0.09181093087394905,0.9906259410417048,0.5351713475908271,0.5402338088137557,0.9861099347844499,0.993707359365975
player,2023-24,all,form_10_0.5,REB,23614,1.8965765139525412,-0.07916565517997115,0.9891166542683406,0.5388202078966505,0.5410681940716915,0.989963580926569,0.993707359365975
player,2023-24,all,form_10_0.5,STL,23614,0.6853882572570583,-0.016275448464089768,0.9996597762588362,0.5168671548117155,0.5183933244554616,0.9716270009316507,0.993707359365975
player,2023-24,all,form_10_0.5,BLK,23614,0.5311566727662894,-0.007039151185431007,0.999865666757583,0.5096253085034776,0.517245989309896,0.94371982722114,0.993707359365975
player,2023-24,all,form_10_0.5,FG3M,23614,0.8680017242051971,-0.03003876681723724,0.9987203262987837,0.5277517344834052,0.5329741582584993,0.9033624121283984,0.993707359365975
player,2023-24,all,form_10_0.5,TOV,23614,0.879059052801724,-0.011749907252646642,0.9963701424157202,0.5222030237580993,0.5215153152715615,0.9803506394511731,0.993707359365975
player,2023-24,all,form_10_0.5,FG3A,23614,1.469118784515622,-0.07544151535648706,0.9833327392429775,0.5447455209911757,0.5483119187715806,0.9501990344710765,0.993707359365975
player,2023-24,all,form_10_0.5,OREB,23614,0.8385261535128138,-0.011839135439560677,0.997063698853751,0.5214498639132501,0.5228860549986599,0.9802235961717625,0.993707359365975
player,2024-25,all,form_10_0.5,PTS,23528,4.6583064082625425,-0.3826082109064262,0.9899747304664878,0.5367197846797966,0.5386518155758961,0.9948571914314859,0.9966269618297656
player,2024-25,all,form_10_0.5,AST,23528,1.3554984515128512,-0.10179219130879649,0.9952131408780579,0.5284250572824348,0.5333074964304665,0.9831264875892554,0.9966269618297656
player,2024-25,all,form_10_0.5,REB,23528,1.9399642610485133,-0.10254493588646983,0.9930226075981454,0.5309198660139139,0.5338727857070027,0.9897143828629718,0.9966269618297656
player,2024-25,all,form_10_0.5,STL,23528,0.7262096575188256,-0.011054194804428054,1.0023771965507056,0.5108444250490944,0.5148583505848976,0.9739459367562053,0.9966269618297656
player,2024-25,all,form_10_0.5,BLK,23528,0.5176172693619336,0.0011730591747430956,0.9987673816076702,0.5141604402487584,0.5151320841348628,0.9499744984699082,0.9966269618297656
player,2024-25,all,form_10_0.5,FG3M,23528,0.9010803852636312,-0.043835078282585274,0.9997825674853913,0.5208845208845209,0.5293781812937839,0.8995239714382863,0.9966269618297656
player,2024-25,all,form_10_0.5,TOV,23528,0.9050057475866568,-0.019833087761086443,0.9999291434881367,0.5092861162820901,0.5125276207155153,0.981766405984359,0.9966269618297656
player,2024-25,all,form_10_0.5,FG3A,23528,1.5262113819291236,-0.10883086455688777,0.9884158202535904,0.5441321720391488,0.5480841866711432,0.9467018021081265,0.9966269618297656
player,2024-25,all,form_10_0.5,OREB,23528,0.8655272578365925,-0.028429623628649477,1.002160068139734,0.5071158114636376,0.5142947008203698,0.9765810948656919,0.9966269618297656
player,2025-26,all,form_10_0.5,PTS,23802,4.622712202829345,-0.26212000006333125,0.9859354098805932,0.5456971031678808,0.5469864311805168,0.9920174775228973,0.9950538481313256
player,2025-26,all,form_10_0.5,AST,23802,1.3575246666062508,-0.07140262209796576,0.9931024776595425,0.5286178028361525,0.5327323435847497,0.9836148222838417,0.9950538481313256
player,2025-26,all,form_10_0.5,REB,23802,1.908284562227378,-0.09515937185266257,0.9932437285134127,0.5292665276063173,0.5313200991647119,0.9869338711032686,0.9950538481313256
player,2025-26,all,form_10_0.5,STL,23802,0.7323798826962026,-0.009390681204341422,1.0013028834102053,0.5033670033670034,0.5057966513664112,0.9732795563398033,0.9950538481313256
player,2025-26,all,form_10_0.5,BLK,23802,0.5093773539096687,-0.011771013204108748,1.002828580922769,0.501009829002289,0.5110639745659424,0.9360978069069826,0.9950538481313256
player,2025-26,all,form_10_0.5,FG3M,23802,0.8970021266009649,-0.024455288103325062,0.9971592016040042,0.5289446957806296,0.5317389693488312,0.9100915889421057,0.9950538481313256
player,2025-26,all,form_10_0.5,TOV,23802,0.9081534071848397,-0.010811921291415104,0.9976092606470177,0.5147614143494679,0.5161898325644431,0.9790773884547517,0.9950538481313256
player,2025-26,all,form_10_0.5,FG3A,23802,1.5192477909225617,-0.06393266426730353,0.9826731402035661,0.5569569480345842,0.5595812845465191,0.9426938912696412,0.9950538481313256
player,2025-26,all,form_10_0.5,OREB,23802,0.8629271253106832,-0.017267265490713675,1.0016299503408184,0.511006018916595,0.5146569908075784,0.9772288043021595,0.9950538481313256
player,pooled,all,min_10_0.75,PTS,70944,4.62676892633679,-0.2808432686541564,0.9878370643246062,0.5406864690210306,0.5430192343395654,0.9946436626071268,0.9942060446777885
player,pooled,all,min_10_0.75,AST,70944,1.3566441942747962,-0.09637304164032581,0.991762100331638,0.5318229308296718,0.5368771860971552,0.9848753946774921,0.9942060446777885
player,pooled,all,min_10_0.75,REB,70944,1.9110693238223946,-0.0729188724334422,0.9898243933095243,0.5334957542599874,0.5373795851049511,0.9893437077131259,0.9942060446777885
player,pooled,all,min_10_0.75,STL,70944,0.7131727780676492,-0.004297698323624856,0.9990107632604089,0.5070371550201268,0.5187210861575055,0.9734720342805593,0.9942060446777885
player,pooled,all,min_10_0.75,BLK,70944,0.5200001587542141,-0.0013800383498414812,1.0017090592729159,0.4895517483457557,0.5162090635089881,0.9436879792512404,0.9942060446777885
player,pooled,all,min_10_0.75,FG3M,70944,0.8873799737415791,-0.029666121845732973,0.9970625375972223,0.5135290910507049,0.5251883942220366,0.9048686287776274,0.9942060446777885
player,pooled,all,min_10_0.75,TOV,70944,0.8948291789345482,-0.00018566040002933716,0.9950919103787214,0.516769168869985,0.5257734575931161,0.9809427153811457,0.9942060446777885
player,pooled,all,min_10_0.75,FG3A,70944,1.5095365599481516,-0.06921304984716783,0.9878651232086908,0.5341956033161177,0.5401399920854991,0.9470427379341453,0.9942060446777885
player,pooled,all,min_10_0.75,OREB,70944,0.8534248693787256,-0.010717141760804955,0.9976914504163402,0.5099683088447133,0.5226780418203811,0.9785182679296346,0.9942060446777885
player,2023-24,all,min_10_0.75,PTS,23614,4.594834859013297,-0.19634194245228884,0.9866270047566648,0.5433543226684819,0.5459479296474627,0.9953417464216143,0.9923529277661226
player,2023-24,all,min_10_0.75,AST,23614,1.360104683750879,-0.10186724157434549,0.9893444445802998,0.5369750064416388,0.5422777333991357,0.9861099347844499,0.9923529277661226
player,2023-24,all,min_10_0.75,REB,23614,1.8913352810190849,-0.05920637747951278,0.9863832075841449,0.5428840313128288,0.5472019697135735,0.989963580926569,0.9923529277661226
player,2023-24,all,min_10_0.75,STL,23614,0.683900158836453,-0.008477047495542572,0.997489339111061,0.515428870292887,0.5275885511710031,0.9716270009316507,0.9923529277661226
player,2023-24,all,min_10_0.75,BLK,23614,0.5315856028695235,-0.003938210961269915,1.0006730979839127,0.4972402961633386,0.5215413736408763,0.94371982722114,0.9923529277661226
player,2023-24,all,min_10_0.75,FG3M,23614,0.8649201200942824,-0.02533528954262182,0.9951746413337064,0.5145321582598913,0.5258262289772713,0.9033624121283984,0.9923529277661226
player,2023-24,all,min_10_0.75,TOV,23614,0.8775686566466566,0.003337943101499515,0.9946808517764386,0.5187473002159827,0.5277292488629363,0.9803506394511731,0.9923529277661226
player,2023-24,all,min_10_0.75,FG3A,23614,1.4707374248783192,-0.060338872646534106,0.9844161520197254,0.5291024155450575,0.535935066423788,0.9501990344710765,0.9923529277661226
player,2023-24,all,min_10_0.75,OREB,23614,0.8379575664120807,0.00047890200147269053,0.9963876107491592,0.5121182010627727,0.5257522301270457,0.9802235961717625,0.9923529277661226
player,2024-25,all,min_10_0.75,PTS,23528,4.660936507858921,-0.39655771495564907,0.990533674406805,0.5362634546386469,0.5383376657823093,0.9950697041822509,0.9957950462600754
player,2024-25,all,min_10_0.75,AST,23528,1.3529478041654193,-0.1091777697011613,0.9933404439708232,0.5285294371920117,0.5337333824588678,0.9832539952397144,0.9957950462600754
player,2024-25,all,min_10_0.75,REB,23528,1.938136799093885,-0.07923441561291797,0.9920871723058987,0.5274819649604947,0.5324844679880248,0.9897993879632778,0.9957950462600754
player,2024-25,all,min_10_0.75,STL,23528,0.7246489209416821,-0.0025900801181759333,1.000222933331328,0.5036216074701109,0.5173244190811863,0.9740734444066644,0.9957950462600754
player,2024-25,all,min_10_0.75,BLK,23528,0.5194064465970559,0.009784384255090086,1.0022196850143088,0.4793092649756185,0.5134076962733789,0.9500595035702142,0.9957950462600754
player,2024-25,all,min_10_0.75,FG3M,23528,0.8996788157676423,-0.043115264385876234,0.9982274734314976,0.5144328435772665,0.527784558589151,0.8996514790887453,0.9957950462600754
player,2024-25,all,min_10_0.75,TOV,23528,0.9017110698553201,-0.005785891349251705,0.9962888966822413,0.5141335872905934,0.5247552837972747,0.9818514110846651,0.9957950462600754
player,2024-25,all,min_10_0.75,FG3A,23528,1.5296089033041604,-0.0960377707697582,0.9906161470998572,0.5366970417919827,0.5422575079304961,0.9468293097585855,0.9957950462600754
player,2024-25,all,min_10_0.75,OREB,23528,0.8624689643915308,-0.024362117062667464,0.9986189900979474,0.5021759944294543,0.5165816126606931,0.9766235974158449,0.9957950462600754
player,2025-26,all,min_10_0.75,PTS,23802,4.624676505856418,-0.25029477795377203,0.9863543578542348,0.5424137347767253,0.5445028155972046,0.9935299554659273,0.9944399069304019
player,2025-26,all,min_10_0.75,AST,23802,1.3568648760664621,-0.07826491295125297,0.9926198053104407,0.5299560786320413,0.5342977101560826,0.9852533400554575,0.9944399069304019
player,2025-26,all,min_10_0.75,REB,23802,1.9038916130657884,-0.0802802183672043,0.9909572408004181,0.5301194575521829,0.5326081887143181,0.9882782959415175,0.9944399069304019
player,2025-26,all,min_10_0.75,STL,23802,0.7308701539598162,-0.0018393204474858257,0.9992387964894262,0.5021120689655172,0.5111726934361132,0.9747080077304429,0.9944399069304019
player,2025-26,all,min_10_0.75,BLK,23802,0.5090930997799503,-0.009877973271384212,1.0022689601164245,0.49213392496974584,0.5138712646061918,0.937358205192841,0.9944399069304019
player,2025-26,all,min_10_0.75,FG3M,23802,0.8975051661135506,-0.02066842620339854,0.9977184092846477,0.5116611356932154,0.5214101080288176,0.9115200403327451,0.9944399069304019
player,2025-26,all,min_10_0.75,TOV,23802,0.9051506999715228,0.0018543303859634283,0.9943107777042531,0.5174157062679405,0.5246906537512945,0.980631879673977,0.9944399069304019
player,2025-26,all,min_10_0.75,FG3A,23802,1.5281879623957935,-0.05150120994082063,0.9884557823953417,0.5368013527945888,0.5417640339645876,0.9441223426602806,0.9944399069304019
player,2025-26,all,min_10_0.75,OREB,23802,0.8598300212480038,-0.008336854326984696,0.9980350324184126,0.5155183515775917,0.525486871315983,0.9786992689689942,0.9944399069304019
player,pooled,all,form_10_0.75,PTS,70944,4.640898193123778,-0.2344791824869895,0.9908537296576025,0.5403343590034457,0.5421280004826431,0.9940657419936851,0.9992019537710735
player,pooled,all,form_10_0.75,AST,70944,1.3641689640218557,-0.06932148709339704,0.997263013157829,0.5297655701785791,0.5345234754121277,0.9842833784393324,0.9992019537710735
player,pooled,all,form_10_0.75,REB,70944,1.9227445434553383,-0.07258368464260055,0.9958714880150172,0.5334122074293697,0.5359270065455357,0.9888644564727108,0.9992019537710735
player,pooled,all,form_10_0.75,STL,70944,0.7185811547146426,-0.010395621237273101,1.0065868046465576,0.5101629844259327,0.5128409510408116,0.97295049616599,0.9992019537710735
player,pooled,all,form_10_0.75,BLK,70944,0.5207781770425861,-0.004458672055155913,1.0032078049071789,0.5082714407400212,0.5144087935226624,0.9432369192602617,0.9992019537710735
player,pooled,all,form_10_0.75,FG3M,70944,0.8937095800097082,-0.025844542031563812,1.0041745003126747,0.5257489323233268,0.5315774721315728,0.9043470906630582,0.9992019537710735
player,pooled,all,form_10_0.75,TOV,70944,0.9016758475846042,-0.01285762329110801,1.0027057262299575,0.5151323451181113,0.5166089455159124,0.9803929860171403,0.9992019537710735
player,pooled,all,form_10_0.75,FG3A,70944,1.5074261228976293,-0.06628983734897073,0.9864840190922082,0.5485033507073716,0.5521307047497906,0.946521199819576,0.9992019537710735
player,pooled,all,form_10_0.75,OREB,70944,0.8602501434364163,-0.01498701553775079,1.0056704979206386,0.5129424651216419,0.5173368423991846,0.9780108254397835,0.9992019537710735
player,2023-24,all,form_10_0.75,PTS,23614,4.619034308814638,-0.19087203954618726,0.9918232373541056,0.5395251872021783,0.5411534967008735,0.9953417464216143,0.997404101382707
player,2023-24,all,form_10_0.75,AST,23614,1.3672938292742878,-0.07073408039775562,0.9945738517500811,0.5355578459160011,0.5405806677324035,0.9861099347844499,0.997404101382707
player,2023-24,all,form_10_0.75,REB,23614,1.9028406461549845,-0.06094583025573727,0.9923835709681896,0.5388629849852419,0.5411645226322851,0.989963580926569,0.997404101382707
player,2023-24,all,form_10_0.75,STL,23614,0.6886584043222321,-0.014411083647306314,1.004429385963833,0.516823570432357,0.5180691834303645,0.9716270009316507,0.997404101382707
player,2023-24,all,form_10_0.75,BLK,23614,0.5326615325908081,-0.005156606958938582,1.002698461202179,0.5098048014359434,0.5172922905596096,0.94371982722114,0.997404101382707
player,2023-24,all,form_10_0.75,FG3M,23614,0.8731952525596096,-0.023597823650001237,1.004695985318948,0.5283142696418526,0.5337143311572159,0.9033624121283984,0.997404101382707
player,2023-24,all,form_10_0.75,TOV,23614,0.8825198003822001,-0.011415817143148438,1.0002927293552923,0.5213822894168466,0.5206692768446917,0.9803506394511731,0.997404101382707
player,2023-24,all,form_10_0.75,FG3A,23614,1.471053240671718,-0.06011387396724167,0.9846275386090863,0.5450574917550584,0.5486639960273898,0.9501990344710765,0.997404101382707
player,2023-24,all,form_10_0.75,OREB,23614,0.8419308846081981,-0.010115802342466259,1.0011121519226844,0.5216226724845552,0.5230071780269026,0.9802235961717625,0.997404101382707
player,2024-25,all,form_10_0.75,PTS,23528,4.673089001282423,-0.2989901508733615,0.9931163000108316,0.5359935062160892,0.5379398591945588,0.9948571914314859,1.0011394869318846
player,2024-25,all,form_10_0.75,AST,23528,1.3622872652778897,-0.08099859697844287,1.000197518884832,0.5266093121784619,0.5315009930362673,0.9831264875892554,1.0011394869318846
player,2024-25,all,form_10_0.75,REB,23528,1.948306043022459,-0.08271948932377753,0.9972925718722813,0.5299750923301555,0.5329568594348719,0.9897143828629718,1.0011394869318846
player,2024-25,all,form_10_0.75,STL,23528,0.7305534616035584,-0.009102864540994009,1.0083728895516726,0.5103643901374646,0.5144943858522375,0.9739459367562053,1.0011394869318846
player,2024-25,all,form_10_0.75,BLK,23528,0.5184511475288159,0.0010425138665598008,1.0003763895805775,0.5140262180663058,0.5152660054635974,0.9499744984699082,1.0011394869318846
player,2024-25,all,form_10_0.75,FG3M,23528,0.9066160860924019,-0.034456220063258096,1.0059246356936604,0.5210262710262711,0.5296551959297913,0.8995239714382863,1.0011394869318846
player,2024-25,all,form_10_0.75,TOV,23528,0.9102137438993696,-0.017389194504984083,1.005683391244181,0.5095025758690852,0.5129293550711738,0.981766405984359,1.0011394869318846
player,2024-25,all,form_10_0.75,FG3A,23528,1.5309274116789946,-0.0878940176690033,0.9914700488281827,0.5431444733770315,0.5471923787141179,0.9467018021081265,1.0011394869318846
player,2024-25,all,form_10_0.75,OREB,23528,0.8704169377238445,-0.021758633321564764,1.007821636720759,0.5063324193758977,0.5136980136852811,0.9765810948656919,1.0011394869318846
player,2025-26,all,form_10_0.75,PTS,23802,4.630769146393178,-0.21397355309490593,0.9876538006448112,0.5454429950872438,0.5468555681728287,0.9920174775228973,0.9990420340556297
player,2025-26,all,form_10_0.75,AST,23802,1.3629288178147345,-0.05637736392456601,0.9970559056058688,0.5271228429865027,0.5311865292307283,0.9836148222838417,0.9990420340556297
player,2025-26,all,form_10_0.75,REB,23802,1.917223985058364,-0.07411049251390081,0.9978966119665219,0.5313950023413222,0.5335331472196627,0.9869338711032686,0.9990420340556297
player,2025-26,all,form_10_0.75,STL,23802,0.736433074355177,-0.007689749890307614,1.0068443689029642,0.5033670033670034,0.5057966513664112,0.9732795563398033,0.9990420340556297
player,2025-26,all,form_10_0.75,BLK,23802,0.5112889237228829,-0.009204108049954831,1.0065919536530434,0.5009649477132984,0.5104090372204169,0.9360978069069826,0.9990420340556297
player,2025-26,all,form_10_0.75,FG3M,23802,0.9013039440670296,-0.01956097120274797,1.0019413495417873,0.5278367648416582,0.5307159149897663,0.9100915889421057,0.9990420340556297
player,2025-26,all,form_10_0.75,TOV,23802,0.912240979680391,-0.009808635931131729,1.0020994713788907,0.5145039478201168,0.515976233092017,0.9790773884547517,0.9990420340556297
player,2025-26,all,form_10_0.75,FG3A,23802,1.5202809636015793,-0.051061539085226405,0.9833414123886076,0.5572689187984669,0.5598832709445117,0.9426938912696412,0.9990420340556297
player,2025-26,all,form_10_0.75,OREB,23802,0.8683749498382105,-0.013126088102068072,1.0079534324181727,0.5108340498710232,0.5146614945987136,0.9772288043021595,0.9990420340556297
player,pooled,all,min_10_1.0,PTS,70944,4.63002615483223,-0.23586002725791813,0.9885324980248813,0.5399146861669714,0.5422949827888262,0.9946295669824087,0.9952298924126447
player,pooled,all,min_10_1.0,AST,70944,1.356943704976907,-0.08643764939197629,0.9919810548403013,0.5308353966595584,0.5359929270225234,0.9848753946774921,0.9952298924126447
player,pooled,all,min_10_1.0,REB,70944,1.9149945838641194,-0.0533291261880756,0.9918574530687589,0.5330531414731443,0.5370154472987888,0.9893718989625621,0.9952298924126447
player,pooled,all,min_10_1.0,STL,70944,0.7136947939173034,-0.0004266837569217415,0.9997420018444366,0.5061755209012061,0.5180807578810469,0.9734861299052774,0.9952298924126447
player,pooled,all,min_10_1.0,BLK,70944,0.520619652713501,0.0010906982268372924,1.002902429507003,0.4886183719193428,0.515692300384729,0.9437020748759585,0.9952298924126447
player,pooled,all,min_10_1.0,FG3M,70944,0.8883664389557683,-0.02404360240000786,0.9981709325788785,0.5129834727479478,0.5248279512260565,0.9048968200270636,0.9952298924126447
player,pooled,all,min_10_1.0,TOV,70944,0.8950643644426961,0.0052966340994203475,0.9953534476666286,0.5164887273145288,0.5256602589766161,0.9809568110058637,0.9952298924126447
player,pooled,all,min_10_1.0,FG3A,70944,1.5120198991963876,-0.05382373644828818,0.9894902605505208,0.5335178900994225,0.5395597036454138,0.9470568335588633,0.9952298924126447
player,pooled,all,min_10_1.0,OREB,70944,0.8545775230930964,-0.005118470597892973,0.999038953632383,0.5102996254681648,0.5232924821366186,0.9785182679296346,0.9952298924126447
player,2023-24,all,min_10_1.0,PTS,23614,4.599472105275303,-0.1484336629985452,0.9876227385599866,0.5427161334240981,0.5453988056064183,0.9953417464216143,0.9930099307758401
player,2023-24,all,min_10_1.0,AST,23614,1.3595907596950851,-0.09116811149034856,0.9889706145982317,0.5353860688825904,0.5408742303862066,0.9861099347844499,0.9930099307758401
player,2023-24,all,min_10_1.0,REB,23614,1.8944682604280183,-0.04040673496320396,0.9880171422490861,0.5411729477691748,0.5456322935927044,0.989963580926569,0.9930099307758401
player,2023-24,all,min_10_1.0,STL,23614,0.6840743264319947,-0.0046346706281712,0.997743367886367,0.5149058577405857,0.5274578127881405,0.9716270009316507,0.9930099307758401
player,2023-24,all,min_10_1.0,BLK,23614,0.5320127424323327,-0.0016495347355546595,1.001477158641834,0.4946376486425847,0.5193802478393448,0.94371982722114,0.9930099307758401
player,2023-24,all,min_10_1.0,FG3M,23614,0.8654895564183757,-0.01947350167292609,0.9958298331559648,0.5141102568910557,0.525764073667167,0.9033624121283984,0.9930099307758401
player,2023-24,all,min_10_1.0,TOV,23614,0.8775436394558059,0.008589953292546876,0.9946524960227126,0.5187904967602592,0.5280438533359544,0.9803506394511731,0.9930099307758401
player,2023-24,all,min_10_1.0,FG3A,23614,1.4721111256329897,-0.045086230817053034,0.9853356181243256,0.5287904447811748,0.5358195935840616,0.9501990344710765,0.9930099307758401
player,2023-24,all,min_10_1.0,OREB,23614,0.8388429640206687,0.00573380321321332,0.9974404077440808,0.512161403205599,0.5262933112518497,0.9802235961717625,0.9930099307758401
player,2024-25,all,min_10_1.0,PTS,23528,4.665921175103076,-0.3454621762833506,0.9915930067432711,0.5358790363915941,0.5379586539370527,0.9950697041822509,0.9971289995240746
player,2024-25,all,min_10_1.0,AST,23528,1.3539888864627225,-0.09777723294504706,0.9941048113383102,0.5277081352122417,0.5329284868040508,0.9832539952397144,0.9971289995240746
player,2024-25,all,min_10_1.0,REB,23528,1.9421464876285872,-0.05824727781327249,0.9941396386550656,0.5280831329440056,0.533104311173112,0.9897993879632778,0.9971289995240746
player,2024-25,all,min_10_1.0,STL,23528,0.7253928205899621,0.0015321782861975129,1.0012497277786825,0.502312592721878,0.5160221487229507,0.9740734444066644,0.9971289995240746
player,2024-25,all,min_10_1.0,BLK,23528,0.5202464671828769,0.012567795743083511,1.0038405450795764,0.47917505480248734,0.5133588764880432,0.9500595035702142,0.9971289995240746
player,2024-25,all,min_10_1.0,FG3M,23528,0.9009214389231759,-0.03662275427408847,0.999606210544379,0.5142438701752728,0.5276215992475067,0.8996514790887453,0.9971289995240746
player,2024-25,all,min_10_1.0,TOV,23528,0.902231159649026,0.0005257696254281717,0.9968635371675091,0.5147396216614,0.5253955629236785,0.9818514110846651,0.9971289995240746
player,2024-25,all,min_10_1.0,FG3A,23528,1.5330785778163811,-0.07781550824879171,0.992863202271646,0.5357543654890694,0.541319662576061,0.9468293097585855,0.9971289995240746
player,2024-25,all,min_10_1.0,OREB,23528,0.8635755966046095,-0.018558954669283537,0.9999003161382506,0.5022630342066324,0.5167209546679854,0.9766235974158449,0.9971289995240746
player,2025-26,all,min_10_1.0,PTS,23802,4.624857063550248,-0.21425540593830272,0.9863928673300814,0.5411257241933438,0.543279904452165,0.9934879421897319,0.99551391721471
player,2025-26,all,min_10_1.0,AST,23802,1.3572383617236663,-0.0705355044534157,0.9928930302032538,0.5294017312694554,0.5338740041524301,0.9852533400554575,0.99551391721471
player,2025-26,all,min_10_1.0,REB,23802,1.9085194393321674,-0.06128791431287691,0.9933659797834329,0.52990435706695,0.5324700657335276,0.9883623224939081,0.99551391721471
player,2025-26,all,min_10_1.0,STL,23802,0.7315179410328386,0.0018117540141552918,1.0001244448795321,0.5013577000991336,0.5107100007602219,0.9747500210066381,0.99551391721471
player,2025-26,all,min_10_1.0,BLK,23802,0.50968544082137,-0.007535689857706725,1.003435122140377,0.4920670491215489,0.5145352030186491,0.9374002184690362,0.99551391721471
player,2025-26,all,min_10_1.0,FG3M,23802,0.8986521571729329,-0.01614326096970509,0.9989934705750325,0.510646142501613,0.5205967219728431,0.9116040668851357,0.99551391721471
player,2025-26,all,min_10_1.0,TOV,23802,0.9053624083980649,0.006745271185278773,0.9945433400502229,0.515936937708851,0.5234196456949947,0.9806738929501723,0.99551391721471
player,2025-26,all,min_10_1.0,FG3A,23802,1.530797194732674,-0.03877664171060846,0.9901434745212304,0.5360210029813554,0.5411125816065002,0.944164355936476,0.99551391721471
player,2025-26,all,min_10_1.0,OREB,23802,0.8612933118653969,-0.002599265679977969,0.9997335254492211,0.5163769049152178,0.5266775809433052,0.9786992689689942,0.99551391721471
player,pooled,all,form_10_1.0,PTS,70944,4.681265759976298,-0.1740412457016959,0.9994723962407935,0.5405045162571076,0.5423079683964573,0.9940657419936851,1.0074581513946455
player,pooled,all,form_10_1.0,AST,70944,1.3768889953740486,-0.05036890999607216,1.0065618735837,0.5296796459923527,0.5344369968352821,0.9842833784393324,1.0074581513946455
player,pooled,all,form_10_1.0,REB,70944,1.9410083217237823,-0.0528822091336208,1.0053310785273841,0.5334834792028965,0.5359923766054608,0.9888644564727108,1.0074581513946455
player,pooled,all,form_10_1.0,STL,70944,0.724396080330332,-0.008557247641785741,1.0147323388793414,0.5097138717855849,0.5124119338293095,0.97295049616599,1.0074581513946455
player,pooled,all,form_10_1.0,BLK,70944,0.5231169489726789,-0.0030141467135818647,1.007713128589311,0.5079576191401288,0.5140543534826796,0.9432369192602617,1.0074581513946455
player,pooled,all,form_10_1.0,FG3M,70944,0.9019729892191898,-0.018948162647782454,1.0134592892412249,0.5254839614701207,0.5312654800312395,0.9043470906630582,1.0074581513946455
player,pooled,all,form_10_1.0,TOV,70944,0.9090112745214689,-0.011599316422017673,1.010863064162026,0.5150029473926359,0.5164253467791309,0.9803929860171403,1.0074581513946455
player,pooled,all,form_10_1.0,FG3A,70944,1.519858013132602,-0.0499261197840239,0.9946196489964695,0.5488756515264334,0.5525188241273871,0.946521199819576,1.0074581513946455
player,pooled,all,form_10_1.0,OREB,70944,0.8676921596717467,-0.010811635633820269,1.014370544331578,0.5127118644067796,0.5171856228788633,0.9780108254397835,1.0074581513946455
player,2023-24,all,form_10_1.0,PTS,23614,4.662558110831236,-0.14114045912374287,1.0011688960636946,0.5400357385976855,0.5417150782431199,0.9953417464216143,1.0054093266010147
player,2023-24,all,form_10_1.0,AST,23614,1.3797871649704077,-0.049657229921562185,1.0036615436115197,0.5353431246242377,0.5403525308638473,0.9861099347844499,1.0054093266010147
player,2023-24,all,form_10_1.0,REB,23614,1.9203785201475128,-0.04272600533150321,1.0015300531263576,0.53911964751679,0.5414664705965981,0.989963580926569,1.0054093266010147
player,2023-24,all,form_10_1.0,STL,23614,0.6935854800231195,-0.012546718830522705,1.0116156768589761,0.5156903765690377,0.5168716578073024,0.9716270009316507,1.0054093266010147
player,2023-24,all,form_10_1.0,BLK,23614,0.5351715637298136,-0.0032740627324461856,1.0074234210625415,0.5094009423378955,0.5169191287220749,0.94371982722114,1.0054093266010147
player,2023-24,all,form_10_1.0,FG3M,23614,0.8815859428926626,-0.01715688048276542,1.014350289859609,0.5281736358522408,0.5335969510805276,0.9033624121283984,1.0054093266010147
player,2023-24,all,form_10_1.0,TOV,23614,0.8888909910901639,-0.011081727033650336,1.0075141602396172,0.5209935205183586,0.5202518590054382,0.9803506394511731,1.0054093266010147
player,2023-24,all,form_10_1.0,FG3A,23614,1.4828765889373754,-0.04478623257799587,0.9925413203669835,0.5448346554951422,0.5485462452040698,0.9501990344710765,1.0054093266010147
player,2023-24,all,form_10_1.0,OREB,23614,0.8484624147170529,-0.008392469245371747,1.0088785782198486,0.5216658746273816,0.5231032053659501,0.9802235961717625,1.0054093266010147
player,2024-25,all,form_10_1.0,PTS,23528,4.714343140809093,-0.2153720908402963,1.001883554046787,0.5364207288417995,0.5383582541628573,0.9948571914314859,1.0096786828546476
player,2024-25,all,form_10_1.0,AST,23528,1.376030884403443,-0.060205002648089034,1.0102881466843074,0.5269984004150274,0.5318547440926513,0.9831264875892554,1.0096786828546476
player,2024-25,all,form_10_1.0,REB,23528,1.9670489189678981,-0.06289404276108482,1.0068866143600346,0.5303615906553294,0.5333476180573299,0.9897143828629718,1.0096786828546476
player,2024-25,all,form_10_1.0,STL,23528,0.7368622388270493,-0.007151534277559898,1.017080807935114,0.5101461924503601,0.5143540680556143,0.9739459367562053,1.0096786828546476
player,2024-25,all,form_10_1.0,BLK,23528,0.5201009859175701,0.0009119685583765282,1.0035598319909182,0.5132656256990739,0.5141822935123337,0.9499744984699082,1.0096786828546476
player,2024-25,all,form_10_1.0,FG3M,23528,0.9155427015319817,-0.025077361843930824,1.0158290511588008,0.5202230202230202,0.5287458205538784,0.8995239714382863,1.0096786828546476
player,2024-25,all,form_10_1.0,TOV,23528,0.9182207860708885,-0.014945301248881729,1.014530268561585,0.5094592839516863,0.5128794349433782,0.981766405984359,1.0096786828546476
player,2024-25,all,form_10_1.0,FG3A,23528,1.5445211814295052,-0.06695717078111935,1.0002737422335524,0.5443117536140792,0.5483275977841195,0.9467018021081265,1.0096786828546476
player,2024-25,all,form_10_1.0,OREB,23528,0.8781505894152938,-0.01508764301447994,1.016776128720751,0.5059407233320277,0.5133996701177368,0.9765810948656919,1.0096786828546476
player,2025-26,all,form_10_1.0,PTS,23802,4.66712904082156,-0.16582710612648077,0.9954086652878087,0.5450194816195155,0.5464313593126515,0.9920174775228973,1.0072591466904692
player,2025-26,all,form_10_1.0,AST,23802,1.374861949666475,-0.0413521057511666,1.0057856348695273,0.5266957116008885,0.5308145879455874,0.9836148222838417,1.0072591466904692
player,2025-26,all,form_10_1.0,REB,23802,1.9357343515726606,-0.05306161317513857,1.0075310793917271,0.5309693073943212,0.5330604298314623,0.9869338711032686,1.0072591466904692
player,2025-26,all,form_10_1.0,STL,23802,0.742640670639738,-0.005988818576273742,1.0153313361253389,0.5033670033670034,0.5058287237890841,0.9732795563398033,1.0072591466904692
player,2025-26,all,form_10_1.0,BLK,23802,0.5141387919222602,-0.006637202895800839,1.012202586438851,0.5011893541582514,0.5107905418747737,0.9360978069069826,1.0072591466904692
player,2025-26,all,form_10_1.0,FG3M,23802,0.9087855058421197,-0.014666654302170783,1.0102582843016457,0.5279752562090296,0.5308148533084889,0.9100915889421057,1.0072591466904692
player,2025-26,all,form_10_1.0,TOV,23802,0.9198691429868048,-0.008805350570848367,1.010479031809983,0.514546858908342,0.5158913439797956,0.9790773884547517,1.0072591466904692
player,2025-26,all,form_10_1.0,FG3A,23802,1.5321680848600934,-0.0381904139031495,0.9910301876133425,0.5574471878063999,0.5600631671585551,0.9426938912696412,1.0072591466904692
player,2025-26,all,form_10_1.0,OREB,23802,0.8764319824746355,-0.008984910713422459,1.017305514375978,0.5104901117798796,0.5144048091420464,0.9772288043021595,1.0072591466904692
player,pooled,all,ewm_2,PTS,70944,4.600902478292072,-0.18708148789395823,0.9823144552408386,0.5562920473054316,0.5583293342051816,0.9952215832205683,0.9914713731038495
player,pooled,all,ewm_2,AST,70944,1.349411478327062,-0.07595371649133663,0.9864746907147927,0.5466235642459699,0.5511542302397255,0.9854392196662156,0.9914713731038495
player,pooled,all,ewm_2,REB,70944,1.9033420671797254,-0.031437204828741704,0.9858221171895769,0.5491628224841961,0.5526130047798309,0.9900202976995941,0.9914713731038495
player,pooled,all,ewm_2,STL,70944,0.7131158405316793,0.004367791856821166,0.9989310052928898,0.5171191247974068,0.5277379592235955,0.974064050518719,0.9914713731038495
player,pooled,all,ewm_2,BLK,70944,0.5205898677072897,0.004048100074822778,1.002845052773472,0.4989250843510197,0.5238438106688792,0.9441531348669373,0.9914713731038495
player,pooled,all,ewm_2,FG3M,70944,0.8866162510714558,-0.01757189236536943,0.9962044167402858,0.5247629575425431,0.5354867579452866,0.9053478800180425,0.9914713731038495
player,pooled,all,ewm_2,TOV,70944,0.892394391535082,0.011112927780505284,0.9923843128822071,0.5317230088749749,0.5399475826235611,0.9815347316193054,0.9914713731038495
player,pooled,all,ewm_2,FG3A,70944,1.4997109958548847,-0.036453646261559114,0.9814351152571623,0.5509111193752324,0.5562244053783092,0.9475783716734326,0.9914713731038495
player,pooled,all,ewm_2,OREB,70944,0.8526890045379775,0.0013635338242364852,0.9968311918433719,0.5237601669905708,0.5353971600584976,0.9791525710419485,0.9914713731038495
player,2023-24,all,ewm_2,PTS,23614,4.5744372549038745,-0.09622826896593133,0.9822471243770198,0.5592665078284548,0.561669513826027,0.9953417464216143,0.9889984480003717
player,2023-24,all,ewm_2,AST,23614,1.3523810055977836,-0.08005996690175543,0.9837262166866723,0.5517907755733058,0.5567667653044819,0.9861099347844499,0.9889984480003717
player,2023-24,all,ewm_2,REB,23614,1.882312220117019,-0.019174296780240553,0.9816774339203594,0.557299910168114,0.5613279583608068,0.989963580926569,0.9889984480003717
player,2023-24,all,ewm_2,STL,23614,0.6834036207720223,-0.0003076991392346297,0.9967651231281751,0.5215306834030683,0.5330226647680891,0.9716270009316507,0.9889984480003717
player,2023-24,all,ewm_2,BLK,23614,0.531714272928945,0.0013100725319030561,1.0009153104634825,0.5027597038366615,0.5264619294033981,0.94371982722114,0.9889984480003717
player,2023-24,all,ewm_2,FG3M,23614,0.8627086554972458,-0.012758459262228367,0.9926301364296697,0.5261578848678042,0.5373275551539287,0.9033624121283984,0.9889984480003717
player,2023-24,all,ewm_2,TOV,23614,0.8752484414723528,0.01410212329652901,0.9920510021476897,0.5276889848812095,0.5362085919224742,0.9803506394511731,0.9889984480003717
player,2023-24,all,ewm_2,FG3A,23614,1.4575691486789215,-0.026914360703521236,0.9756021628156213,0.5478206613780194,0.5543336074131284,0.9501990344710765,0.9889984480003717
player,2023-24,all,ewm_2,OREB,23614,0.837103040304682,0.011669335872860327,0.9953715220346379,0.5257268760530522,0.5387246631526208,0.9802235961717625,0.9889984480003717
player,2024-25,all,ewm_2,PTS,23528,4.637040742068309,-0.2845730721051315,0.985455390106763,0.5504826172375502,0.5522552542828373,0.995154709282557,0.993681651535695
player,2024-25,all,ewm_2,AST,23528,1.3468913396025262,-0.08413545165866754,0.9888937600859948,0.5439968882358026,0.5485246817409521,0.9834240054403264,0.993681651535695
player,2024-25,all,ewm_2,REB,23528,1.9296473755828496,-0.03157461310897242,0.9877416337610933,0.5439635926498368,0.5483028469178274,0.9899693981638898,0.993681651535695
player,2024-25,all,ewm_2,STL,23528,0.7251972770249275,0.0075714202754149215,1.0009798216868393,0.5132187418200855,0.5252250168500727,0.9742434546072765,0.993681651535695
player,2024-25,all,ewm_2,BLK,23528,0.5203342972737529,0.016237138566730966,1.0040100174582498,0.4941181732790625,0.5252099222538829,0.9502295137708262,0.993681651535695
player,2024-25,all,ewm_2,FG3M,23528,0.9007666388489548,-0.02847121767238694,0.9994344540416501,0.5223203741319854,0.5339413630479543,0.8997364841890514,0.993681651535695
player,2024-25,all,ewm_2,TOV,23528,0.8986440734612967,0.00807138398439677,0.9929002120407043,0.5345596191300584,0.5440122620635687,0.9820214212852771,0.993681651535695
player,2024-25,all,ewm_2,FG3A,23528,1.523375502403792,-0.05579233772395526,0.9865792278782726,0.5510973475158206,0.5558312222523115,0.9469993199591975,0.993681651535695
player,2024-25,all,ewm_2,OREB,23528,0.8611919167892375,-0.010882313179014773,0.9971403467616996,0.5170778401427142,0.5300321656642957,0.97683611016661,0.993681651535695
player,2025-26,all,ewm_2,PTS,23802,4.591436413043667,-0.1808478066254044,0.9792648867615462,0.5590830413306878,0.5608449934779398,0.9951684732375431,0.9916915519056138
player,2025-26,all,ewm_2,AST,23802,1.3489565336559837,-0.06379234928653742,0.9868344264991213,0.5440882190147741,0.547943937917706,0.9867658179984875,0.9916915519056138
player,2025-26,all,ewm_2,REB,23802,1.8982033188573109,-0.043467427862101726,0.9879965384710397,0.546229897738363,0.5483948678591748,0.9901268800941098,0.9916915519056138
player,2025-26,all,ewm_2,STL,23802,0.7306510190709323,0.005839604097313205,0.9989391973315588,0.5166107238144418,0.5249135131770678,0.9763045122258633,0.9916915519056138
player,2025-26,all,ewm_2,BLK,23802,0.509805956954261,-0.005284221378798956,1.0036723863642274,0.4999104744852283,0.5199958033811724,0.938576590202504,0.9916915519056138
player,2025-26,all,ewm_2,FG3M,23802,0.8963475189590313,-0.011573450363607579,0.9964315020654679,0.5257731958762887,0.5348012970761289,0.9128644651709941,0.9916915519056138
player,2025-26,all,ewm_2,TOV,23802,0.9032271765288461,0.011153873059030471,0.9921977813929447,0.5329141537277043,0.5395120735104664,0.9822283841693975,0.9916915519056138
player,2025-26,all,ewm_2,FG3A,23802,1.5181278964989566,-0.02680151435836749,0.981948775043054,0.5538078734559673,0.558228889240313,0.9455507940509201,0.9916915519056138
player,2025-26,all,ewm_2,OREB,23802,0.859746833290086,0.0032440093605904164,0.9979384732215729,0.5283908292264838,0.5373436586757108,0.9803798000168054,0.9916915519056138
player,pooled,all,ewm_4,PTS,70944,4.602777529589651,-0.23136361196929053,0.982714787567528,0.5528220380992848,0.5552377485134643,0.9952215832205683,0.991517184593559
player,pooled,all,ewm_4,AST,70944,1.3513180799095763,-0.08564761670322249,0.9878684940406451,0.5418317575202758,0.5471500326177161,0.9854392196662156,0.991517184593559
player,pooled,all,ewm_4,REB,70944,1.9020443802287816,-0.05105633985913027,0.9851499897147046,0.5440941967082408,0.5481597062932944,0.9900202976995941,0.991517184593559
player,pooled,all,ewm_4,STL,70944,0.7129664300878471,0.00020085210647887656,0.9987217114918384,0.5130962028247279,0.5254798708756387,0.974064050518719,0.991517184593559
player,pooled,all,ewm_4,BLK,70944,0.520261324677133,0.0014567708935778539,1.0022121596404026,0.493281777193873,0.5218041597477212,0.9441531348669373,0.991517184593559
player,pooled,all,ewm_4,FG3M,70944,0.8862450282539518,-0.023350699215671157,0.9957873097789107,0.5206838032664373,0.5330957939710754,0.9053478800180425,0.991517184593559
player,pooled,all,ewm_4,TOV,70944,0.8928116283513131,0.005809533299690458,0.9928482997417223,0.5261797397822903,0.5357194060485023,0.9815347316193054,0.991517184593559
player,pooled,all,ewm_4,FG3A,70944,1.5004467082245816,-0.052115633423501506,0.9819165773230856,0.5462848642618073,0.5525074153700318,0.9475783716734326,0.991517184593559
player,pooled,all,ewm_4,OREB,70944,0.8523503862225214,-0.004352179129085875,0.9964353320431695,0.5180450586626358,0.5315555564386953,0.9791525710419485,0.991517184593559
player,2023-24,all,ewm_4,PTS,23614,4.573129654717491,-0.14523574789905375,0.981966349616896,0.5535228046289993,0.5562774908465299,0.9953417464216143,0.9893629562229018
player,2023-24,all,ewm_4,AST,23614,1.3544528165611862,-0.09086490190736361,0.9852332585279117,0.5477969595465086,0.5534677848899537,0.9861099347844499,0.9893629562229018
player,2023-24,all,ewm_4,REB,23614,1.881073313950325,-0.03853702339581927,0.9810313103848554,0.5545621764982676,0.5591903628082171,0.989963580926569,0.9893629562229018
player,2023-24,all,ewm_4,STL,23614,0.6836180357401582,-0.004360906339889619,0.9970778539297422,0.519307880055788,0.5324265594336689,0.9716270009316507,0.9893629562229018
player,2023-24,all,ewm_4,BLK,23614,0.5315381303202684,-0.001230112905166799,1.0005837341962587,0.5017724927080996,0.5286902019977806,0.94371982722114,0.9893629562229018
player,2023-24,all,ewm_4,FG3M,23614,0.8631635585052672,-0.01900431474946231,0.9931535465427328,0.5206731670729421,0.5331943757070241,0.9033624121283984,0.9893629562229018
player,2023-24,all,ewm_4,TOV,23614,0.8758107316130577,0.008833804702569701,0.9926883303292171,0.5259179265658748,0.5355909826876047,0.9803506394511731,0.9893629562229018
player,2023-24,all,ewm_4,FG3A,23614,1.4604380547065117,-0.043650425718857064,0.9775224222612624,0.5413584098404493,0.5487482451980006,0.9501990344710765,0.9893629562229018
player,2023-24,all,ewm_4,OREB,23614,0.8367988338587585,0.006320155794959844,0.9950098002172401,0.5200241931999827,0.5346669140680087,0.9802235961717625,0.9893629562229018
player,2024-25,all,ewm_4,PTS,23528,4.639002042286644,-0.33797088238098744,0.9858722020304302,0.5499273938669172,0.5520946171508704,0.995154709282557,0.9934651578835718
player,2024-25,all,ewm_4,AST,23528,1.3481519872932124,-0.09620962646768706,0.9898193333659925,0.5364335724781745,0.5419066421016225,0.9834240054403264,0.9934651578835718
player,2024-25,all,ewm_4,REB,23528,1.929213939369382,-0.054548092815004674,0.98751976783935,0.5358062854198866,0.5410517824268045,0.9899693981638898,0.9934651578835718
player,2024-25,all,ewm_4,STL,23528,0.7247529404487152,0.0026742915686014915,1.0003665100254207,0.5086816159148416,0.5231604594913211,0.9742434546072765,0.9934651578835718
player,2024-25,all,ewm_4,BLK,23528,0.5198692791943602,0.01309620602649701,1.0031127427399658,0.48374111016683813,0.5203710599619367,0.9502295137708262,0.9934651578835718
player,2024-25,all,ewm_4,FG3M,23528,0.8993310777161069,-0.03552846934226966,0.9978416449885923,0.5219424630355709,0.535983121205768,0.8997364841890514,0.9934651578835718
player,2024-25,all,ewm_4,TOV,23528,0.8994436057630635,0.0015217072524643636,0.9937836049382937,0.525513958017745,0.5367623942028057,0.9820214212852771,0.9934651578835718
player,2024-25,all,ewm_4,FG3A,23528,1.5220036439526432,-0.07512621964417861,0.9856907751958258,0.5501997217360083,0.555955325299612,0.9469993199591975,0.9934651578835718
player,2024-25,all,ewm_4,OREB,23528,0.8612260254378912,-0.017414267526394158,0.9971798398283352,0.5095070269329505,0.5250453768195382,0.97683611016661,0.9934651578835718
player,2025-26,all,ewm_4,PTS,23802,4.596383721611245,-0.21143114931524232,0.9803200523194129,0.554987968083759,0.5570599220334809,0.9951684732375431,0.9916908534663954
player,2025-26,all,ewm_4,AST,23802,1.3513377486679068,-0.07003111647009584,0.9885764136514336,0.5412355771277728,0.5457226219526063,0.9867658179984875,0.9916908534663954
player,2025-26,all,ewm_4,REB,23802,1.8959930136057515,-0.06002521539138777,0.9868460958836751,0.5419018118555607,0.5444292439634864,0.9901268800941098,0.9916908534663954
player,2025-26,all,ewm_4,STL,23802,0.7304321879382801,0.002281613399131863,0.9986400134663507,0.5113176693347103,0.5207593974572062,0.9763045122258633,0.9916908534663954
player,2025-26,all,ewm_4,BLK,23802,0.5094611212346318,-0.0073830138213100745,1.0029934965142722,0.4943598925693823,0.5165063389445022,0.938576590202504,0.9916908534663954
player,2025-26,all,ewm_4,FG3M,23802,0.8962087815057617,-0.015625169732705665,0.9962772735257264,0.5194679675994109,0.5295905222051733,0.9128644651709941,0.9916908534663954
player,2025-26,all,ewm_4,TOV,23802,0.9031226110852563,0.007047615239508307,0.9920829159373404,0.5270969673638736,0.5346557345376747,0.9822283841693975,0.9916908534663954
player,2025-26,all,ewm_4,FG3A,23802,1.5188305734613488,-0.037768282030232886,0.9824032774496507,0.5473207144761397,0.5523976629577075,0.9455507940509201,0.9916908534663954
player,2025-26,all,ewm_4,OREB,23802,0.8590056386407753,-0.002028496290860019,0.9970781424496944,0.5244911077780159,0.534748695415396,0.9803798000168054,0.9916908534663954
player,pooled,all,ewm_8,PTS,70944,4.622247422083521,-0.28664102911593525,0.9868717017661961,0.5466610013455138,0.5492891532936829,0.9952215832205683,0.9935266541971273
player,pooled,all,ewm_8,AST,70944,1.3558325346646118,-0.09781751715360587,0.9911687441346817,0.5378838809343308,0.5436315209164214,0.9854392196662156,0.9935266541971273
player,pooled,all,ewm_8,REB,70944,1.9084099833306307,-0.07513862756971317,0.9884470073319143,0.537430947092659,0.5418359544616222,0.9900202976995941,0.9935266541971273
player,pooled,all,ewm_8,STL,70944,0.7131801095696395,-0.004777490125996446,0.9990210332112874,0.5103322528363047,0.5236954383188815,0.974064050518719,0.9935266541971273
player,pooled,all,ewm_8,BLK,70944,0.5198916680799072,-0.0016637478968085592,1.001500066853452,0.48868352691767936,0.5191354516330012,0.9441531348669373,0.9935266541971273
player,pooled,all,ewm_8,FG3M,70944,0.8869073476408937,-0.030466891322574387,0.9965314936327112,0.5161064316741659,0.5293959379556563,0.9053478800180425,0.9935266541971273
player,pooled,all,ewm_8,TOV,70944,0.8945816808749968,-0.0008631603842854282,0.9948166809576475,0.5205215842835397,0.5307800618440767,0.9815347316193054,0.9935266541971273
player,pooled,all,ewm_8,FG3A,70944,1.5070043644534163,-0.07146298706805039,0.9862080135495089,0.5393529193008554,0.546061680096426,0.9475783716734326,0.9935266541971273
player,pooled,all,ewm_8,OREB,70944,0.8529832230746482,-0.011277917695085678,0.9971751463367575,0.5133376520549917,0.5278415039871484,0.9791525710419485,0.9935266541971273
player,2023-24,all,ewm_8,PTS,23614,4.590738921124156,-0.20532707287453825,0.9857475035220772,0.5491405718175629,0.5519882288004601,0.9953417464216143,0.9917826737528674
player,2023-24,all,ewm_8,AST,23614,1.3595611993491379,-0.10432047366343798,0.9889491123091908,0.5461650777291076,0.5520093197553009,0.9861099347844499,0.9917826737528674
player,2023-24,all,ewm_8,REB,23614,1.8882772965600605,-0.061855860208511325,0.9847883848418717,0.5494289258673055,0.5541927645282131,0.989963580926569,0.9917826737528674
player,2023-24,all,ewm_8,STL,23614,0.6842315567417132,-0.009284637072129879,0.9979726931112551,0.5163441422594143,0.5297193020819719,0.9716270009316507,0.9917826737528674
player,2023-24,all,ewm_8,BLK,23614,0.5314852418775005,-0.004187545176876547,1.0004841753639901,0.4961633385685439,0.5232085275590437,0.94371982722114,0.9917826737528674
player,2023-24,all,ewm_8,FG3M,23614,0.8645438542174256,-0.02660274044633962,0.9947417108811114,0.5187042940183761,0.531319066697419,0.9033624121283984,0.9917826737528674
player,2023-24,all,ewm_8,TOV,23614,0.877623724346395,0.0022710571580064247,0.9947432683019916,0.5204319654427646,0.5302899681216731,0.9803506394511731,0.9917826737528674
player,2023-24,all,ewm_8,FG3A,23614,1.4684066873380464,-0.06370486646966703,0.982856107621628,0.5345841875389964,0.5421524282214413,0.9501990344710765,0.9917826737528674
player,2023-24,all,ewm_8,OREB,23614,0.8374306802264934,-0.00011399756520197164,0.9957611078227057,0.5164384153454011,0.5314506285476527,0.9802235961717625,0.9917826737528674
player,2024-25,all,ewm_8,PTS,23528,4.656099866704183,-0.4034868413096707,0.9895058003032344,0.5436918083198087,0.5461126920244579,0.995154709282557,0.995081167957191
player,2024-25,all,ewm_8,AST,23528,1.3518933940324538,-0.1109133341414898,0.9925662912456593,0.5322845535482755,0.5383555598267714,0.9834240054403264,0.995081167957191
player,2024-25,all,ewm_8,REB,23528,1.9355573961453432,-0.0818510728343276,0.9907668358989682,0.5289799072642968,0.5348086715731936,0.9899693981638898,0.995081167957191
player,2024-25,all,ewm_8,STL,23528,0.724605946794038,-0.002928944632938939,1.0001636167067172,0.5071983247535119,0.5233513794099388,0.9742434546072765,0.995081167957191
player,2024-25,all,ewm_8,BLK,23528,0.5192711305706319,0.009414989283809391,1.0019585862423044,0.4784631211701033,0.5187566121215867,0.9502295137708262,0.995081167957191
player,2024-25,all,ewm_8,FG3M,23528,0.8992345617889326,-0.0440635001681976,0.9977345569384607,0.5149038688648495,0.5304704744753095,0.8997364841890514,0.995081167957191
player,2024-25,all,ewm_8,TOV,23528,0.9011861727299538,-0.006456686302983654,0.995708944638423,0.5185890499891799,0.53103424408348,0.9820214212852771,0.995081167957191
player,2024-25,all,ewm_8,FG3A,23528,1.5273443958980963,-0.098735942050904,0.9891495907815541,0.5428391903415466,0.5492512426538728,0.9469993199591975,0.995081167957191
player,2024-25,all,ewm_8,OREB,23528,0.8620866202918301,-0.025093998406114693,0.9981762888594369,0.504503328547187,0.5217028141556248,0.97683611016661,0.995081167957191
player,2025-26,all,ewm_8,PTS,23802,4.6200443057327965,-0.2518120018657079,0.9853663988537339,0.5471355595896483,0.5494274570294819,0.9951684732375431,0.9936906688612477
player,2025-26,all,ewm_8,AST,23802,1.356027115495376,-0.07842086153163429,0.9920069382890853,0.5351896793971133,0.5401063476080663,0.9867658179984875,0.9936906688612477
player,2025-26,all,ewm_8,REB,23802,1.9015487505223012,-0.08168130702024573,0.9897378034197797,0.5338821233080154,0.536677122609478,0.9901268800941098,0.9936906688612477
player,2025-26,all,ewm_8,STL,23802,0.7306057052449182,-0.002133208568759989,0.9988772446950708,0.5074877356054738,0.5178141996785296,0.9763045122258633,0.9936906688612477
player,2025-26,all,ewm_8,BLK,23802,0.5090030601840028,-0.010111087591542382,1.002091696090973,0.4914503133393017,0.515774704277054,0.938576590202504,0.9936906688612477
player,2025-26,all,ewm_8,FG3M,23802,0.8969088953774869,-0.020860431607911175,0.9970555604089549,0.5147275405007363,0.5256993157577216,0.9128644651709941,0.9936906688612477
player,2025-26,all,ewm_8,TOV,23802,0.904877231715417,0.0015565129528900823,0.9940103719989762,0.5225202104452714,0.5307891929694535,0.9822283841693975,0.9936906688612477
player,2025-26,all,ewm_8,FG3A,23802,1.5251912936010823,-0.05220083157580519,0.9865174903324929,0.5406558251133031,0.5461828345082733,0.9455507940509201,0.9936906688612477
player,2025-26,all,ewm_8,OREB,23802,0.8594143220197173,-0.008696624651559154,0.9975525156621713,0.5189629312191987,0.530037757385027,0.9803798000168054,0.9936906688612477
player,pooled,all,ewm_16,PTS,70944,4.645324271110878,-0.3381150445789725,0.9917987182565313,0.5432476453508959,0.545891696792059,0.9952215832205683,0.9959143191218656
player,pooled,all,ewm_16,AST,70944,1.3604860241546832,-0.1091505862047933,0.9945706342765521,0.5343508174679235,0.5401067593560214,0.9854392196662156,0.9959143191218656
player,pooled,all,ewm_16,REB,70944,1.9163705471164592,-0.09753154345780404,0.9925701231820144,0.5357081838373484,0.5401251241137786,0.9900202976995941,0.9959143191218656
player,pooled,all,ewm_16,STL,70944,0.7134064878801559,-0.0092780914662622,0.9993381434203845,0.5082339661958787,0.5216040091656686,0.974064050518719,0.9959143191218656
player,pooled,all,ewm_16,BLK,70944,0.5195692825223823,-0.004505295678418207,1.0008790352477681,0.48825057478128453,0.5188278507080771,0.9441531348669373,0.9959143191218656
player,pooled,all,ewm_16,FG3M,70944,0.8879793944999784,-0.03696604765995965,0.9977360483819363,0.5140045773715922,0.5272781156518238,0.9053478800180425,0.9959143191218656
player,pooled,all,ewm_16,TOV,70944,0.8964501860815293,-0.007133927503046816,0.9968945461628484,0.5164143952666801,0.526668214650416,0.9815347316193054,0.9959143191218656
player,pooled,all,ewm_16,FG3A,70944,1.514723511687572,-0.08918320935333716,0.9912595482627782,0.5354704351059874,0.5421802362668812,0.9475783716734326,0.9959143191218656
player,pooled,all,ewm_16,OREB,70944,0.8538445493717479,-0.017688761775071813,0.9981820749059435,0.5111782912257972,0.5256834433173512,0.9791525710419485,0.9959143191218656
player,2023-24,all,ewm_16,PTS,23614,4.614162966910993,-0.26023890779775577,0.9907772373086206,0.546928182437032,0.5495098463015703,0.9953417464216143,0.9947968259670739
player,2023-24,all,ewm_16,AST,23614,1.3652320458842802,-0.11658126024037858,0.9930741039974242,0.5425148157691316,0.5477887188960444,0.9861099347844499,0.9947968259670739
player,2023-24,all,ewm_16,REB,23614,1.8985498218395185,-0.08335531336933692,0.9901457884375348,0.5481883902981564,0.5525033298679924,0.989963580926569,0.9947968259670739
player,2023-24,all,ewm_16,STL,23614,0.684734984986142,-0.013717120601931426,0.9987069586328191,0.5153852859135286,0.5274802352512631,0.9716270009316507,0.9947968259670739
player,2023-24,all,ewm_16,BLK,23614,0.5314265058230191,-0.006839136527689371,1.000373608807477,0.49916984518734575,0.5240047645706449,0.94371982722114,0.9947968259670739
player,2023-24,all,ewm_16,FG3M,23614,0.8662400073558002,-0.033385385836064894,0.9966932998798059,0.5175792237014814,0.5288914368281141,0.9033624121283984,0.9947968259670739
player,2023-24,all,ewm_16,TOV,23614,0.8795507883059347,-0.003748805331656906,0.9969275003916284,0.5187041036717063,0.5275993237005779,0.9803506394511731,0.9947968259670739
player,2023-24,all,ewm_16,FG3A,23614,1.4778998937190544,-0.08140515458544063,0.9892102436746237,0.5312862108922364,0.538132141352794,0.9501990344710765,0.9947968259670739
player,2023-24,all,ewm_16,OREB,23614,0.8386935063497383,-0.006105838142657908,0.9972626925737363,0.5182961074869313,0.5320598332757088,0.9802235961717625,0.9947968259670739
player,2024-25,all,ewm_16,PTS,23528,4.675481046685778,-0.4628712850485487,0.9936246531108566,0.5382677030836251,0.5407266550503834,0.995154709282557,0.9969219517681093
player,2024-25,all,ewm_16,AST,23528,1.355801338448643,-0.12414141854480085,0.9954355218467476,0.5291295704036649,0.5352695951014166,0.9834240054403264,0.9969219517681093
player,2024-25,all,ewm_16,REB,23528,1.9422975883737283,-0.10626331509400551,0.9942169836139175,0.5274343122102009,0.5333437442610881,0.9899693981638898,0.9969219517681093
player,2024-25,all,ewm_16,STL,23528,0.7245550897041086,-0.007841671701801192,1.0000934193653566,0.5043189948521072,0.5206618057406178,0.9742434546072765,0.9969219517681093
player,2024-25,all,ewm_16,BLK,23528,0.5187884097051788,0.006173146451897065,1.0010271531480543,0.4764950574764056,0.5172796826068878,0.9502295137708262,0.9969219517681093
player,2024-25,all,ewm_16,FG3M,23528,0.8998309903551226,-0.05167740707876272,0.9983963168579708,0.5107468468042893,0.526498790086541,0.8997364841890514,0.9969219517681093
player,2024-25,all,ewm_16,TOV,23528,0.9026977974751701,-0.013780048802944794,0.9973791192652586,0.5110582125081151,0.5235789025693359,0.9820214212852771,0.9969219517681093
player,2024-25,all,ewm_16,FG3A,23528,1.5336310293237954,-0.1199660281985329,0.9932209848280629,0.5371841479287285,0.543732197356127,0.9469993199591975,0.9969219517681093
player,2024-25,all,ewm_16,OREB,23528,0.8627146103129703,-0.031875955939357464,0.9989034138767924,0.502066744985424,0.5193630155904104,0.97683611016661,0.9969219517681093
player,2025-26,all,ewm_16,PTS,23802,4.646429826175499,-0.29205598517990844,0.9909939217820846,0.5445180900916115,0.547041949985037,0.9951684732375431,0.9960082873539425
player,2025-26,all,ewm_16,AST,23802,1.3604082461599352,-0.08696034000817263,0.9952119715565879,0.5314003491293056,0.536788539405817,0.9867658179984875,0.9960082873539425
player,2025-26,all,ewm_16,REB,23802,1.908421936915136,-0.10296454800584734,0.9933152307148039,0.531505919293928,0.5345675472031355,0.9901268800941098,0.9960082873539425
player,2025-26,all,ewm_16,STL,23802,0.7308312658662616,-0.006294008204710547,0.9991856290538877,0.5050348567002324,0.5163236064973594,0.9763045122258633,0.9960082873539425
player,2025-26,all,ewm_16,BLK,23802,0.50857759714393,-0.012745404435134826,1.0012540724835755,0.48912264995523724,0.5156770243560662,0.938576590202504,0.9960082873539425
player,2025-26,all,ewm_16,FG3M,23802,0.8978319086056201,-0.0259764200616005,0.9980816350483932,0.5136689985272459,0.5255862706963884,0.9128644651709941,0.9960082873539425
player,2025-26,all,ewm_16,TOV,23802,0.9070404128777144,-0.003922698741228484,0.9963866330391213,0.5194405235467727,0.5285171564062277,0.9822283841693975,0.9960082873539425
player,2025-26,all,ewm_16,FG3A,23802,1.532566417315834,-0.06647137099938916,0.9912878352515175,0.5379454367724162,0.5438946210470312,0.9455507940509201,0.9960082873539425
player,2025-26,all,ewm_16,OREB,23802,0.8601079699286918,-0.015156321406973278,0.9983576572555245,0.5130919220055711,0.5251202776580253,0.9803798000168054,0.9960082873539425
player,pooled,all,pick_min,PTS,70944,4.606183627800068,-0.2872260720140391,0.9834420056565476,0.5545782876566815,0.55634440529301,0.9952215832205683,0.9910319339565716
player,pooled,all,pick_min,AST,70944,1.3517075539610035,-0.09802092979502909,0.9881532154177792,0.5452074780792722,0.5491597447249641,0.9854392196662156,0.9910319339565716
player,pooled,all,pick_min,REB,70944,1.9010070805597725,-0.07519317544144924,0.9846127279300385,0.5473403952389089,0.5503393403737991,0.9900202976995941,0.9910319339565716
player,pooled,all,pick_min,STL,70944,0.7123340969893223,-0.004399691372952678,0.9978359407630338,0.5198541329011345,0.5291478025525137,0.974064050518719,0.9910319339565716
player,pooled,all,pick_min,BLK,70944,0.5195625514461233,-0.001501785510833365,1.0008660687515867,0.5019258905377564,0.5239768535065432,0.9441531348669373,0.9910319339565716
player,pooled,all,pick_min,FG3M,70944,0.8855052966228566,-0.030174094587174204,0.9949561453182953,0.5250432047828862,0.5344458333867361,0.9053478800180425,0.9910319339565716
player,pooled,all,pick_min,TOV,70944,0.8930369034124325,-0.0010700484822624946,0.9930988161488898,0.5299709911824684,0.5371248443726426,0.9815347316193054,0.9910319339565716
player,pooled,all,pick_min,FG3A,70944,1.499528267405722,-0.07087552305431985,0.9813155348066165,0.5493789512830048,0.5540221452783336,0.9475783716734326,0.9910319339565716
player,pooled,all,pick_min,OREB,70944,0.851128549489914,-0.011203526726638425,0.9950069508163447,0.5226804865759735,0.5328246761385061,0.9791525710419485,0.9910319339565716
player,2023-24,all,pick_min,PTS,23614,4.576924824805297,-0.2026757927977087,0.9827812684140271,0.5590112321307011,0.5610599451475253,0.9953417464216143,0.9894704450206319
player,2023-24,all,pick_min,AST,23614,1.356696716670743,-0.10369656797025029,0.9868654785578045,0.5508030576311947,0.5550670149309042,0.9861099347844499,0.9894704450206319
player,2023-24,all,pick_min,REB,23614,1.882989686972293,-0.06108400794859076,0.9820307514608575,0.5545621764982676,0.5580235366204829,0.989963580926569,0.9894704450206319
player,2023-24,all,pick_min,STL,23614,0.6832438537088028,-0.008864264873586117,0.9965320979705684,0.5222280334728033,0.5320758910924119,0.9716270009316507,0.9894704450206319
player,2023-24,all,pick_min,BLK,23614,0.5310244844997559,-0.003883065323456208,0.9996168314966665,0.5061700695535113,0.5269278315699886,0.94371982722114,0.9894704450206319
player,2023-24,all,pick_min,FG3M,23614,0.8629373317679225,-0.02583779877734394,0.9928932506992589,0.5266735420963811,0.5366173414166069,0.9033624121283984,0.9894704450206319
player,2023-24,all,pick_min,TOV,23614,0.8759574996402831,0.0024597369654959403,0.9928546846597145,0.5287688984881209,0.5360797278722265,0.9803506394511731,0.9894704450206319
player,2023-24,all,pick_min,FG3A,23614,1.4603854835679313,-0.06113362961546784,0.977487234554009,0.5482663338978518,0.5539518801482479,0.9501990344710765,0.9894704450206319
player,2023-24,all,pick_min,OREB,23614,0.8360945901864194,-7.388188634906267e-05,0.9941724073727894,0.524776428910874,0.535984940450011,0.9802235961717625,0.9894704450206319
player,2024-25,all,pick_min,PTS,23528,4.6373315191041335,-0.3996175288687768,0.9855171855088737,0.5493721704962843,0.5509086273022785,0.995154709282557,0.9921979002160192
player,2024-25,all,pick_min,AST,23528,1.3477059827764175,-0.10983877398642386,0.989491874817056,0.5428299766617685,0.5467681592202422,0.9834240054403264,0.9921979002160192
player,2024-25,all,pick_min,REB,23528,1.9243571168024511,-0.07923057402321253,0.985033673272103,0.5442641250214666,0.5480267129310303,0.9899693981638898,0.9921979002160192
player,2024-25,all,pick_min,STL,23528,0.7238411750246606,-0.0019930998236571797,0.9991080127578439,0.5193700375185412,0.5299266952829332,0.9742434546072765,0.9921979002160192
player,2024-25,all,pick_min,BLK,23528,0.5189555069073816,0.009903631440519868,1.001349575225129,0.49733864114147697,0.5245078614075791,0.9502295137708262,0.9921979002160192
player,2024-25,all,pick_min,FG3M,23528,0.8983498531916454,-0.043188050964487336,0.9967529394852943,0.5225093296801927,0.5325568252647552,0.8997364841890514,0.9921979002160192
player,2024-25,all,pick_min,TOV,23528,0.899161277140102,-0.006169506150176421,0.9934716636949438,0.5312702878164899,0.5394367169367799,0.9820214212852771,0.9921979002160192
player,2024-25,all,pick_min,FG3A,23528,1.5194974785045008,-0.09692365090171995,0.9840677145854485,0.5510973475158206,0.5552457659748575,0.9469993199591975,0.9921979002160192
player,2024-25,all,pick_min,OREB,23528,0.8593334168758591,-0.024125551146535033,0.9949884625975046,0.5177304964539007,0.5290214655968469,0.97683611016661,0.9921979002160192
player,2025-26,all,pick_min,PTS,23802,4.604422002193647,-0.260010884069162,0.9820344626294242,0.5553257060835057,0.5568846060498247,0.9951684732375431,0.9914001216412481
player,2025-26,all,pick_min,AST,23802,1.3507133046795685,-0.08070831917387232,0.988119599210245,0.5420019585302508,0.5454527387567913,0.9867658179984875,0.9914001216412481
player,2025-26,all,pick_min,REB,23802,1.895800924751743,-0.0851999802202338,0.9867461154859196,0.5432172105062163,0.5451338736478504,0.9901268800941098,0.9914001216412481
player,2025-26,all,pick_min,STL,23802,0.7298199583795806,-0.002349269027261883,0.9978029789752081,0.517987778638437,0.5253802282831053,0.9763045122258633,0.9914001216412481
player,2025-26,all,pick_min,BLK,23802,0.5087912068859552,-0.010413436150954443,1.0016746132728718,0.5022829006266786,0.5206128269413282,0.938576590202504,0.9914001216412481
player,2025-26,all,pick_min,FG3M,23802,0.8951983138119249,-0.02161199575547516,0.9951539794677131,0.5259112665684831,0.5338546329936336,0.9128644651709941,0.9914001216412481
player,2025-26,all,pick_min,TOV,23802,0.9039275334271675,0.0004688006248423647,0.9929671255610111,0.5298772402583515,0.5357711877964516,0.9822283841693975,0.9914001216412481
player,2025-26,all,pick_min,FG3A,23802,1.518622549348959,-0.05479219895010345,0.9822687242128473,0.5487869901359638,0.5526389622516678,0.9455507940509201,0.9914001216412481
player,2025-26,all,pick_min,OREB,23802,0.8579333472017342,-0.009471993355798401,0.9958334959559981,0.5254767516605957,0.5333842814772414,0.9803798000168054,0.9914001216412481
player,pooled,all,pick_ewm,PTS,70944,4.600467238232289,-0.20339382730993072,0.9822215294280762,0.5543800014163303,0.5565148063917499,0.9952215832205683,0.9915902022008409
player,pooled,all,pick_ewm,AST,70944,1.3501010890635556,-0.0795501832147027,0.9869788242196035,0.5452933014833145,0.5500312707942182,0.9854392196662156,0.9915902022008409
player,pooled,all,pick_ewm,REB,70944,1.902929692204811,-0.03788216742318615,0.9856085305842818,0.5482516088615524,0.5518710862697322,0.9900202976995941,0.9915902022008409
player,pooled,all,pick_ewm,STL,70944,0.713187209429085,0.0030186652945147757,0.9990309786778312,0.5163811067376708,0.5274968953607599,0.974064050518719,0.9915902022008409
player,pooled,all,pick_ewm,BLK,70944,0.5205312379209612,0.003202588982821113,1.0027321105231304,0.49859663790272013,0.5246464103187963,0.9441531348669373,0.9915902022008409
player,pooled,all,pick_ewm,FG3M,70944,0.8867676673946322,-0.019650850860457692,0.9963745485303724,0.5229413504803127,0.534078923725002,0.9053478800180425,0.9915902022008409
player,pooled,all,pick_ewm,TOV,70944,0.8925815521037362,0.009359346430739855,0.9925924441906128,0.5311342160438866,0.5397201738023893,0.9815347316193054,0.9915902022008409
player,pooled,all,pick_ewm,FG3A,70944,1.5006659229373087,-0.04202431382008626,0.9820600349742207,0.5487541837114169,0.5543094277668601,0.9475783716734326,0.9915902022008409
player,pooled,all,pick_ewm,OREB,70944,0.852587748180653,-0.00041696260054275815,0.9967128186793984,0.5218599294608796,0.5339868332969245,0.9791525710419485,0.9915902022008409
player,2023-24,all,pick_ewm,PTS,23614,4.573129654717491,-0.14523574789905375,0.981966349616896,0.5535228046289993,0.5562774908465299,0.9953417464216143,0.9893629562229018
player,2023-24,all,pick_ewm,AST,23614,1.3544528165611862,-0.09086490190736361,0.9852332585279117,0.5477969595465086,0.5534677848899537,0.9861099347844499,0.9893629562229018
player,2023-24,all,pick_ewm,REB,23614,1.881073313950325,-0.03853702339581927,0.9810313103848554,0.5545621764982676,0.5591903628082171,0.989963580926569,0.9893629562229018
player,2023-24,all,pick_ewm,STL,23614,0.6836180357401582,-0.004360906339889619,0.9970778539297422,0.519307880055788,0.5324265594336689,0.9716270009316507,0.9893629562229018
player,2023-24,all,pick_ewm,BLK,23614,0.5315381303202684,-0.001230112905166799,1.0005837341962587,0.5017724927080996,0.5286902019977806,0.94371982722114,0.9893629562229018
player,2023-24,all,pick_ewm,FG3M,23614,0.8631635585052672,-0.01900431474946231,0.9931535465427328,0.5206731670729421,0.5331943757070241,0.9033624121283984,0.9893629562229018
player,2023-24,all,pick_ewm,TOV,23614,0.8758107316130577,0.008833804702569701,0.9926883303292171,0.5259179265658748,0.5355909826876047,0.9803506394511731,0.9893629562229018
player,2023-24,all,pick_ewm,FG3A,23614,1.4604380547065117,-0.043650425718857064,0.9775224222612624,0.5413584098404493,0.5487482451980006,0.9501990344710765,0.9893629562229018
player,2023-24,all,pick_ewm,OREB,23614,0.8367988338587585,0.006320155794959844,0.9950098002172401,0.5200241931999827,0.5346669140680087,0.9802235961717625,0.9893629562229018
player,2024-25,all,pick_ewm,PTS,23528,4.637040742068309,-0.2845730721051315,0.985455390106763,0.5504826172375502,0.5522552542828373,0.995154709282557,0.993681651535695
player,2024-25,all,pick_ewm,AST,23528,1.3468913396025262,-0.08413545165866754,0.9888937600859948,0.5439968882358026,0.5485246817409521,0.9834240054403264,0.993681651535695
player,2024-25,all,pick_ewm,REB,23528,1.9296473755828496,-0.03157461310897242,0.9877416337610933,0.5439635926498368,0.5483028469178274,0.9899693981638898,0.993681651535695
player,2024-25,all,pick_ewm,STL,23528,0.7251972770249275,0.0075714202754149215,1.0009798216868393,0.5132187418200855,0.5252250168500727,0.9742434546072765,0.993681651535695
player,2024-25,all,pick_ewm,BLK,23528,0.5203342972737529,0.016237138566730966,1.0040100174582498,0.4941181732790625,0.5252099222538829,0.9502295137708262,0.993681651535695
player,2024-25,all,pick_ewm,FG3M,23528,0.9007666388489548,-0.02847121767238694,0.9994344540416501,0.5223203741319854,0.5339413630479543,0.8997364841890514,0.993681651535695
player,2024-25,all,pick_ewm,TOV,23528,0.8986440734612967,0.00807138398439677,0.9929002120407043,0.5345596191300584,0.5440122620635687,0.9820214212852771,0.993681651535695
player,2024-25,all,pick_ewm,FG3A,23528,1.523375502403792,-0.05579233772395526,0.9865792278782726,0.5510973475158206,0.5558312222523115,0.9469993199591975,0.993681651535695
player,2024-25,all,pick_ewm,OREB,23528,0.8611919167892375,-0.010882313179014773,0.9971403467616996,0.5170778401427142,0.5300321656642957,0.97683611016661,0.993681651535695
player,2025-26,all,pick_ewm,PTS,23802,4.591436413043667,-0.1808478066254044,0.9792648867615462,0.5590830413306878,0.5608449934779398,0.9951684732375431,0.9916915519056138
player,2025-26,all,pick_ewm,AST,23802,1.3489565336559837,-0.06379234928653742,0.9868344264991213,0.5440882190147741,0.547943937917706,0.9867658179984875,0.9916915519056138
player,2025-26,all,pick_ewm,REB,23802,1.8982033188573109,-0.043467427862101726,0.9879965384710397,0.546229897738363,0.5483948678591748,0.9901268800941098,0.9916915519056138
player,2025-26,all,pick_ewm,STL,23802,0.7306510190709323,0.005839604097313205,0.9989391973315588,0.5166107238144418,0.5249135131770678,0.9763045122258633,0.9916915519056138
player,2025-26,all,pick_ewm,BLK,23802,0.509805956954261,-0.005284221378798956,1.0036723863642274,0.4999104744852283,0.5199958033811724,0.938576590202504,0.9916915519056138
player,2025-26,all,pick_ewm,FG3M,23802,0.8963475189590313,-0.011573450363607579,0.9964315020654679,0.5257731958762887,0.5348012970761289,0.9128644651709941,0.9916915519056138
player,2025-26,all,pick_ewm,TOV,23802,0.9032271765288461,0.011153873059030471,0.9921977813929447,0.5329141537277043,0.5395120735104664,0.9822283841693975,0.9916915519056138
player,2025-26,all,pick_ewm,FG3A,23802,1.5181278964989566,-0.02680151435836749,0.981948775043054,0.5538078734559673,0.558228889240313,0.9455507940509201,0.9916915519056138
player,2025-26,all,pick_ewm,OREB,23802,0.859746833290086,0.0032440093605904164,0.9979384732215729,0.5283908292264838,0.5373436586757108,0.9803798000168054,0.9916915519056138
player,pooled,all,pick_form,PTS,70944,4.629749850847486,-0.3380257428886309,0.9884735058163883,0.5479488961048169,0.5491230947251645,0.9940657419936851,0.9942595950616305
player,pooled,all,pick_form,AST,70944,1.3564171128651268,-0.10192351054822821,0.9915960945824934,0.5376992367068124,0.5404334140965393,0.9842833784393324,0.9942595950616305
player,pooled,all,pick_form,REB,70944,1.913861555838816,-0.10694565677175907,0.9912706094813682,0.5388716252815235,0.5403356994536651,0.9888644564727108,0.9942595950616305
player,pooled,all,pick_form,STL,70944,0.7138288074505668,-0.013310241028517716,0.9999297276890963,0.5197971749366171,0.5177943066974154,0.97295049616599,0.9942595950616305
player,pooled,all,pick_form,BLK,70944,0.5186228070610378,-0.007182232886799751,0.9990557799505353,0.528161752618916,0.5191299428041323,0.9432369192602617,0.9942595950616305
player,pooled,all,pick_form,FG3M,70944,0.8875059276810289,-0.037539376180280686,0.9972040597841223,0.5359269303905982,0.5368598798707573,0.9043470906630582,0.9942595950616305
player,pooled,all,pick_form,TOV,70944,0.8964897998457503,-0.014394900359786316,0.9969385985219558,0.522234842494213,0.5208792432455533,0.9803929860171403,0.9942595950616305
player,pooled,all,pick_form,FG3A,70944,1.5058293788793289,-0.09386638035479193,0.9854390839987353,0.5622338049143708,0.5638102456183468,0.946521199819576,0.9942595950616305
player,pooled,all,pick_form,OREB,70944,0.8540556798063542,-0.0223862744889083,0.9984288957300015,0.5199613743802606,0.5193200289923129,0.9780108254397835,0.9942595950616305
player,2023-24,all,pick_form,PTS,23614,4.600460176314646,-0.2757199770064758,0.9878349023482251,0.5505020422055821,0.551641290656909,0.9953417464216143,0.9932993506444886
player,2023-24,all,pick_form,AST,23614,1.3617504953800292,-0.10730595089352198,0.990541613159731,0.537189727733402,0.5402266359612555,0.9861099347844499,0.9932993506444886
player,2023-24,all,pick_form,REB,23614,1.8979182504252652,-0.09317226872666204,0.9898164066279446,0.5428412542242375,0.54426385479253,0.989963580926569,0.9932993506444886
player,2023-24,all,pick_form,STL,23614,0.6856971033712086,-0.017003552593071312,1.0001102377806095,0.5184797768479776,0.5157464060706648,0.9716270009316507,0.9932993506444886
player,2023-24,all,pick_form,BLK,23614,0.5302995494678698,-0.008663226974596842,0.998252191483318,0.5282925734799192,0.5230131089094364,0.94371982722114,0.9932993506444886
player,2023-24,all,pick_form,FG3M,23614,0.8652034830594838,-0.03455171813627351,0.9955006779591675,0.5405962872679543,0.5406403641057791,0.9033624121283984,0.9932993506444886
player,2023-24,all,pick_form,TOV,23614,0.8794165516401495,-0.011030604816847766,0.9967753497421556,0.5236717062634989,0.5208013242312715,0.9803506394511731,0.9932993506444886
player,2023-24,all,pick_form,FG3A,23614,1.4710279411845855,-0.08582077016724798,0.9846106047748336,0.5644888136197522,0.5655629637603318,0.9501990344710765,0.9932993506444886
player,2023-24,all,pick_form,OREB,23614,0.8378436629604875,-0.012985312671586422,0.9962521719243957,0.5283190046226293,0.5247825586169713,0.9802235961717625,0.9932993506444886
player,2024-25,all,pick_form,PTS,23528,4.6562494610055545,-0.4433710569325267,0.9895375918096736,0.5464177382834194,0.5477094246269364,0.9948571914314859,0.9951936244159163
player,2024-25,all,pick_form,AST,23528,1.352241763679603,-0.1163247797064797,0.9928220658283192,0.5361203579611776,0.5390370704707814,0.9831264875892554,0.9951936244159163
player,2024-25,all,pick_form,REB,23528,1.9373294614748129,-0.11597726212913591,0.9916739149465822,0.5384780554839818,0.5403358394849891,0.9897143828629718,0.9951936244159163
player,2024-25,all,pick_form,STL,23528,0.7252570028281916,-0.012338567472352057,1.0010622603911694,0.5200960069823259,0.5184314052178824,0.9739459367562053,0.9951936244159163
player,2024-25,all,pick_form,BLK,23528,0.5169809382261905,0.0010953789125951229,0.9975395501192322,0.5387230996376001,0.5225577959446437,0.9499744984699082,0.9951936244159163
player,2024-25,all,pick_form,FG3M,23528,0.900341555441162,-0.05045833617059304,0.9989628080178453,0.5285862785862786,0.5315158981860629,0.8995239714382863,0.9951936244159163
player,2024-25,all,pick_form,TOV,23528,0.9025881183909823,-0.02094958234162477,0.9972579362639301,0.5194597168708602,0.519402274407268,0.981766405984359,0.9951936244159163
player,2024-25,all,pick_form,FG3A,23528,1.5255427522577552,-0.12280682191004222,0.9879827975721317,0.5543234264164497,0.5564147221755917,0.9467018021081265,0.9951936244159163
player,2024-25,all,pick_form,OREB,23528,0.863578514620488,-0.033533751570931976,0.9999036947944048,0.5153849501675588,0.5171936641449557,0.9765810948656919,0.9951936244159163
player,2025-26,all,pick_form,PTS,23802,4.632613624758147,-0.29570676997527123,0.9880471923276558,0.5469252922242928,0.5477580558146465,0.9920174775228973,0.9942821218151576
player,2025-26,all,pick_form,AST,23802,1.355253140128821,-0.08234809642046491,0.9914407335835071,0.5397659320006835,0.5418230415207886,0.9836148222838417,0.9942821218151576
player,2025-26,all,pick_form,REB,23802,1.9064811815102825,-0.11168261897865499,0.9923050862255572,0.5353113958537312,0.5364093750892367,0.9869338711032686,0.9942821218151576
player,2025-26,all,pick_form,STL,23802,0.7304416752467707,-0.010606589072551947,0.9986529844252445,0.5208063541396875,0.519119646658027,0.9732795563398033,0.9942821218151576
player,2025-26,all,pick_form,BLK,23802,0.5086612615922276,-0.013895259356294805,1.001418785538275,0.5174363807728558,0.5113936093351977,0.9360978069069826,0.9942821218151576
player,2025-26,all,pick_form,FG3M,23802,0.8969443478706437,-0.027733194615669775,0.9970949714412383,0.5385006001292586,0.5379779381325023,0.9100915889421057,0.9942821218151576
player,2025-26,all,pick_form,TOV,23802,0.9074000781583059,-0.01125339617031721,0.9967817264361319,0.5235581874356333,0.5222645446144065,0.9790773884547517,0.9942821218151576
player,2025-26,all,pick_form,FG3A,23802,1.5208694973936272,-0.07324115264521716,0.9837220852143277,0.5678313575184954,0.5689466792047224,0.9426938912696412,0.9942821218151576
player,2025-26,all,pick_form,OREB,23802,0.8607264347131441,-0.020693831482790224,0.9990755311444842,0.5161650902837489,0.5155016201546063,0.9772288043021595,0.9942821218151576
player,pooled,top150,base,PTS,29914,5.478379174009647,-0.34095792633668354,1.0,0.5176731227551945,0.5177268861466066,0.9958882128769139,1.0
player,pooled,top150,base,AST,29914,1.6470062842904991,-0.14304833517895493,1.0,0.5156028368794326,0.5159132228614225,0.9898375342648927,1.0
player,pooled,top150,base,REB,29914,2.0577238601143457,-0.07028631287488254,1.0,0.5059501736169639,0.5064890200985118,0.991609279935816,1.0
player,pooled,top150,base,STL,29914,0.8133836129285116,-0.005258427025891356,1.0,0.5110364031513176,0.5121698155818402,0.9844220097613158,1.0
player,pooled,top150,base,BLK,29914,0.5985220916299261,0.001311606037664818,1.0,0.5036389107185567,0.5075861269264571,0.9783713311492946,1.0
player,pooled,top150,base,FG3M,29914,1.0861189796370208,-0.032652591857420345,1.0,0.5038765203784052,0.5051577483749826,0.9399612221702213,1.0
player,pooled,top150,base,TOV,29914,1.0677816668942637,0.0023465073873274907,1.0,0.4922597472985332,0.4932080995018162,0.9868623387042856,1.0
player,pooled,top150,base,FG3A,29914,1.7454609377743706,-0.08671023082230685,1.0,0.5059480456421461,0.5065715166338802,0.9638630741458849,1.0
player,pooled,top150,base,OREB,29914,0.9064812057502701,-0.006556182039844043,1.0,0.5018292682926829,0.5035910638470686,0.9868289095406833,1.0
player,2023-24,top150,base,PTS,10118,5.537443106362443,-0.3542644828040172,1.0,0.5154158818280956,0.5153831789295324,0.996936153389998,1.0
player,2023-24,top150,base,AST,10118,1.6750173293278283,-0.19905204347776911,1.0,0.5121172833349955,0.5123082100506928,0.99100612769322,1.0
player,2023-24,top150,base,REB,10118,2.056140601007261,-0.10978018477356875,1.0,0.5091071961779635,0.5095165421497148,0.9929828029254794,1.0
player,2023-24,top150,base,STL,10118,0.7847657517582425,-0.014378974454864744,1.0,0.5092936802973977,0.5102029560997132,0.9836924293338605,1.0
player,2023-24,top150,base,BLK,10118,0.6294664642577635,-0.0020930703753204954,1.0,0.5081521739130435,0.511497182829682,0.98201225538644,1.0
player,2023-24,top150,base,FG3M,10118,1.0758339262471108,-0.047722971123972974,1.0,0.4975218812612043,0.49850992335999833,0.937240561375766,1.0
player,2023-24,top150,base,TOV,10118,1.0702001509939847,-0.002034540597742057,1.0,0.4891,0.48979468599033815,0.9883376161296699,1.0
player,2023-24,top150,base,FG3A,10118,1.727816074380445,-0.13176518933788442,1.0,0.494493051981472,0.49502012473917656,0.9601699940699743,1.0
player,2023-24,top150,base,OREB,10118,0.9003525316769115,0.00798137964207938,1.0,0.5008985623003195,0.5025716914372699,0.9899189563154773,1.0
player,2024-25,top150,base,PTS,9875,5.511430326840666,-0.48984902669094493,1.0,0.5175144684739568,0.5173437997416936,0.9973670886075949,1.0
player,2024-25,top150,base,AST,9875,1.6472309376917877,-0.15086411448777742,1.0,0.5192641798671436,0.5201473319639115,0.9908860759493671,1.0
player,2024-25,top150,base,REB,9875,2.0419965370550957,-0.053964583603646435,1.0,0.502398203898357,0.5047579099955861,0.9923037974683544,1.0
player,2024-25,top150,base,STL,9875,0.829362178256776,-0.0005764908433748629,1.0,0.5183932779997951,0.5219420155336536,0.988253164556962,1.0
player,2024-25,top150,base,BLK,9875,0.5753222435680554,0.01796875871536362,1.0,0.49793131981795613,0.5142087494081324,0.9790379746835443,1.0
player,2024-25,top150,base,FG3M,9875,1.113812075605147,-0.03354144822939687,1.0,0.5084200364689477,0.5127153241216351,0.9441012658227849,1.0
player,2024-25,top150,base,TOV,9875,1.0750044249978183,-0.01788541178615009,1.0,0.49271196879490864,0.49609000668666936,0.9865316455696203,1.0
player,2024-25,top150,base,FG3A,9875,1.7815878297057046,-0.08302009366407284,1.0,0.51748031496063,0.5191521308161621,0.9645569620253165,1.0
player,2024-25,top150,base,OREB,9875,0.9028041559328293,-0.023701210469237777,1.0,0.5059462784498667,0.5121595519507706,0.987746835443038,1.0
player,2025-26,top150,base,PTS,9921,5.385244509988704,-0.17918639581205179,1.0,0.5201420598680873,0.5197652867434674,0.9933474448140308,1.0
player,2025-26,top150,base,AST,9921,1.6182154158270954,-0.0781530281290594,1.0,0.5155133700755257,0.5147749001392172,0.9876020562443302,1.0
player,2025-26,top150,base,REB,9921,2.0749929590817264,-0.046254267786942735,1.0,0.5062646429662829,0.5054864265532564,0.9895171857675638,1.0
player,2025-26,top150,base,STL,9921,0.8266652565838077,-0.0006170018586700373,1.0,0.5054437140509449,0.5036724022924509,0.981352686221147,1.0
player,2025-26,top150,base,BLK,9921,0.5900555396051743,-0.011796030969258934,1.0,0.5047086826037462,0.49828788996414025,0.9739945570003024,1.0
player,2025-26,top150,base,FG3M,9921,1.069043568641526,-0.016398226965550156,1.0,0.5057989690721649,0.503409203036004,0.9386150589658301,1.0
player,2025-26,top150,base,TOV,9921,1.0581258904207582,0.026952660532275366,1.0,0.49504039267818795,0.4928530575814012,0.9856869267210967,1.0
player,2025-26,top150,base,FG3A,9921,1.7274967879908971,-0.044433649245544236,1.0,0.5060981966016888,0.5048051813279437,0.9669388166515472,1.0
player,2025-26,top150,base,OREB,9921,0.9163915768037493,-0.004316880896556064,1.0,0.49866666666666665,0.49609297086387694,0.9827638342908981,1.0
player,pooled,top150,min_3_0.25,PTS,29914,5.445482320509431,-0.29509963577328757,0.9939951484818206,0.5391680353970435,0.5393531508714325,0.9972922377482115,0.9971904023303357
player,pooled,top150,min_3_0.25,AST,29914,1.6395540445449595,-0.13302610221153788,0.9954752815355767,0.5348374477269662,0.5359628959241695,0.9912415591361904,0.9971904023303357
player,pooled,top150,min_3_0.25,REB,29914,2.0489879225359835,-0.05234652806546434,0.9957545627245324,0.5293741372925294,0.5313385777366131,0.992946446479909,0.9971904023303357
player,pooled,top150,min_3_0.25,STL,29914,0.8129278753037187,-0.0015621973763568062,0.9994397014919559,0.5147507629704985,0.5185158278533585,0.9858260346326135,0.9971904023303357
player,pooled,top150,min_3_0.25,BLK,29914,0.598637221939923,0.0034674763155465955,1.000192357661661,0.499624599003481,0.5132125262805578,0.979541351875376,0.9971904023303357
player,pooled,top150,min_3_0.25,FG3M,29914,1.0847079946761513,-0.027182267210199763,0.998700892823603,0.5105309891671106,0.5153317147100862,0.9411981012235073,0.9971904023303357
player,pooled,top150,min_3_0.25,TOV,29914,1.0654240821809555,0.007925997100143125,0.997792072306161,0.5123131046613896,0.5160629579341867,0.988232934411981,0.9971904023303357
player,pooled,top150,min_3_0.25,FG3A,29914,1.734597729759082,-0.07203202003538862,0.993776309867381,0.5285254078769615,0.5308961510661241,0.9650665240355686,0.9971904023303357
player,pooled,top150,min_3_0.25,OREB,29914,0.906107095590588,-0.0016229717191055025,0.9995872940803294,0.5044651918002842,0.5107131168678936,0.988232934411981,0.9971904023303357
player,2023-24,top150,min_3_0.25,PTS,10118,5.5080200096685275,-0.28001294305516033,0.9946865193684615,0.5395062952314861,0.5393288201426687,0.996936153389998,0.9974630679089549
player,2023-24,top150,min_3_0.25,AST,10118,1.667522507516064,-0.18278387305689445,0.9955255258076802,0.5358531963698016,0.5368856830802935,0.99100612769322,0.9974630679089549
player,2023-24,top150,min_3_0.25,REB,10118,2.0479453435434927,-0.08410113095587894,0.9960142524009508,0.5348860356325271,0.53710042969902,0.9929828029254794,0.9974630679089549
player,2023-24,top150,min_3_0.25,STL,10118,0.7842573195238768,-0.009498105252846466,0.9993521222948029,0.5131116246357882,0.5175714705525613,0.9836924293338605,0.9974630679089549
player,2023-24,top150,min_3_0.25,BLK,10118,0.6295522395662572,0.000751577866925475,1.0001362666851412,0.5038244766505636,0.5193424029833164,0.98201225538644,0.9974630679089549
player,2023-24,top150,min_3_0.25,FG3M,10118,1.0744542555599206,-0.03924904957569021,0.9987175802384284,0.5047980596857534,0.5107516171983938,0.937240561375766,0.9974630679089549
player,2023-24,top150,min_3_0.25,TOV,10118,1.0691703976676892,0.006339550212257258,0.9990377937011693,0.5064,0.5103864734299517,0.9883376161296699,0.9974630679089549
player,2023-24,top150,min_3_0.25,FG3A,10118,1.716567564344807,-0.11013573009109998,0.9934897526406705,0.5211528564076171,0.5242009965451581,0.9601699940699743,0.9974630679089549
player,2023-24,top150,min_3_0.25,OREB,10118,0.9005396231712588,0.014473308620069866,1.0002077980432846,0.5049920127795527,0.5137053327888297,0.9899189563154773,0.9974630679089549
player,2024-25,top150,min_3_0.25,PTS,9875,5.480741796795452,-0.4457282158986872,0.9944318392458349,0.5360877068317937,0.5358679449142971,0.9975696202531645,0.9972573639234127
player,2024-25,top150,min_3_0.25,AST,9875,1.639884474315988,-0.13971018579716454,0.9955401132848493,0.5333605803617043,0.5344765406308754,0.9910886075949367,0.9972573639234127
player,2024-25,top150,min_3_0.25,REB,9875,2.0336999491114582,-0.03638916393230857,0.9959370215408878,0.5214285714285715,0.524444130185934,0.9924050632911392,0.9972573639234127
player,2024-25,top150,min_3_0.25,STL,9875,0.8288427325808803,0.003618352231893764,0.9993736805348507,0.5198237885462555,0.5242515004245847,0.9884556962025316,0.9972573639234127
player,2024-25,top150,min_3_0.25,BLK,9875,0.5756516439505138,0.02004192137427382,1.000572549360188,0.4940020682523268,0.5137874193773849,0.979240506329114,0.9972573639234127
player,2024-25,top150,min_3_0.25,FG3M,9875,1.1124276954789039,-0.028096489278922512,0.9987570792626776,0.5098670098670098,0.5155409083676016,0.9442025316455697,0.9972573639234127
player,2024-25,top150,min_3_0.25,TOV,9875,1.072080669421802,-0.01177419209573119,0.9972802385664382,0.5158575387457662,0.5202310154477334,0.986632911392405,0.9972573639234127
player,2024-25,top150,min_3_0.25,FG3A,9875,1.7713231100392774,-0.06759902494971101,0.9942384430925713,0.5299674609005983,0.5320855147533081,0.9647594936708861,0.9972573639234127
player,2024-25,top150,min_3_0.25,OREB,9875,0.9020686507963741,-0.019294309527427157,0.9991853104223989,0.5037416709379805,0.5115422764737019,0.9878481012658228,0.9972573639234127
player,2025-26,top150,min_3_0.25,PTS,9921,5.346606837469845,-0.16055573174987164,0.9928252705244449,0.5418898433552299,0.542274588311195,0.9973792964418909,0.9968415776424037
player,2025-26,top150,min_3_0.25,AST,9921,1.6107013177703506,-0.07562720584812486,0.9953565526670609,0.5352713966253303,0.5360205774019995,0.9916339078721903,0.9968415776424037
player,2025-26,top150,min_3_0.25,REB,9921,2.065268292641156,-0.03584475392673918,0.9953133978609402,0.5316558441558441,0.532440641099726,0.9934482411047273,0.9968415776424037
player,2025-26,top150,min_3_0.25,STL,9921,0.8263266725790561,0.0013747634655793797,0.9995904218762582,0.5113543371522095,0.5132659940644777,0.9853845378490071,0.9968415776424037
player,2025-26,top150,min_3_0.25,BLK,9921,0.589987331233563,-0.010260291495337482,0.9998844034721538,0.5009282178217822,0.5063138483886984,0.977320834593287,0.9968415776424037
player,2025-26,top150,min_3_0.25,FG3M,9921,1.0675741661256826,-0.013965893164975339,0.9986254980068661,0.5170089858793325,0.5192215840567423,0.9422437254309042,0.9968415776424037
player,2025-26,top150,min_3_0.25,TOV,9921,1.0549776534844342,0.029152792576495147,0.9970247047493794,0.514818209593645,0.5169270024910466,0.9897187783489567,0.9968415776424037
player,2025-26,top150,min_3_0.25,FG3A,9921,1.716430819507571,-0.03758413052096078,0.9935942176215637,0.5345382777604654,0.5359855202677188,0.9703658905352283,0.9968415776424037
player,2025-26,top150,min_3_0.25,OREB,9921,0.9158048406043613,-0.00044947142826791024,0.9993597320029584,0.5046471249106322,0.5071658594343561,0.9868964822094547,0.9968415776424037
player,pooled,top150,form_3_0.25,PTS,29914,5.4502233513649685,-0.2588093510915614,0.9948605560604018,0.5339724466195153,0.534068588653341,0.9972922377482115,0.9990730244962519
player,pooled,top150,form_3_0.25,AST,29914,1.636333111282024,-0.10966950113573344,0.9935196525293978,0.5375223447671085,0.5380719287232396,0.9911412716453835,0.9990730244962519
player,pooled,top150,form_3_0.25,REB,29914,2.053203480562733,-0.052395239693085176,0.9978032137162747,0.5303346575988149,0.5303867359119606,0.9929130173163068,0.9990730244962519
player,pooled,top150,form_3_0.25,STL,29914,0.8185112192584156,-0.0038488267699986183,1.0063040443013562,0.5130057313392342,0.5100838106556032,0.9857257471418065,0.9990730244962519
player,pooled,top150,form_3_0.25,BLK,29914,0.5994653420722577,0.0014835570841626059,1.0015759659593548,0.5341455923006041,0.5177036404152293,0.9795079227117738,0.9990730244962519
player,pooled,top150,form_3_0.25,FG3M,29914,1.0887943219929486,-0.024036066994590845,1.0024632129684619,0.5288058535199262,0.5262326245169233,0.9411646720599051,0.9990730244962519
player,pooled,top150,form_3_0.25,TOV,29914,1.0695193947458739,0.0016676281441184372,1.0016274186994247,0.517541188808823,0.5148663954713629,0.9881326469211741,0.9990730244962519
player,pooled,top150,form_3_0.25,FG3A,29914,1.7256675128189396,-0.06517392383086978,0.9886600584825068,0.55376567588166,0.5537212601764623,0.9649662365447617,0.9990730244962519
player,pooled,top150,form_3_0.25,OREB,29914,0.9108713828374375,-0.004828756710974002,1.0048430977490943,0.5151043604749501,0.509171617138503,0.9881995052483787,0.9990730244962519
player,2023-24,top150,form_3_0.25,PTS,10118,5.5054148559751255,-0.2706799810387175,0.9942160578859018,0.5353425200753446,0.5352689928469073,0.996936153389998,0.9988880111156279
player,2023-24,top150,form_3_0.25,AST,10118,1.6625663060709255,-0.15216481919583125,0.9925666301841166,0.5394435025431336,0.5401172949676483,0.99100612769322,0.9988880111156279
player,2023-24,top150,form_3_0.25,REB,10118,2.0530408370636555,-0.08241081062215438,0.9984924358080933,0.5296108291032149,0.5300860184162168,0.9929828029254794,0.9988880111156279
player,2023-24,top150,form_3_0.25,STL,10118,0.7913223363157647,-0.011465615792787437,1.0083548301424126,0.5089922636391038,0.5062617882962417,0.9836924293338605,0.9988880111156279
player,2023-24,top150,form_3_0.25,BLK,10118,0.6291901962517669,-0.0010115308158924739,0.9995611076654883,0.5327093397745571,0.5198735421600608,0.98201225538644,0.9988880111156279
player,2023-24,top150,form_3_0.25,FG3M,10118,1.0781500276651739,-0.03638698828198614,1.0021528428891884,0.5370663292207107,0.5341321908975583,0.937240561375766,0.9988880111156279
player,2023-24,top150,form_3_0.25,TOV,10118,1.0745412834035954,-0.0017706384196592682,1.004056374319863,0.5123,0.5097785829307568,0.9883376161296699,0.9988880111156279
player,2023-24,top150,form_3_0.25,FG3A,10118,1.709959787580207,-0.10086144065976813,0.9896654006957064,0.5518270715388575,0.5519537530073088,0.9601699940699743,0.9988880111156279
player,2023-24,top150,form_3_0.25,OREB,10118,0.9011866366743613,0.006049268909808418,1.0009264204498771,0.5255591054313099,0.5162874543860156,0.9899189563154773,0.9988880111156279
player,2024-25,top150,form_3_0.25,PTS,9875,5.485542271903554,-0.36955938417509243,0.995302842746456,0.5342604811694244,0.5340779060653036,0.9975696202531645,0.9997513648310478
player,2024-25,top150,form_3_0.25,AST,9875,1.6376902617378544,-0.11624204931409758,0.9942080519885678,0.5394911617451722,0.5399247963233758,0.9910886075949367,0.9997513648310478
player,2024-25,top150,form_3_0.25,REB,9875,2.032602974210113,-0.0392045191462302,0.9953998145077531,0.5376530612244897,0.5375248063632667,0.9924050632911392,0.9997513648310478
player,2024-25,top150,form_3_0.25,STL,9875,0.8345980936916227,0.0003469161645094872,1.0063131832775982,0.513676877369122,0.5109082305139335,0.9884556962025316,0.9997513648310478
player,2024-25,top150,form_3_0.25,BLK,9875,0.576257810844824,0.014309195147754063,1.0016261621851543,0.5472595656670114,0.521180345319628,0.979240506329114,0.9997513648310478
player,2024-25,top150,form_3_0.25,FG3M,9875,1.1167945232166197,-0.024706253084235973,1.0026776937301998,0.517910767910768,0.5168877703425152,0.9442025316455697,0.9997513648310478
player,2024-25,top150,form_3_0.25,TOV,9875,1.0767660363629046,-0.013564296970974398,1.0016387015012391,0.5188340346915734,0.5177136906469796,0.986632911392405,0.9997513648310478
player,2024-25,top150,form_3_0.25,FG3A,9875,1.768121675590093,-0.061875292977430954,0.9924414873681354,0.5424582764773801,0.5427621666174426,0.9647594936708861,0.9997513648310478
player,2024-25,top150,form_3_0.25,OREB,9875,0.9101659335479187,-0.01745379318601348,1.0081543461743205,0.5049718093285495,0.501994315987797,0.9878481012658228,0.9997513648310478
player,2025-26,top150,form_3_0.25,PTS,9921,5.358780756468885,-0.13646648137024145,0.9950858770719243,0.532289034866094,0.5322518925153004,0.9973792964418909,0.998594121784794
player,2025-26,top150,form_3_0.25,AST,9921,1.6082281495216044,-0.05978828539201455,0.9938282219982487,0.5336044738179969,0.5338307259474682,0.9913315190001007,0.998594121784794
player,2025-26,top150,form_3_0.25,REB,9921,2.073874343092338,-0.03491321356062645,0.9994609061276559,0.523795027904617,0.5235392539025828,0.9933474448140308,0.998594121784794
player,2025-26,top150,form_3_0.25,STL,9921,0.8302277027364595,-0.00025708099292877146,1.0043094180193042,0.5164227975033255,0.513185078587389,0.9850821489769177,0.998594121784794
player,2025-26,top150,form_3_0.25,BLK,9921,0.5922501718558018,-0.008737980714971349,1.0037193655568306,0.5225373904074265,0.5109068883370333,0.9772200383025904,0.998594121784794
player,2025-26,top150,form_3_0.25,FG3M,9921,1.071779604013382,-0.010772816392725268,1.0025593300891655,0.5312934631432545,0.5272397789131482,0.9421429291402076,0.998594121784794
player,2025-26,top150,form_3_0.25,TOV,9921,1.0571847454759356,0.020335468241270267,0.9991105548466912,0.5215973920130399,0.5168275195399716,0.9894163894768673,0.998594121784794
player,2025-26,top150,form_3_0.25,FG3A,9921,1.6994298257511684,-0.032061100970564964,0.9837528136464053,0.5669160432252701,0.56607969512126,0.9700635016631388,0.998594121784794
player,2025-26,top150,form_3_0.25,OREB,9921,0.9214506161215877,-0.003356287004297431,1.0055206087069088,0.5145045965270685,0.5086962392678014,0.9867956859187582,0.998594121784794
player,pooled,top150,min_3_0.5,PTS,29914,5.438069985764952,-0.24924134520989302,0.9926421324694054,0.538095397713941,0.538311017063342,0.9972922377482115,0.9969827326384342
player,pooled,top150,min_3_0.5,AST,29914,1.636219220705075,-0.12300386924411741,0.9934505024732844,0.5328814245244841,0.5341938359966548,0.9912415591361904,0.9969827326384342
player,pooled,top150,min_3_0.5,REB,29914,2.049528610932692,-0.0344067432560468,0.9960173231498642,0.5304514695485304,0.5327305980815951,0.992946446479909,0.9969827326384342
player,pooled,top150,min_3_0.5,STL,29914,0.8133947426495982,0.0021340322731778143,1.0000136832374238,0.5124788063750424,0.5168511431387267,0.9858260346326135,0.9969827326384342
player,pooled,top150,min_3_0.5,BLK,29914,0.5990444464718395,0.0056233465934284466,1.0008727411222114,0.4970991741178077,0.5127765228100618,0.979541351875376,0.9969827326384342
player,pooled,top150,min_3_0.5,FG3M,29914,1.085176559368505,-0.021711942562978696,0.9991323047601713,0.5096785650861303,0.5152879062687982,0.9411981012235073,0.9969827326384342
player,pooled,top150,min_3_0.5,TOV,29914,1.0648393367927071,0.013505486812958708,0.9972444459454797,0.5172518774101887,0.5216759838011806,0.988232934411981,0.9969827326384342
player,pooled,top150,min_3_0.5,FG3A,29914,1.7329656277801908,-0.057353809248468945,0.9928412548664016,0.5292528317572482,0.5320307570145258,0.9650665240355686,0.9969827326384342
player,pooled,top150,min_3_0.5,OREB,29914,0.907052475392714,0.0033102386016329688,1.0006302057216643,0.5057506258033962,0.5129603844801313,0.988232934411981,0.9969827326384342
player,2023-24,top150,min_3_0.5,PTS,10118,5.508107264798317,-0.20576140330630477,0.9947022766644029,0.5359373450976505,0.5357256388936392,0.996936153389998,0.9975522335010528
player,2023-24,top150,min_3_0.5,AST,10118,1.6646498484266057,-0.1665157026360214,0.9938105231989519,0.5337588511020245,0.5349917448925006,0.99100612769322,0.9975522335010528
player,2023-24,top150,min_3_0.5,REB,10118,2.0493995677908114,-0.058422077138189796,0.9967215115478218,0.5320991340698716,0.5347196117415174,0.9929828029254794,0.9975522335010528
player,2023-24,top150,min_3_0.5,STL,10118,0.7845175559362977,-0.00461723605082812,0.9996837326025162,0.5103988747111423,0.5157124913406645,0.9836924293338605,0.9975522335010528
player,2023-24,top150,min_3_0.5,BLK,10118,0.6299062834207485,0.003596226109171418,1.0006987173867987,0.4993961352657005,0.51741283427239,0.98201225538644,0.9975522335010528
player,2023-24,top150,min_3_0.5,FG3M,10118,1.0747034934920758,-0.030775128027407176,0.9989492497610893,0.5023726668775704,0.5095367526027197,0.937240561375766,0.9975522335010528
player,2023-24,top150,min_3_0.5,TOV,10118,1.0696878235194978,0.014713641022256528,0.9995212788243313,0.5084,0.5131723027375201,0.9883376161296699,0.9975522335010528
player,2023-24,top150,min_3_0.5,FG3A,10118,1.7143270713082073,-0.08850627084431507,0.9921930330014557,0.5229027277406073,0.5265669361367342,0.9601699940699743,0.9975522335010528
player,2023-24,top150,min_3_0.5,OREB,10118,0.9018739280472621,0.020965237598060335,1.0016897785221102,0.5025958466453674,0.5128488277670568,0.9899189563154773,0.9975522335010528
player,2024-25,top150,min_3_0.5,PTS,9875,5.471199356710833,-0.4016074051064296,0.9927004483874312,0.536189219368592,0.5359548366024064,0.9975696202531645,0.996952082624062
player,2024-25,top150,min_3_0.5,AST,9875,1.6365112312729098,-0.12855625710655097,0.9934922868593642,0.5325431695105752,0.5337343847921454,0.9910886075949367,0.996952082624062
player,2024-25,top150,min_3_0.5,REB,9875,2.033127010013441,-0.01881374426097069,0.9956564436419459,0.5257142857142857,0.5289341822324924,0.9924050632911392,0.996952082624062
player,2024-25,top150,min_3_0.5,STL,9875,0.8294517831990494,0.007813195307162332,1.0001080407867835,0.5168527814773076,0.5215487274301973,0.9884556962025316,0.996952082624062
player,2024-25,top150,min_3_0.5,BLK,9875,0.5762564367052838,0.022115084033183914,1.0016237737158165,0.4919338159255429,0.5127752438213216,0.979240506329114,0.996952082624062
player,2024-25,top150,min_3_0.5,FG3M,9875,1.113063237584505,-0.022651530328448154,0.9993276801023692,0.5130845130845131,0.5191609227170069,0.9442025316455697,0.996952082624062
player,2024-25,top150,min_3_0.5,TOV,9875,1.071002521521154,-0.005662972405312171,0.9962773144150798,0.521297341681207,0.5260098810705542,0.986632911392405,0.996952082624062
player,2024-25,top150,min_3_0.5,FG3A,9875,1.7706293519620129,-0.05217795623534938,0.9938490387277108,0.5304922850844966,0.5327383183387613,0.9647594936708861,0.996952082624062
player,2024-25,top150,min_3_0.5,OREB,9875,0.9023831936845655,-0.014887408585616579,0.9995337169800365,0.5062019477191184,0.5144289736110605,0.9878481012658228,0.996952082624062
player,2025-26,top150,min_3_0.5,PTS,9921,5.333666223306443,-0.1419250676876929,0.9904222943662795,0.5421930267812026,0.5427214861327812,0.9973792964418909,0.9964205357446324
player,2025-26,top150,min_3_0.5,AST,9921,1.6069333931025778,-0.07310138356719019,0.9930281082393757,0.5323236430168733,0.5333552166981046,0.9916339078721903,0.9964205357446324
player,2025-26,top150,min_3_0.5,REB,9921,2.0659857692420522,-0.025435240066535525,0.9956591708900708,0.5334821428571429,0.5345598855959544,0.9934482411047273,0.9964205357446324
player,2025-26,top150,min_3_0.5,STL,9921,0.8268627498806858,0.0033665287898288552,1.000238903589211,0.5102291325695582,0.5128542002628975,0.9853845378490071,0.9964205357446324
player,2025-26,top150,min_3_0.5,BLK,9921,0.5902521402724418,-0.008724552021416084,1.0003331901051093,0.49989686468646866,0.5077641749532236,0.977320834593287,0.9964205357446324
player,2025-26,top150,min_3_0.5,FG3M,9921,1.068100209520155,-0.011533559364400283,0.9991175671889883,0.5136927685066325,0.516750040299951,0.9422437254309042,0.9964205357446324
player,2025-26,top150,min_3_0.5,TOV,9921,1.0537599659737311,0.03135292462071498,0.9958739083066094,0.5222527752316937,0.5252743432293756,0.9897187783489567,0.9964205357446324
player,2025-26,top150,min_3_0.5,FG3A,9921,1.714485196179399,-0.030734611796376956,0.9924679502144673,0.534434403240885,0.5364380770082164,0.9703658905352283,0.9964205357446324
player,2025-26,top150,min_3_0.5,OREB,9921,0.9169814844552443,0.003417938040020092,1.0006437288015562,0.5085282402206107,0.5120041393775098,0.9868964822094547,0.9964205357446324
player,pooled,top150,form_3_0.5,PTS,29914,5.533824497156694,-0.1766607758464403,1.010120753125306,0.5334026078503671,0.5334969693504887,0.9972922377482115,1.0158774714036278
player,pooled,top150,form_3_0.5,AST,29914,1.659180347027271,-0.07629066709251019,1.0073916310173738,0.5348915646396168,0.5354409059016414,0.9911412716453835,1.0158774714036278
player,pooled,top150,form_3_0.5,REB,29914,2.090188672357375,-0.03450416651128812,1.0157770500076833,0.5307386707965793,0.5307784405119149,0.9929130173163068,1.0158774714036278
player,pooled,top150,form_3_0.5,STL,29914,0.8379871212434934,-0.0024392265141058222,1.0302483452136517,0.5123613795910062,0.5093982804088917,0.9857257471418065,1.0158774714036278
player,pooled,top150,form_3_0.5,BLK,29914,0.6060870086998185,0.0016555081306603514,1.0126393280643806,0.5337701784922017,0.5178863929041869,0.9795079227117738,1.0158774714036278
player,pooled,top150,form_3_0.5,FG3M,29914,1.1101428116527838,-0.015419542131761506,1.0221189689768542,0.5301910918519571,0.527634539811114,0.9411646720599051,1.0158774714036278
player,pooled,top150,form_3_0.5,TOV,29914,1.0896951738510074,0.0009887489009092853,1.0205224603832086,0.5194357048614635,0.516732956833634,0.9881326469211741,1.0158774714036278
player,pooled,top150,form_3_0.5,FG3A,29914,1.7429241233190798,-0.043637616839433215,0.998546622040984,0.5558442458255387,0.5558362895384852,0.9649662365447617,1.0158774714036278
player,pooled,top150,form_3_0.5,OREB,29914,0.9296255598615222,-0.003101331382103975,1.025532083803212,0.5151720171848043,0.5091232964070102,0.9881995052483787,1.0158774714036278
player,2023-24,top150,form_3_0.5,PTS,10118,5.593701311029314,-0.18709547927341943,1.01015959958166,0.5335580450084267,0.5334975851677999,0.996936153389998,1.0158322898313001
player,2023-24,top150,form_3_0.5,AST,10118,1.6860700288652908,-0.10527759491389332,1.0065985583217176,0.5359529270968385,0.5366526971991543,0.99100612769322,1.0158322898313001
player,2023-24,top150,form_3_0.5,REB,10118,2.091579463260986,-0.05504143647074006,1.0172356220369174,0.5313028764805414,0.5318294820504539,0.9929828029254794,1.0158322898313001
player,2023-24,top150,form_3_0.5,STL,10118,0.8110750327467338,-0.008552257130709966,1.0335250116732841,0.5079875414447905,0.5053392790711494,0.9836924293338605,1.0158322898313001
player,2023-24,top150,form_3_0.5,BLK,10118,0.6356741945190468,7.000874353546296e-05,1.0098618919573468,0.532608695652174,0.5202990628389439,0.98201225538644,1.0158322898313001
player,2023-24,top150,form_3_0.5,FG3M,10118,1.100538427951446,-0.025051005439999417,1.022963118285847,0.5395971738901192,0.536918385212988,0.937240561375766,1.0158322898313001
player,2023-24,top150,form_3_0.5,TOV,10118,1.096115484902344,-0.0015067362415765535,1.0242154085703399,0.5126,0.510072463768116,0.9883376161296699,1.0158322898313001
player,2023-24,top150,form_3_0.5,FG3A,10118,1.7281717627573139,-0.06995769198165246,1.0002058600924857,0.5537828100874935,0.5540902249637982,0.9601699940699743,1.0158322898313001
player,2023-24,top150,form_3_0.5,OREB,10118,0.9163117646564207,0.00411715817753738,1.017725537962096,0.5268570287539937,0.5177467528427832,0.9899189563154773,1.0158322898313001
player,2024-25,top150,form_3_0.5,PTS,9875,5.5674006438335395,-0.24926974165923949,1.010155316074721,0.5325347680438535,0.5323490582556831,0.9975696202531645,1.0171630849332813
player,2024-25,top150,form_3_0.5,AST,9875,1.660499634675549,-0.08161998414041759,1.0080551528508517,0.5356084602023092,0.5360669521621058,0.9910886075949367,1.0171630849332813
player,2024-25,top150,form_3_0.5,REB,9875,2.064566958282906,-0.024444454688814312,1.0110531143507053,0.5359183673469388,0.5358139362282559,0.9924050632911392,1.0171630849332813
player,2024-25,top150,form_3_0.5,STL,9875,0.8557232121613852,0.0012703231723938018,1.031784707086614,0.5126523921729331,0.5098235520987338,0.9884556962025316,1.0171630849332813
player,2024-25,top150,form_3_0.5,BLK,9875,0.5822840256671675,0.010649631580144458,1.0121006656303346,0.5449844881075491,0.518740021564807,0.979240506329114,1.0171630849332813
player,2024-25,top150,form_3_0.5,FG3M,9875,1.138874540791992,-0.015871057939075242,1.0225015204411627,0.51994851994852,0.5187081068556099,0.9442025316455697,1.0171630849332813
player,2024-25,top150,form_3_0.5,TOV,9875,1.098088297556365,-0.009243182155798644,1.0214732814319267,0.5207841527250333,0.5195827807617421,0.986632911392405,1.0171630849332813
player,2024-25,top150,form_3_0.5,FG3A,9875,1.7916835977325638,-0.040730492290789,1.0056667248498943,0.5420384171302614,0.5422714712869285,0.9647594936708861,1.0171630849332813
player,2024-25,top150,form_3_0.5,OREB,9875,0.931402537485182,-0.011206375902789263,1.0316772816833162,0.503844182470528,0.5007022079004642,0.9878481012658228,1.0171630849332813
player,2025-26,top150,form_3_0.5,PTS,9921,5.43933825068969,-0.09374656692843285,1.010044806805087,0.5341081354219303,0.5341129346989233,0.9973792964418909,1.014637585935806
player,2025-26,top150,form_3_0.5,AST,9921,1.6304435496919396,-0.0414235426549695,1.0075565550452985,0.5330960854092527,0.533219165425495,0.9913315190001007,1.014637585935806
player,2025-26,top150,form_3_0.5,REB,9921,2.1142731803830213,-0.02357215933430986,1.0189302913676743,0.5250126839167935,0.524647308340261,0.9933474448140308,1.014637585935806
player,2025-26,top150,form_3_0.5,STL,9921,0.8477797443254711,0.00010283987281255588,1.0255417626100796,0.5165251202292029,0.5131206467171527,0.9850821489769177,1.014637585935806
player,2025-26,top150,form_3_0.5,BLK,9921,0.5996049314221655,-0.005679930460683832,1.0161838863903807,0.5237751418256833,0.5133290525360897,0.9772200383025904,1.014637585935806
player,2025-26,top150,form_3_0.5,FG3M,9921,1.0913393975856809,-0.005147405819900398,1.020855865558864,0.5308655183481331,0.5268632019973132,0.9421429291402076,1.014637585935806
player,2025-26,top150,form_3_0.5,TOV,9921,1.0747931676210352,0.013718275950265358,1.0157516958531734,0.5250611246943765,0.5203152525783175,0.9894163894768673,1.014637585935806
player,2025-26,top150,form_3_0.5,FG3A,9921,1.7094360247736982,-0.019688552695585813,0.9895451248634718,0.5715918536990856,0.5708054884462005,0.9700635016631388,1.014637585935806
player,2025-26,top150,form_3_0.5,OREB,9921,0.9414349869204596,-0.002395693112038898,1.0273282849282144,0.5145045965270685,0.5083948903499126,0.9867956859187582,1.014637585935806
player,pooled,top150,min_3_0.75,PTS,29914,5.45531087509869,-0.2033830546465009,0.9957892109731301,0.5363858814064961,0.5366186538542612,0.9972922377482115,0.9992176737031075
player,pooled,top150,min_3_0.75,AST,29914,1.636998223896651,-0.1129816362766995,0.9939234837843005,0.5307567786321328,0.5321656082319979,0.9912415591361904,0.9992176737031075
player,pooled,top150,min_3_0.75,REB,29914,2.0587153323628202,-0.016466958446629286,1.0004818295922495,0.5277918055415278,0.5302520609800815,0.992946446479909,0.9992176737031075
player,pooled,top150,min_3_0.75,STL,29914,0.8146705046255512,0.0058302619227123785,1.0015821460828356,0.5105798575788403,0.5152763739053987,0.9858260346326135,0.9992176737031075
player,pooled,top150,min_3_0.75,BLK,29914,0.5997008936971016,0.007779216871310281,1.001969521398892,0.49392532932905603,0.5106712575998336,0.979541351875376,0.9992176737031075
player,pooled,top150,min_3_0.75,FG3M,29914,1.087416551346771,-0.016241617915757983,1.001194686525216,0.5095364944059669,0.5156030616800825,0.9411981012235073,0.9992176737031075
player,pooled,top150,min_3_0.75,TOV,29914,1.0660899496472203,0.01908497652577431,0.9984156711999354,0.5175224950950544,0.5222930674349489,0.988232934411981,0.9992176737031075
player,pooled,top150,min_3_0.75,FG3A,29914,1.7396685409601242,-0.04267559846155055,0.996681451478583,0.529980255637535,0.5329827825292768,0.9650665240355686,0.9992176737031075
player,pooled,top150,min_3_0.75,OREB,29914,0.909129093819547,0.008243448922371544,1.00292106229283,0.5034842026926459,0.5112001641073731,0.988232934411981,0.9992176737031075
player,2023-24,top150,min_3_0.75,PTS,10118,5.534001627904707,-0.1315098635574484,0.9993785076628973,0.5335580450084267,0.5333288515934748,0.996936153389998,1.0000431581773137
player,2023-24,top150,min_3_0.75,AST,10118,1.666043059046947,-0.1502475322151484,0.9946422821282178,0.5315647751072106,0.532898414414357,0.99100612769322,1.0000431581773137
player,2023-24,top150,min_3_0.75,REB,10118,2.0594543958375895,-0.032743023320500476,1.001611657699237,0.530407086692545,0.533256293382616,0.9929828029254794,1.0000431581773137
player,2023-24,top150,min_3_0.75,STL,10118,0.7856000587261835,0.00026363315119031,1.0010631286674674,0.5073847081282026,0.5131254767213457,0.9836924293338605,1.0000431581773137
player,2023-24,top150,min_3_0.75,BLK,10118,0.6304573980332736,0.006440874351417383,1.0015742439538486,0.49627616747181963,0.5157442651186785,0.98201225538644,1.0000431581773137
player,2023-24,top150,min_3_0.75,FG3M,10118,1.0768897193353335,-0.022301206479124397,1.000981371810707,0.5024781187387958,0.5102215063796773,0.937240561375766,1.0000431581773137
player,2023-24,top150,min_3_0.75,TOV,10118,1.0716747174133954,0.02308773183225583,1.001377841722444,0.5092,0.5143800322061192,0.9883376161296699,1.0000431581773137
player,2023-24,top150,min_3_0.75,FG3A,10118,1.7200335437686731,-0.06687681159753048,0.9954957412845269,0.5249613998970664,0.5289157725505399,0.9601699940699743,1.0000431581773137
player,2023-24,top150,min_3_0.75,OREB,10118,0.9041913185479481,0.027457166576050747,1.0042636486664682,0.5011980830670927,0.5122499559079362,0.9899189563154773,1.0000431581773137
player,2024-25,top150,min_3_0.75,PTS,9875,5.4830242457934935,-0.35748659431417024,0.9948459693105695,0.5343619937062227,0.5341160551437406,0.9975696202531645,0.9990974334741569
player,2024-25,top150,min_3_0.75,AST,9875,1.637155525213229,-0.11740232841593756,0.9938834244500816,0.5286604679677123,0.52989878838521,0.9910886075949367,0.9990974334741569
player,2024-25,top150,min_3_0.75,REB,9875,2.0414537392009557,-0.0012383245896328394,0.9997341827744122,0.5227551020408163,0.5261252460577273,0.9924050632911392,0.9990974334741569
player,2024-25,top150,min_3_0.75,STL,9875,0.8310526126710719,0.012008038382430797,1.0020382342703993,0.5157258477614999,0.5206332062398717,0.9884556962025316,0.9990974334741569
player,2024-25,top150,min_3_0.75,BLK,9875,0.5771805278116281,0.024188246692094142,1.003229988522695,0.48831437435367114,0.5098556312339452,0.979240506329114,0.9990974334741569
player,2024-25,top150,min_3_0.75,FG3M,9875,1.1154483777299464,-0.017206571377973833,1.0014691007223115,0.5134062634062634,0.5197724474669392,0.9442025316455697,0.9990974334741569
player,2024-25,top150,min_3_0.75,TOV,9875,1.071740336416611,0.0004482472851068891,0.9969636510275621,0.5216052550549112,0.5265522265336031,0.986632911392405,0.9990974334741569
player,2024-25,top150,min_3_0.75,FG3A,9875,1.7794124218340535,-0.036756887520987616,0.9987789499707095,0.5299674609005983,0.5323308844921292,0.9647594936708861,0.9990974334741569
player,2024-25,top150,min_3_0.75,OREB,9875,0.9036468335293929,-0.010480507643805976,1.0009334002186734,0.5030240902101486,0.5115362818587998,0.9878481012658228,0.9990974334741569
player,2025-26,top150,min_3_0.75,PTS,9921,5.34747269623547,-0.12329440362551354,0.9929860540810798,0.5412834765032845,0.5418866719279908,0.9973792964418909,0.9984766039587962
player,2025-26,top150,min_3_0.75,AST,9921,1.607220077283213,-0.07057556128625606,0.9932052689423504,0.5320187029884123,0.533187043971485,0.9916339078721903,0.9984766039587962
player,2025-26,top150,min_3_0.75,REB,9921,2.07514315095326,-0.015025726206332062,1.0000723818704405,0.5301339285714286,0.5313584886227296,0.9934482411047273,0.9984766039587962
player,2025-26,top150,min_3_0.75,STL,9921,0.8280120482864963,0.005358294114078238,1.0016291862902942,0.5086947626841244,0.5116482931985419,0.9853845378490071,0.9984766039587962
player,2025-26,top150,min_3_0.75,BLK,9921,0.5907496087707437,-0.007188812547494666,1.0011762776874003,0.4971122112211221,0.5058820752223379,0.977320834593287,0.9984766039587962
player,2025-26,top150,min_3_0.75,FG3M,9921,1.0702505600916454,-0.009101225563825434,1.0011290385962979,0.5128369704749679,0.5164136476530503,0.9422437254309042,0.9984766039587962
player,2025-26,top150,min_3_0.75,TOV,9921,1.0547700978574976,0.033553056664934945,0.996828550748412,0.5219472451369793,0.5253391432515857,0.9897187783489567,0.9984766039587962
player,2025-26,top150,min_3_0.75,FG3A,9921,1.7201338244953857,-0.02388509307179309,0.995737784552369,0.535057650358367,0.5373472922119353,0.9703658905352283,0.9984766039587962
player,2025-26,top150,min_3_0.75,OREB,9921,0.919621758930259,0.007285347508308261,1.0035248928605114,0.50628127872536,0.5102218103243572,0.9868964822094547,0.9984766039587962
player,pooled,top150,form_3_0.75,PTS,29914,5.723074299215455,-0.09451220060132051,1.0446656059088897,0.5323299701672645,0.5324236643159819,0.9972922377482115,1.048846857846348
player,pooled,top150,form_3_0.75,AST,29914,1.713586510325209,-0.04291183304928761,1.0404249981738147,0.5354649397956086,0.5360235191930394,0.9911412716453835,1.048846857846348
player,pooled,top150,form_3_0.75,REB,29914,2.1644130717822407,-0.01661309332949136,1.0518481676457678,0.5309070096289812,0.5309123023842066,0.9929130173163068,1.048846857846348
player,pooled,top150,form_3_0.75,STL,29914,0.8672556083134708,-0.0010296262582130322,1.066231965494113,0.513039644589141,0.5101663279919023,0.9857257471418065,1.048846857846348
player,pooled,top150,form_3_0.75,BLK,29914,0.6179703530809492,0.0018274591771581486,1.0324938072011056,0.5329510938193236,0.5170705268933952,0.9795079227117738,1.048846857846348
player,pooled,top150,form_3_0.75,FG3M,29914,1.1495930528063758,-0.00680301726893198,1.0584411785075118,0.531114584073311,0.5284926022730302,0.9411646720599051,1.048846857846348
player,pooled,top150,form_3_0.75,TOV,29914,1.1284448048846956,0.00030986965770020387,1.0568123052410903,0.5202814709563923,0.5175447254265317,0.9881326469211741,1.048846857846348
player,pooled,top150,form_3_0.75,FG3A,29914,1.7973644793556895,-0.022101309847996485,1.0297362951287234,0.5547703180212014,0.5547523042906628,0.9649662365447617,1.048846857846348
player,pooled,top150,form_3_0.75,OREB,29914,0.9599340431693472,-0.0013739060532339143,1.0589673973161249,0.515747099218565,0.5097605228298459,0.9881995052483787,1.048846857846348
player,2023-24,top150,form_3_0.75,PTS,10118,5.792234980089405,-0.10351097750812001,1.046012549263795,0.5336571825121443,0.5336029060544767,0.996936153389998,1.0492307343849996
player,2023-24,top150,form_3_0.75,AST,10118,1.7438769081096934,-0.05839037063195577,1.0411097709714374,0.5374488880023935,0.5381768869726921,0.99100612769322,1.0492307343849996
player,2023-24,top150,form_3_0.75,REB,10118,2.167729049368291,-0.02767206231932594,1.0542708257919557,0.5325967950632029,0.5330514847937811,0.9929828029254794,1.0492307343849996
player,2023-24,top150,form_3_0.75,STL,10118,0.8397708929403888,-0.005638898468632546,1.0700911591247595,0.5090927358585351,0.5064623470523256,0.9836924293338605,1.0492307343849996
player,2023-24,top150,form_3_0.75,BLK,10118,0.6486562650553563,0.001151548302963421,1.0304858191615038,0.5316022544283414,0.5194541148560542,0.98201225538644,1.0492307343849996
player,2023-24,top150,form_3_0.75,FG3M,10118,1.1404196533968376,-0.013715022598012576,1.0600331757291097,0.5401244331962459,0.5373869009551169,0.937240561375766,1.0492307343849996
player,2023-24,top150,form_3_0.75,TOV,10118,1.1350985611057893,-0.0012428340634937844,1.060641376336496,0.5126,0.5101207729468599,0.9883376161296699,1.0492307343849996
player,2023-24,top150,form_3_0.75,FG3A,10118,1.7821924836090088,-0.039053943303536384,1.0314711791578035,0.5537828100874935,0.5541030523471261,0.9601699940699743,1.0492307343849996
player,2023-24,top150,form_3_0.75,OREB,10118,0.9444344704289177,0.002185047445266378,1.048960753928136,0.5279552715654952,0.5187902410660444,0.9899189563154773,1.0492307343849996
player,2024-25,top150,form_3_0.75,PTS,9875,5.751819463402333,-0.12898009914338715,1.0436164701912252,0.5305045173078875,0.5303240862110641,0.9975696202531645,1.0503882115107532
player,2024-25,top150,form_3_0.75,AST,9875,1.7155950414690313,-0.046997918966737655,1.0415024403761104,0.5363236946970471,0.5367980990181742,0.9910886075949367,1.0503882115107532
player,2024-25,top150,form_3_0.75,REB,9875,2.1362196645315312,-0.009684390231398443,1.0461426480244285,0.5345918367346939,0.534488868562381,0.9924050632911392,1.0503882115107532
player,2024-25,top150,form_3_0.75,STL,9875,0.8867886829186513,0.0021937301802781553,1.0692417693589258,0.5137793258887409,0.5110553550102679,0.9884556962025316,1.0503882115107532
player,2024-25,top150,form_3_0.75,BLK,9875,0.5926091404638205,0.006990068012534902,1.030047329282033,0.5432264736297828,0.5166803311839205,0.979240506329114,1.0503882115107532
player,2024-25,top150,form_3_0.75,FG3M,9875,1.1800241667203464,-0.007035862793914425,1.0594463757085948,0.5211282711282711,0.5197523471327711,0.9442025316455697,1.0503882115107532
player,2024-25,top150,form_3_0.75,TOV,9875,1.1377090759160053,-0.004922067340622906,1.0583296677297973,0.521297341681207,0.5200393285855245,0.986632911392405,1.0503882115107532
player,2024-25,top150,form_3_0.75,FG3A,9875,1.851091775539883,-0.019585691604147075,1.0390123600281103,0.5398341555578882,0.5400151777826929,0.9647594936708861,1.0503882115107532
player,2024-25,top150,form_3_0.75,OREB,9875,0.9625290230358137,-0.004958958619565024,1.0661548428975434,0.5040492055356227,0.5010356502971138,0.9878481012658228,1.0503882115107532
player,2025-26,top150,form_3_0.75,PTS,9921,5.623928420228604,-0.051026652486624254,1.044321833446407,0.5327943405760485,0.5328554406228179,0.9973792964418909,1.046883028781625
player,2025-26,top150,form_3_0.75,AST,9921,1.6806954217425425,-0.02305879991792456,1.0386104379579837,0.5325876970005083,0.5326609281914713,0.9913315190001007,1.046883028781625
player,2025-26,top150,form_3_0.75,REB,9921,2.1890939341333353,-0.012231105107993618,1.0549886082997113,0.5255200405885337,0.5251323684877194,0.9933474448140308,1.046883028781625
player,2025-26,top150,form_3_0.75,STL,9921,0.8758435771088249,0.00046276073855382817,1.0594900053357081,0.516320474777448,0.513070347059165,0.9850821489769177,1.046883028781625
player,2025-26,top150,form_3_0.75,BLK,9921,0.6119187370379154,-0.0026218802063962708,1.0370527788746293,0.5240845796802476,0.51371163077758,0.9772200383025904,1.046883028781625
player,2025-26,top150,form_3_0.75,FG3M,9921,1.1286585910913647,0.00047800475292445073,1.0557648202547933,0.5319353803359367,0.5279533483155461,0.9421429291402076,1.046883028781625
player,2025-26,top150,form_3_0.75,TOV,9921,1.1124376098560642,0.007101083659260691,1.05132822089223,0.5270986145069275,0.5222358818072637,0.9894163894768673,1.046883028781625
player,2025-26,top150,form_3_0.75,FG3A,9921,1.759359560813846,-0.007316004420606362,1.0184444758707787,0.5705527847049044,0.5698075741335851,0.9700635016631388,1.046883028781625
player,2025-26,top150,form_3_0.75,OREB,9921,0.9731584409927891,-0.0014350992197802912,1.0619460781023693,0.5149131767109295,0.5089025801605171,0.9867956859187582,1.046883028781625
player,pooled,top150,min_3_1.0,PTS,29914,5.496939391509052,-0.1575247640831072,1.0033879030475756,0.5365870009720779,0.5368233129222588,0.9972922377482115,1.0038487963491922
player,pooled,top150,min_3_1.0,AST,29914,1.6421897067196323,-0.10295940330928147,0.9970755560456519,0.5306218804802374,0.5320519842586335,0.9912415591361904,1.0038487963491922
player,pooled,top150,min_3_1.0,REB,29914,2.076331627387012,0.0014728263627885132,1.0090428884231528,0.5284651382015285,0.5309569061740084,0.992946446479909,1.0038487963491922
player,pooled,top150,min_3_1.0,STL,29914,0.8167620570309622,0.009526491572246944,1.0041535679459852,0.5090539165818921,0.5137915201533746,0.9858260346326135,1.0038487963491922
player,pooled,top150,min_3_1.0,BLK,29914,0.6005783416637739,0.009935087149192098,1.0034355457594728,0.49283325370281894,0.5097226449858158,0.979541351875376,1.0038487963491922
player,pooled,top150,min_3_1.0,FG3M,29914,1.0913342886501383,-0.010771293268537189,1.00480178425283,0.5092168353755994,0.5153712942010984,0.9411981012235073,1.0038487963491922
player,pooled,top150,min_3_1.0,TOV,29914,1.0689454825056286,0.024664466238589772,1.0010899378098066,0.5182666937284351,0.5231202736699703,0.988232934411981,1.0038487963491922
player,pooled,top150,min_3_1.0,FG3A,29914,1.7543806556903885,-0.027997387674631877,1.0051102363410043,0.5293567494544321,0.5324068420738686,0.9650665240355686,1.0038487963491922
player,pooled,top150,min_3_1.0,OREB,29914,0.9124111769274302,0.013176659243110008,1.006541747517262,0.5043975373790677,0.5122480787715391,0.988232934411981,1.0038487963491922
player,2023-24,top150,min_3_1.0,PTS,10118,5.5854399634397245,-0.05725832380859195,1.0086676930408793,0.5329632199861207,0.5327296547684336,0.996936153389998,1.0049036659190989
player,2023-24,top150,min_3_1.0,AST,10118,1.6719588667686045,-0.13397936179427503,0.9981740710942671,0.5297696220205446,0.5311278849093133,0.99100612769322,1.0049036659190989
player,2023-24,top150,min_3_1.0,REB,10118,2.0776825366021225,-0.00706396950281114,1.0104768786649625,0.531501940877874,0.5344014110174276,0.9929828029254794,1.0049036659190989
player,2023-24,top150,min_3_1.0,STL,10118,0.7874216639552292,0.005144502353208687,1.0033843375440803,0.5066814025921833,0.5124977715693768,0.9836924293338605,1.0049036659190989
player,2023-24,top150,min_3_1.0,BLK,10118,0.631229776706205,0.009285522593663302,1.0028012810031455,0.49446457326892107,0.514084836027282,0.98201225538644,1.0049036659190989
player,2023-24,top150,min_3_1.0,FG3M,10118,1.0810861885430845,-0.013827284930841486,1.0048820381732122,0.5025835706000211,0.5104495392164058,0.937240561375766,1.0049036659190989
player,2023-24,top150,min_3_1.0,TOV,10118,1.0749386055354504,0.031461822642255,1.004427633968339,0.5087,0.5139653784219002,0.9883376161296699,1.0049036659190989
player,2023-24,top150,min_3_1.0,FG3A,10118,1.733569160834537,-0.04524735235074582,1.0033296868453752,0.5249613998970664,0.528979909467179,0.9601699940699743,1.0049036659190989
player,2023-24,top150,min_3_1.0,OREB,10118,0.9075457838278111,0.03394909555404109,1.0079893729376255,0.5029952076677316,0.5143109390819118,0.9899189563154773,1.0049036659190989
player,2024-25,top150,min_3_1.0,PTS,9875,5.5160618699485795,-0.31336578352191385,1.0008403522920941,0.536189219368592,0.5359388844756046,0.9975696202531645,1.0035197866301564
player,2024-25,top150,min_3_1.0,AST,9875,1.6419970855682133,-0.10624839972532342,0.9968226360956353,0.5293757024624501,0.5306388343430124,0.9910886075949367,1.0035197866301564
player,2024-25,top150,min_3_1.0,REB,9875,2.05796181556232,0.016337095081705007,1.0078184650255335,0.5238775510204081,0.5273048855831568,0.9924050632911392,1.0035197866301564
player,2024-25,top150,min_3_1.0,STL,9875,0.8335771848427637,0.016202881457699398,1.0050822266754953,0.5148038110849298,0.5198010795614092,0.9884556962025316,1.0035197866301564
player,2024-25,top150,min_3_1.0,BLK,9875,0.5782842263175519,0.026261409351004197,1.0051483890682347,0.4886246122026887,0.5105943691979792,0.979240506329114,1.0035197866301564
player,2024-25,top150,min_3_1.0,FG3M,9875,1.1194336986212183,-0.01176161242749952,1.0050471916575459,0.512012012012012,0.5185112910835477,0.9442025316455697,1.0035197866301564
player,2024-25,top150,min_3_1.0,TOV,9875,1.074000852911973,0.006559466975525771,0.9990664484140664,0.5235553730883712,0.5286105848827615,0.986632911392405,1.0035197866301564
player,2024-25,top150,min_3_1.0,FG3A,9875,1.7961812019984977,-0.02133581880662579,1.0081912168737779,0.5275532696546656,0.5299694546019629,0.9647594936708861,1.0035197866301564
player,2024-25,top150,min_3_1.0,OREB,9875,0.9061094605904513,-0.00607360670199547,1.003661153569026,0.5031266017426961,0.5118113680759727,0.9878481012658228,1.0035197866301564
player,2025-26,top150,min_3_1.0,PTS,9921,5.3876476606971755,-0.10466373956333393,1.0004462472788425,0.5406771096513391,0.5412799969458815,0.9973792964418909,1.0030759649317544
player,2025-26,top150,min_3_1.0,AST,9921,1.612021152389906,-0.06804973900532159,0.9961721638685377,0.5327302297214881,0.5338954894389474,0.9916339078721903,1.0030759649317544
player,2025-26,top150,min_3_1.0,REB,9921,2.0932385311598636,-0.00461621234612865,1.0087930766214284,0.5299310064935064,0.5311458131654774,0.9934482411047273,1.0030759649317544
player,2025-26,top150,min_3_1.0,STL,9921,0.829947896159962,0.007350059438327738,1.0039709417445672,0.5057283142389526,0.5086132831027333,0.9853845378490071,1.0030759649317544
player,2025-26,top150,min_3_1.0,BLK,9921,0.591509010879037,-0.0056530730735732445,1.0024632787531018,0.49535891089108913,0.504036310838492,0.977320834593287,1.0030759649317544
player,2025-26,top150,min_3_1.0,FG3M,9921,1.0738167605197733,-0.006668891763250356,1.004464918005464,0.5131578947368421,0.5167257856997862,0.9422437254309042,1.0030759649317544
player,2025-26,top150,min_3_1.0,TOV,9921,1.05780142428787,0.03575318870915474,0.9996933577225287,0.5227619920562175,0.5261893674962583,0.9897187783489567,1.0030759649317544
player,2025-26,top150,min_3_1.0,FG3A,9921,1.7339986690115403,-0.017035574347209197,1.0037637586743118,0.5355770229562689,0.5378774561506309,0.9703658905352283,1.0030759649317544
player,2025-26,top150,min_3_1.0,OREB,9921,0.9236456791156813,0.01115275697659634,1.0079159417170098,0.507098355632724,0.5110261660547861,0.9868964822094547,1.0030759649317544
player,pooled,top150,form_3_1.0,PTS,29914,6.008167728740246,-0.012363625356200265,1.096705346216993,0.5322629303120705,0.5323579083318299,0.9972922377482115,1.094294113670515
player,pooled,top150,form_3_1.0,AST,29914,1.7950626995182979,-0.009532999006065232,1.0898942624809682,0.5354649397956086,0.5360176785781328,0.9911412716453835,1.094294113670515
player,pooled,top150,form_3_1.0,REB,29914,2.2726236399389386,0.0012779798523056395,1.1044356747715665,0.5314120261261868,0.5314069168209269,0.9929130173163068,1.094294113670515
player,pooled,top150,form_3_1.0,STL,29914,0.9009340277243293,0.00037997399767976766,1.1076372985688754,0.5132092108386747,0.5103535097828578,0.9857257471418065,1.094294113670515
player,pooled,top150,form_3_1.0,BLK,29914,0.6325146738496783,0.001999410223655889,1.0567941980674125,0.5329510938193236,0.5171933263957269,0.9795079227117738,1.094294113670515
player,pooled,top150,form_3_1.0,FG3M,29914,1.2032465433418857,0.001813507593897406,1.1078404538552582,0.530972508346949,0.5283571955747083,0.9411646720599051,1.094294113670515
player,pooled,top150,form_3_1.0,TOV,29914,1.1805261246808436,-0.0003690095855089147,1.1055875571590443,0.5209580838323353,0.5182591716612515,0.9881326469211741,1.094294113670515
player,pooled,top150,form_3_1.0,FG3A,29914,1.88378948299431,-0.0005650028565599285,1.0792504387960211,0.5549435321831913,0.5549406550559809,0.9649662365447617,1.094294113670515
player,pooled,top150,form_3_1.0,OREB,29914,0.9975841923563876,0.0003535192756361219,1.100501793118494,0.5156117857988566,0.5095791360412637,0.9881995052483787,1.094294113670515
player,2023-24,top150,form_3_1.0,PTS,10118,6.086079561207566,-0.01992647574282123,1.0990775786417961,0.533458907504709,0.5334009918797951,0.996936153389998,1.095084256750046
player,2023-24,top150,form_3_1.0,AST,10118,1.8281924298618917,-0.011503146350018048,1.0914468751171216,0.5363518500049865,0.5370560392041981,0.99100612769322,1.095084256750046
player,2023-24,top150,form_3_1.0,REB,10118,2.276583918200572,-0.00030268816791180367,1.107212180473127,0.5325967950632029,0.5330427302539269,0.9929828029254794,1.095084256750046
player,2023-24,top150,form_3_1.0,STL,10118,0.8725074142072506,-0.0027255398065550596,1.1118061819752252,0.509996985833417,0.5073828618828875,0.9836924293338605,1.095084256750046
player,2023-24,top150,form_3_1.0,BLK,10118,0.6652468057038643,0.0022330878623913857,1.0568423315264217,0.5316022544283414,0.5194541148560542,0.98201225538644,1.095084256750046
player,2023-24,top150,form_3_1.0,FG3M,10118,1.1937287893949193,-0.002379039756025845,1.1095846303704815,0.5393862701676685,0.5366772470408152,0.937240561375766,1.095084256750046
player,2023-24,top150,form_3_1.0,TOV,10118,1.1867430330745923,-0.0009789318854110409,1.1088982112106407,0.5137,0.5112842190016103,0.9883376161296699,1.095084256750046
player,2023-24,top150,form_3_1.0,FG3A,10118,1.8684269578693598,-0.00815019462542032,1.081380701090731,0.555120946989192,0.5554912602761594,0.9601699940699743,1.095084256750046
player,2023-24,top150,form_3_1.0,OREB,10118,0.9809427449638516,0.00025293671299537,1.0895096203448646,0.5274560702875399,0.5182936381568101,0.9899189563154773,1.095084256750046
player,2024-25,top150,form_3_1.0,PTS,9875,6.033661052574033,-0.008690456627534328,1.0947541191240426,0.5284742665719216,0.5282973417079113,0.9975696202531645,1.0958658598764588
player,2024-25,top150,form_3_1.0,AST,9875,1.7983751423394925,-0.012375853793057539,1.0917565358865158,0.5368345764790028,0.5373381449759767,0.9910886075949367,1.0958658598764588
player,2024-25,top150,form_3_1.0,REB,9875,2.242527092782571,0.005075674226017611,1.09820318109681,0.5348979591836734,0.5348019569612941,0.9924050632911392,1.0958658598764588
player,2024-25,top150,form_3_1.0,STL,9875,0.9224703220769913,0.00311713718816249,1.112264757498245,0.5135744288495031,0.5109016756714696,0.9884556962025316,1.0958658598764588
player,2024-25,top150,form_3_1.0,BLK,9875,0.6047830490470156,0.003330504444925324,1.0512074855584403,0.543329886246122,0.5170966964851563,0.979240506329114,1.0958658598764588
player,2024-25,top150,form_3_1.0,FG3M,9875,1.2365349335461928,0.0017993323512463654,1.1101827324635187,0.521021021021021,0.5196782271505265,0.9442025316455697,1.0958658598764588
player,2024-25,top150,form_3_1.0,TOV,9875,1.1901951784475617,-0.000600952525447192,1.1071537481810656,0.5218105306373807,0.5205819074249413,0.986632911392405,1.0958658598764588
player,2024-25,top150,form_3_1.0,FG3A,9875,1.9412150370618508,0.0015591090824947453,1.0895982812043143,0.5380497533326336,0.5381970003792238,0.9647594936708861,1.0958658598764588
player,2024-25,top150,form_3_1.0,OREB,9875,1.0000107928117055,0.0012884586636591649,1.1076718978751716,0.5040492055356227,0.5009737274292005,0.9878481012658228,1.0958658598764588
player,2025-26,top150,form_3_1.0,PTS,9921,5.903333690461544,-0.008306738044814835,1.096205321691867,0.5348155634158666,0.534891362975614,0.9973792964418909,1.0918447229403043
player,2025-26,top150,form_3_1.0,AST,9921,1.7579780321989638,-0.0046940571808796,1.08636836295397,0.5331977630910015,0.5332366083969221,0.9913315190001007,1.0918447229403043
player,2025-26,top150,form_3_1.0,REB,9921,2.2985417235713976,-0.0008900508816773048,1.1077347098992578,0.5267376966007103,0.52632455779973,0.9933474448140308,1.0918447229403043
player,2025-26,top150,form_3_1.0,STL,9921,0.9084886662520325,0.0008226816042951303,1.0989800998851158,0.5161158293256932,0.5128408840027171,0.9850821489769177,1.0918447229403043
player,2025-26,top150,form_3_1.0,BLK,9921,0.626735627868986,0.0004361700478912741,1.0621637893415123,0.5239814337287262,0.513707972923902,0.9772200383025904,1.0918447229403043
player,2025-26,top150,form_3_1.0,FG3M,9921,1.1798192458081445,0.006103415325749314,1.1036212932905862,0.5323633251310581,0.5283299252313811,0.9421429291402076,1.0918447229403043
player,2025-26,top150,form_3_1.0,TOV,9921,1.1645615460018415,0.0004838913682557964,1.100588839706734,0.5275061124694377,0.5226490506985926,0.9894163894768673,1.0918447229403043
player,2025-26,top150,form_3_1.0,FG3A,9921,1.8422977667154399,0.005056543854372919,1.0664551040109669,0.5714879467996675,0.5708029043011162,0.9700635016631388,1.0918447229403043
player,2025-26,top150,form_3_1.0,OREB,9921,1.0121407375858469,-0.0004745053275217021,1.1044849856827132,0.5150153217568948,0.5089315642148544,0.9867956859187582,1.0918447229403043
player,pooled,top150,min_5_0.25,PTS,29914,5.44931586836029,-0.2977594666685081,0.9946949079780222,0.538967356661187,0.5391462170015343,0.996423079494551,0.9974491946996975
player,pooled,top150,min_5_0.25,AST,29914,1.6400227830201934,-0.13358227669009004,0.9957598818311078,0.5357612988152699,0.5368386886974554,0.9904058300461323,0.9974491946996975
player,pooled,top150,min_5_0.25,REB,29914,2.0491758090722616,-0.05339985115787841,0.9958458706691522,0.5279471715912537,0.5298811425098748,0.9922110048806578,0.9974491946996975
player,pooled,top150,min_5_0.25,STL,29914,0.8131887981699725,-0.001790266648313999,0.9997604884639408,0.5138153428377461,0.5175314077414245,0.9848231597245437,0.9974491946996975
player,pooled,top150,min_5_0.25,BLK,29914,0.5986743451017927,0.003332841233671716,1.000254382376192,0.5022714075895754,0.5158209861895051,0.9787056227853179,0.9974491946996975
player,pooled,top150,min_5_0.25,FG3M,29914,1.0847858788373492,-0.0275194871928513,0.9987726015062316,0.5101489460026305,0.5147723119912686,0.9403958012970516,0.9974491946996975
player,pooled,top150,min_5_0.25,TOV,29914,1.0655416978607546,0.007603545836101775,0.9979022218652323,0.5102420856610801,0.5138795725167111,0.9873303469947182,0.9974491946996975
player,pooled,top150,min_5_0.25,FG3A,29914,1.7358837598004624,-0.07286465641624072,0.9945130952136211,0.5282717975385682,0.5305451376716313,0.9642642241091128,0.9974491946996975
player,pooled,top150,min_5_0.25,OREB,29914,0.906063592028701,-0.0019487242041732542,0.9995393023937799,0.5089733170797779,0.5151622646418972,0.9872300595039112,0.9974491946996975
player,2023-24,top150,min_5_0.25,PTS,10118,5.510433403044587,-0.28456069149673385,0.9951223510925433,0.5376226826608506,0.5374382728789872,0.996936153389998,0.9975688597421433
player,2023-24,top150,min_5_0.25,AST,10118,1.6672789879675352,-0.18376383566539783,0.9953801425067055,0.5341577740101725,0.5352255268302935,0.99100612769322,0.9975688597421433
player,2023-24,top150,min_5_0.25,REB,10118,2.0479362698207675,-0.08581461216189569,0.9960098394134735,0.5329949238578681,0.5352975900359758,0.9929828029254794,0.9975688597421433
player,2023-24,top150,min_5_0.25,STL,10118,0.7844759808613196,-0.009816755380680338,0.9996307549147305,0.5133125690746508,0.5179906393703249,0.9836924293338605,0.9975688597421433
player,2023-24,top150,min_5_0.25,BLK,10118,0.6296232194813103,0.0005498411510597268,1.0002490287131227,0.5046296296296297,0.5205976382078978,0.98201225538644,0.9975688597421433
player,2023-24,top150,min_5_0.25,FG3M,10118,1.07436091398427,-0.03975960567719063,0.9986308181710033,0.5022672150163451,0.5081803503842484,0.937240561375766,0.9975688597421433
player,2023-24,top150,min_5_0.25,TOV,10118,1.069054273982322,0.005782475875237706,0.9989292871893166,0.5024,0.5065056360708534,0.9883376161296699,0.9975688597421433
player,2023-24,top150,min_5_0.25,FG3A,10118,1.7176319425148958,-0.11140767331340268,0.9941057777985994,0.5193000514668039,0.5224179902625908,0.9601699940699743,0.9975688597421433
player,2023-24,top150,min_5_0.25,OREB,10118,0.9004081175332856,0.013998354377820797,1.0000617378797996,0.5095846645367412,0.5188555322245745,0.9899189563154773,0.9975688597421433
player,2024-25,top150,min_5_0.25,PTS,9875,5.485021240750874,-0.4482071197698215,0.9952083062791884,0.5342604811694244,0.5340291634556313,0.9975696202531645,0.9976399312657873
player,2024-25,top150,min_5_0.25,AST,9875,1.6405480611135403,-0.14028147786124506,0.9959429631721128,0.5363784998978132,0.537536189084485,0.9909873417721519,0.9976399312657873
player,2024-25,top150,min_5_0.25,REB,9875,2.034941872575844,-0.037372823622850784,0.9965452123197909,0.5204612715583222,0.5236253226863555,0.9923037974683544,0.9976399312657873
player,2024-25,top150,min_5_0.25,STL,9875,0.8293272483195271,0.003345060064543083,0.999957883373311,0.5158811475409836,0.5204905005567382,0.9883544303797468,0.9976399312657873
player,2024-25,top150,min_5_0.25,BLK,9875,0.5755714868313938,0.01990194709089522,1.0004332237561209,0.5006722515254939,0.5228625396485975,0.9791392405063292,0.9976399312657873
player,2024-25,top150,min_5_0.25,FG3M,9875,1.112520722174006,-0.0284540806927301,0.9988406002597515,0.5122265122265123,0.518224582150345,0.9442025316455697,0.9976399312657873
player,2024-25,top150,min_5_0.25,TOV,9875,1.0722169181778511,-0.01205033336799557,0.9974069810736108,0.5096489427222336,0.5141707309775291,0.9865316455696203,0.9976399312657873
player,2024-25,top150,min_5_0.25,FG3A,9875,1.77277240691642,-0.06851384047988154,0.9950519291598802,0.5336482939632546,0.5358331471716273,0.9645569620253165,0.9976399312657873
player,2024-25,top150,min_5_0.25,OREB,9875,0.9022374495121501,-0.01955199706392979,0.9993722819983151,0.5085093295058437,0.5166519109755394,0.987746835443038,0.9976399312657873
player,2025-26,top150,min_5_0.25,PTS,9921,5.351444910967509,-0.16147024509937175,0.9937236649220806,0.5450400243185733,0.5452658042789028,0.9947585928837819,0.9971351036887243
player,2025-26,top150,min_5_0.25,AST,9921,1.6117025126010067,-0.0757361296003496,0.9959752557277645,0.5367841858569391,0.5372052080713499,0.9892147968954742,0.9971351036887243
player,2025-26,top150,min_5_0.25,REB,9921,2.0646079007009823,-0.03629415063068778,0.994995135605016,0.5302491103202847,0.5307357072798939,0.9913315190001007,0.9971351036887243
player,2025-26,top150,min_5_0.25,STL,9921,0.8264081400006541,0.0012840869153004264,0.9996889713446825,0.5122601826202934,0.5134812405923903,0.9824614454188086,0.9971351036887243
player,2025-26,top150,min_5_0.25,BLK,9921,0.5901066618489307,-0.010321178069242749,1.0000866397149428,0.5014474772539289,0.5041163483810844,0.9749017236165709,0.9971351036887243
player,2025-26,top150,min_5_0.25,FG3M,9921,1.067811603707234,-0.014106058139746943,0.9988476008177495,0.5160875160875161,0.517304495515971,0.9398246144541881,0.9971351036887243
player,2025-26,top150,min_5_0.25,TOV,9921,1.0553151031798123,0.02902352799561027,0.9973436173650161,0.5188399877463494,0.5201695201931575,0.9870980747908477,0.9971351036887243
player,2025-26,top150,min_5_0.25,FG3A,9921,1.717780392904527,-0.03788693868678439,0.994375448247481,0.5320145757418011,0.5328964333013033,0.9681483721399052,0.9971351036887243
player,2025-26,top150,min_5_0.25,OREB,9921,0.9156397686535848,-0.0006908088329927963,0.9991795994537752,0.5088096701495595,0.5103195156244955,0.9839733897792561,0.9971351036887243
player,pooled,top150,form_5_0.25,PTS,29914,5.440286909489062,-0.26460057153949657,0.9930468002833155,0.534725252593065,0.534877776811449,0.9958882128769139,0.9971608341654318
player,pooled,top150,form_5_0.25,AST,29914,1.6339825965923578,-0.11217109032276222,0.9920925088007532,0.5348530901722391,0.5359055527986284,0.9898375342648927,0.9971608341654318
player,pooled,top150,form_5_0.25,REB,29914,2.049611012658205,-0.05313861549548129,0.9960573682341956,0.528806931193743,0.5293014773678211,0.991609279935816,0.9971608341654318
player,pooled,top150,form_5_0.25,STL,29914,0.8162305564475243,-0.0039092186251063555,1.0035001240174515,0.512190980711763,0.5106455413981835,0.9844220097613158,0.9971608341654318
player,pooled,top150,form_5_0.25,BLK,29914,0.5985405884252896,0.0013992820561891158,1.0000309041146955,0.5193221033928999,0.5103159214003412,0.9783713311492946,0.9971608341654318
player,pooled,top150,form_5_0.25,FG3M,29914,1.0865626804930384,-0.02462791367442549,1.0004085195676888,0.5240059748203998,0.5236817455918986,0.9399612221702213,0.9971608341654318
player,pooled,top150,form_5_0.25,TOV,29914,1.0653146488367156,0.001718556632235923,0.9976895856765133,0.5226448968530877,0.5202511414229073,0.9868623387042856,0.9971608341654318
player,pooled,top150,form_5_0.25,FG3A,29914,1.7268604789205295,-0.06652359519524,0.9893435261418293,0.5514861443484895,0.5522249755170725,0.9638630741458849,0.9971608341654318
player,pooled,top150,form_5_0.25,OREB,29914,0.9085463246302052,-0.004697726959423487,1.0022781706524473,0.5114498644986449,0.5083069897421527,0.9868289095406833,0.9971608341654318
player,2023-24,top150,form_5_0.25,PTS,10118,5.498461189473658,-0.2765510797043849,0.9929603038550435,0.536036482601368,0.5359145992675893,0.996936153389998,0.9969240866770751
player,2023-24,top150,form_5_0.25,AST,10118,1.6595060864772653,-0.1552222241174652,0.9907396523134534,0.5335593896479506,0.5347158913605563,0.99100612769322,0.9969240866770751
player,2023-24,top150,form_5_0.25,REB,10118,2.050419984743792,-0.08343382774690376,0.9972177893570768,0.5276201851298895,0.5283629224869468,0.9929828029254794,0.9969240866770751
player,2023-24,top150,form_5_0.25,STL,10118,0.7885562882102973,-0.011832890904581832,1.0048301501990402,0.5075856525670652,0.5058186867441143,0.9836924293338605,0.9969240866770751
player,2023-24,top150,form_5_0.25,BLK,10118,0.6286660296862197,-0.0012801158864408544,0.9987283920320001,0.5201288244766505,0.5151989080672221,0.98201225538644,0.9969240866770751
player,2023-24,top150,form_5_0.25,FG3M,10118,1.0750529009020504,-0.03688879473168932,0.9992740279647262,0.5314773805757672,0.5309122099789266,0.937240561375766,0.9969240866770751
player,2023-24,top150,form_5_0.25,TOV,10118,1.0701059887163704,-0.0019549476527079774,0.9999120143297171,0.517,0.5144524959742351,0.9883376161296699,0.9969240866770751
player,2023-24,top150,form_5_0.25,FG3A,10118,1.7081749123818977,-0.10223792552828041,0.988632376854356,0.55295934122491,0.5538151488546572,0.9601699940699743,0.9969240866770751
player,2023-24,top150,form_5_0.25,OREB,10118,0.9003724053278545,0.0063011503053488,1.0000220731882725,0.5196685303514377,0.5130055470793397,0.9899189563154773,0.9969240866770751
player,2024-25,top150,form_5_0.25,PTS,9875,5.475952425196149,-0.37719681769605856,0.9935628503781013,0.534267438318611,0.5340509882772487,0.9973670886075949,0.9977511269898454
player,2024-25,top150,form_5_0.25,AST,9875,1.637249707067896,-0.11898296192281123,0.9939406003156575,0.5312212570260603,0.532120995463153,0.9908860759493671,0.9977511269898454
player,2024-25,top150,form_5_0.25,REB,9875,2.030553063612849,-0.03980365805870661,0.9943959388595485,0.5334217777324217,0.5339361967149525,0.9923037974683544,0.9977511269898454
player,2024-25,top150,form_5_0.25,STL,9875,0.8320234242302327,0.0005576180713402462,1.00320878627362,0.5155241315708576,0.5143349546127776,0.988253164556962,0.9977511269898454
player,2024-25,top150,form_5_0.25,BLK,9875,0.5744954875649398,0.014537971374041517,0.998562968819027,0.533822920976417,0.5155469936466172,0.9790379746835443,0.9977511269898454
player,2024-25,top150,form_5_0.25,FG3M,9875,1.1152043268884426,-0.025411622353555686,1.001249987600047,0.5131395473560013,0.5139812275556421,0.9441012658227849,0.9977511269898454
player,2024-25,top150,form_5_0.25,TOV,9875,1.0725369962791915,-0.01357778310403015,0.9977047269190215,0.5228905768835967,0.5223270033853518,0.9865316455696203,0.9977511269898454
player,2024-25,top150,form_5_0.25,FG3A,9875,1.7695374920889573,-0.06344234269538478,0.9932361809977451,0.5362729658792651,0.5371892126380081,0.9645569620253165,0.9977511269898454
player,2024-25,top150,form_5_0.25,OREB,9875,0.9063233792920085,-0.01746213455270618,1.0038981027458158,0.5055361902809103,0.5051798858361225,0.987746835443038,0.9977511269898454
player,2025-26,top150,form_5_0.25,PTS,9921,5.345457322502645,-0.1403385846018484,0.9926118141131275,0.5338406900050736,0.5340383628956598,0.9933474448140308,0.9968059398320137
player,2025-26,top150,form_5_0.25,AST,9921,1.6047003280104506,-0.06148480831638333,0.9916481528451264,0.5398040416411513,0.5404164266964812,0.9876020562443302,0.9968059398320137
player,2025-26,top150,form_5_0.25,REB,9921,2.0677555613187053,-0.03551496335640904,0.9965120856283612,0.525415096261587,0.5256107689182519,0.9895171857675638,0.9968059398320137
player,2025-26,top150,form_5_0.25,STL,9921,0.8287347069031323,-0.0002743326512807945,1.002503371591879,0.5135579293344289,0.5118956648433559,0.981352686221147,0.9968059398320137
player,2025-26,top150,form_5_0.25,BLK,9921,0.5917505628550749,-0.008945885631570533,1.0028726503458136,0.5039842698954776,0.49871229939585643,0.9739945570003024,0.9968059398320137
player,2025-26,top150,form_5_0.25,FG3M,9921,1.0697921625761853,-0.011343494992457117,1.0007002464227077,0.5272766323024055,0.5257457174773501,0.9386150589658301,0.9968059398320137
player,2025-26,top150,form_5_0.25,TOV,9921,1.053239307853271,0.020690421489679152,0.9953818514302241,0.528172614786788,0.5237265035907956,0.9856869267210967,0.9968059398320137
player,2025-26,top150,form_5_0.25,FG3A,9921,1.7034379466354288,-0.03316705594782204,0.9860730037110912,0.5650995517564891,0.5652448203069251,0.9669388166515472,0.9968059398320137
player,2025-26,top150,form_5_0.25,OREB,9921,0.9190951907441071,-0.0032097837260095397,1.002950282399786,0.5089230769230769,0.5061747988560691,0.9827638342908981,0.9968059398320137
player,pooled,top150,min_5_0.5,PTS,29914,5.437366501892144,-0.25456100700033785,0.9925137215196612,0.5374706474337471,0.5376829118671128,0.996523366985358,0.9966684152371234
player,pooled,top150,min_5_0.5,AST,29914,1.6358974516355675,-0.12411621820122477,0.9932551364491577,0.5327708403644954,0.5340443658620576,0.9905061175369392,0.9966684152371234
player,pooled,top150,min_5_0.5,REB,29914,2.046948975158907,-0.03651338944087387,0.9947636876044098,0.5274932614555256,0.5297727464568037,0.9921775757170556,0.9966684152371234
player,pooled,top150,min_5_0.5,STL,29914,0.8136401198544866,0.0016778937292633834,1.0003153578728392,0.5084343074364457,0.5127592119769008,0.9849234472153506,0.9966684152371234
player,pooled,top150,min_5_0.5,BLK,29914,0.5990174054569761,0.005354076429678462,1.0008275614784818,0.4983436358047881,0.513903908717736,0.9788393394397272,0.9966684152371234
player,pooled,top150,min_5_0.5,FG3M,29914,1.0846728517381696,-0.02238638252828209,0.9986685363887803,0.5077661275990759,0.5132393767441455,0.9405295179514609,0.9966684152371234
player,pooled,top150,min_5_0.5,TOV,29914,1.0644441947108527,0.012860584284876107,0.996874387070978,0.5157085787798767,0.5200239348205687,0.9874306344855251,0.9966684152371234
player,pooled,top150,min_5_0.5,FG3A,29914,1.7328893057753776,-0.059019082010174896,0.9927975288779387,0.5279578465698339,0.5306834404294128,0.9643310824363175,0.9966684152371234
player,pooled,top150,min_5_0.5,OREB,29914,0.9064810424675139,0.002658733631497518,0.9999998198718756,0.5058915148642242,0.5130953131792639,0.9872969178311158,0.9966684152371234
player,2023-24,top150,min_5_0.5,PTS,10118,5.503389003853941,-0.2148569001894515,0.9938502117575958,0.533458907504709,0.5332315310055806,0.996936153389998,0.9969140414907128
player,2023-24,top150,min_5_0.5,AST,10118,1.662651331532703,-0.16847562785302628,0.9926173911286719,0.5320634287423955,0.5333824566626758,0.99100612769322,0.9969140414907128
player,2023-24,top150,min_5_0.5,REB,10118,2.046125701640128,-0.06184903955022274,0.9951292730846212,0.5313028764805414,0.5341319260321186,0.9929828029254794,0.9969140414907128
player,2023-24,top150,min_5_0.5,STL,10118,0.7847649549282235,-0.005254536306495817,0.9999989846269206,0.5058776248367326,0.5115611998277494,0.9836924293338605,0.9969140414907128
player,2023-24,top150,min_5_0.5,BLK,10118,0.6299573765017432,0.0031927526774398673,1.000779886255831,0.49838969404186795,0.5174493945216497,0.98201225538644,0.9969140414907128
player,2023-24,top150,min_5_0.5,FG3M,10118,1.0740486856899991,-0.03179624023040834,0.9983405983827507,0.49952546662448594,0.5068187060315996,0.937240561375766,0.9969140414907128
player,2023-24,top150,min_5_0.5,TOV,10118,1.068859532325292,0.013599492348217529,0.9987473196789872,0.5066,0.5116988727858293,0.9883376161296699,0.9969140414907128
player,2023-24,top150,min_5_0.5,FG3A,10118,1.7139439609347598,-0.09105015728892144,0.9919713020087192,0.5193000514668039,0.5231363237289488,0.9601699940699743,0.9969140414907128
player,2023-24,top150,min_5_0.5,OREB,10118,0.901065076515868,0.02001532911356223,1.0007914064923307,0.5015974440894568,0.512626221873729,0.9899189563154773,0.9969140414907128
player,2024-25,top150,min_5_0.5,PTS,9875,5.472973436440672,-0.4065652128486968,0.9930223393711929,0.5366967820525835,0.5364637383013615,0.9975696202531645,0.9968764111550015
player,2024-25,top150,min_5_0.5,AST,9875,1.6367594160355041,-0.129698841234712,0.9936429547207515,0.5308604128346618,0.5320287997436546,0.9909873417721519,0.9968764111550015
player,2024-25,top150,min_5_0.5,REB,9875,2.0328719133981257,-0.020781063642055418,0.9955315185450148,0.5214817838554955,0.5246849628158313,0.9923037974683544,0.9968764111550015
player,2024-25,top150,min_5_0.5,STL,9875,0.8299877163369214,0.007266610972460937,1.000754239940695,0.5088114754098361,0.5134483185239936,0.9883544303797468,0.9968764111550015
player,2024-25,top150,min_5_0.5,BLK,9875,0.5760024532224398,0.021835135466426896,1.0011823107171494,0.4960182025028441,0.5177353563432896,0.9791392405063292,0.9968764111550015
player,2024-25,top150,min_5_0.5,FG3M,9875,1.1123738163801316,-0.02336671315606333,0.9987087056636166,0.5136207636207636,0.5198062271951938,0.9442025316455697,0.9968764111550015
player,2024-25,top150,min_5_0.5,TOV,9875,1.070636355936006,-0.00621525494984092,0.9959366966681767,0.5177581605419832,0.5223797582570605,0.9865316455696203,0.9968764111550015
player,2024-25,top150,min_5_0.5,FG3A,9875,1.7704414967213888,-0.054007587295690176,0.9937435961346047,0.5335433070866141,0.535802871050755,0.9645569620253165,0.9968764111550015
player,2024-25,top150,min_5_0.5,OREB,9875,0.9022311810138064,-0.015402783658622084,0.999365338633792,0.5043059257740414,0.5124941069283955,0.987746835443038,0.9968764111550015
player,2025-26,top150,min_5_0.5,PTS,9921,5.334591161350204,-0.14375409438669065,0.9905940485070719,0.5423419773095624,0.5427485676095479,0.9950609817558714,0.9962046943142647
player,2025-26,top150,min_5_0.5,AST,9921,1.6077543556524736,-0.07331923107163983,0.9935354341132215,0.5353977793623307,0.536157098934605,0.9895171857675638,0.9962046943142647
player,2025-26,top150,min_5_0.5,REB,9921,2.0618003879551203,-0.026334033474433326,0.9936421128231426,0.5295912141549726,0.5304494938106623,0.9912307227094043,0.9962046943142647
player,2025-26,top150,min_5_0.5,STL,9921,0.8268168564193412,0.0031851756892709773,1.0001833872106352,0.5106666666666667,0.5127378560616134,0.9827638342908981,0.9962046943142647
player,2025-26,top150,min_5_0.5,BLK,9921,0.5903713038830561,-0.008846325169226541,1.000535143315642,0.5006200909466721,0.5061724372742331,0.9753049087793569,0.9962046943142647
player,2025-26,top150,min_5_0.5,FG3M,9921,1.0679354549269784,-0.01181388931394377,0.9989634531771643,0.5102915951972555,0.5125800553662604,0.9402277996169741,0.9962046943142647
player,2025-26,top150,min_5_0.5,TOV,9921,1.0537777318460757,0.0310943954589455,0.9958906982486234,0.5229685585953451,0.5252394708448311,0.9874004636629372,0.9962046943142647
player,2025-26,top150,min_5_0.5,FG3A,9921,1.7148327704972097,-0.03134022812802409,0.9926691513514151,0.5311751847611117,0.5327462471972639,0.9683499647212983,0.9962046943142647
player,2025-26,top150,min_5_0.5,OREB,9921,0.9162347089682822,0.0029352632305704013,0.999828820081461,0.5118803768947153,0.5146737788466735,0.9841749823606492,0.9962046943142647
player,pooled,top150,form_5_0.5,PTS,29914,5.4668651443778495,-0.18824321674231195,0.9978982780734864,0.5351951931791481,0.5353382522891805,0.9958882128769139,1.0048104510430393
player,pooled,top150,form_5_0.5,AST,29914,1.6409102814213472,-0.0812938454665681,0.9962987373349489,0.5349881796690308,0.5361139725616382,0.9898375342648927,1.0048104510430393
player,pooled,top150,form_5_0.5,REB,29914,2.0664738423795783,-0.035990918116080635,1.0042522626261179,0.5276270100798975,0.5280804647542474,0.991609279935816,1.0048104510430393
player,pooled,top150,form_5_0.5,STL,29914,0.8273767229581014,-0.002560010224321287,1.017203579967891,0.5126663950013584,0.5110541153497128,0.9844220097613158,1.0048104510430393
player,pooled,top150,form_5_0.5,BLK,29914,0.6015024572667573,0.00148695807471335,1.0049795415716642,0.5196637851505108,0.5104758484690529,0.9783713311492946,1.0048104510430393
player,pooled,top150,form_5_0.5,FG3M,29914,1.0982209915763756,-0.016603235491430376,1.0111424366632555,0.524041539227541,0.5238285455447759,0.9399612221702213,1.0048104510430393
player,pooled,top150,form_5_0.5,TOV,29914,1.0737563051155334,0.0010906058771443065,1.0055953744164337,0.5247112225195624,0.5225111741054624,0.9868623387042856,1.0048104510430393
player,pooled,top150,form_5_0.5,FG3A,29914,1.7320083869998524,-0.04633695956817336,0.9922928376777826,0.5526306662504769,0.5533798391053617,0.9638630741458849,1.0048104510430393
player,pooled,top150,form_5_0.5,OREB,29914,0.9188374610877225,-0.00283927187900293,1.0136310110557947,0.5111788617886179,0.5081903191983811,0.9868289095406833,1.0048104510430393
player,2023-24,top150,form_5_0.5,PTS,10118,5.52637607843151,-0.19883767660475313,0.9980014191173889,0.5353425200753446,0.5352217183541007,0.996936153389998,1.0044833375639424
player,2023-24,top150,form_5_0.5,AST,10118,1.665759420602857,-0.1113924047571602,0.9944729474956002,0.5337588511020245,0.5350044618975444,0.99100612769322,1.0044833375639424
player,2023-24,top150,form_5_0.5,REB,10118,2.068815522299527,-0.05708747072023897,1.0061644234280727,0.5253309445605654,0.5262399763496404,0.9929828029254794,1.0044833375639424
player,2023-24,top150,form_5_0.5,STL,10118,0.8003560285565855,-0.009286807354298826,1.0198661533883349,0.5091932080779664,0.5074932658658156,0.9836924293338605,1.0044833375639424
player,2023-24,top150,form_5_0.5,BLK,10118,0.631480360377415,-0.0004671613975612332,1.0031993699966644,0.518317230273752,0.5138543033444504,0.98201225538644,1.0044833375639424
player,2023-24,top150,form_5_0.5,FG3M,10118,1.0864148292028473,-0.026054618339405797,1.0098350709134534,0.5297901507961615,0.5295472892924167,0.937240561375766,1.0044833375639424
player,2023-24,top150,form_5_0.5,TOV,10118,1.0799896952494703,-0.0018753547076739295,1.009147395696396,0.5177,0.5155676328502415,0.9883376161296699,1.0044833375639424
player,2023-24,top150,form_5_0.5,FG3A,10118,1.7113141713883324,-0.0727106617186756,0.9904492710556413,0.5556356150283067,0.5566813563960183,0.9601699940699743,1.0044833375639424
player,2023-24,top150,form_5_0.5,OREB,10118,0.9086483681847274,0.004620920968618277,1.009213986983928,0.5173722044728435,0.5109383427666738,0.9899189563154773,1.0044833375639424
player,2024-25,top150,form_5_0.5,PTS,9875,5.505359222683734,-0.26454460870117064,0.9988984521627053,0.534267438318611,0.5340695860006565,0.9973670886075949,1.0059446870950355
player,2024-25,top150,form_5_0.5,AST,9875,1.6459026344174172,-0.0871018093578443,0.9991936144204302,0.5324476239141543,0.5333787996084166,0.9908860759493671,1.0059446870950355
player,2024-25,top150,form_5_0.5,REB,9875,2.044434248374639,-0.025642732513766982,1.0011937881751065,0.5317889580569446,0.531964884033546,0.9923037974683544,1.0059446870950355
player,2024-25,top150,form_5_0.5,STL,9875,0.8437731869117248,0.0016917269860553016,1.017376013800431,0.5146019059329849,0.5131517604708747,0.988253164556962,1.0059446870950355
player,2024-25,top150,form_5_0.5,BLK,9875,0.5763552104940926,0.011107184032719418,1.0017954580021629,0.5339263549855192,0.5150278882302655,0.9790379746835443,1.0059446870950355
player,2024-25,top150,form_5_0.5,FG3M,9875,1.127569153663636,-0.01728179647771453,1.01235134576092,0.5122814544674461,0.513044685662874,0.9441012658227849,1.0059446870950355
player,2024-25,top150,form_5_0.5,TOV,9875,1.0818067610006181,-0.009270154421910128,1.006327728374524,0.5284335865325395,0.5279087913680638,0.9865316455696203,1.0059446870950355
player,2024-25,top150,form_5_0.5,FG3A,9875,1.7812209709360587,-0.04386459172669706,0.9997940832534172,0.5366929133858268,0.5373984292456992,0.9645569620253165,1.0059446870950355
player,2024-25,top150,form_5_0.5,OREB,9875,0.9177651554784869,-0.011223058636174642,1.0165716999056131,0.5046134919007587,0.5044068291679505,0.987746835443038,1.0059446870950355
player,2025-26,top150,form_5_0.5,PTS,9921,5.367856913955035,-0.10149077339164599,0.9967712522613545,0.5359715880263826,0.5361450824762863,0.9933474448140308,1.0039897639650106
player,2025-26,top150,form_5_0.5,AST,9921,1.610598510826191,-0.04481658850370715,0.9952930216049073,0.5387834251888141,0.5394815917665399,0.9876020562443302,1.0039897639650106
player,2025-26,top150,form_5_0.5,REB,9921,2.086023068603619,-0.024775658925875587,1.005315733469654,0.5258225527146786,0.5259910671609151,0.9895171857675638,1.0039897639650106
player,2025-26,top150,form_5_0.5,STL,9921,0.8386135241286008,6.833655610849098e-05,1.0144535741034626,0.5142769104354972,0.512634642330156,0.981352686221147,1.0039897639650106
player,2025-26,top150,form_5_0.5,BLK,9921,0.5959599351627709,-0.006095740293882147,1.0100065081357354,0.5067784331987996,0.5009731611149295,0.9739945570003024,1.0039897639650106
player,2025-26,top150,form_5_0.5,FG3M,9921,1.0810495018358057,-0.006288763019364168,1.01123053685224,0.5299613402061856,0.5285564972013016,0.9386150589658301,1.0039897639650106
player,2025-26,top150,form_5_0.5,TOV,9921,1.0593860104637676,0.014428182447082313,1.0011908980343587,0.528172614786788,0.5237750628152797,0.9856869267210967,1.0039897639650106
player,2025-26,top150,form_5_0.5,FG3A,9921,1.7041291215213377,-0.02190046265009944,0.9864731056914258,0.565412279787345,0.5657405484032226,0.9669388166515472,1.0039897639650106
player,2025-26,top150,form_5_0.5,OREB,9921,0.9302962112020018,-0.0021026865554630474,1.0151732455319482,0.5113846153846154,0.5087200055160688,0.9827638342908981,1.0039897639650106
player,pooled,top150,min_5_0.75,PTS,29914,5.441671555267954,-0.21136254733216622,0.9932995476260799,0.5370500821844285,0.5372762070857928,0.9965567961489603,0.9975831848966311
player,pooled,top150,min_5_0.75,AST,29914,1.6344601540734176,-0.11465015971235952,0.9923824636634678,0.5330048596112311,0.534334524842913,0.9905729758641438,0.9975831848966311
player,pooled,top150,min_5_0.75,REB,29914,2.050777614253278,-0.019626927723869553,0.9966243061104139,0.5263938015832912,0.5287589205720173,0.9923447215350671,0.9975831848966311
player,pooled,top150,min_5_0.75,STL,29914,0.814638335329273,0.00514605410684076,1.0015425961143292,0.5067707449516375,0.5112411039486521,0.9849903055425553,0.9975831848966311
player,pooled,top150,min_5_0.75,BLK,29914,0.5995052460180043,0.007375311625685499,1.0016426367578213,0.4957311659039683,0.5117245515435793,0.9788727686033295,0.9975831848966311
player,pooled,top150,min_5_0.75,FG3M,29914,1.0859018843425654,-0.01725327786371305,0.9998001183125262,0.508725166151331,0.5144696978090634,0.9405963762786655,0.9975831848966311
player,pooled,top150,min_5_0.75,TOV,29914,1.0645535063240013,0.018117622733650418,0.9969767596969007,0.5165199729180772,0.5210296929847343,0.9874974928127298,0.9975831848966311
player,pooled,top150,min_5_0.75,FG3A,29914,1.735931616060888,-0.045173507604109014,0.9945405127624096,0.5281475318912923,0.5309955207034782,0.9643645115999198,0.9975831848966311
player,pooled,top150,min_5_0.75,OREB,29914,0.9077862876145899,0.007266191467168485,1.0014397230257417,0.5066183689359829,0.5141437968004265,0.9874640636491275,0.9975831848966311
player,2023-24,top150,min_5_0.75,PTS,10118,5.513836690495356,-0.1451531088821679,0.9957369465629391,0.5321701199563795,0.5319372713673828,0.996936153389998,0.9979900860124287
player,2023-24,top150,min_5_0.75,AST,10118,1.6612048667359276,-0.15318742004065508,0.9917538389901596,0.5321631594694325,0.5335097859244446,0.99100612769322,0.9979900860124287
player,2023-24,top150,min_5_0.75,REB,10118,2.050753543557028,-0.0378834669385498,0.9973800150400324,0.5287150393152185,0.5316091296867756,0.9929828029254794,0.9979900860124287
player,2023-24,top150,min_5_0.75,STL,10118,0.7855652106583436,-0.0006923172323113751,1.0010187229734573,0.505375263739576,0.5111540991319907,0.9836924293338605,0.9979900860124287
player,2023-24,top150,min_5_0.75,BLK,10118,0.6304002494602347,0.00583566420382015,1.001483455045656,0.49708132045088566,0.5165587462271853,0.98201225538644,0.9979900860124287
player,2023-24,top150,min_5_0.75,FG3M,10118,1.0751937248352357,-0.023832874783626095,0.9994049254292404,0.5011072445428661,0.5085735104475735,0.937240561375766,0.9979900860124287
player,2023-24,top150,min_5_0.75,TOV,10118,1.0695230084947511,0.02141650882119732,0.9993672748984299,0.5062,0.5114090177133656,0.9883376161296699,0.9979900860124287
player,2023-24,top150,min_5_0.75,FG3A,10118,1.7164360269656762,-0.0706926412644398,0.9934136233691176,0.5209469891919711,0.5248665952133906,0.9601699940699743,0.9979900860124287
player,2023-24,top150,min_5_0.75,OREB,10118,0.9024701354440225,0.02603230384930353,1.0023519718028304,0.5030950479233227,0.5144663032946781,0.9899189563154773,0.9979900860124287
player,2024-25,top150,min_5_0.75,PTS,9875,5.475360644194322,-0.3649233059275713,0.9934554769801414,0.5371028321997767,0.5368635925805381,0.9975696202531645,0.9977593404273524
player,2024-25,top150,min_5_0.75,AST,9875,1.6355862659069629,-0.11911620460817933,0.992930759422755,0.5326997751890455,0.533895603018661,0.9909873417721519,0.9977593404273524
player,2024-25,top150,min_5_0.75,REB,9875,2.0366599899370836,-0.004189303661259656,0.9973866032477644,0.5221428571428571,0.5254278596187175,0.9924050632911392,0.9977593404273524
player,2024-25,top150,min_5_0.75,STL,9875,0.8312807181059223,0.011188161880378893,1.0023132714505636,0.5074290398606415,0.5121869461974109,0.988253164556962,0.9977593404273524
player,2024-25,top150,min_5_0.75,BLK,9875,0.576598409613071,0.02376832384195848,1.0022181760905018,0.4924493173355399,0.5141695206908653,0.9790379746835443,0.9977593404273524
player,2024-25,top150,min_5_0.75,FG3M,9875,1.1135357664926675,-0.01827934561939668,0.9997519248367505,0.5143715143715144,0.5207142318741049,0.9442025316455697,0.9977593404273524
player,2024-25,top150,min_5_0.75,TOV,9875,1.0702158274435516,-0.00038017653168637995,0.9955455089831087,0.5211455553274482,0.5259373167717838,0.9865316455696203,0.9977593404273524
player,2024-25,top150,min_5_0.75,FG3A,9875,1.7743524344431176,-0.03950133411149886,0.9959387939556275,0.5323884514435695,0.5347120694530239,0.9645569620253165,0.9977593404273524
player,2024-25,top150,min_5_0.75,OREB,9875,0.9030691730807074,-0.011253570253314284,1.0002935488789444,0.5052286241541931,0.5136075638307387,0.987746835443038,0.9977593404273524
player,2025-26,top150,min_5_0.75,PTS,9921,5.3345405612775245,-0.12603794367401128,0.9905846524485266,0.5419831864681455,0.5424611198316203,0.9951617780465679,0.9969827468880766
player,2025-26,top150,min_5_0.75,AST,9921,1.606063484677649,-0.07090233254292956,0.9924905355426785,0.5341684489255525,0.5350603810318685,0.9897187783489567,0.9969827468880766
player,2025-26,top150,min_5_0.75,REB,9921,2.064854329042871,-0.016373916318178562,0.9951138966546912,0.5282577759707258,0.529230143855052,0.9916339078721903,0.9969827468880766
player,2025-26,top150,min_5_0.75,STL,9921,0.8277235430201565,0.005086264463241472,1.001280187388928,0.5075361427253153,0.5098483601064543,0.9830662231629876,0.9969827468880766
player,2025-26,top150,min_5_0.75,BLK,9921,0.5907973904258444,-0.00737147226921034,1.0012572559206259,0.49762347592477785,0.5039745039074752,0.9755065013607499,0.9969827468880766
player,2025-26,top150,min_5_0.75,FG3M,9921,1.0693169202928738,-0.009521720488140548,1.0002556973909797,0.5108252947481243,0.5136408400345076,0.9404293921983671,0.9969827468880766
player,2025-26,top150,min_5_0.75,TOV,9921,1.05384925836318,0.03316526292228062,0.9959582956089715,0.5224535619514187,0.525054109628388,0.9876020562443302,0.9969827468880766
player,2025-26,top150,min_5_0.75,FG3A,9921,1.717571651232821,-0.0247935175692638,0.9942546134805753,0.5312239800166528,0.5330474565659509,0.9684507610119948,0.9969827468880766
player,2025-26,top150,min_5_0.75,OREB,9921,0.9179032449459079,0.006561335294133548,1.0016495875566969,0.5116183846862524,0.5148484344826216,0.9846789638141317,0.9969827468880766
player,pooled,top150,form_5_0.75,PTS,29914,5.561801416359983,-0.11188586194512498,1.0152275407927356,0.5355644322110704,0.5357125649563117,0.9958882128769139,1.0224210339231568
player,pooled,top150,form_5_0.75,AST,29914,1.6679298373389126,-0.05041660061037528,1.0127039910217654,0.5343802769334685,0.5354882338423168,0.9898375342648927,1.0224210339231568
player,pooled,top150,form_5_0.75,REB,29914,2.1061878343760636,-0.018843220736679857,1.0235522244753588,0.5275258739844251,0.52796744815794,0.991609279935816,1.0224210339231568
player,pooled,top150,form_5_0.75,STL,29914,0.8453804674998054,-0.0012108018235362586,1.0393379631243047,0.5120891062211356,0.5104037660904005,0.9844220097613158,1.0224210339231568
player,pooled,top150,form_5_0.75,BLK,29914,0.6075932612550806,0.0015746340932376055,1.015155947878969,0.5194587760959443,0.5102224242925438,0.9783713311492946,1.0224210339231568
player,pooled,top150,form_5_0.75,FG3M,29914,1.1198913069271694,-0.008578557308435507,1.0310945006240828,0.5231524290490077,0.5229037230490822,0.9399612221702213,1.0224210339231568
player,pooled,top150,form_5_0.75,TOV,29914,1.092957165999901,0.00046265512205269507,1.0235773846715857,0.5253209579621286,0.5231390399328343,0.9868623387042856,1.0224210339231568
player,pooled,top150,form_5_0.75,FG3A,29914,1.7599399220738423,-0.026150323941106404,1.0082952210422635,0.5533589983699233,0.5541419811332371,0.9638630741458849,1.0224210339231568
player,pooled,top150,form_5_0.75,OREB,29914,0.9362541564274516,-0.0009808167985823602,1.0328445316773365,0.5114837398373984,0.5083577915109704,0.9868289095406833,1.0224210339231568
player,2023-24,top150,form_5_0.75,PTS,10118,5.6237646932184875,-0.12112427350512076,1.0155887085786708,0.5353425200753446,0.53521153615565,0.996936153389998,1.0223332007261743
player,2023-24,top150,form_5_0.75,AST,10118,1.6947271378762496,-0.0675625853968563,1.011766928140578,0.5338585818290615,0.5350851621408192,0.99100612769322,1.0223332007261743
player,2023-24,top150,form_5_0.75,REB,10118,2.1110829167980496,-0.030741113693574386,1.026721088900177,0.5234398327859062,0.5243671003677621,0.9929828029254794,1.0223332007261743
player,2023-24,top150,form_5_0.75,STL,10118,0.8182404969938162,-0.0067407238040158735,1.0426557162574637,0.5083894303225158,0.506484488901805,0.9836924293338605,1.0223332007261743
player,2023-24,top150,form_5_0.75,BLK,10118,0.6381610727756811,0.0003457930913183464,1.0138126635994336,0.5186191626409018,0.513900003656025,0.98201225538644,1.0223332007261743
player,2023-24,top150,form_5_0.75,FG3M,10118,1.1078949885046465,-0.015220441947122207,1.029801125875795,0.5287356321839081,0.5285833918704983,0.937240561375766,1.0223332007261743
player,2023-24,top150,form_5_0.75,TOV,10118,1.101075895954108,-0.0017957617626398758,1.0288504397345186,0.5192,0.5171014492753623,0.9883376161296699,1.0223332007261743
player,2023-24,top150,form_5_0.75,FG3A,10118,1.737199558527274,-0.04318339790907128,1.0054308350790149,0.5565620174987134,0.5577588565955555,0.9601699940699743,1.0223332007261743
player,2023-24,top150,form_5_0.75,OREB,10118,0.9240959987285849,0.0029406916318877084,1.026371300369929,0.518370607028754,0.5115812758918967,0.9899189563154773,1.0223332007261743
player,2024-25,top150,form_5_0.75,PTS,9875,5.602199652525449,-0.1518923997062839,1.0164692866101799,0.5359935018783633,0.5357952567970349,0.9973670886075949,1.0238301500048523
player,2024-25,top150,form_5_0.75,AST,9875,1.6746261300677043,-0.05522065679287724,1.0166310574607735,0.5310168625447113,0.5319209154311401,0.9908860759493671,1.0238301500048523
player,2024-25,top150,form_5_0.75,REB,9875,2.082061988859789,-0.011481806968827585,1.019620724657283,0.5336258801918563,0.5337247786338162,0.9923037974683544,1.0238301500048523
player,2024-25,top150,form_5_0.75,STL,9875,0.8627158624199901,0.0028258359007703373,1.040216066077809,0.513577210779793,0.5120845462610379,0.988253164556962,1.0238301500048523
player,2024-25,top150,form_5_0.75,BLK,9875,0.5807755885100377,0.007676396691397294,1.0094787660358207,0.5336160529582127,0.5151395845153501,0.9790379746835443,1.0238301500048523
player,2024-25,top150,form_5_0.75,FG3M,9875,1.150398930215616,-0.009151970601873392,1.032848319219907,0.5102434838571276,0.5109493282132204,0.9441012658227849,1.0238301500048523
player,2024-25,top150,form_5_0.75,TOV,9875,1.1009175892124374,-0.00496252573979017,1.024105169813293,0.5282282898788749,0.5277020584798151,0.9865316455696203,1.0238301500048523
player,2024-25,top150,form_5_0.75,FG3A,9875,1.8131448840257531,-0.02428684075800925,1.017712881618226,0.5351181102362205,0.5357900186055706,0.9645569620253165,1.0238301500048523
player,2024-25,top150,form_5_0.75,OREB,9875,0.9365591714345967,-0.0049839827196431164,1.0373890785503657,0.5035882714783678,0.5033278205973861,0.987746835443038,1.0238301500048523
player,2025-26,top150,form_5_0.75,PTS,9921,5.458396818296356,-0.06264296218144273,1.0135838415826761,0.5353627600202943,0.5355405371326247,0.9933474448140308,1.0210562894179585
player,2025-26,top150,form_5_0.75,AST,9921,1.6339351818068601,-0.02814836869103109,1.0097142604291223,0.5382731169626455,0.5389834931819665,0.9876020562443302,1.0210562894179585
player,2025-26,top150,form_5_0.75,REB,9921,2.125209533854706,-0.014036354495341925,1.0242008410453534,0.5256188244881328,0.5257962493156004,0.9895171857675638,1.0210562894179585
player,2025-26,top150,form_5_0.75,STL,9921,0.8558043357331381,0.00041100576349777714,1.0352489461934633,0.514379622021364,0.5127952840394401,0.981352686221147,1.0210562894179585
player,2025-26,top150,form_5_0.75,BLK,9921,0.6031117978332288,-0.003245594956193769,1.0221271682946766,0.5061575080202836,0.5001302029386108,0.9739945570003024,1.0210562894179585
player,2025-26,top150,form_5_0.75,FG3M,9921,1.1017596639300475,-0.001234031046271072,1.0306031449495534,0.5303908934707904,0.5288445207388464,0.9386150589658301,1.0210562894179585
player,2025-26,top150,form_5_0.75,TOV,9921,1.0767537098059097,0.008165943404485676,1.0176045398319673,0.5286839145106862,0.524305609451347,0.9856869267210967,1.0210562894179585
player,2025-26,top150,form_5_0.75,FG3A,9921,1.7301735677838985,-0.010633869352377019,1.0015495136150818,0.5682268320650474,0.5685632107636271,0.9669388166515472,1.0210562894179585
player,2025-26,top150,form_5_0.75,OREB,9921,0.9483501363086526,-0.000995589384916515,1.034874348819718,0.5123076923076924,0.5096173124089539,0.9827638342908981,1.0210562894179585
player,pooled,top150,min_5_1.0,PTS,29914,5.461722706249011,-0.1681640876639942,0.9969595993209577,0.5359766529133542,0.536212542277675,0.9965567961489603,1.0001546545183904
player,pooled,top150,min_5_1.0,AST,29914,1.6359937989212938,-0.10518410122349453,0.9933136348815138,0.53108126349892,0.5324662519435401,0.9905729758641438,1.0001546545183904
player,pooled,top150,min_5_1.0,REB,29914,2.0604125153279704,-0.002740466006865405,1.0013066161430824,0.5254505642580428,0.52791311252556,0.9923447215350671,1.0001546545183904
player,pooled,top150,min_5_1.0,STL,29914,0.8162209552933689,0.008614214484418063,1.0034883200494236,0.505311386390633,0.5099521583526843,0.9849903055425553,1.0001546545183904
player,pooled,top150,min_5_1.0,BLK,29914,0.6001110444282565,0.009396546821692433,1.0026547939007677,0.4959019192678096,0.5126400141615639,0.9788727686033295,1.0001546545183904
player,pooled,top150,min_5_1.0,FG3M,29914,1.0883326404455451,-0.012120173199143961,1.002038138408431,0.507196929310161,0.5131789739887062,0.9405963762786655,1.0001546545183904
player,pooled,top150,min_5_1.0,TOV,29914,1.0658152502167604,0.023374661182424684,0.9981584094029081,0.5169600541638456,0.5216614720470417,0.9874974928127298,1.0001546545183904
player,pooled,top150,min_5_1.0,FG3A,29914,1.7446710475372382,-0.03132793319804324,0.9995474603756211,0.5271769273433167,0.5301418879235975,0.9643645115999198,1.0001546545183904
player,pooled,top150,min_5_1.0,OREB,29914,0.9100390703170743,0.011873649302839146,1.0039249181827807,0.5047564237110261,0.5125309881675019,0.9874640636491275,1.0001546545183904
player,2023-24,top150,min_5_1.0,PTS,10118,5.539334663781221,-0.07544931757488488,1.0003415940141407,0.5327649449786854,0.5325175583953012,0.996936153389998,1.0006479548904403
player,2023-24,top150,min_5_1.0,AST,10118,1.6624740689382325,-0.137899212228283,0.9925115638089373,0.5297696220205446,0.5311957089362136,0.99100612769322,1.0006479548904403
player,2023-24,top150,min_5_1.0,REB,10118,2.0607618518176016,-0.013917894326877057,1.0022475363834944,0.5282173783218871,0.5312812215477455,0.9929828029254794,1.0006479548904403
player,2023-24,top150,min_5_1.0,STL,10118,0.7868700756771342,0.0038699018418730806,1.0026814675770153,0.5045714859841254,0.5106688100302578,0.9836924293338605,1.0006479548904403
player,2023-24,top150,min_5_1.0,BLK,10118,0.6309338164590178,0.008478575730200354,1.002331104649054,0.49748389694041867,0.5181308369453506,0.98201225538644,1.0006479548904403
player,2023-24,top150,min_5_1.0,FG3M,10118,1.077854228565168,-0.01586950933684377,1.0018778942258386,0.5012126964040915,0.5091776664115495,0.937240561375766,1.0006479548904403
player,2023-24,top150,min_5_1.0,TOV,10118,1.071056328682119,0.029233525294177,1.000800016414999,0.5058,0.5113285024154589,0.9883376161296699,1.0006479548904403
player,2023-24,top150,min_5_1.0,FG3A,10118,1.7246929518854315,-0.05033512523995825,0.9981924450516919,0.5187853834276891,0.5229211087420043,0.9601699940699743,1.0006479548904403
player,2023-24,top150,min_5_1.0,OREB,10118,0.9047174154404864,0.032049278585044874,1.0048479718888,0.5002995207667732,0.5122527687660238,0.9899189563154773,1.0006479548904403
player,2024-25,top150,min_5_1.0,PTS,9875,5.4916084923436586,-0.32328139900644587,0.9964035044767825,0.5360877068317937,0.5358537652460288,0.9975696202531645,1.0002637500635876
player,2024-25,top150,min_5_1.0,AST,9875,1.6376683976776116,-0.10853356798164616,0.9941947787675843,0.5293276108726752,0.5304930633087135,0.9909873417721519,1.0002637500635876
player,2024-25,top150,min_5_1.0,REB,9875,2.0458136448341295,0.012402456319535756,1.0018693017886,0.5213265306122449,0.5245494402186704,0.9924050632911392,1.0002637500635876
player,2024-25,top150,min_5_1.0,STL,9875,0.8332950601884682,0.01510971278829668,1.0047420560459555,0.5053796495542576,0.5100349822381272,0.988253164556962,1.0002637500635876
player,2024-25,top150,min_5_1.0,BLK,9875,0.5773395214470699,0.02570151221749001,1.0035063443167143,0.4924493173355399,0.5136593018800523,0.9790379746835443,1.0002637500635876
player,2024-25,top150,min_5_1.0,FG3M,9875,1.1158366683239838,-0.013191978082729943,1.001817714822071,0.5148005148005148,0.5210336038503307,0.9442025316455697,1.0002637500635876
player,2024-25,top150,min_5_1.0,TOV,9875,1.070926009391901,0.005454901886468198,0.9962061406343249,0.5221720385957709,0.5268848248256023,0.9865316455696203,1.0002637500635876
player,2024-25,top150,min_5_1.0,FG3A,9875,1.7844161561109528,-0.024995080927307584,1.0015875312786113,0.5345931758530184,0.536872207740034,0.9645569620253165,1.0002637500635876
player,2024-25,top150,min_5_1.0,OREB,9875,0.9046516348945434,-0.0071043568480065,1.0020463784416314,0.5028706171826943,0.5109958731199388,0.987746835443038,1.0002637500635876
player,2025-26,top150,min_5_1.0,PTS,9921,5.352822401441269,-0.10832179296133175,0.9939794546956405,0.5391471690468955,0.5396975313568817,0.9951617780465679,0.999529573736864
player,2025-26,top150,min_5_1.0,AST,9921,1.607320879381927,-0.06848543401421968,0.9932675610807975,0.5341684489255525,0.5352091202915514,0.9897187783489567,0.999529573736864
player,2025-26,top150,min_5_1.0,REB,9921,2.0745874230514487,-0.006413799161923815,0.9998045602860921,0.5267330758284204,0.5278472973311574,0.9916339078721903,0.999529573736864
player,2025-26,top150,min_5_1.0,STL,9921,0.8291597128901674,0.006987353237211984,1.0030174926144417,0.5059981544140264,0.5086394531773536,0.9830662231629876,0.999529573736864
player,2025-26,top150,min_5_1.0,BLK,9921,0.5913421685117191,-0.005896619369194197,1.0021805216969968,0.49772680305848316,0.5053930007980043,0.9755065013607499,0.999529573736864
player,2025-26,top150,min_5_1.0,FG3M,9921,1.0716426188858157,-0.007229551662337429,1.002431192067872,0.5056806002143622,0.5088756299266133,0.9404293921983671,0.999529573736864
player,2025-26,top150,min_5_1.0,TOV,9921,1.0553830378624764,0.0352361303856161,0.9974078202006809,0.5231679934680548,0.5261281076076194,0.9876020562443302,0.999529573736864
player,2025-26,top150,min_5_1.0,FG3A,9921,1.7254850203866798,-0.018246807010503546,0.9988354435051948,0.5283097418817652,0.5303834411326492,0.9684507610119948,0.999529573736864
player,2025-26,top150,min_5_1.0,OREB,9921,0.9208288524800281,0.010187407357696734,1.0048421174840512,0.5112089261951069,0.5148851910536776,0.9846789638141317,0.999529573736864
player,pooled,top150,form_5_1.0,PTS,29914,5.722969581899715,-0.03552850714793915,1.0446464912561042,0.5343560135611426,0.5345041176782164,0.9958882128769139,1.0485948653106196
player,pooled,top150,form_5_1.0,AST,29914,1.7130219012965608,-0.019539355754182187,1.0400821888997838,0.5351908139142182,0.5363032836030032,0.9898375342648927,1.0485948653106196
player,pooled,top150,form_5_1.0,REB,29914,2.1661603664221083,-0.001695523357279183,1.0526973071604198,0.5281326905572599,0.5285557902152039,0.991609279935816,1.0485948653106196
player,pooled,top150,form_5_1.0,STL,29914,0.8670342431620358,0.00013840657724877993,1.065959812050264,0.512055148057593,0.5103468773720358,0.9844220097613158,1.0485948653106196
player,pooled,top150,form_5_1.0,BLK,29914,0.6161007636325464,0.0016623101117618274,1.0293701306074592,0.5192537670413777,0.5099443957511469,0.9783713311492946,1.0485948653106196
player,pooled,top150,form_5_1.0,FG3M,29914,1.1509227589235256,-0.0005538791254404652,1.0596654514850354,0.5227256561633118,0.522567844222698,0.9399612221702213,1.0485948653106196
player,pooled,top150,form_5_1.0,TOV,29914,1.1216243011216704,-0.00016529563303894804,1.0504247599455523,0.5253209579621286,0.5232028676222796,0.9868623387042856,1.0485948653106196
player,pooled,top150,form_5_1.0,FG3A,29914,1.8093084594751623,-0.005963688314039777,1.0365791753450546,0.553671140706829,0.5545030816787931,0.9638630741458849,1.0485948653106196
player,pooled,top150,form_5_1.0,OREB,29914,0.9589922760312378,0.0008776382818381824,1.0579284710458943,0.5120934959349593,0.5090146734770036,0.9868289095406833,1.0485948653106196
player,2023-24,top150,form_5_1.0,PTS,10118,5.7885702795814105,-0.04341087040548916,1.0453507455327968,0.5322692574600971,0.5321385958394516,0.996936153389998,1.0490198939379556
player,2023-24,top150,form_5_1.0,AST,10118,1.7439748982995968,-0.023732766036552198,1.0411682719721125,0.5352548120075795,0.536465066645863,0.99100612769322,1.0490198939379556
player,2023-24,top150,form_5_1.0,REB,10118,2.17345229327504,-0.004394756666909739,1.057054314384097,0.5243356225739026,0.5252952602563901,0.9929828029254794,1.0490198939379556
player,2023-24,top150,form_5_1.0,STL,10118,0.8393129184669899,-0.0041946402537328354,1.0695075780085148,0.5082889581030845,0.5063741866736999,0.9836924293338605,1.0490198939379556
player,2023-24,top150,form_5_1.0,BLK,10118,0.6477493983723235,0.0011587475801979514,1.029045128140569,0.5184178743961353,0.5135547124130171,0.98201225538644,1.0490198939379556
player,2023-24,top150,form_5_1.0,FG3M,10118,1.1388398074164379,-0.004386265554838585,1.058564690731696,0.5292628914900348,0.52918623730093,0.937240561375766,1.0490198939379556
player,2023-24,top150,form_5_1.0,TOV,10118,1.1312760622900426,-0.0017161688176058072,1.0570696156595825,0.5193,0.5173067632850241,0.9883376161296699,1.0490198939379556
player,2023-24,top150,form_5_1.0,FG3A,10118,1.7854875781989445,-0.013656134099467017,1.033378265588353,0.5555326814204838,0.556840986055209,0.9601699940699743,1.0490198939379556
player,2023-24,top150,form_5_1.0,OREB,10118,0.9454065643970089,0.001260462295157146,1.050040435423873,0.5187699680511182,0.512167705473637,0.9899189563154773,1.0490198939379556
player,2024-25,top150,form_5_1.0,PTS,9875,5.7609759705561405,-0.03924019071139706,1.0452778369528082,0.5362981013300843,0.5360969027986481,0.9973670886075949,1.0498036420600432
player,2024-25,top150,form_5_1.0,AST,9875,1.7202874544850146,-0.023339504227910444,1.0443511077418155,0.5310168625447113,0.5319253249660005,0.9908860759493671,1.0498036420600432
player,2024-25,top150,form_5_1.0,REB,9875,2.140579126039217,0.0026791185761122502,1.0482775495429058,0.5343402387998776,0.5344237164439629,0.9923037974683544,1.0498036420600432
player,2024-25,top150,form_5_1.0,STL,9875,0.8851690981304299,0.0039599448154853814,1.0672889617307433,0.5131673327185162,0.5117067600880119,0.988253164556962,1.0498036420600432
player,2024-25,top150,form_5_1.0,BLK,9875,0.5868555700993292,0.004245609350075178,1.0200467245273641,0.5337194869673149,0.5153007708467492,0.9790379746835443,1.0498036420600432
player,2024-25,top150,form_5_1.0,FG3M,9875,1.1825550473982518,-0.001022144726032275,1.0617186447325515,0.5099216990239194,0.5106812129328647,0.9441012658227849,1.0498036420600432
player,2024-25,top150,form_5_1.0,TOV,9875,1.1290636371761638,-0.0006548970576701766,1.0502874322386606,0.5282282898788749,0.5277709835897547,0.9865316455696203,1.0498036420600432
player,2024-25,top150,form_5_1.0,FG3A,9875,1.8650601619769722,-0.004709089789321466,1.0468527741823759,0.5360629921259843,0.5367762118994563,0.9645569620253165,1.0498036420600432
player,2024-25,top150,form_5_1.0,OREB,9875,0.9607025635533808,0.0012550931968884347,1.0641317468911395,0.5048185359852368,0.5045545508352292,0.987746835443038,1.0498036420600432
player,2025-26,top150,form_5_1.0,PTS,9921,5.618236092621756,-0.023795150971239604,1.0432648103908637,0.5345509893455099,0.534714566909666,0.9933474448140308,1.0468768215093276
player,2025-26,top150,form_5_1.0,AST,9921,1.6742224091674713,-0.011480148878354919,1.0346103446998478,0.5392937334149827,0.5400498186244915,0.9876020562443302,1.0468768215093276
player,2025-26,top150,form_5_1.0,REB,9921,2.1841862743833205,-0.003297050064808424,1.0526234630453477,0.5258225527146786,0.5259257050251525,0.9895171857675638,1.0468768215093276
player,2025-26,top150,form_5_1.0,STL,9921,0.8772552562103021,0.0007536749708870643,1.061197684581007,0.5147904683648316,0.5130976910428805,0.981352686221147,1.0468768215093276
player,2025-26,top150,form_5_1.0,BLK,9921,0.6129332805001454,-0.00039544961850539005,1.0387721822089406,0.5056400703715203,0.4995149503975364,0.9739945570003024,1.0468768215093276
player,2025-26,top150,form_5_1.0,FG3M,9921,1.1317600187421766,0.00382070092682187,1.0586659439711525,0.5288874570446735,0.5274920746518275,0.9386150589658301,1.0468768215093276
player,2025-26,top150,form_5_1.0,TOV,9921,1.1043760435831473,0.001903704361889089,1.0437094995794838,0.5285816545659066,0.5241897882792367,0.9856869267210967,1.0468768215093276
player,2025-26,top150,form_5_1.0,FG3A,9921,1.7781091463563101,0.0006327239453453521,1.0292980911555079,0.5692692588345669,0.5695800423946861,0.9669388166515472,1.0468768215093276
player,2025-26,top150,form_5_1.0,OREB,9921,0.9711453998124674,0.0001115077856299781,1.0597493739517883,0.5125128205128205,0.5097963955035097,0.9827638342908981,1.0468768215093276
player,pooled,top150,min_10_0.25,PTS,29914,5.455416836164068,-0.304200408670854,0.9958085526546703,0.5364176200221424,0.5366170550358931,0.996423079494551,0.998104889319434
player,pooled,top150,min_10_0.25,AST,29914,1.6421540405867119,-0.13503150973807862,0.997053900917031,0.5313734093900834,0.5325680814254439,0.9904058300461323,0.998104889319434
player,pooled,top150,min_10_0.25,REB,29914,2.0512383846580047,-0.05587706712547805,0.9968482284809699,0.5238367979515515,0.5259669283805996,0.9922110048806578,0.998104889319434
player,pooled,top150,min_10_0.25,STL,29914,0.8132012599306524,-0.0023401139697785487,0.9997758093537062,0.5128309572301426,0.5169606707222639,0.9848231597245437,0.998104889319434
player,pooled,top150,min_10_0.25,BLK,29914,0.5987456731641273,0.0030469806828742913,1.0003735560263007,0.49643064521638147,0.5109620073885981,0.9787056227853179,0.998104889319434
player,pooled,top150,min_10_0.25,FG3M,29914,1.0851784110433524,-0.02832104657279523,0.9991340096146929,0.5081227115993032,0.513267969340328,0.9403958012970516,0.998104889319434
player,pooled,top150,min_10_0.25,TOV,29914,1.0661976610138988,0.006813191678874812,0.9985165451613611,0.507127137294735,0.511164204345838,0.9873303469947182,0.998104889319434
player,pooled,top150,min_10_0.25,FG3A,29914,1.7379327827067774,-0.07494987992459637,0.9956870102878393,0.5236262783844687,0.526202697930582,0.9642642241091128,0.998104889319434
player,pooled,top150,min_10_0.25,OREB,29914,0.9062513143011004,-0.002678037437115004,0.9997463913783143,0.50443586617906,0.5111890847887648,0.9872300595039112,0.998104889319434
player,2023-24,top150,min_10_0.25,PTS,10118,5.514770972182354,-0.29576580556345244,0.9959056673369658,0.5345494200456032,0.5343391497667727,0.996936153389998,0.9980611858959859
player,2023-24,top150,min_10_0.25,AST,10118,1.669277118743622,-0.18618012580984156,0.9965730440612712,0.5304677371098035,0.5316885476105564,0.99100612769322,0.9980611858959859
player,2023-24,top150,min_10_0.25,REB,10118,2.0487033117595055,-0.08967669721973429,0.9963828887751565,0.5280183139245546,0.5306177822689957,0.9929828029254794,0.9980611858959859
player,2023-24,top150,min_10_0.25,STL,10118,0.7844174236192116,-0.010543670717066713,0.9995561374355976,0.5144177634883954,0.519781605658545,0.9836924293338605,0.9980611858959859
player,2023-24,top150,min_10_0.25,BLK,10118,0.6297482513950794,0.00010516902734157206,1.0004476602858394,0.4993961352657005,0.5174757991461151,0.98201225538644,0.9980611858959859
player,2023-24,top150,min_10_0.25,FG3M,10118,1.0750205178411856,-0.041023831020325384,0.9992439275374414,0.5018454075714437,0.5086652477956826,0.937240561375766,0.9980611858959859
player,2023-24,top150,min_10_0.25,TOV,10118,1.0694141711542282,0.00448254377569371,0.9992655767810982,0.4969,0.5016062801932367,0.9883376161296699,0.9980611858959859
player,2023-24,top150,min_10_0.25,FG3A,10118,1.7195747214227044,-0.11469101082950187,0.9952301908287956,0.5143592382913021,0.517971164042279,0.9601699940699743,0.9980611858959859
player,2023-24,top150,min_10_0.25,OREB,10118,0.9003035345116809,0.012978029524632733,0.9999455800217065,0.4995007987220447,0.509713846098884,0.9899189563154773,0.9980611858959859
player,2024-25,top150,min_10_0.25,PTS,9875,5.490630231233182,-0.45357787402829525,0.9962260077014475,0.5365952695157852,0.5363449423596485,0.9975696202531645,0.998342545601813
player,2024-25,top150,min_10_0.25,AST,9875,1.6427520636828725,-0.14173074896607063,0.9972809677705593,0.5315757204169221,0.5328175307089829,0.9909873417721519,0.998342545601813
player,2024-25,top150,min_10_0.25,REB,9875,2.037537235581918,-0.03948544681172253,0.9978162051735837,0.5159710174507602,0.5193814955258618,0.9923037974683544,0.998342545601813
player,2024-25,top150,min_10_0.25,STL,9875,0.8293046878766874,0.002756836292859093,0.9999306812131061,0.5145491803278689,0.519543781399131,0.9883544303797468,0.998342545601813
player,2024-25,top150,min_10_0.25,BLK,9875,0.5755379044842385,0.019662679979710353,1.000374852386808,0.49384631295894094,0.5167317891844782,0.9791392405063292,0.998342545601813
player,2024-25,top150,min_10_0.25,FG3M,9875,1.1127206183314557,-0.029208137704813498,0.9990200705329032,0.5123337623337624,0.5186878669357878,0.9442025316455697,0.998342545601813
player,2024-25,top150,min_10_0.25,TOV,9875,1.0732269389627935,-0.012742392323885424,0.9983465314247161,0.510162184356395,0.5150924982190456,0.9865316455696203,0.998342545601813
player,2024-25,top150,min_10_0.25,FG3A,9875,1.7749931212512435,-0.07054296920221342,0.9962984095734723,0.531233595800525,0.5336124566428724,0.9645569620253165,0.998342545601813
player,2024-25,top150,min_10_0.25,OREB,9875,0.9026138309494288,-0.020104789432270016,0.9997891846397163,0.5023580069714989,0.5110443328754979,0.987746835443038,0.998342545601813
player,2025-26,top150,min_10_0.25,PTS,9921,5.359833989219053,-0.16411763917543645,0.9952814545890156,0.5381497618806363,0.5384084080752498,0.9947585928837819,0.9979104616890704
player,2025-26,top150,min_10_0.25,AST,9921,1.6138971327280023,-0.07619906494516014,0.9973314534907655,0.5320970042796006,0.5325701668602354,0.9892147968954742,0.9979104616890704
player,2025-26,top150,min_10_0.25,REB,9921,2.067461418093483,-0.037721900640712576,0.9963703293761647,0.5274021352313167,0.5279294570840873,0.9913315190001007,0.9979104616890704
player,2025-26,top150,min_10_0.25,STL,9921,0.8265278907976896,0.0009530221380246124,0.9998338314269,0.5094900995178003,0.5108020342804459,0.9824614454188086,0.9979104616890704
player,2025-26,top150,min_10_0.25,BLK,9921,0.5902276436482605,-0.010491450949579697,1.0002916743112018,0.4959677419354839,0.4984825195389575,0.9749017236165709,0.9979104616890704
player,2025-26,top150,min_10_0.25,FG3M,9921,1.06812350392204,-0.014483046575941919,0.9991393571352203,0.5102960102960103,0.5117910680440116,0.9398246144541881,0.9979104616890704
player,2025-26,top150,min_10_0.25,TOV,9921,1.0559205952599238,0.02865503096036282,0.9979158480282938,0.5145512100479934,0.5159181744759842,0.9870980747908477,0.9979104616890704
player,2025-26,top150,min_10_0.25,FG3A,9921,1.7197668741235344,-0.038806092089468516,0.9955253671548958,0.5254554919312858,0.5265276741868654,0.9681483721399052,0.9979104616890704
player,2025-26,top150,min_10_0.25,OREB,9921,0.9159378160657431,-0.0012990342687658136,0.9995048396891784,0.5115754968244213,0.5133117468211603,0.9839733897792561,0.9979104616890704
player,pooled,top150,form_10_0.25,PTS,29914,5.441267705625699,-0.2774239009772932,0.9932258306325275,0.5350609244402672,0.5352703140600867,0.9958882128769139,0.9965595402583306
player,pooled,top150,form_10_0.25,AST,29914,1.6370842793815175,-0.11747915640910125,0.9939757334239575,0.5321513002364067,0.5337275968673951,0.9898375342648927,0.9965595402583306
player,pooled,top150,form_10_0.25,REB,29914,2.0489765184207887,-0.054355210741370494,0.9957490206226867,0.5293800357347538,0.5303330702378244,0.991609279935816,0.9965595402583306
player,pooled,top150,form_10_0.25,STL,29914,0.8134922193165158,-0.004176388953043016,1.000133524189911,0.5127003531649008,0.5132248852434687,0.9844220097613158,0.9965595402583306
player,pooled,top150,form_10_0.25,BLK,29914,0.598176748225982,0.001612847919094126,0.9994230064206913,0.5113267502648033,0.5112336947022437,0.9783713311492946,0.9965595402583306
player,pooled,top150,form_10_0.25,FG3M,29914,1.084246262038931,-0.02619485187461402,0.998275771224712,0.5231168646418665,0.5254666777924281,0.9399612221702213,0.9965595402583306
player,pooled,top150,form_10_0.25,TOV,29914,1.065030117952335,0.0015883498516389202,0.9974231165160068,0.5203414518478371,0.5193124900791584,0.9868623387042856,0.9965595402583306
player,pooled,top150,form_10_0.25,FG3A,29914,1.7284961004675958,-0.06998113736511832,0.9902805975547031,0.5460409946935803,0.5478523012503206,0.9638630741458849,0.9965595402583306
player,pooled,top150,form_10_0.25,OREB,29914,0.9069791011944219,-0.0045292302566083825,1.0005492617397838,0.5101287262872629,0.5102211625826083,0.9868289095406833,0.9965595402583306
player,2023-24,top150,form_10_0.25,PTS,10118,5.502398869763829,-0.28829767384574145,0.9936714046671922,0.5307821949043323,0.5306155119306667,0.996936153389998,0.9960611585505489
player,2023-24,top150,form_10_0.25,AST,10118,1.662178544879768,-0.16199063260920102,0.9923351333605503,0.5362521192779496,0.5378697683156715,0.99100612769322,0.9960611585505489
player,2023-24,top150,form_10_0.25,REB,10118,2.0470907461107686,-0.08558123680872425,0.995598620594302,0.5319996018712053,0.5331359929029864,0.9929828029254794,0.9960611585505489
player,2023-24,top150,form_10_0.25,STL,10118,0.7846039305151161,-0.012609533569684162,0.9997937967568494,0.5123078468803376,0.5124108933015208,0.9836924293338605,0.9960611585505489
player,2023-24,top150,form_10_0.25,BLK,10118,0.6284673650086607,-0.0011802506550897777,0.9984127839911516,0.5159017713365539,0.5176443825177013,0.98201225538644,0.9960611585505489
player,2023-24,top150,form_10_0.25,FG3M,10118,1.074351185255977,-0.03825999051759764,0.9986217752062311,0.5217758093430349,0.5239840743963682,0.937240561375766,0.9960611585505489
player,2023-24,top150,form_10_0.25,TOV,10118,1.0677517161555783,-0.003129320300393426,0.9977121710960902,0.5164,0.5145088566827697,0.9883376161296699,0.9960611585505489
player,2023-24,top150,form_10_0.25,FG3A,10118,1.7102503004121254,-0.1064559741338427,0.9898335394439379,0.5375193000514668,0.5400214359828056,0.9601699940699743,0.9960611585505489
player,2023-24,top150,form_10_0.25,OREB,10118,0.899066109635065,0.0067533201342249854,0.9985712018386333,0.520367412140575,0.5171754962692674,0.9899189563154773,0.9960611585505489
player,2024-25,top150,form_10_0.25,PTS,9875,5.476328799670846,-0.3943928058122696,0.9936311401780933,0.534267438318611,0.5339715252772339,0.9973670886075949,0.9972672246086322
player,2024-25,top150,form_10_0.25,AST,9875,1.6395225188248745,-0.12469687889722932,0.9953203775557358,0.5314256515074093,0.5328414006087081,0.9908860759493671,0.9972672246086322
player,2024-25,top150,form_10_0.25,REB,9875,2.0324000669099207,-0.040387503849190466,0.9953004473949744,0.5302581896111848,0.5314575725960703,0.9923037974683544,0.9972672246086322
player,2024-25,top150,form_10_0.25,STL,9875,0.8299171469563639,0.0007772485425322465,1.0006691512033394,0.5165488267240496,0.5177519311303844,0.988253164556962,0.9972672246086322
player,2024-25,top150,form_10_0.25,BLK,9875,0.5746456336422779,0.015414415314116327,0.9988239461739199,0.5188249896565991,0.5102027069091444,0.9790379746835443,0.9972672246086322
player,2024-25,top150,form_10_0.25,FG3M,9875,1.112067722702063,-0.027184766515230354,0.9984338893954461,0.520326075297651,0.5241712836387874,0.9441012658227849,0.9972672246086322
player,2024-25,top150,form_10_0.25,TOV,9875,1.0737062949537333,-0.014009889246660408,0.9987924421389298,0.5161157873126668,0.5175208775388813,0.9865316455696203,0.9972672246086322
player,2024-25,top150,form_10_0.25,FG3A,9875,1.7687493403325638,-0.06725717199803458,0.992793793738891,0.5396325459317586,0.5414534419510701,0.9645569620253165,0.9972672246086322
player,2024-25,top150,form_10_0.25,OREB,9875,0.9042846046107375,-0.01738856049379317,1.001639833698349,0.5044084478162805,0.5081272919798911,0.987746835443038,0.9972672246086322
player,2025-26,top150,form_10_0.25,PTS,9921,5.344024139206423,-0.14990764564735243,0.9923456825951281,0.5402333840690005,0.5405193312758491,0.9933474448140308,0.9963531012051189
player,2025-26,top150,form_10_0.25,AST,9921,1.6090647861031702,-0.06489956506116286,0.9943452338703317,0.5286793223106756,0.5296876148585281,0.9876020562443302,0.9963531012051189
player,2025-26,top150,form_10_0.25,REB,9921,2.0673993289139507,-0.0364120773688071,0.9963404067784647,0.5258225527146786,0.5263458901836262,0.9895171857675638,0.9963531012051189
player,2025-26,top150,form_10_0.25,STL,9921,0.8266053677540828,-0.0005064578007026769,0.9999275537114319,0.5092440427280197,0.5093893723135008,0.981352686221147,0.9963531012051189
player,2025-26,top150,form_10_0.25,BLK,9921,0.5907066641524868,-0.0092761659557422,1.001103497050035,0.49912035599710236,0.5043811865532777,0.9739945570003024,0.9963531012051189
player,2025-26,top150,form_10_0.25,FG3M,9921,1.0666453612065234,-0.012904812577587783,0.997756679423228,0.5272766323024055,0.5277520103709157,0.9386150589658301,0.9963531012051189
player,2025-26,top150,form_10_0.25,TOV,9921,1.0536185285450934,0.021925614007870117,0.9957402404416453,0.5285816545659066,0.5255737261770352,0.9856869267210967,0.9963531012051189
player,2025-26,top150,form_10_0.25,FG3A,9921,1.7070376044787932,-0.03549335988038855,0.9881567458450075,0.5610340873553633,0.5615896206282338,0.9669388166515472,0.9963531012051189
player,2025-26,top150,form_10_0.25,OREB,9921,0.9177312231943724,-0.0032361104866511004,1.001461871130783,0.5053333333333333,0.5047475934258364,0.9827638342908981,0.9963531012051189
player,pooled,top150,min_10_0.5,PTS,29914,5.442185442915197,-0.26744289100502616,0.9933933504883798,0.5356927205635693,0.5359345074810813,0.996523366985358,0.997192470859919
player,pooled,top150,min_10_0.5,AST,29914,1.6388031931759723,-0.12701468429720017,0.9950193929478137,0.5300371245359433,0.5314787263526743,0.9905061175369392,0.997192470859919
player,pooled,top150,min_10_0.5,REB,29914,2.048341200958326,-0.04146782137607324,0.9954402729453155,0.5241576819407008,0.5267172469600953,0.9921775757170556,0.997192470859919
player,pooled,top150,min_10_0.5,STL,29914,0.8134156810833821,0.0005781990863342118,1.0000394256220093,0.5068390863116451,0.5117395425484894,0.9849234472153506,0.997192470859919
player,pooled,top150,min_10_0.5,BLK,29914,0.5990804079583446,0.004782355328083698,1.0009328249303246,0.4914791161504047,0.5083937303583466,0.9788393394397272,0.997192470859919
player,pooled,top150,min_10_0.5,FG3M,29914,1.0848959634870303,-0.023989501288170557,0.9988739574826362,0.5065221254665008,0.5126974408499836,0.9405295179514609,0.997192470859919
player,pooled,top150,min_10_0.5,TOV,29914,1.0652133203245173,0.011279875970422036,0.997594689392618,0.5101225539982396,0.5149843614517527,0.9874306344855251,0.997192470859919
player,pooled,top150,min_10_0.5,FG3A,29914,1.7338929019836038,-0.06318952902688577,0.9933725037665274,0.5232779838458071,0.526392023509279,0.9643310824363175,0.997192470859919
player,pooled,top150,min_10_0.5,OREB,29914,0.9065408704915723,0.0012001071656140292,1.000065820163646,0.5034536466445453,0.5115412352527298,0.9872969178311158,0.997192470859919
player,2023-24,top150,min_10_0.5,PTS,10118,5.504590866204622,-0.23726712832288707,0.9940672545926373,0.5326658074749678,0.5324122375086244,0.996936153389998,0.9971427892782975
player,2023-24,top150,min_10_0.5,AST,10118,1.665140019895177,-0.17330820814191336,0.994103159854101,0.5301685449286925,0.5316414409580701,0.99100612769322,0.9971427892782975
player,2023-24,top150,min_10_0.5,REB,10118,2.045195252002191,-0.0695732096659,0.994676750704837,0.5252314123618991,0.528350773329598,0.9929828029254794,0.9971427892782975
player,2023-24,top150,min_10_0.5,STL,10118,0.7843744706156479,-0.006708366979268747,0.9995014039008211,0.5095950969556917,0.5160034083795504,0.9836924293338605,0.9971427892782975
player,2023-24,top150,min_10_0.5,BLK,10118,0.6301425217631624,0.0023034084300035456,1.0010740167169938,0.48963365539452497,0.5103942819770158,0.98201225538644,0.9971427892782975
player,2023-24,top150,min_10_0.5,FG3M,10118,1.0747756362783905,-0.03432469091667771,0.9990163073101666,0.49899820731835914,0.5071293024816264,0.937240561375766,0.9971427892782975
player,2023-24,top150,min_10_0.5,TOV,10118,1.069208917449436,0.01099962814912952,0.9990737867644325,0.4999,0.5055595813204509,0.9883376161296699,0.9971427892782975
player,2023-24,top150,min_10_0.5,FG3A,10118,1.7149412506925612,-0.09761683232111924,0.9925484987211336,0.5141533710756562,0.5184828341105777,0.9601699940699743,0.9971427892782975
player,2023-24,top150,min_10_0.5,OREB,10118,0.9005541430631315,0.017974679407186205,1.000223924939544,0.49820287539936103,0.5104262383402413,0.9899189563154773,0.9971427892782975
player,2024-25,top150,min_10_0.5,PTS,9875,5.47733598964886,-0.4173067213656457,0.9938138858390753,0.5351740940006091,0.5348909492826242,0.9975696202531645,0.9975412041440299
player,2024-25,top150,min_10_0.5,AST,9875,1.639761974662598,-0.13259738344436386,0.9954657462664868,0.5272838749233599,0.5286875632908073,0.9909873417721519,0.9975412041440299
player,2024-25,top150,min_10_0.5,REB,9875,2.03550154264309,-0.025006310019799107,0.9968192921515103,0.5191346055719971,0.5229898353798001,0.9923037974683544,0.9975412041440299
player,2024-25,top150,min_10_0.5,STL,9875,0.8296540457767523,0.0060901634290929365,1.0003519180493443,0.507889344262295,0.513476128994054,0.9883544303797468,0.9975412041440299
player,2024-25,top150,min_10_0.5,BLK,9875,0.5758819658690613,0.021356601244056993,1.0009728848610737,0.48733064432723133,0.5121051744862287,0.9791392405063292,0.9975412041440299
player,2024-25,top150,min_10_0.5,FG3M,9875,1.1123458714425614,-0.024874827180229986,0.9986836162089614,0.5139425139425139,0.5212418656460164,0.9442025316455697,0.9975412041440299
player,2024-25,top150,min_10_0.5,TOV,9875,1.0721711282955377,-0.007599372861620938,0.9973643860095884,0.5130363375076986,0.5185898533664972,0.9865316455696203,0.9975412041440299
player,2024-25,top150,min_10_0.5,FG3A,9875,1.7716029405726517,-0.058065844740353735,0.9943955111465383,0.5318635170603675,0.5345695000610823,0.9645569620253165,0.9975412041440299
player,2024-25,top150,min_10_0.5,OREB,9875,0.9028074031060352,-0.016508368395302425,1.0000035967636896,0.5,0.5097323521497156,0.987746835443038,0.9975412041440299
player,2025-26,top150,min_10_0.5,PTS,9921,5.343553276617771,-0.14904888253882242,0.9922582469015803,0.5393030794165316,0.539708132158744,0.9950609817558714,0.9968889711581392
player,2025-26,top150,min_10_0.5,AST,9921,1.6109890635594506,-0.07424510176126095,0.995534369406593,0.5326474483039625,0.5333886817187996,0.9895171857675638,0.9968889711581392
player,2025-26,top150,min_10_0.5,REB,9921,2.0643297441899024,-0.0291895334944825,0.9948610838195107,0.528065893837706,0.5288879834332005,0.9912307227094043,0.9968889711581392
player,2025-26,top150,min_10_0.5,STL,9921,0.8268704856560712,0.0025230461347192524,1.0002482613979797,0.5029743589743589,0.5049205212399572,0.9827638342908981,0.9968889711581392
player,2025-26,top150,min_10_0.5,BLK,9921,0.590492377331855,-0.009186870929900448,1.000740333235357,0.4975196362133113,0.5024869921326701,0.9753049087793569,0.9968889711581392
player,2025-26,top150,min_10_0.5,FG3M,9921,1.0678946158039506,-0.012567866186333633,0.9989252516255862,0.5067538593481989,0.5090196915072773,0.9402277996169741,0.9968889711581392
player,2025-26,top150,min_10_0.5,TOV,9921,1.0542128359556222,0.030357401388450604,0.9963019008413241,0.5176602694977542,0.5198580456190602,0.9874004636629372,0.9968889711581392
player,2025-26,top150,min_10_0.5,FG3A,9921,1.7156856826202382,-0.033178534933392886,0.993162878534559,0.5239929218278339,0.5256254322546385,0.9683499647212983,0.9968889711581392
player,2025-26,top150,min_10_0.5,OREB,9921,0.9163626322649111,0.0017188123590243887,0.9999684146607472,0.5122900450634985,0.5150314966073604,0.9841749823606492,0.9968889711581392
player,pooled,top150,form_10_0.5,PTS,29914,5.436489759307154,-0.21388987561790565,0.992353684662573,0.5349266557013863,0.53513963657674,0.9958882128769139,0.9979581093795231
player,pooled,top150,form_10_0.5,AST,29914,1.6362639902412535,-0.0919099776392456,0.9934776848444891,0.5305639986491051,0.5322555792113565,0.9898375342648927,0.9979581093795231
player,pooled,top150,form_10_0.5,REB,29914,2.051209973510163,-0.03842410860785873,0.9968344214058829,0.5298857162121161,0.5308050713461667,0.991609279935816,0.9979581093795231
player,pooled,top150,form_10_0.5,STL,29914,0.8172589487016472,-0.00309435088019465,1.004764462562977,0.5126663950013584,0.5132326412093666,0.9844220097613158,0.9979581093795231
player,pooled,top150,form_10_0.5,BLK,29914,0.5990653814354746,0.001914089800523447,1.0009077188848172,0.5109850685071924,0.5106308890655513,0.9783713311492946,0.9979581093795231
player,pooled,top150,form_10_0.5,FG3M,29914,1.0878052541579761,-0.019737111891807203,1.0015525688737403,0.5231879934561491,0.5256008803631107,0.9399612221702213,0.9979581093795231
player,pooled,top150,form_10_0.5,TOV,29914,1.0670823913061485,0.000830192315950204,0.9993451136971206,0.5224077775143119,0.5214512501517673,0.9868623387042856,0.9979581093795231
player,pooled,top150,form_10_0.5,FG3A,29914,1.7235072434142802,-0.05325204390792952,0.9874224086686899,0.5471508341136891,0.5489245185104742,0.9638630741458849,0.9979581093795231
player,pooled,top150,form_10_0.5,OREB,29914,0.9109818131575014,-0.0025022784733727066,1.004964920815444,0.510060975609756,0.5101946777578391,0.9868289095406833,0.9979581093795231
player,2023-24,top150,form_10_0.5,PTS,10118,5.502930491065427,-0.22233086488746684,0.9937674095003642,0.5320709824526618,0.5318966801708565,0.996936153389998,0.9972490750092989
player,2023-24,top150,form_10_0.5,AST,10118,1.659185331627107,-0.12492922174063299,0.9905481588616931,0.5375486187294305,0.5392749476194723,0.99100612769322,0.9972490750092989
player,2023-24,top150,form_10_0.5,REB,10118,2.0496814962207295,-0.06138228884387969,0.9968586268938199,0.531501940877874,0.5325104304089121,0.9929828029254794,0.9972490750092989
player,2023-24,top150,form_10_0.5,STL,10118,0.7883617977254451,-0.010840092684503467,1.0045823176650426,0.5138149301718075,0.5140473754175,0.9836924293338605,0.9972490750092989
player,2023-24,top150,form_10_0.5,BLK,10118,0.6289724340096734,-0.00026743093485906893,0.999215160336348,0.5165056360708534,0.5181135723832002,0.98201225538644,0.9972490750092989
player,2023-24,top150,form_10_0.5,FG3M,10118,1.0790959329887002,-0.02879700991122236,1.0030320727595698,0.5234630391226405,0.525886313836089,0.937240561375766,0.9972490750092989
player,2023-24,top150,form_10_0.5,TOV,10118,1.0697093837923863,-0.004224100003044875,0.9995414248436159,0.5212,0.5193558776167472,0.9883376161296699,0.9972490750092989
player,2023-24,top150,form_10_0.5,FG3A,10118,1.7045047536721216,-0.08114675892980115,0.9865082163235022,0.5405043746783325,0.5429988141796747,0.9601699940699743,0.9972490750092989
player,2023-24,top150,form_10_0.5,OREB,10118,0.9014224096958118,0.005525260626370611,1.001188287899752,0.5222643769968051,0.5188664346161403,0.9899189563154773,0.9972490750092989
player,2024-25,top150,form_10_0.5,PTS,9875,5.470547756588253,-0.29893658493359354,0.9925822213421908,0.5322367753071378,0.5319425177771143,0.9973670886075949,0.9990910591194196
player,2024-25,top150,form_10_0.5,AST,9875,1.640410610964228,-0.09852964330668088,0.9958595200153785,0.5271333673990802,0.5285735769135312,0.9908860759493671,0.9990910591194196
player,2024-25,top150,form_10_0.5,REB,9875,2.0332058437444274,-0.0268104240947346,0.995695049844038,0.5326053678946832,0.5337353955164988,0.9923037974683544,0.9990910591194196
player,2024-25,top150,form_10_0.5,STL,9875,0.8344383799220585,0.0021309879284394386,1.006120609063638,0.5142944973870274,0.5153233963865367,0.988253164556962,0.9990910591194196
player,2024-25,top150,form_10_0.5,BLK,9875,0.5751034500373968,0.012860071912868955,0.9996197026395109,0.5169631774927597,0.5078115717547736,0.9790379746835443,0.9990910591194196
player,2024-25,top150,form_10_0.5,FG3M,9875,1.11517239324292,-0.02082808480106374,1.0012213170134876,0.519253459186957,0.5227198263733659,0.9441012658227849,0.9990910591194196
player,2024-25,top150,form_10_0.5,TOV,9875,1.0772552703389042,-0.010134366707170711,1.0020938010009426,0.5199137754054609,0.5210783511704642,0.9865316455696203,0.9990910591194196
player,2024-25,top150,form_10_0.5,FG3A,9875,1.7673980481043001,-0.05149425033199587,0.9920353173922669,0.538477690288714,0.5401071151931537,0.9645569620253165,0.9990910591194196
player,2024-25,top150,form_10_0.5,OREB,9875,0.9087554352982132,-0.011075910518348567,1.0065919937632926,0.5039983596473242,0.5077699576936664,0.987746835443038,0.9990910591194196
player,2025-26,top150,form_10_0.5,PTS,9921,5.3348296396538615,-0.12062889548265417,0.9906383321609026,0.5405377980720446,0.5408353876309635,0.9933474448140308,0.9975356639001186
player,2025-26,top150,form_10_0.5,AST,9921,1.6087601083965264,-0.05164610199326632,0.9941569538034962,0.5268422126964687,0.5281013383605286,0.9876020562443302,0.9975356639001186
player,2025-26,top150,form_10_0.5,REB,9921,2.070689452862146,-0.0265698869506714,0.9979260140615157,0.52551696037486,0.5261377004473491,0.9895171857675638,0.9975356639001186
player,2025-26,top150,form_10_0.5,STL,9921,0.8296301300619705,-0.0003959137427352041,1.0035865466155127,0.509860312243221,0.5102171586357271,0.981352686221147,0.9975356639001186
player,2025-26,top150,form_10_0.5,BLK,9921,0.5924152972312936,-0.006756300942225474,1.0039992127312256,0.4993273310566077,0.5043880758507828,0.9739945570003024,0.9975356639001186
player,2025-26,top150,form_10_0.5,FG3M,9921,1.0694472673750892,-0.009411398189625319,1.0003776260813004,0.5268470790378007,0.5277933782039563,0.9386150589658301,0.9975356639001186
player,2025-26,top150,form_10_0.5,TOV,9921,1.0542775238105189,0.016898567483464938,0.9963630352067955,0.5261274158911954,0.5236438044748619,0.9856869267210967,0.9975356639001186
player,2025-26,top150,form_10_0.5,FG3A,9921,1.6991997638151946,-0.026553070515232664,0.9836196371695651,0.5624934848326905,0.5632621702001692,0.9669388166515472,0.9975356639001186
player,2025-26,top150,form_10_0.5,OREB,9921,0.9229470914143447,-0.00215534007674602,1.007153617270751,0.5035897435897436,0.503255864777906,0.9827638342908981,0.9975356639001186
player,pooled,top150,min_10_0.75,PTS,29914,5.439106089845615,-0.2306853733391985,0.992831258495144,0.5354063936130958,0.535661033382231,0.9965567961489603,0.9972618619333156
player,pooled,top150,min_10_0.75,AST,29914,1.6369538813566524,-0.11899785885632257,0.9938965606690563,0.5298326133909287,0.5313236181486043,0.9905729758641438,0.9972618619333156
player,pooled,top150,min_10_0.75,REB,29914,2.0490685190527373,-0.027058575626668413,0.9957937305246006,0.5235304025602155,0.5261661216692417,0.9923447215350671,0.9972618619333156
player,pooled,top150,min_10_0.75,STL,29914,0.8139730829563294,0.0034965121424470258,1.0007247134297301,0.5042592906838622,0.5092864809062454,0.9849903055425553,0.9972618619333156
player,pooled,top150,min_10_0.75,BLK,29914,0.599479397206258,0.00651772997329322,1.0015994490257276,0.4894815927873779,0.5068265447544356,0.9788727686033295,0.9972618619333156
player,pooled,top150,min_10_0.75,FG3M,29914,1.0852838146614538,-0.01965795600354554,0.9992310557211332,0.5066993638269893,0.513062814769402,0.9405963762786655,0.9972618619333156
player,pooled,top150,min_10_0.75,TOV,29914,1.064826829219572,0.015746560261969363,0.9972327323400396,0.5118144888287068,0.5168528364829789,0.9874974928127298,0.9972618619333156
player,pooled,top150,min_10_0.75,FG3A,29914,1.7334120502160346,-0.051429178129175725,0.9930970167835905,0.523987798114254,0.5272071589442993,0.9643645115999198,0.9972618619333156
player,pooled,top150,min_10_0.75,OREB,29914,0.9073425808236066,0.0050782517683431744,1.0009502404108082,0.5008971190629338,0.5091773610847752,0.9874640636491275,0.9972618619333156
player,2023-24,top150,min_10_0.75,PTS,10118,5.50652362948136,-0.17876845108232226,0.9944162899216835,0.5349459700604738,0.5346840668251001,0.996936153389998,0.9973023692963537
player,2023-24,top150,min_10_0.75,AST,10118,1.6627110444805975,-0.16043629047398558,0.9926530402809775,0.5295701605664705,0.5310894154715202,0.99100612769322,0.9973023692963537
player,2023-24,top150,min_10_0.75,REB,10118,2.045958811612505,-0.04946972211206581,0.9950481064428339,0.5253309445605654,0.5285511748711593,0.9929828029254794,0.9973023692963537
player,2023-24,top150,min_10_0.75,STL,10118,0.784728720112493,-0.0028730632414706455,0.9999528118477782,0.5071837636893399,0.513789386239329,0.9836924293338605,0.9973023692963537
player,2023-24,top150,min_10_0.75,BLK,10118,0.6306226282238445,0.0045016478326656605,1.0018367363977791,0.49114331723027377,0.5127635892415373,0.98201225538644,0.9973023692963537
player,2023-24,top150,min_10_0.75,FG3M,10118,1.0752753915029918,-0.02762555081303013,0.9994808355355935,0.5003690815142887,0.5087504324760697,0.937240561375766,0.9973023692963537
player,2023-24,top150,min_10_0.75,TOV,10118,1.0694484354293872,0.017516712522565175,0.9992975934792188,0.5008,0.5066827697262479,0.9883376161296699,0.9973023692963537
player,2023-24,top150,min_10_0.75,FG3A,10118,1.7142424188315974,-0.08054265381273658,0.9921440390848791,0.5136387030365415,0.5181008631403715,0.9601699940699743,0.9973023692963537
player,2023-24,top150,min_10_0.75,OREB,10118,0.901155529698371,0.02297132928973955,1.0008918706764418,0.49610623003194887,0.5087398169917571,0.9899189563154773,0.9973023692963537
player,2024-25,top150,min_10_0.75,PTS,9875,5.472177338651339,-0.381035568702997,0.9928778945098556,0.53273779311745,0.5324572606661608,0.9975696202531645,0.9976573873533915
player,2024-25,top150,min_10_0.75,AST,9875,1.6385108236012271,-0.12346401792265682,0.9947061982075298,0.5264663805436338,0.5278608259776041,0.9909873417721519,0.9976573873533915
player,2024-25,top150,min_10_0.75,REB,9875,2.036807043151904,-0.010527173227875206,0.9974586176768555,0.518673469387755,0.5225045868369814,0.9924050632911392,0.9976573873533915
player,2024-25,top150,min_10_0.75,STL,9875,0.8304346649190648,0.009423490565326945,1.0012931463363088,0.5056870581002152,0.5112301699276284,0.988253164556962,0.9976573873533915
player,2024-25,top150,min_10_0.75,BLK,9875,0.5762757228048747,0.023050522508403646,1.0016572959719152,0.482829954489036,0.5069175105014148,0.9790379746835443,0.9976573873533915
player,2024-25,top150,min_10_0.75,FG3M,9875,1.112491090399793,-0.02054151665564656,0.9988139963335967,0.5121192621192621,0.5193179565776948,0.9442025316455697,0.9976573873533915
player,2024-25,top150,min_10_0.75,TOV,9875,1.0716585769879365,-0.0024563533993561793,0.9968875960581356,0.5134469308150277,0.5189516253105396,0.9865316455696203,0.9976573873533915
player,2024-25,top150,min_10_0.75,FG3A,9875,1.7717611049147937,-0.04558872027849434,0.9944842883258085,0.5313385826771654,0.5340304261102327,0.9645569620253165,0.9976573873533915
player,2024-25,top150,min_10_0.75,OREB,9875,0.9034699313498198,-0.012911947358334803,1.000737452760513,0.49733442690178387,0.5068836062000808,0.987746835443038,0.9976573873533915
player,2025-26,top150,min_10_0.75,PTS,9921,5.337431939256805,-0.13398012590220634,0.9911215599137226,0.5385394510280563,0.5390202138446212,0.9951617780465679,0.9968153298687239
player,2025-26,top150,min_10_0.75,AST,9921,1.6091355383314279,-0.07229113857736172,0.9943889562496676,0.5334555453712191,0.5343330404407853,0.9897187783489567,0.9968153298687239
player,2025-26,top150,min_10_0.75,REB,9921,2.064444599528611,-0.020657166348252657,0.9949164359777922,0.526529782476113,0.5274844551683265,0.9916339078721903,0.9968153298687239
player,2025-26,top150,min_10_0.75,STL,9921,0.8274128915816521,0.004093070131413887,1.0009043987174846,0.49984620116887113,0.502056520323958,0.9830662231629876,0.9968153298687239
player,2025-26,top150,min_10_0.75,BLK,9921,0.5908138466849098,-0.007882290910221173,1.0012851452597848,0.4944203347799132,0.500212623170672,0.9755065013607499,0.9968153298687239
player,2025-26,top150,min_10_0.75,FG3M,9921,1.0684098480856155,-0.010652685796725543,0.9994072079244515,0.507717041800643,0.5104884443373938,0.9404293921983671,0.9968153298687239
player,2025-26,top150,min_10_0.75,TOV,9921,1.0533133808934305,0.03205977181653842,0.9954518554258118,0.5214329454990815,0.5240435563500458,0.9876020562443302,0.9968153298687239
player,2025-26,top150,min_10_0.75,FG3A,9921,1.7147910861193885,-0.02755097777731701,0.9926450214206886,0.5271648626144879,0.5290673819512084,0.9684507610119948,0.9968153298687239
player,2025-26,top150,min_10_0.75,OREB,9921,0.9175071808476919,0.00473665898681462,1.0012173879291149,0.5093663629849524,0.5124873439226509,0.9846789638141317,0.9968153298687239
player,pooled,top150,form_10_0.75,PTS,29914,5.464093710832176,-0.15035585025851825,0.9973923923986026,0.5359001040582726,0.5361243814549543,0.9958882128769139,1.003963918232082
player,pooled,top150,form_10_0.75,AST,29914,1.6448716202181222,-0.06634079886939032,0.9987039126123862,0.529111786558595,0.5308012228540804,0.9898375342648927,1.003963918232082
player,pooled,top150,form_10_0.75,REB,29914,2.064118732133589,-0.022493006474347443,1.0031077406172977,0.5310319252941375,0.5319939523486612,0.991609279935816,1.003963918232082
player,pooled,top150,form_10_0.75,STL,29914,0.8243811026538561,-0.0020123128073462676,1.0135206679241333,0.5128701439826134,0.5134123618088979,0.9844220097613158,1.003963918232082
player,pooled,top150,form_10_0.75,BLK,29914,0.6010354515640894,0.0022153316819527717,1.0041992768008303,0.5110534048587146,0.5107317667009795,0.9783713311492946,1.003963918232082
player,pooled,top150,form_10_0.75,FG3M,29914,1.0958256878955754,-0.013279371909000729,1.008937057947203,0.5232235578632904,0.5257653911309961,0.9399612221702213,1.003963918232082
player,pooled,top150,form_10_0.75,TOV,29914,1.0740062745525807,7.203478026160603e-05,1.005829476054231,0.5218996646455066,0.5210439822647832,0.9868623387042856,1.003963918232082
player,pooled,top150,form_10_0.75,FG3A,29914,1.72996010529699,-0.03652295045074144,0.9911193472498145,0.5483994034613117,0.5502066822155367,0.9638630741458849,1.003963918232082
player,pooled,top150,form_10_0.75,OREB,29914,0.9181434422418319,-0.0004753266901370571,1.0128653924842361,0.5103319783197832,0.5106332856424656,0.9868289095406833,1.003963918232082
player,2023-24,top150,form_10_0.75,PTS,10118,5.535852284438528,-0.15636405592919203,0.9997127154368276,0.5335580450084267,0.533381944485396,0.996936153389998,1.003306725971743
player,2023-24,top150,form_10_0.75,AST,10118,1.6671567404030994,-0.08786781087206469,0.9953071596412159,0.5367507729131346,0.5384428295992969,0.99100612769322,1.003306725971743
player,2023-24,top150,form_10_0.75,REB,10118,2.0631375227547872,-0.03718334087903564,1.0034029393437893,0.5327958594605355,0.5337937149312191,0.9929828029254794,1.003306725971743
player,2023-24,top150,form_10_0.75,STL,10118,0.7955244712253464,-0.009070651799322826,1.0137094660960906,0.5136139857329448,0.5136823605165237,0.9836924293338605,1.003306725971743
player,2023-24,top150,form_10_0.75,BLK,10118,0.6308865160689264,0.000645388785371647,1.0022559610269923,0.5171095008051529,0.518708691996149,0.98201225538644,1.003306725971743
player,2023-24,top150,form_10_0.75,FG3M,10118,1.0884935307991817,-0.019334029304846997,1.011767247939687,0.5240957502899927,0.5269052536668728,0.937240561375766,1.003306725971743
player,2023-24,top150,form_10_0.75,TOV,10118,1.0767574572937668,-0.005318879705696258,1.0061271775131873,0.5195,0.5176690821256038,0.9883376161296699,1.003306725971743
player,2023-24,top150,form_10_0.75,FG3A,10118,1.710862549191885,-0.055837543725759275,0.9901878877966641,0.5425630468347915,0.5451039303102516,0.9601699940699743,1.003306725971743
player,2023-24,top150,form_10_0.75,OREB,10118,0.9069160826815367,0.004297201118516186,1.0072899789512462,0.5228634185303515,0.519518401738141,0.9899189563154773,1.003306725971743
player,2024-25,top150,form_10_0.75,PTS,9875,5.4968566695136944,-0.20348036405491646,0.9973557395335302,0.5333536399634481,0.5330572884106906,0.9973670886075949,1.0053961193471794
player,2024-25,top150,form_10_0.75,AST,9875,1.6503098538849066,-0.07236240771613275,1.0018691466525247,0.5247828308635667,0.5262594279408024,0.9908860759493671,1.0053961193471794
player,2024-25,top150,form_10_0.75,REB,9875,2.045044252588187,-0.013233344340278851,1.00149251748364,0.530972548219206,0.5321208351724784,0.9923037974683544,1.0053961193471794
player,2024-25,top150,form_10_0.75,STL,9875,0.8424219308148011,0.0034847273143466095,1.0157467423767401,0.5143969669023466,0.5154704495486238,0.988253164556962,1.0053961193471794
player,2024-25,top150,form_10_0.75,BLK,9875,0.5763982981233136,0.010305728511621653,1.0018703510376816,0.5164460074472487,0.5076008953770602,0.9790379746835443,1.0053961193471794
player,2024-25,top150,form_10_0.75,FG3M,9875,1.1228604946309413,-0.01447140308689722,1.008123829166485,0.5188244127426794,0.5224005406797572,0.9441012658227849,1.0053961193471794
player,2024-25,top150,form_10_0.75,TOV,9875,1.0855741739316287,-0.006258844167680928,1.009832284117182,0.5196058304249641,0.5209491802516828,0.9865316455696203,1.0053961193471794
player,2024-25,top150,form_10_0.75,FG3A,9875,1.7766118076433681,-0.035731328665957476,0.9972069734764878,0.5391076115485565,0.5407469549642371,0.9645569620253165,1.0053961193471794
player,2024-25,top150,form_10_0.75,OREB,9875,0.9164071487773849,-0.004763260542903952,1.0150674902803298,0.503895837605085,0.5079281879287803,0.987746835443038,1.0053961193471794
player,2025-26,top150,form_10_0.75,PTS,9921,5.35829918762593,-0.09135014531795543,0.9949964533062831,0.5408422120750888,0.5412754971356311,0.9933474448140308,1.0031802935781018
player,2025-26,top150,form_10_0.75,AST,9921,1.6167309687221525,-0.038392638925369794,0.9990826640937791,0.525617472953664,0.5268655780003599,0.9876020562443302,1.0031802935781018
player,2025-26,top150,form_10_0.75,REB,9921,2.084105463512073,-0.016727696532535974,1.0043915833017427,0.529285932565957,0.5300219540246522,0.9895171857675638,1.0031802935781018
player,2025-26,top150,form_10_0.75,STL,9921,0.8358535569129275,-0.00028536968476770364,1.0111148983895692,0.5105792933442892,0.5110014907670201,0.981352686221147,1.0031802935781018
player,2025-26,top150,form_10_0.75,BLK,9921,0.5951145584653826,-0.004236435928708767,1.008573801143518,0.49943081858636035,0.5043167668373714,0.9739945570003024,1.0031802935781018
player,2025-26,top150,form_10_0.75,FG3M,9921,1.0763939823205373,-0.005917983801662881,1.0068756914073642,0.5267396907216495,0.5275491904667641,0.9386150589658301,1.0031802935781018
player,2025-26,top150,form_10_0.75,TOV,9921,1.0596861986183304,0.011871520959059433,1.0014745959924949,0.5266387156150936,0.5242714695598973,0.9856869267210967,1.0031802935781018
player,2025-26,top150,form_10_0.75,FG3A,9921,1.7030014833839755,-0.017612781150076938,0.9858203472346769,0.56353591160221,0.5643577946440296,0.9669388166515472,1.0031802935781018
player,2025-26,top150,form_10_0.75,OREB,9921,0.9313219849283063,-0.0010745696668410104,1.016292607333463,0.5038974358974359,0.5037378330103017,0.9827638342908981,1.0031802935781018
player,pooled,top150,min_10_1.0,PTS,29914,5.44421466374593,-0.19392785567337328,0.9937637558156188,0.5348361343128375,0.5350964713414097,0.9965567961489603,0.9982597952275073
player,pooled,top150,min_10_1.0,AST,29914,1.6366856350283898,-0.11098103341544512,0.9937336916315701,0.5291239200863931,0.5306480964611715,0.9905729758641438,0.9982597952275073
player,pooled,top150,min_10_1.0,REB,29914,2.0532165232595045,-0.012649329877263783,0.9978095521259207,0.523463028465555,0.5261550917644398,0.9923447215350671,0.9982597952275073
player,pooled,top150,min_10_1.0,STL,29914,0.8148358266464664,0.006414825198559808,1.0017853982977676,0.5034447649753946,0.5085676680761295,0.9849903055425553,0.9982597952275073
player,pooled,top150,min_10_1.0,BLK,29914,0.5999577541296796,0.008253104618502597,1.002398679213064,0.48920838740523187,0.5068902472188208,0.9788727686033295,0.9982597952275073
player,pooled,top150,min_10_1.0,FG3M,29914,1.0864011275493146,-0.015326410718920606,1.0002597762469783,0.5063439599104382,0.5128346050294165,0.9405963762786655,0.9982597952275073
player,pooled,top150,min_10_1.0,TOV,29914,1.0650877703390156,0.02021324455351655,0.9974771091892904,0.5116790792146242,0.5168181184948887,0.9874974928127298,0.9982597952275073
player,pooled,top150,min_10_1.0,FG3A,29914,1.7362292169586295,-0.03966882723146534,0.9947110126523312,0.5244731003882418,0.5277523412892997,0.9643645115999198,0.9982597952275073
player,pooled,top150,min_10_1.0,OREB,29914,0.9086560190291615,0.008956396371072152,1.0023991818750277,0.5013033616574698,0.5097863980504505,0.9874640636491275,0.9982597952275073
player,2023-24,top150,min_10_1.0,PTS,10118,5.517157343628371,-0.1202697738417575,0.9963366192041339,0.5339545950232973,0.5336854054500315,0.996936153389998,0.9983669816285501
player,2023-24,top150,min_10_1.0,AST,10118,1.66205425312087,-0.14756437280605766,0.9922609300930862,0.5273760845716565,0.528936738969839,0.99100612769322,0.9983669816285501
player,2023-24,top150,min_10_1.0,REB,10118,2.0496146743462913,-0.029366234558231518,0.9968261282045722,0.5236388971832387,0.5269477838745902,0.9929828029254794,0.9983669816285501
player,2023-24,top150,min_10_1.0,STL,10118,0.7853240377364789,0.0009622404963273758,1.0007114046159458,0.5073847081282026,0.5141544011403052,0.9836924293338605,0.9983669816285501
player,2023-24,top150,min_10_1.0,BLK,10118,0.6311735905771493,0.0066998872353277025,1.002712021078673,0.4885265700483092,0.5104785736628089,0.98201225538644,0.9983669816285501
player,2023-24,top150,min_10_1.0,FG3M,10118,1.0767142885582854,-0.0209264107093825,1.0008183068870593,0.49910365917958455,0.5076797265702813,0.937240561375766,0.9983669816285501
player,2023-24,top150,min_10_1.0,TOV,10118,1.0701126466789397,0.02403379689600113,0.9999182355609234,0.5012,0.5072302737520129,0.9883376161296699,0.9983669816285501
player,2023-24,top150,min_10_1.0,FG3A,10118,1.7167271899853924,-0.06346847530435387,0.9935821384234854,0.5132269686052496,0.5177901554108754,0.9601699940699743,0.9983669816285501
player,2023-24,top150,min_10_1.0,OREB,10118,0.9022766305851099,0.027967979172292788,1.0021370505890828,0.49570686900958466,0.5086787964498857,0.9899189563154773,0.9983669816285501
player,2024-25,top150,min_10_1.0,PTS,9875,5.474980565197591,-0.344764416040347,0.9933865150275821,0.5340574560958279,0.5337791643624705,0.9975696202531645,0.9986747158933507
player,2024-25,top150,min_10_1.0,AST,9875,1.6389448557928457,-0.11433065240094989,0.9949696902180815,0.5258532597588391,0.5272385582192687,0.9909873417721519,0.9986747158933507
player,2024-25,top150,min_10_1.0,REB,9875,2.0413434146221334,0.0039519635640485815,0.9996801549752339,0.519795918367347,0.5236011484476967,0.9924050632911392,0.9986747158933507
player,2024-25,top150,min_10_1.0,STL,9875,0.8315939512576579,0.012756817701560754,1.002690951021633,0.5027154421559586,0.5081931159998155,0.988253164556962,0.9986747158933507
player,2024-25,top150,min_10_1.0,BLK,9875,0.5767244434258181,0.02474444377275022,1.002437242560041,0.48345055854364916,0.5073744096789962,0.9790379746835443,0.9986747158933507
player,2024-25,top150,min_10_1.0,FG3M,9875,1.1132332682260515,-0.016208206131063108,0.9994803365919853,0.5137280137280137,0.5209104893035513,0.9442025316455697,0.9986747158933507
player,2024-25,top150,min_10_1.0,TOV,9875,1.0718735774561932,0.002686666062908406,0.9970875956704689,0.5144734140833505,0.5199335959193279,0.9865316455696203,0.9986747158933507
player,2024-25,top150,min_10_1.0,FG3A,9875,1.7753987477852509,-0.03311159581663478,0.9965260865519754,0.5320734908136483,0.5347357868518691,0.9645569620253165,0.9986747158933507
player,2024-25,top150,min_10_1.0,OREB,9875,0.9044417256891677,-0.009315526321367106,1.0018138704231487,0.4967192946483494,0.5061928773915749,0.987746835443038,0.9986747158933507
player,2025-26,top150,min_10_1.0,PTS,9921,5.339200319235626,-0.1189113692655922,0.9914499349718152,0.5365137242985921,0.5370396236287369,0.9951617780465679,0.9977201424192393
player,2025-26,top150,min_10_1.0,AST,9921,1.6085645300078752,-0.07033717539346254,0.9940360932637088,0.5341684489255525,0.5351303759776016,0.9897187783489567,0.9977201424192393
player,2025-26,top150,min_10_1.0,REB,9921,2.068707951048858,-0.012124799202022416,0.9969710701882805,0.5269363691807278,0.5279761412951531,0.9916339078721903,0.9977201424192393
player,2025-26,top150,min_10_1.0,STL,9921,0.8282532038922815,0.005663094128108506,1.0019209072787647,0.5001537988311289,0.5025805586934462,0.9830662231629876,0.9977201424192393
player,2025-26,top150,min_10_1.0,BLK,9921,0.591247655351839,-0.006577710890541903,1.0020203449788159,0.49566026038437694,0.5022669634555594,0.9755065013607499,0.9977201424192393
player,2025-26,top150,min_10_1.0,FG3M,9921,1.069572586850644,-0.008737505407117117,1.0004948518700603,0.5063236870310825,0.5093221459590487,0.9404293921983671,0.9977201424192393
player,2025-26,top150,min_10_1.0,TOV,9921,1.0532087718419243,0.0337621422446261,0.995352992849579,0.5195958358848745,0.5224223372656094,0.9876020562443302,0.9977201424192393
player,2025-26,top150,min_10_1.0,FG3A,9921,1.7171305769024587,-0.02192342062124145,0.9939992877784174,0.5283097418817652,0.5303677540488363,0.9684507610119948,0.9977201424192393
player,2025-26,top150,min_10_1.0,OREB,9921,0.9193568353792587,0.007754505614604787,1.0032357985937095,0.5116183846862524,0.515091109199855,0.9846789638141317,0.9977201424192393
player,pooled,top150,form_10_1.0,PTS,29914,5.524281175115799,-0.08682182489912912,1.0083787557684798,0.5367057164915578,0.5369303397406338,0.9958882128769139,1.0143691052265464
player,pooled,top150,form_10_1.0,AST,29914,1.6622859881230903,-0.04077162009953544,1.0092772589748626,0.5295845997973657,0.5312686399929216,0.9898375342648927,1.0143691052265464
player,pooled,top150,form_10_1.0,REB,29914,2.087516971602377,-0.006561904340835632,1.014478673288262,0.5309982132623133,0.5318886849800718,0.991609279935816,1.0143691052265464
player,pooled,top150,form_10_1.0,STL,29914,0.8342565506956553,-0.000930274734497891,1.0256618616792474,0.5123268133659332,0.512857688078508,0.9844220097613158,1.0143691052265464
player,pooled,top150,form_10_1.0,BLK,29914,0.6042355597470008,0.0025165735633820717,1.0095459602861367,0.510472545870776,0.5101203504487178,0.9783713311492946,1.0143691052265464
player,pooled,top150,form_10_1.0,FG3M,29914,1.1080503335345897,-0.006821631926194257,1.02019240461565,0.5230101714204424,0.525495614531508,0.9399612221702213,1.0143691052265464
player,pooled,top150,form_10_1.0,TOV,29914,1.085265208591476,-0.0006861227554270912,1.0163737046994505,0.5221367839842824,0.521254465472665,0.9868623387042856,1.0143691052265464
player,pooled,top150,form_10_1.0,FG3A,29914,1.7482431858013914,-0.01979385699355302,1.0015939904278608,0.5479832136787709,0.5497931608503588,0.9638630741458849,1.0143691052265464
player,pooled,top150,form_10_1.0,OREB,29914,0.9280729873452143,0.001551625093098641,1.023819337298969,0.5097560975609756,0.5102310990944579,0.9868289095406833,1.0143691052265464
player,2023-24,top150,form_10_1.0,PTS,10118,5.604072376810337,-0.09039724697091692,1.0120324975206232,0.5348468325567562,0.5346682038248112,0.996936153389998,1.013899303748798
player,2023-24,top150,form_10_1.0,AST,10118,1.6846633409280793,-0.05080640000349636,1.005758753316376,0.5374488880023935,0.539126423349297,0.99100612769322,1.013899303748798
player,2023-24,top150,form_10_1.0,REB,10118,2.0873135608469977,-0.012984392914191257,1.015160908657929,0.5325967950632029,0.5335417390256185,0.9929828029254794,1.013899303748798
player,2023-24,top150,form_10_1.0,STL,10118,0.8051103951507754,-0.00730121091414208,1.025924479179874,0.5120064302220436,0.5120619353116098,0.9836924293338605,1.013899303748798
player,2023-24,top150,form_10_1.0,BLK,10118,0.634324397001259,0.0015582085056023449,1.007717540201642,0.5174114331723028,0.5190062518026234,0.98201225538644,1.013899303748798
player,2023-24,top150,form_10_1.0,FG3M,10118,1.1020944485187585,-0.009871048698471729,1.0244094572879408,0.5237793947063165,0.5266510101592561,0.937240561375766,1.013899303748798
player,2023-24,top150,form_10_1.0,TOV,10118,1.0880747771142327,-0.006413659408347705,1.0167021338052007,0.5196,0.5177616747181965,0.9883376161296699,1.013899303748798
player,2023-24,top150,form_10_1.0,FG3A,10118,1.7291866988743372,-0.03052832852171757,1.0007932699054114,0.5412249099330931,0.5438439962144966,0.9601699940699743,1.013899303748798
player,2023-24,top150,form_10_1.0,OREB,10118,0.9152936063099322,0.003069141610661785,1.0165946938641812,0.5228634185303515,0.5195884562767902,0.9899189563154773,1.013899303748798
player,2024-25,top150,form_10_1.0,PTS,9875,5.554647194373091,-0.10802414317624036,1.0078413161320294,0.5341659051680374,0.5338721037447816,0.9973670886075949,1.0159024885705608
player,2024-25,top150,form_10_1.0,AST,9875,1.6697425542662714,-0.046195172125584084,1.0136663391024126,0.5248850281042412,0.5263374202825062,0.9908860759493671,1.0159024885705608
player,2024-25,top150,form_10_1.0,REB,9875,2.0675686343139392,0.0003437354141770062,1.0125230855169447,0.5317889580569446,0.5328805483661705,0.9923037974683544,1.0159024885705608
player,2024-25,top150,form_10_1.0,STL,9875,0.8531263035688932,0.004838466700253709,1.0286534953427284,0.5139870888410698,0.515040056756767,0.988253164556962,1.0159024885705608
player,2024-25,top150,form_10_1.0,BLK,9875,0.5786578851542433,0.00775138511037429,1.0057978665408467,0.5148944973107158,0.5057783556853557,0.9790379746835443,1.0159024885705608
player,2024-25,top150,form_10_1.0,FG3M,9875,1.1348265909169701,-0.00811472137273072,1.0188672001068118,0.5177517966319855,0.5212012123036478,0.9441012658227849,1.0159024885705608
player,2024-25,top150,form_10_1.0,TOV,9875,1.0974171845685803,-0.0023833216281912216,1.0208489928502422,0.5195031820981318,0.5208199668913311,0.9865316455696203,1.0159024885705608
player,2024-25,top150,form_10_1.0,FG3A,9875,1.796318008948085,-0.019968406999919044,1.0082680062115243,0.5395275590551181,0.5411147733954915,0.9645569620253165,1.0159024885705608
player,2024-25,top150,form_10_1.0,OREB,9875,0.9268693895790504,0.0015493894325406073,1.0266560953315076,0.5029731392249334,0.5072479676881094,0.987746835443038,1.0159024885705608
player,2025-26,top150,form_10_1.0,PTS,9921,5.412680346680078,-0.06207139515325667,1.0050946315697418,0.5411466260781329,0.5415823643685564,0.9933474448140308,1.0132801354925371
player,2025-26,top150,form_10_1.0,AST,9921,1.6320422983393124,-0.025139175857473196,1.008544525269616,0.5262298428250664,0.5275316713683917,0.9876020562443302,1.0132801354925371
player,2025-26,top150,form_10_1.0,REB,9921,2.1075802657004408,-0.006885506114400508,1.0157047793709781,0.5285728837730468,0.5292093672945258,0.9895171857675638,1.0132801354925371
player,2025-26,top150,form_10_1.0,STL,9921,0.8451991968179942,-0.0001748256268002709,1.0224201272359952,0.5109901396877568,0.5114172843816925,0.981352686221147,1.0132801354925371
player,2025-26,top150,form_10_1.0,BLK,9921,0.5990083327804496,-0.0017165709151920634,1.0151727974306695,0.498913380937597,0.5039257752827889,0.9739945570003024,1.0132801354925371
player,2025-26,top150,form_10_1.0,FG3M,9921,1.0874723779795976,-0.0024245694137004577,1.0172385952066423,0.5274914089347079,0.528210441175247,0.9386150589658301,1.0132801354925371
player,2025-26,top150,form_10_1.0,TOV,9921,1.0703042190655128,0.00684447443465415,1.0115093381184588,0.527354535228551,0.5249365400912167,0.9856869267210967,1.0132801354925371
player,2025-26,top150,form_10_1.0,FG3A,9921,1.7198261568884299,-0.008672491784921195,0.995559684304025,0.5632231835713541,0.5640511692984559,0.9669388166515472,1.0132801354925371
player,2025-26,top150,form_10_1.0,OREB,9921,0.9423041440084402,6.2007430639421825e-06,1.0282767409266986,0.5030769230769231,0.5031129335994619,0.9827638342908981,1.0132801354925371
player,pooled,top150,ewm_2,PTS,29914,5.439925864433563,-0.1715598797725658,0.9929808966567042,0.5383635571347166,0.5386142101061561,0.9972922377482115,0.9980949415881284
player,pooled,top150,ewm_2,AST,29914,1.6328641562249906,-0.106049940882486,0.9914134340588777,0.5336908134358559,0.5352060933301899,0.9912415591361904,0.9980949415881284
player,pooled,top150,ewm_2,REB,29914,2.054418149619454,-0.0039025039810888502,0.998393511122188,0.5305861360805306,0.5332407455809145,0.992946446479909,0.9980949415881284
player,pooled,top150,ewm_2,STL,29914,0.8149960665738428,0.008342103584674918,1.0019824024232948,0.5071210579857579,0.5121600107987676,0.9858260346326135,0.9980949415881284
player,pooled,top150,ewm_2,BLK,29914,0.6000032771244608,0.009271653675884456,1.002474738218109,0.4937205651491366,0.5116462355842815,0.979541351875376,0.9980949415881284
player,pooled,top150,ewm_2,FG3M,29914,1.0867840395938895,-0.012514663954417776,1.0006123269819904,0.5074764695435979,0.5138826985811311,0.9411981012235073,0.9980949415881284
player,pooled,top150,ewm_2,TOV,29914,1.0646310173717988,0.0229531353681681,0.9970493504241978,0.5184358297814762,0.523568077638064,0.988232934411981,0.9980949415881284
player,pooled,top150,ewm_2,FG3A,29914,1.7362678797118014,-0.03248211722028554,0.9947331631068822,0.52731303474315,0.5305031306191192,0.9650665240355686,0.9980949415881284
player,pooled,top150,ewm_2,OREB,29914,0.9093952267376098,0.011557475586501744,1.0032146513009343,0.5060212434882619,0.5143712858984879,0.988232934411981,0.9980949415881284
player,2023-24,top150,ewm_2,PTS,10118,5.5202312402594025,-0.08135277226372728,0.9968917303938943,0.5366313076236741,0.5363690634146533,0.996936153389998,0.9988977129192654
player,2023-24,top150,ewm_2,AST,10118,1.6602498380266095,-0.13923903193598727,0.9911836784953507,0.5350553505535055,0.5365749622669146,0.99100612769322,0.9988977129192654
player,2023-24,top150,ewm_2,REB,10118,2.0546969227115266,-0.015527783920651987,0.9992978698562581,0.5323977306658704,0.5356272252610996,0.9929828029254794,0.9988977129192654
player,2023-24,top150,ewm_2,STL,10118,0.7858843312445731,0.0035501114058688558,1.0014253673581264,0.5082889581030845,0.5148221976925262,0.9836924293338605,0.9988977129192654
player,2023-24,top150,ewm_2,BLK,10118,0.6310090100215503,0.008297816509174877,1.0024505606753904,0.4928542673107891,0.5145966795169172,0.98201225538644,0.9988977129192654
player,2023-24,top150,ewm_2,FG3M,10118,1.0763485422784167,-0.016558942967918013,1.0004783415160663,0.5016345038489929,0.5101703955714451,0.937240561375766,0.9988977129192654
player,2023-24,top150,ewm_2,TOV,10118,1.070643344809545,0.028628269497140944,1.0004141223631398,0.5039,0.5097785829307568,0.9883376161296699,0.9988977129192654
player,2023-24,top150,ewm_2,FG3A,10118,1.7171895550086,-0.052233684223441955,0.9938497392578941,0.5188883170355121,0.5233002291825821,0.9601699940699743,0.9988977129192654
player,2023-24,top150,ewm_2,OREB,10118,0.9040331785502043,0.031664398425347975,1.004088006357287,0.5024960063897763,0.5150402905990381,0.9899189563154773,0.9988977129192654
player,2024-25,top150,ewm_2,PTS,9875,5.469663710949335,-0.32572660815408716,0.9924218191259829,0.5331438432646431,0.532870408384339,0.9975696202531645,0.9981593643063432
player,2024-25,top150,ewm_2,AST,9875,1.6332014177604846,-0.10945570448895127,0.9914829671964722,0.5326453458669664,0.5340257154794235,0.9910886075949367,0.9981593643063432
player,2024-25,top150,ewm_2,REB,9875,2.039342781725233,0.011576180023972902,0.9987004114445306,0.5266326530612245,0.5303956514645783,0.9924050632911392,0.9981593643063432
player,2024-25,top150,ewm_2,STL,9875,0.8316556356664223,0.014858317332415674,1.002765326741161,0.5060956869173241,0.5114950157823691,0.9884556962025316,0.9981593643063432
player,2024-25,top150,ewm_2,BLK,9875,0.5772284033007175,0.025656621193008624,1.0033132036071524,0.4915201654601861,0.5163834813263377,0.979240506329114,0.9981593643063432
player,2024-25,top150,ewm_2,FG3M,9875,1.114586524550675,-0.01348959420160683,1.000695313834789,0.5111540111540112,0.5182388198870473,0.9442025316455697,0.9981593643063432
player,2024-25,top150,ewm_2,TOV,9875,1.0702744296879572,0.005028428777249441,0.9956000224744449,0.5270450579903521,0.5325891852033272,0.986632911392405,0.9981593643063432
player,2024-25,top150,ewm_2,FG3A,9875,1.7763943420361707,-0.0259184777513906,0.997084910671852,0.5287078828592422,0.5313144851583977,0.9647594936708861,0.9981593643063432
player,2024-25,top150,ewm_2,OREB,9875,0.9040412717725922,-0.007319305820316084,1.001370303660694,0.5048692977960021,0.5144134176928201,0.9878481012658228,0.9981593643063432
player,2025-26,top150,ewm_2,PTS,9921,5.328425912115227,-0.11010630362166356,0.9894492074095992,0.5453259221829206,0.545835464921699,0.9973792964418909,0.9971907934723363
player,2025-26,top150,ewm_2,AST,9921,1.604598982741303,-0.06881184604394333,0.991585525046533,0.5333401097784103,0.534320444921724,0.9916339078721903,0.9971907934723363
player,2025-26,top150,ewm_2,REB,9921,2.0691393099672153,-0.007453297461734225,0.9971789547097469,0.5326704545454546,0.5337278351652143,0.9934482411047273,0.9971907934723363
player,2025-26,top150,ewm_2,STL,9921,0.8281035449805162,0.00674324924602173,1.0017398679637874,0.5069558101472995,0.509497513314271,0.9853845378490071,0.9971907934723363
player,2025-26,top150,ewm_2,BLK,9921,0.5910511426175321,-0.006044168295573304,1.0016873038985823,0.49680280528052806,0.5036411817508784,0.977320834593287,0.9971907934723363
player,2025-26,top150,ewm_2,FG3M,9921,1.069753178076899,-0.007419668364296991,1.0006637797150522,0.5097347026101839,0.5126424304751215,0.9422437254309042,0.9971907934723363
player,2025-26,top150,ewm_2,TOV,9921,1.052882058029253,0.03500690721257621,0.9950442263638185,0.5246970159894083,0.5275833566790084,0.9897187783489567,0.9971907934723363
player,2025-26,top150,ewm_2,FG3A,9921,1.7157846294239483,-0.018871552238670992,0.9932201560961709,0.534434403240885,0.5364380770082164,0.9703658905352283,0.9971907934723363
player,2025-26,top150,ewm_2,OREB,9921,0.92019287907505,0.00984054897717586,1.0041481200477163,0.5107752017158615,0.5142085799308291,0.9868964822094547,0.9971907934723363
player,pooled,top150,ewm_4,PTS,29914,5.429163707514424,-0.19663490778607723,0.9910164183726695,0.5402406730801461,0.540503901942706,0.9972922377482115,0.9966798451298392
player,pooled,top150,ewm_4,AST,29914,1.6333206953869257,-0.11161059221465716,0.991690627392192,0.5339268852016728,0.5355230452525243,0.9912415591361904,0.9966798451298392
player,pooled,top150,ewm_4,REB,29914,2.0480177889936853,-0.013562311054442113,0.9952831031856147,0.5286334713665286,0.5314128232755476,0.992946446479909,0.9966798451298392
player,pooled,top150,ewm_4,STL,29914,0.8143445445167067,0.006256455284788396,1.001181400230985,0.508646998982706,0.5139538144415474,0.9858260346326135,0.9966798451298392
player,pooled,top150,ewm_4,BLK,29914,0.5997239475809946,0.008128561318120212,1.0020080394155535,0.491297522353423,0.5098630999847272,0.979541351875376,0.9966798451298392
player,pooled,top150,ewm_4,FG3M,29914,1.0852767786999507,-0.015610133767686713,0.999224577644939,0.5094654590658853,0.5162200299211936,0.9411981012235073,0.9966798451298392
player,pooled,top150,ewm_4,TOV,29914,1.0636845845482945,0.019915898577143258,0.9961629961695269,0.5169136053041066,0.5222777885616425,0.988232934411981,0.9966798451298392
player,pooled,top150,ewm_4,FG3A,29914,1.7312945712794565,-0.040609460146672285,0.9918838822523315,0.5288025217361183,0.5321742983932845,0.9650665240355686,0.9966798451298392
player,pooled,top150,ewm_4,OREB,29914,0.9079928189137458,0.008795393494311774,1.0016675615047346,0.504769636695758,0.5135650779510021,0.988232934411981,0.9966798451298392
player,2023-24,top150,ewm_4,PTS,10118,5.501911998027774,-0.12638447479654788,0.9935834811027076,0.5371269951422624,0.5368513025547883,0.996936153389998,0.9970181910830233
player,2023-24,top150,ewm_4,AST,10118,1.659689910654619,-0.14908314929231722,0.9908493969555779,0.5363518500049865,0.5379547075606277,0.99100612769322,0.9970181910830233
player,2023-24,top150,ewm_4,REB,10118,2.0452750000756272,-0.030731748184390496,0.9947155360259335,0.5312033442818752,0.5346056240593337,0.9929828029254794,0.9970181910830233
player,2023-24,top150,ewm_4,STL,10118,0.7852931347169717,0.000609247366191168,1.00067202596131,0.506882347031046,0.5138014543613338,0.9836924293338605,0.9970181910830233
player,2023-24,top150,ewm_4,BLK,10118,0.6308823454785414,0.006578750268816089,1.002249335431158,0.4945652173913043,0.5174372077718965,0.98201225538644,0.9970181910830233
player,2023-24,top150,ewm_4,FG3M,10118,1.0750052721637517,-0.021809222281031406,0.999229756505034,0.5016345038489929,0.5106002505740137,0.937240561375766,0.9970181910830233
player,2023-24,top150,ewm_4,TOV,10118,1.069134488449952,0.023452689350900866,0.9990042399610499,0.5053,0.5114935587761675,0.9883376161296699,0.9970181910830233
player,2023-24,top150,ewm_4,FG3A,10118,1.7121772895621843,-0.06562772588649439,0.990948813910142,0.5195059186824498,0.5241895944266445,0.9601699940699743,0.9970181910830233
player,2023-24,top150,ewm_4,OREB,10118,0.9020732259170148,0.027760126806043117,1.0019111338942965,0.4988019169329074,0.5119889144646813,0.9899189563154773,0.9970181910830233
player,2024-25,top150,ewm_4,PTS,9875,5.463278341903227,-0.34640160321398755,0.9912632507204254,0.5381179575677596,0.5378140425541738,0.9975696202531645,0.9971177999250845
player,2024-25,top150,ewm_4,AST,9875,1.6344992637619447,-0.11495732865161672,0.9922708627925065,0.5278430571165832,0.5293746605389597,0.9910886075949367,0.9971177999250845
player,2024-25,top150,ewm_4,REB,9875,2.0357028360074754,0.0031563760190807437,0.9969178688928109,0.521734693877551,0.5258965728437854,0.9924050632911392,0.9971177999250845
player,2024-25,top150,ewm_4,STL,9875,0.8309352935333876,0.012656495810899821,1.0018967772076552,0.5086568999077963,0.5146635631954477,0.9884556962025316,0.9971177999250845
player,2024-25,top150,ewm_4,BLK,9875,0.5766505926862601,0.024677018448577944,1.0023088784295304,0.4857290589451913,0.5128859244477846,0.979240506329114,0.9971177999250845
player,2024-25,top150,ewm_4,FG3M,9875,1.112778211205742,-0.016267024572054936,0.9990717784246956,0.5167310167310167,0.5246111841609367,0.9442025316455697,0.9971177999250845
player,2024-25,top150,ewm_4,TOV,9875,1.0701350359267656,0.0022508092007261352,0.9954703543931344,0.5208867905162681,0.5269557554897972,0.986632911392405,0.9971177999250845
player,2024-25,top150,ewm_4,FG3A,9875,1.7705377980132537,-0.03364017654386642,0.9937976497660174,0.5355305972499212,0.5384338717958566,0.9647594936708861,0.9971177999250845
player,2024-25,top150,ewm_4,OREB,9875,0.9037636369590979,-0.009512914892503103,1.0010627786989752,0.5007688364941056,0.5113360960987906,0.9878481012658228,0.9971177999250845
player,2025-26,top150,ewm_4,PTS,9921,5.321014406234097,-0.11920801167050675,0.9880729456878917,0.5455280444669025,0.5459738853243881,0.9973792964418909,0.9958814381623706
player,2025-26,top150,ewm_4,AST,9921,1.6052547662687173,-0.07006272860950179,0.9919907761157043,0.5375076235007116,0.5383850987743038,0.9916339078721903,0.9958814381623706
player,2025-26,top150,ewm_4,REB,9921,2.0630728942262073,-0.012693111373988677,0.9942553709383164,0.5328733766233766,0.5337819737371807,0.9934482411047273,0.9958814381623706
player,2025-26,top150,ewm_4,STL,9921,0.8274590005003785,0.005645433162524183,1.0009601757304392,0.5104337152209493,0.5126587210168987,0.9853845378490071,0.9958814381623706
player,2025-26,top150,ewm_4,BLK,9921,0.5909132137495456,-0.006762581305245128,1.0014535481608076,0.4935024752475248,0.49884192361892077,0.977320834593287,0.9958814381623706
player,2025-26,top150,ewm_4,FG3M,9921,1.0683783266425533,-0.00863410571898627,0.9993777222757914,0.5101626016260162,0.5127213512125808,0.9422437254309042,0.9958814381623706
player,2025-26,top150,ewm_4,TOV,9921,1.0517059195911522,0.03389206111551982,0.99393269658391,0.524798859354313,0.527360373934617,0.9897187783489567,0.9958814381623706
player,2025-26,top150,ewm_4,FG3A,9921,1.7117301919244317,-0.022031379592514028,0.9908731546269316,0.5315259166926353,0.533340495071422,0.9703658905352283,0.9958814381623706
player,2025-26,top150,ewm_4,OREB,9921,0.9182395293001038,0.00767749949891803,1.0020165533415362,0.514860586252681,0.5179891520114497,0.9868964822094547,0.9958814381623706
player,pooled,top150,ewm_8,PTS,29914,5.435702627019514,-0.2336224947522002,0.9922100048874596,0.535816042637348,0.5360849541876681,0.9972922377482115,0.9969317639177304
player,pooled,top150,ewm_8,AST,29914,1.636667070969246,-0.11977578448161487,0.9937224202361123,0.5318022393093215,0.5334287147891976,0.9912415591361904,0.9969317639177304
player,pooled,top150,ewm_8,REB,29914,2.048001382970887,-0.02789823587296915,0.9952751302874444,0.5214288119045214,0.5242438101062665,0.992946446479909,0.9969317639177304
player,pooled,top150,ewm_8,STL,29914,0.813926112943317,0.0032090310306581472,1.0006669669835715,0.5053238385893524,0.5106782244565877,0.9858260346326135,0.9969317639177304
player,pooled,top150,ewm_8,BLK,29914,0.5994729314367592,0.006410474293632215,1.0015886461337644,0.4881919322913112,0.5068024371460045,0.979541351875376,0.9969317639177304
player,pooled,top150,ewm_8,FG3M,29914,1.0848743993895218,-0.020101762683803554,0.9988541032144428,0.5064464571124134,0.5132742983828258,0.9411981012235073,0.9969317639177304
player,pooled,top150,ewm_8,TOV,29914,1.0644646814554692,0.015419353075571941,0.9968935733384083,0.5128543400311211,0.5182975243224633,0.988232934411981,0.9969317639177304
player,pooled,top150,ewm_8,FG3A,29914,1.732251114277463,-0.05263391545873419,0.992431899671293,0.5243686999896082,0.527795168875293,0.9650665240355686,0.9969317639177304
player,pooled,top150,ewm_8,OREB,29914,0.907154839588346,0.0048717314215207305,1.0007431305070638,0.5007780258439889,0.509668601570742,0.988232934411981,0.9969317639177304
player,2023-24,top150,ewm_8,PTS,10118,5.499632154713542,-0.19038576488706555,0.9931717670190664,0.533756320015862,0.5334871277747966,0.996936153389998,0.9968476094199209
player,2023-24,top150,ewm_8,AST,10118,1.662824176961442,-0.1632982651168369,0.9927205813618172,0.5345566969183205,0.5361205930303647,0.99100612769322,0.9968476094199209
player,2023-24,top150,ewm_8,REB,10118,2.0437555565951953,-0.05220783718615802,0.9939765576313221,0.5267243953418931,0.5300348609350277,0.9929828029254794,0.9968476094199209
player,2023-24,top150,ewm_8,STL,10118,0.7849803784916743,-0.0036013129322095138,1.0002734914628344,0.5055762081784386,0.5122953201735856,0.9836924293338605,0.9968476094199209
player,2023-24,top150,ewm_8,BLK,10118,0.6307004631508525,0.004220072130186002,1.0019603886198167,0.48812399355877617,0.5098509560505182,0.98201225538644,0.9968476094199209
player,2023-24,top150,ewm_8,FG3M,10118,1.0745028708042486,-0.02929899237332907,0.9987627686668108,0.5004745333755141,0.5091127950011008,0.937240561375766,0.9968476094199209
player,2023-24,top150,ewm_8,TOV,10118,1.0690477897275998,0.016193126045627063,0.9989232282715389,0.5002,0.506207729468599,0.9883376161296699,0.9968476094199209
player,2023-24,top150,ewm_8,FG3A,10118,1.712496428143029,-0.0847393906066418,0.9911335202487299,0.5136387030365415,0.5182034822069941,0.9601699940699743,0.9968476094199209
player,2023-24,top150,ewm_8,OREB,10118,0.9009883439758729,0.02247211612152862,1.00070618149735,0.4947084664536741,0.5075454815541185,0.9899189563154773,0.9968476094199209
player,2024-25,top150,ewm_8,PTS,9875,5.4727398517193055,-0.38109751660095237,0.9929799575016002,0.5342604811694244,0.5339361093826205,0.9975696202531645,0.9975393432169175
player,2024-25,top150,ewm_8,AST,9875,1.637610120869441,-0.12398740478439653,0.9941594001167611,0.5271278226218453,0.5287592020054314,0.9910886075949367,0.9975393432169175
player,2024-25,top150,ewm_8,REB,9875,2.0362633720633916,-0.010787230125002807,0.9971923728137357,0.5144897959183673,0.5188824231871965,0.9924050632911392,0.9975393432169175
player,2024-25,top150,ewm_8,STL,9875,0.8303864919402739,0.009235615035673972,1.0012350619673145,0.505173650240754,0.5115590206473308,0.9884556962025316,0.9975393432169175
player,2024-25,top150,ewm_8,BLK,9875,0.5762741908138397,0.02305622895711808,1.0016546331319949,0.4830403309203723,0.5117572274694492,0.979240506329114,0.9975393432169175
player,2024-25,top150,ewm_8,FG3M,9875,1.1125202273821717,-0.020652440164226318,0.9988401560269679,0.5106177606177607,0.5189212541491836,0.9442025316455697,0.9975393432169175
player,2024-25,top150,ewm_8,TOV,9875,1.0715028006466305,-0.002559924583693784,0.9967426884301458,0.5160628143282356,0.5224680552305967,0.986632911392405,0.9975393432169175
player,2024-25,top150,ewm_8,FG3A,9875,1.771230631603198,-0.04607679975156944,0.9941865352188584,0.5301773905741577,0.5332772885540182,0.9647594936708861,0.9975393432169175
player,2024-25,top150,ewm_8,OREB,9875,0.9035835320854397,-0.013036031493776875,1.0008632837448614,0.4982060481804203,0.5094127701025221,0.9878481012658228,0.9975393432169175
player,2025-26,top150,ewm_8,PTS,9921,5.333638162235764,-0.13092653587900227,0.9904170836333963,0.5394643759474482,0.5399253653865365,0.9973792964418909,0.996399655607741
player,2025-26,top150,ewm_8,AST,9921,1.609051889415619,-0.07119699105785417,0.9943372641727087,0.5336450498068713,0.534541783666066,0.9916339078721903,0.996399655607741
player,2025-26,top150,ewm_8,REB,9921,2.064015104267189,-0.02013759034069664,0.9947094496072867,0.5229301948051948,0.5238551383859475,0.9934482411047273,0.996399655607741
player,2025-26,top150,ewm_8,STL,9921,0.8270625607395798,0.0041559661346560195,1.000480610685652,0.5052168576104746,0.5073690932744298,0.9853845378490071,0.996399655607741
player,2025-26,top150,ewm_8,BLK,9921,0.5907164953686618,-0.007924203482012823,1.0011201585598568,0.4933993399339934,0.498912623179795,0.977320834593287,0.996399655607741
player,2025-26,top150,ewm_8,FG3M,9921,1.0679342295274394,-0.01017378061366995,0.9989623069193543,0.5083440308087291,0.5109724079668525,0.9422437254309042,0.996399655607741
player,2025-26,top150,ewm_8,TOV,9921,1.0527850809605266,0.032526129809190604,0.9949525765236622,0.522558305326408,0.5252337091356043,0.9897187783489567,0.996399655607741
player,2025-26,top150,ewm_8,FG3A,9921,1.7135992828810886,-0.02641763887993604,0.991955119565828,0.5294484263010284,0.5312669114678958,0.9703658905352283,0.996399655607741
player,2025-26,top150,ewm_8,OREB,9921,0.9169985311716754,0.004746589439249086,1.0006623308019074,0.5095495863548156,0.5126251610671797,0.9868964822094547,0.996399655607741
player,pooled,top150,ewm_16,PTS,29914,5.449242904337357,-0.2735282896077188,0.9946815894360598,0.5342741259678879,0.5345237209190279,0.9972922377482115,0.9978419311043211
player,pooled,top150,ewm_16,AST,29914,1.6404824790584795,-0.1284729394925281,0.9960389919004919,0.5287670308916768,0.5302704464109024,0.9912415591361904,0.9978419311043211
player,pooled,top150,ewm_16,REB,29914,2.050470634873375,-0.04355380782957683,0.9964751221572797,0.5227081439585227,0.5253303677656752,0.992946446479909,0.9978419311043211
player,pooled,top150,ewm_16,STL,29914,0.8135543832471587,-1.1705632995810347e-05,1.0002099505275652,0.5047473719905052,0.5097265153069599,0.9858260346326135,0.9978419311043211
player,pooled,top150,ewm_16,BLK,29914,0.5991426360254446,0.004534477358633475,1.0010367944712404,0.4913999044433827,0.5089089475753648,0.979541351875376,0.9978419311043211
player,pooled,top150,ewm_16,FG3M,29914,1.0851680206938197,-0.024853577908877426,0.9991244431217706,0.5054519623512698,0.5117787586779416,0.9411981012235073,0.9978419311043211
player,pooled,top150,ewm_16,TOV,29914,1.065723616280523,0.010549969314345407,0.9980725922933961,0.511264461132535,0.5162890450880105,0.988232934411981,0.9978419311043211
player,pooled,top150,ewm_16,FG3A,29914,1.7362420197985524,-0.06548051342669232,0.9947183475858414,0.5220478714191693,0.5252274442792992,0.9650665240355686,0.9978419311043211
player,pooled,top150,ewm_16,OREB,29914,0.9066802222896423,0.0006702401946888779,1.000219548445248,0.5014883972667614,0.5097385535107256,0.988232934411981,0.9978419311043211
player,2023-24,top150,ewm_16,PTS,10118,5.508218529144652,-0.2552776309229526,0.9947223697550562,0.5338554575195796,0.5336280863560506,0.996936153389998,0.9976469127117369
player,2023-24,top150,ewm_16,AST,10118,1.667069495761198,-0.17766766744139234,0.9952550738267112,0.5341577740101725,0.5354798669311698,0.99100612769322,0.9976469127117369
player,2023-24,top150,ewm_16,REB,10118,2.046694597156053,-0.0744240965260151,0.9954059543172323,0.5319996018712053,0.5348168645550002,0.9929828029254794,0.9976469127117369
player,2023-24,top150,ewm_16,STL,10118,0.7847323968975635,-0.007886778973397538,0.9999574970485063,0.5074851803476339,0.5131996763382591,0.9836924293338605,0.9976469127117369
player,2023-24,top150,ewm_16,BLK,10118,0.6303221479920782,0.0018204628407336766,1.0013593793838131,0.49355877616747185,0.5124995429968843,0.98201225538644,0.9976469127117369
player,2023-24,top150,ewm_16,FG3M,10118,1.0747675216558263,-0.03677924695080434,0.9990087646752321,0.49899820731835914,0.5061083968505258,0.937240561375766,0.9976469127117369
player,2023-24,top150,ewm_16,TOV,10118,1.0694445661067276,0.008913186515950538,0.9992939779661234,0.5008,0.5058937198067633,0.9883376161296699,0.9976469127117369
player,2023-24,top150,ewm_16,FG3A,10118,1.7167039407019724,-0.10382789637546781,0.9935686825448388,0.5118888317035513,0.5157220961654676,0.9601699940699743,0.9976469127117369
player,2023-24,top150,ewm_16,OREB,10118,0.9005780833906404,0.017020597827292216,1.0002505148881071,0.5023961661341853,0.5135188628826128,0.9899189563154773,0.9976469127117369
player,2024-25,top150,ewm_16,PTS,9875,5.487007098868563,-0.421433560037901,0.9955686225673248,0.5314181301390721,0.531108770091848,0.9975696202531645,0.998348581865754
player,2024-25,top150,ewm_16,AST,9875,1.6410813992693165,-0.1341329960163877,0.9962667417896551,0.5240625319301113,0.5256034677250887,0.9910886075949367,0.998348581865754
player,2024-25,top150,ewm_16,REB,9875,2.037789272282579,-0.026965058618804327,0.9979396317789188,0.5135714285714286,0.5177532656139675,0.9924050632911392,0.998348581865754
player,2024-25,top150,ewm_16,STL,9875,0.8298541197264521,0.005485730929038396,1.000593156382782,0.5033295768876139,0.509402773501859,0.9884556962025316,0.998348581865754
player,2024-25,top150,ewm_16,BLK,9875,0.5759033410768067,0.021164735175460633,1.0010100383137366,0.48738366080661844,0.515039607467109,0.979240506329114,0.998348581865754
player,2024-25,top150,ewm_16,FG3M,9875,1.1128966973668917,-0.025515012304292987,0.9991781573765387,0.5084727584727585,0.5163629282836827,0.9442025316455697,0.998348581865754
player,2024-25,top150,ewm_16,TOV,9875,1.0728416379673438,-0.008237247000349194,0.9979881133694096,0.5115467515139074,0.5175591530593393,0.986632911392405,0.998348581865754
player,2024-25,top150,ewm_16,FG3A,9875,1.7747933878030862,-0.05995055384850371,0.9961862997774625,0.5265036212868689,0.5294700622871833,0.9647594936708861,0.998348581865754
player,2024-25,top150,ewm_16,OREB,9875,0.9031711236456815,-0.017047023008185943,1.00040647543594,0.4992311635058944,0.5098415247275071,0.9878481012658228,0.998348581865754
player,2025-26,top150,ewm_16,PTS,9921,5.351507112300594,-0.14492186072700367,0.9937352152487204,0.5375442142496211,0.5380703112699428,0.9973792964418909,0.9975278414769606
player,2025-26,top150,ewm_16,AST,9921,1.6127713842011178,-0.07266754532261442,0.9966357806428416,0.5279528359422647,0.5289716909588578,0.9916339078721903,0.9975278414769606
player,2025-26,top150,ewm_16,REB,9921,2.0669442166905605,-0.02858236517518932,0.9961210748422359,0.5223214285714286,0.5233943002977457,0.9934482411047273,0.9975278414769606
player,2025-26,top150,ewm_16,STL,9921,0.8267245233693514,0.002547795022996287,1.0000716938144818,0.5033756137479541,0.5058638692016858,0.9853845378490071,0.9975278414769606
player,2025-26,top150,ewm_16,BLK,9921,0.5904755395169636,-0.009250765766964547,1.0007117972522834,0.4931930693069307,0.49957435397059136,0.977320834593287,0.9975278414769606
player,2025-26,top150,ewm_16,FG3M,9921,1.068174932005156,-0.012032734846590856,0.9991874637649498,0.5089858793324775,0.5121620961049351,0.9422437254309042,0.9975278414769606
player,2025-26,top150,ewm_16,TOV,9921,1.054843761981663,0.030919360450497754,0.9968981682909337,0.521641715042265,0.5246547994922,0.9897187783489567,0.9975278414769606
player,2025-26,top150,ewm_16,FG3A,9921,1.7177954443782046,-0.031875990713145515,0.9943841611283321,0.5278903085073231,0.5299117804080888,0.9703658905352283,0.9975278414769606
player,2025-26,top150,ewm_16,OREB,9921,0.9163963588171332,0.0016303304680190562,1.0000052183078754,0.5028087018690635,0.506162593514424,0.9868964822094547,0.9975278414769606
player,pooled,top150,pick_min,PTS,29914,5.437366501892144,-0.25456100700033785,0.9925137215196612,0.5374706474337471,0.5376829118671128,0.996523366985358,0.9966684152371234
player,pooled,top150,pick_min,AST,29914,1.6358974516355675,-0.12411621820122477,0.9932551364491577,0.5327708403644954,0.5340443658620576,0.9905061175369392,0.9966684152371234
player,pooled,top150,pick_min,REB,29914,2.046948975158907,-0.03651338944087387,0.9947636876044098,0.5274932614555256,0.5297727464568037,0.9921775757170556,0.9966684152371234
player,pooled,top150,pick_min,STL,29914,0.8136401198544866,0.0016778937292633834,1.0003153578728392,0.5084343074364457,0.5127592119769008,0.9849234472153506,0.9966684152371234
player,pooled,top150,pick_min,BLK,29914,0.5990174054569761,0.005354076429678462,1.0008275614784818,0.4983436358047881,0.513903908717736,0.9788393394397272,0.9966684152371234
player,pooled,top150,pick_min,FG3M,29914,1.0846728517381696,-0.02238638252828209,0.9986685363887803,0.5077661275990759,0.5132393767441455,0.9405295179514609,0.9966684152371234
player,pooled,top150,pick_min,TOV,29914,1.0644441947108527,0.012860584284876107,0.996874387070978,0.5157085787798767,0.5200239348205687,0.9874306344855251,0.9966684152371234
player,pooled,top150,pick_min,FG3A,29914,1.7328893057753776,-0.059019082010174896,0.9927975288779387,0.5279578465698339,0.5306834404294128,0.9643310824363175,0.9966684152371234
player,pooled,top150,pick_min,OREB,29914,0.9064810424675139,0.002658733631497518,0.9999998198718756,0.5058915148642242,0.5130953131792639,0.9872969178311158,0.9966684152371234
player,2023-24,top150,pick_min,PTS,10118,5.503389003853941,-0.2148569001894515,0.9938502117575958,0.533458907504709,0.5332315310055806,0.996936153389998,0.9969140414907128
player,2023-24,top150,pick_min,AST,10118,1.662651331532703,-0.16847562785302628,0.9926173911286719,0.5320634287423955,0.5333824566626758,0.99100612769322,0.9969140414907128
player,2023-24,top150,pick_min,REB,10118,2.046125701640128,-0.06184903955022274,0.9951292730846212,0.5313028764805414,0.5341319260321186,0.9929828029254794,0.9969140414907128
player,2023-24,top150,pick_min,STL,10118,0.7847649549282235,-0.005254536306495817,0.9999989846269206,0.5058776248367326,0.5115611998277494,0.9836924293338605,0.9969140414907128
player,2023-24,top150,pick_min,BLK,10118,0.6299573765017432,0.0031927526774398673,1.000779886255831,0.49838969404186795,0.5174493945216497,0.98201225538644,0.9969140414907128
player,2023-24,top150,pick_min,FG3M,10118,1.0740486856899991,-0.03179624023040834,0.9983405983827507,0.49952546662448594,0.5068187060315996,0.937240561375766,0.9969140414907128
player,2023-24,top150,pick_min,TOV,10118,1.068859532325292,0.013599492348217529,0.9987473196789872,0.5066,0.5116988727858293,0.9883376161296699,0.9969140414907128
player,2023-24,top150,pick_min,FG3A,10118,1.7139439609347598,-0.09105015728892144,0.9919713020087192,0.5193000514668039,0.5231363237289488,0.9601699940699743,0.9969140414907128
player,2023-24,top150,pick_min,OREB,10118,0.901065076515868,0.02001532911356223,1.0007914064923307,0.5015974440894568,0.512626221873729,0.9899189563154773,0.9969140414907128
player,2024-25,top150,pick_min,PTS,9875,5.472973436440672,-0.4065652128486968,0.9930223393711929,0.5366967820525835,0.5364637383013615,0.9975696202531645,0.9968764111550015
player,2024-25,top150,pick_min,AST,9875,1.6367594160355041,-0.129698841234712,0.9936429547207515,0.5308604128346618,0.5320287997436546,0.9909873417721519,0.9968764111550015
player,2024-25,top150,pick_min,REB,9875,2.0328719133981257,-0.020781063642055418,0.9955315185450148,0.5214817838554955,0.5246849628158313,0.9923037974683544,0.9968764111550015
player,2024-25,top150,pick_min,STL,9875,0.8299877163369214,0.007266610972460937,1.000754239940695,0.5088114754098361,0.5134483185239936,0.9883544303797468,0.9968764111550015
player,2024-25,top150,pick_min,BLK,9875,0.5760024532224398,0.021835135466426896,1.0011823107171494,0.4960182025028441,0.5177353563432896,0.9791392405063292,0.9968764111550015
player,2024-25,top150,pick_min,FG3M,9875,1.1123738163801316,-0.02336671315606333,0.9987087056636166,0.5136207636207636,0.5198062271951938,0.9442025316455697,0.9968764111550015
player,2024-25,top150,pick_min,TOV,9875,1.070636355936006,-0.00621525494984092,0.9959366966681767,0.5177581605419832,0.5223797582570605,0.9865316455696203,0.9968764111550015
player,2024-25,top150,pick_min,FG3A,9875,1.7704414967213888,-0.054007587295690176,0.9937435961346047,0.5335433070866141,0.535802871050755,0.9645569620253165,0.9968764111550015
player,2024-25,top150,pick_min,OREB,9875,0.9022311810138064,-0.015402783658622084,0.999365338633792,0.5043059257740414,0.5124941069283955,0.987746835443038,0.9968764111550015
player,2025-26,top150,pick_min,PTS,9921,5.334591161350204,-0.14375409438669065,0.9905940485070719,0.5423419773095624,0.5427485676095479,0.9950609817558714,0.9962046943142647
player,2025-26,top150,pick_min,AST,9921,1.6077543556524736,-0.07331923107163983,0.9935354341132215,0.5353977793623307,0.536157098934605,0.9895171857675638,0.9962046943142647
player,2025-26,top150,pick_min,REB,9921,2.0618003879551203,-0.026334033474433326,0.9936421128231426,0.5295912141549726,0.5304494938106623,0.9912307227094043,0.9962046943142647
player,2025-26,top150,pick_min,STL,9921,0.8268168564193412,0.0031851756892709773,1.0001833872106352,0.5106666666666667,0.5127378560616134,0.9827638342908981,0.9962046943142647
player,2025-26,top150,pick_min,BLK,9921,0.5903713038830561,-0.008846325169226541,1.000535143315642,0.5006200909466721,0.5061724372742331,0.9753049087793569,0.9962046943142647
player,2025-26,top150,pick_min,FG3M,9921,1.0679354549269784,-0.01181388931394377,0.9989634531771643,0.5102915951972555,0.5125800553662604,0.9402277996169741,0.9962046943142647
player,2025-26,top150,pick_min,TOV,9921,1.0537777318460757,0.0310943954589455,0.9958906982486234,0.5229685585953451,0.5252394708448311,0.9874004636629372,0.9962046943142647
player,2025-26,top150,pick_min,FG3A,9921,1.7148327704972097,-0.03134022812802409,0.9926691513514151,0.5311751847611117,0.5327462471972639,0.9683499647212983,0.9962046943142647
player,2025-26,top150,pick_min,OREB,9921,0.9162347089682822,0.0029352632305704013,0.999828820081461,0.5118803768947153,0.5146737788466735,0.9841749823606492,0.9962046943142647
player,pooled,top150,pick_ewm,PTS,29914,5.429163707514424,-0.19663490778607723,0.9910164183726695,0.5402406730801461,0.540503901942706,0.9972922377482115,0.9966798451298392
player,pooled,top150,pick_ewm,AST,29914,1.6333206953869257,-0.11161059221465716,0.991690627392192,0.5339268852016728,0.5355230452525243,0.9912415591361904,0.9966798451298392
player,pooled,top150,pick_ewm,REB,29914,2.0480177889936853,-0.013562311054442113,0.9952831031856147,0.5286334713665286,0.5314128232755476,0.992946446479909,0.9966798451298392
player,pooled,top150,pick_ewm,STL,29914,0.8143445445167067,0.006256455284788396,1.001181400230985,0.508646998982706,0.5139538144415474,0.9858260346326135,0.9966798451298392
player,pooled,top150,pick_ewm,BLK,29914,0.5997239475809946,0.008128561318120212,1.0020080394155535,0.491297522353423,0.5098630999847272,0.979541351875376,0.9966798451298392
player,pooled,top150,pick_ewm,FG3M,29914,1.0852767786999507,-0.015610133767686713,0.999224577644939,0.5094654590658853,0.5162200299211936,0.9411981012235073,0.9966798451298392
player,pooled,top150,pick_ewm,TOV,29914,1.0636845845482945,0.019915898577143258,0.9961629961695269,0.5169136053041066,0.5222777885616425,0.988232934411981,0.9966798451298392
player,pooled,top150,pick_ewm,FG3A,29914,1.7312945712794565,-0.040609460146672285,0.9918838822523315,0.5288025217361183,0.5321742983932845,0.9650665240355686,0.9966798451298392
player,pooled,top150,pick_ewm,OREB,29914,0.9079928189137458,0.008795393494311774,1.0016675615047346,0.504769636695758,0.5135650779510021,0.988232934411981,0.9966798451298392
player,2023-24,top150,pick_ewm,PTS,10118,5.501911998027774,-0.12638447479654788,0.9935834811027076,0.5371269951422624,0.5368513025547883,0.996936153389998,0.9970181910830233
player,2023-24,top150,pick_ewm,AST,10118,1.659689910654619,-0.14908314929231722,0.9908493969555779,0.5363518500049865,0.5379547075606277,0.99100612769322,0.9970181910830233
player,2023-24,top150,pick_ewm,REB,10118,2.0452750000756272,-0.030731748184390496,0.9947155360259335,0.5312033442818752,0.5346056240593337,0.9929828029254794,0.9970181910830233
player,2023-24,top150,pick_ewm,STL,10118,0.7852931347169717,0.000609247366191168,1.00067202596131,0.506882347031046,0.5138014543613338,0.9836924293338605,0.9970181910830233
player,2023-24,top150,pick_ewm,BLK,10118,0.6308823454785414,0.006578750268816089,1.002249335431158,0.4945652173913043,0.5174372077718965,0.98201225538644,0.9970181910830233
player,2023-24,top150,pick_ewm,FG3M,10118,1.0750052721637517,-0.021809222281031406,0.999229756505034,0.5016345038489929,0.5106002505740137,0.937240561375766,0.9970181910830233
player,2023-24,top150,pick_ewm,TOV,10118,1.069134488449952,0.023452689350900866,0.9990042399610499,0.5053,0.5114935587761675,0.9883376161296699,0.9970181910830233
player,2023-24,top150,pick_ewm,FG3A,10118,1.7121772895621843,-0.06562772588649439,0.990948813910142,0.5195059186824498,0.5241895944266445,0.9601699940699743,0.9970181910830233
player,2023-24,top150,pick_ewm,OREB,10118,0.9020732259170148,0.027760126806043117,1.0019111338942965,0.4988019169329074,0.5119889144646813,0.9899189563154773,0.9970181910830233
player,2024-25,top150,pick_ewm,PTS,9875,5.463278341903227,-0.34640160321398755,0.9912632507204254,0.5381179575677596,0.5378140425541738,0.9975696202531645,0.9971177999250845
player,2024-25,top150,pick_ewm,AST,9875,1.6344992637619447,-0.11495732865161672,0.9922708627925065,0.5278430571165832,0.5293746605389597,0.9910886075949367,0.9971177999250845
player,2024-25,top150,pick_ewm,REB,9875,2.0357028360074754,0.0031563760190807437,0.9969178688928109,0.521734693877551,0.5258965728437854,0.9924050632911392,0.9971177999250845
player,2024-25,top150,pick_ewm,STL,9875,0.8309352935333876,0.012656495810899821,1.0018967772076552,0.5086568999077963,0.5146635631954477,0.9884556962025316,0.9971177999250845
player,2024-25,top150,pick_ewm,BLK,9875,0.5766505926862601,0.024677018448577944,1.0023088784295304,0.4857290589451913,0.5128859244477846,0.979240506329114,0.9971177999250845
player,2024-25,top150,pick_ewm,FG3M,9875,1.112778211205742,-0.016267024572054936,0.9990717784246956,0.5167310167310167,0.5246111841609367,0.9442025316455697,0.9971177999250845
player,2024-25,top150,pick_ewm,TOV,9875,1.0701350359267656,0.0022508092007261352,0.9954703543931344,0.5208867905162681,0.5269557554897972,0.986632911392405,0.9971177999250845
player,2024-25,top150,pick_ewm,FG3A,9875,1.7705377980132537,-0.03364017654386642,0.9937976497660174,0.5355305972499212,0.5384338717958566,0.9647594936708861,0.9971177999250845
player,2024-25,top150,pick_ewm,OREB,9875,0.9037636369590979,-0.009512914892503103,1.0010627786989752,0.5007688364941056,0.5113360960987906,0.9878481012658228,0.9971177999250845
player,2025-26,top150,pick_ewm,PTS,9921,5.321014406234097,-0.11920801167050675,0.9880729456878917,0.5455280444669025,0.5459738853243881,0.9973792964418909,0.9958814381623706
player,2025-26,top150,pick_ewm,AST,9921,1.6052547662687173,-0.07006272860950179,0.9919907761157043,0.5375076235007116,0.5383850987743038,0.9916339078721903,0.9958814381623706
player,2025-26,top150,pick_ewm,REB,9921,2.0630728942262073,-0.012693111373988677,0.9942553709383164,0.5328733766233766,0.5337819737371807,0.9934482411047273,0.9958814381623706
player,2025-26,top150,pick_ewm,STL,9921,0.8274590005003785,0.005645433162524183,1.0009601757304392,0.5104337152209493,0.5126587210168987,0.9853845378490071,0.9958814381623706
player,2025-26,top150,pick_ewm,BLK,9921,0.5909132137495456,-0.006762581305245128,1.0014535481608076,0.4935024752475248,0.49884192361892077,0.977320834593287,0.9958814381623706
player,2025-26,top150,pick_ewm,FG3M,9921,1.0683783266425533,-0.00863410571898627,0.9993777222757914,0.5101626016260162,0.5127213512125808,0.9422437254309042,0.9958814381623706
player,2025-26,top150,pick_ewm,TOV,9921,1.0517059195911522,0.03389206111551982,0.99393269658391,0.524798859354313,0.527360373934617,0.9897187783489567,0.9958814381623706
player,2025-26,top150,pick_ewm,FG3A,9921,1.7117301919244317,-0.022031379592514028,0.9908731546269316,0.5315259166926353,0.533340495071422,0.9703658905352283,0.9958814381623706
player,2025-26,top150,pick_ewm,OREB,9921,0.9182395293001038,0.00767749949891803,1.0020165533415362,0.514860586252681,0.5179891520114497,0.9868964822094547,0.9958814381623706
player,pooled,top150,pick_form,PTS,29914,5.441267705625699,-0.2774239009772932,0.9932258306325275,0.5350609244402672,0.5352703140600867,0.9958882128769139,0.9965595402583306
player,pooled,top150,pick_form,AST,29914,1.6370842793815175,-0.11747915640910125,0.9939757334239575,0.5321513002364067,0.5337275968673951,0.9898375342648927,0.9965595402583306
player,pooled,top150,pick_form,REB,29914,2.0489765184207887,-0.054355210741370494,0.9957490206226867,0.5293800357347538,0.5303330702378244,0.991609279935816,0.9965595402583306
player,pooled,top150,pick_form,STL,29914,0.8134922193165158,-0.004176388953043016,1.000133524189911,0.5127003531649008,0.5132248852434687,0.9844220097613158,0.9965595402583306
player,pooled,top150,pick_form,BLK,29914,0.598176748225982,0.001612847919094126,0.9994230064206913,0.5113267502648033,0.5112336947022437,0.9783713311492946,0.9965595402583306
player,pooled,top150,pick_form,FG3M,29914,1.084246262038931,-0.02619485187461402,0.998275771224712,0.5231168646418665,0.5254666777924281,0.9399612221702213,0.9965595402583306
player,pooled,top150,pick_form,TOV,29914,1.065030117952335,0.0015883498516389202,0.9974231165160068,0.5203414518478371,0.5193124900791584,0.9868623387042856,0.9965595402583306
player,pooled,top150,pick_form,FG3A,29914,1.7284961004675958,-0.06998113736511832,0.9902805975547031,0.5460409946935803,0.5478523012503206,0.9638630741458849,0.9965595402583306
player,pooled,top150,pick_form,OREB,29914,0.9069791011944219,-0.0045292302566083825,1.0005492617397838,0.5101287262872629,0.5102211625826083,0.9868289095406833,0.9965595402583306
player,2023-24,top150,pick_form,PTS,10118,5.502398869763829,-0.28829767384574145,0.9936714046671922,0.5307821949043323,0.5306155119306667,0.996936153389998,0.9960611585505489
player,2023-24,top150,pick_form,AST,10118,1.662178544879768,-0.16199063260920102,0.9923351333605503,0.5362521192779496,0.5378697683156715,0.99100612769322,0.9960611585505489
player,2023-24,top150,pick_form,REB,10118,2.0470907461107686,-0.08558123680872425,0.995598620594302,0.5319996018712053,0.5331359929029864,0.9929828029254794,0.9960611585505489
player,2023-24,top150,pick_form,STL,10118,0.7846039305151161,-0.012609533569684162,0.9997937967568494,0.5123078468803376,0.5124108933015208,0.9836924293338605,0.9960611585505489
player,2023-24,top150,pick_form,BLK,10118,0.6284673650086607,-0.0011802506550897777,0.9984127839911516,0.5159017713365539,0.5176443825177013,0.98201225538644,0.9960611585505489
player,2023-24,top150,pick_form,FG3M,10118,1.074351185255977,-0.03825999051759764,0.9986217752062311,0.5217758093430349,0.5239840743963682,0.937240561375766,0.9960611585505489
player,2023-24,top150,pick_form,TOV,10118,1.0677517161555783,-0.003129320300393426,0.9977121710960902,0.5164,0.5145088566827697,0.9883376161296699,0.9960611585505489
player,2023-24,top150,pick_form,FG3A,10118,1.7102503004121254,-0.1064559741338427,0.9898335394439379,0.5375193000514668,0.5400214359828056,0.9601699940699743,0.9960611585505489
player,2023-24,top150,pick_form,OREB,10118,0.899066109635065,0.0067533201342249854,0.9985712018386333,0.520367412140575,0.5171754962692674,0.9899189563154773,0.9960611585505489
player,2024-25,top150,pick_form,PTS,9875,5.476328799670846,-0.3943928058122696,0.9936311401780933,0.534267438318611,0.5339715252772339,0.9973670886075949,0.9972672246086322
player,2024-25,top150,pick_form,AST,9875,1.6395225188248745,-0.12469687889722932,0.9953203775557358,0.5314256515074093,0.5328414006087081,0.9908860759493671,0.9972672246086322
player,2024-25,top150,pick_form,REB,9875,2.0324000669099207,-0.040387503849190466,0.9953004473949744,0.5302581896111848,0.5314575725960703,0.9923037974683544,0.9972672246086322
player,2024-25,top150,pick_form,STL,9875,0.8299171469563639,0.0007772485425322465,1.0006691512033394,0.5165488267240496,0.5177519311303844,0.988253164556962,0.9972672246086322
player,2024-25,top150,pick_form,BLK,9875,0.5746456336422779,0.015414415314116327,0.9988239461739199,0.5188249896565991,0.5102027069091444,0.9790379746835443,0.9972672246086322
player,2024-25,top150,pick_form,FG3M,9875,1.112067722702063,-0.027184766515230354,0.9984338893954461,0.520326075297651,0.5241712836387874,0.9441012658227849,0.9972672246086322
player,2024-25,top150,pick_form,TOV,9875,1.0737062949537333,-0.014009889246660408,0.9987924421389298,0.5161157873126668,0.5175208775388813,0.9865316455696203,0.9972672246086322
player,2024-25,top150,pick_form,FG3A,9875,1.7687493403325638,-0.06725717199803458,0.992793793738891,0.5396325459317586,0.5414534419510701,0.9645569620253165,0.9972672246086322
player,2024-25,top150,pick_form,OREB,9875,0.9042846046107375,-0.01738856049379317,1.001639833698349,0.5044084478162805,0.5081272919798911,0.987746835443038,0.9972672246086322
player,2025-26,top150,pick_form,PTS,9921,5.344024139206423,-0.14990764564735243,0.9923456825951281,0.5402333840690005,0.5405193312758491,0.9933474448140308,0.9963531012051189
player,2025-26,top150,pick_form,AST,9921,1.6090647861031702,-0.06489956506116286,0.9943452338703317,0.5286793223106756,0.5296876148585281,0.9876020562443302,0.9963531012051189
player,2025-26,top150,pick_form,REB,9921,2.0673993289139507,-0.0364120773688071,0.9963404067784647,0.5258225527146786,0.5263458901836262,0.9895171857675638,0.9963531012051189
player,2025-26,top150,pick_form,STL,9921,0.8266053677540828,-0.0005064578007026769,0.9999275537114319,0.5092440427280197,0.5093893723135008,0.981352686221147,0.9963531012051189
player,2025-26,top150,pick_form,BLK,9921,0.5907066641524868,-0.0092761659557422,1.001103497050035,0.49912035599710236,0.5043811865532777,0.9739945570003024,0.9963531012051189
player,2025-26,top150,pick_form,FG3M,9921,1.0666453612065234,-0.012904812577587783,0.997756679423228,0.5272766323024055,0.5277520103709157,0.9386150589658301,0.9963531012051189
player,2025-26,top150,pick_form,TOV,9921,1.0536185285450934,0.021925614007870117,0.9957402404416453,0.5285816545659066,0.5255737261770352,0.9856869267210967,0.9963531012051189
player,2025-26,top150,pick_form,FG3A,9921,1.7070376044787932,-0.03549335988038855,0.9881567458450075,0.5610340873553633,0.5615896206282338,0.9669388166515472,0.9963531012051189
player,2025-26,top150,pick_form,OREB,9921,0.9177312231943724,-0.0032361104866511004,1.001461871130783,0.5053333333333333,0.5047475934258364,0.9827638342908981,0.9963531012051189
team,pooled,full,T0,PTS,6120,35.63420502445347,35.369320039556605,,,,,
team,pooled,full,T0,AST,6120,8.693438391823769,8.143492541095391,,,,,
team,pooled,full,T0,REB,6120,15.45703624575945,15.161138913837101,,,,,
team,pooled,full,T0,STL,6120,3.611422037315607,2.8941982984263572,,,,,
team,pooled,full,T0,BLK,6120,2.6387463379684464,1.7920320035234694,,,,,
team,pooled,full,T0,FG3M,6120,4.781209705142401,3.9482342595130113,,,,,
team,pooled,full,T0,TOV,6120,5.583497582181728,4.980558824267635,,,,,
team,pooled,full,T0,FG3A,6120,12.224842283110457,11.800160844163845,,,,,
team,pooled,full,T0,OREB,6120,4.974786533932219,4.166769347463237,,,,,
team,2023-24,full,T0,PTS,2040,32.06393624848202,31.732593434327494,,,,,
team,2023-24,full,T0,AST,2040,7.895218775581187,7.225166326911414,,,,,
team,2023-24,full,T0,REB,2040,14.029604674572344,13.67778672756283,,,,,
team,2023-24,full,T0,STL,2040,3.1369504684930183,2.3765594181748,,,,,
team,2023-24,full,T0,BLK,2040,2.5587291649025556,1.5585950545153082,,,,,
team,2023-24,full,T0,FG3M,2040,4.4124747923244625,3.4358144549991407,,,,,
team,2023-24,full,T0,TOV,2040,4.974444187280756,4.308113795781289,,,,,
team,2023-24,full,T0,FG3A,2040,10.893721517364236,10.330619904440756,,,,,
team,2023-24,full,T0,OREB,2040,4.691900826990217,3.9018283034001153,,,,,
team,2024-25,full,T0,PTS,2040,35.31233253951073,35.01691076993971,,,,,
team,2024-25,full,T0,AST,2040,8.670186927179312,8.134166403071308,,,,,
team,2024-25,full,T0,REB,2040,15.989870277074273,15.748274204553145,,,,,
team,2024-25,full,T0,STL,2040,3.79252758880321,3.082721745599491,,,,,
team,2024-25,full,T0,BLK,2040,2.751379315029797,2.0331661819498357,,,,,
team,2024-25,full,T0,FG3M,2040,4.850237707719526,4.006563034373802,,,,,
team,2024-25,full,T0,TOV,2040,5.885583509068381,5.268625027238188,,,,,
team,2024-25,full,T0,FG3A,2040,12.521939543783382,12.149968333251701,,,,,
team,2024-25,full,T0,OREB,2040,4.8938046708331076,4.017562044724336,,,,,
team,2025-26,full,T0,PTS,2040,39.526346285367644,39.3584559144026,,,,,
team,2025-26,full,T0,AST,2040,9.514909472710807,9.071144893303451,,,,,
team,2025-26,full,T0,REB,2040,16.351633785631737,16.05735580939533,,,,,
team,2025-26,full,T0,STL,2040,3.9047880546505933,3.223313731504781,,,,,
team,2025-26,full,T0,BLK,2040,2.606130533972987,1.7843347741052644,,,,,
team,2025-26,full,T0,FG3M,2040,5.080916615383215,4.40232528916609,,,,,
team,2025-26,full,T0,TOV,2040,5.890465050196048,5.3649376497834265,,,,,
team,2025-26,full,T0,FG3A,2040,13.258865788183748,12.919894294799091,,,,,
team,2025-26,full,T0,OREB,2040,5.338654103973331,4.580917694265261,,,,,
team,pooled,full,T1,PTS,6120,10.959035437370623,1.2206349736996267,,,,,
team,pooled,full,T1,AST,6120,4.124002990794907,0.02322296799697546,,,,,
team,pooled,full,T1,REB,6120,5.667216610558894,0.8179818453267846,,,,,
team,pooled,full,T1,STL,6120,2.412870295966042,0.21682502357526667,,,,,
team,pooled,full,T1,BLK,6120,1.9887892534856269,0.15260280480406715,,,,,
team,pooled,full,T1,FG3M,6120,3.0514845497369856,0.057239235129867345,,,,,
team,pooled,full,T1,TOV,6120,3.1883138573411767,0.5661201026944974,,,,,
team,pooled,full,T1,FG3A,6120,5.182513761854362,0.41334951917454327,,,,,
team,pooled,full,T1,OREB,6120,3.086758273133541,0.306991922223541,,,,,
team,2023-24,full,T1,PTS,2040,10.79964939365748,0.5048733430524717,,,,,
team,2023-24,full,T1,AST,2040,3.9985123113186307,-0.36733165838816534,,,,,
team,2023-24,full,T1,REB,2040,5.46087177695017,0.3656883072439176,,,,,
team,2023-24,full,T1,STL,2040,2.2405207352859446,0.0674158943045759,,,,,
team,2023-24,full,T1,BLK,2040,2.037677938138829,0.03512730875145376,,,,,
team,2023-24,full,T1,FG3M,2040,2.974249910916648,-0.0643292134209567,,,,,
team,2023-24,full,T1,TOV,2040,2.996195154794137,0.41175039217638604,,,,,
team,2023-24,full,T1,FG3A,2040,4.947335887394258,0.0553160697182974,,,,,
team,2023-24,full,T1,OREB,2040,2.9590816628245173,0.33700527624511567,,,,,
team,2024-25,full,T1,PTS,2040,10.473822692640919,0.5647825694347997,,,,,
team,2024-25,full,T1,AST,2040,4.090440680437979,0.025378126665255015,,,,,
team,2024-25,full,T1,REB,2040,5.738237752604508,0.9345975560877937,,,,,
team,2024-25,full,T1,STL,2040,2.447664365580766,0.2915694804732994,,,,,
team,2024-25,full,T1,BLK,2040,1.9527559913681074,0.3158055639838694,,,,,
team,2024-25,full,T1,FG3M,2040,3.0979471042600086,0.004958722963697897,,,,,
team,2024-25,full,T1,TOV,2040,3.272391230674439,0.6419554959156317,,,,,
team,2024-25,full,T1,FG3A,2040,5.296551031344285,0.3391277158098952,,,,,
team,2024-25,full,T1,OREB,2040,3.1083215400327755,0.15735558135364403,,,,,
team,2025-26,full,T1,PTS,2040,11.603634225813474,2.5922490086116086,,,,,
team,2025-26,full,T1,AST,2040,4.283055980628115,0.41162243571383655,,,,,
team,2025-26,full,T1,REB,2040,5.802540302122005,1.153659672648643,,,,,
team,2025-26,full,T1,STL,2040,2.550425787031415,0.29148969594792473,,,,,
team,2025-26,full,T1,BLK,2040,1.9759338309499437,0.1068755416768783,,,,,
team,2025-26,full,T1,FG3M,2040,3.082256634034301,0.2310881958468608,,,,,
team,2025-26,full,T1,TOV,2040,3.2963551865549543,0.6446544199914748,,,,,
team,2025-26,full,T1,FG3A,2040,5.303654366824543,0.8456047719954373,,,,,
team,2025-26,full,T1,OREB,2040,3.192871616543329,0.4266149090718632,,,,,
team,pooled,full,T2,PTS,6120,10.069068443628671,-1.1551487789290098,,,,,
team,pooled,full,T2,AST,6120,3.9616104284701543,-0.5282088543325316,,,,,
team,pooled,full,T2,REB,6120,5.283291159622675,-0.09639914825120799,,,,,
team,pooled,full,T2,STL,6120,2.372816916309634,0.038664726854176455,,,,,
team,pooled,full,T2,BLK,6120,1.9659138293244616,0.05121319556760753,,,,,
team,pooled,full,T2,FG3M,6120,2.9909487901310294,-0.2165155830717752,,,,,
team,pooled,full,T2,TOV,6120,3.0897099816831877,0.2807861516486443,,,,,
team,pooled,full,T2,FG3A,6120,4.925379626994518,-0.35111871476476897,,,,,
team,pooled,full,T2,OREB,6120,3.030983727631906,0.08021022145228213,,,,,
team,2023-24,full,T2,PTS,2040,10.008342457614072,-0.6793911874573216,,,,,
team,2023-24,full,T2,AST,2040,3.900104207745811,-0.6340417719801638,,,,,
team,2023-24,full,T2,REB,2040,5.204689168094953,-0.08912228165161559,,,,,
team,2023-24,full,T2,STL,2040,2.225200616737229,-0.018962875542899365,,,,,
team,2023-24,full,T2,BLK,2040,2.0205144837280176,-0.018796442712217344,,,,,
team,2023-24,full,T2,FG3M,2040,2.9375259614497327,-0.19788839406637077,,,,,
team,2023-24,full,T2,TOV,2040,2.9344309825730948,0.27937411678862645,,,,,
team,2023-24,full,T2,FG3A,2040,4.758238285804994,-0.3053901383255068,,,,,
team,2023-24,full,T2,OREB,2040,2.926322843750775,0.23152282628635046,,,,,
team,2024-25,full,T2,PTS,2040,9.822776787368555,-2.1089844241136464,,,,,
team,2024-25,full,T2,AST,2040,3.961262395743136,-0.5979010346789586,,,,,
team,2024-25,full,T2,REB,2040,5.2653024015109695,-0.11926840987360808,,,,,
team,2024-25,full,T2,STL,2040,2.405514152040755,0.09206655464176668,,,,,
team,2024-25,full,T2,BLK,2040,1.9233606457611778,0.19925612152093186,,,,,
team,2024-25,full,T2,FG3M,2040,3.035079116270707,-0.3085655298895091,,,,,
team,2024-25,full,T2,TOV,2040,3.154683891236467,0.30838152690416804,,,,,
team,2024-25,full,T2,FG3A,2040,5.076681656745039,-0.5378313497023882,,,,,
team,2024-25,full,T2,OREB,2040,3.062881848419756,-0.10246379790319655,,,,,
team,2025-26,full,T2,PTS,2040,10.37608608590339,-0.6770707252160617,,,,,
team,2025-26,full,T2,AST,2040,4.023464681921516,-0.3526837563384726,,,,,
team,2025-26,full,T2,REB,2040,5.379881909262105,-0.08080675322840031,,,,,
team,2025-26,full,T2,STL,2040,2.4877359801509176,0.04289050146366205,,,,,
team,2025-26,full,T2,BLK,2040,1.9538663584841889,-0.026820092105891893,,,,,
team,2025-26,full,T2,FG3M,2040,3.0002412926726496,-0.14309282525944597,,,,,
team,2025-26,full,T2,TOV,2040,3.1800150712400024,0.25460281125313855,,,,,
team,2025-26,full,T2,FG3A,2040,4.941218938433522,-0.210134656266412,,,,,
team,2025-26,full,T2,OREB,2040,3.103746490725186,0.11157163597369246,,,,,
team,pooled,full,T2s,PTS,6120,9.984275847646659,-0.6958748755865076,,,,,
team,pooled,full,T2s,AST,6120,3.960417939963716,-0.5071522071926157,,,,,
team,pooled,full,T2s,REB,6120,5.282966608153468,-0.15873065029200226,,,,,
team,pooled,full,T2s,STL,6120,2.373152543505612,0.01915891364198352,,,,,
team,pooled,full,T2s,BLK,6120,1.9665579959655766,0.05023568707847426,,,,,
team,pooled,full,T2s,FG3M,6120,2.992328440426416,-0.15310923009747576,,,,,
team,pooled,full,T2s,TOV,6120,3.091639978628315,0.2974992224634257,,,,,
team,pooled,full,T2s,FG3A,6120,4.9344669469560705,-0.24943556534647815,,,,,
team,pooled,full,T2s,OREB,6120,3.0315278703275763,0.03244034372045662,,,,,
team,2023-24,full,T2s,PTS,2040,9.952820610086997,-0.16239456699196064,,,,,
team,2023-24,full,T2s,AST,2040,3.9109897145771497,-0.576409369067022,,,,,
team,2023-24,full,T2s,REB,2040,5.214957165544133,-0.09326115194793912,,,,,
team,2023-24,full,T2s,STL,2040,2.2253731056746657,-0.030209708744952088,,,,,
team,2023-24,full,T2s,BLK,2040,2.0223704281468664,-0.025460181370263013,,,,,
team,2023-24,full,T2s,FG3M,2040,2.9429039210006103,-0.15373825132899677,,,,,
team,2023-24,full,T2s,TOV,2040,2.9419889588428134,0.3128447818612371,,,,,
team,2023-24,full,T2s,FG3A,2040,4.766871067057716,-0.2657431338346706,,,,,
team,2023-24,full,T2s,OREB,2040,2.9276758022721823,0.19638696137712267,,,,,
team,2024-25,full,T2s,PTS,2040,9.777816698836265,-1.6548615533102244,,,,,
team,2024-25,full,T2s,AST,2040,3.947611528498659,-0.5418486491639654,,,,,
team,2024-25,full,T2s,REB,2040,5.279704983838657,-0.29052401393285104,,,,,
team,2024-25,full,T2s,STL,2040,2.4090661410489114,0.08548608461092116,,,,,
team,2024-25,full,T2s,BLK,2040,1.9200026270829547,0.19285688188859654,,,,,
team,2024-25,full,T2s,FG3M,2040,3.045607609028562,-0.21730451957324415,,,,,
team,2024-25,full,T2s,TOV,2040,3.1482800953630155,0.30619320740780304,,,,,
team,2024-25,full,T2s,FG3A,2040,5.08753612812111,-0.35807865166979663,,,,,
team,2024-25,full,T2s,OREB,2040,3.0699430366715337,-0.18894672734801543,,,,,
team,2025-26,full,T2s,PTS,2040,10.222190234016715,-0.2703685064573375,,,,,
team,2025-26,full,T2s,AST,2040,4.0226525768153385,-0.4031986033468599,,,,,
team,2025-26,full,T2s,REB,2040,5.3542376750776155,-0.0924067849952166,,,,,
team,2025-26,full,T2s,STL,2040,2.48501838379326,0.002200365059981512,,,,,
team,2025-26,full,T2s,BLK,2040,1.9573009326669084,-0.016689639282910694,,,,,
team,2025-26,full,T2s,FG3M,2040,2.988473791250075,-0.08828491939018637,,,,,
team,2025-26,full,T2s,TOV,2040,3.184650881679114,0.27345967812123695,,,,,
team,2025-26,full,T2s,FG3A,2040,4.948993645689386,-0.12448491053496716,,,,,
team,2025-26,full,T2s,OREB,2040,3.096964772039013,0.08988079713226263,,,,,
team,pooled,full,T3,PTS,6120,10.05899590389542,-1.1484095539853492,,,,,
team,pooled,full,T3,AST,6120,3.954109693991337,-0.5452225911318932,,,,,
team,pooled,full,T3,REB,6120,5.27420855570448,-0.06714238312063273,,,,,
team,pooled,full,T3,STL,6120,2.373080774228963,0.04839956075550699,,,,,
team,pooled,full,T3,BLK,6120,1.9631661931653106,0.06391039774009956,,,,,
team,pooled,full,T3,FG3M,6120,2.990762937038927,-0.21310374366289564,,,,,
team,pooled,full,T3,TOV,6120,3.091437418052162,0.2678227057428811,,,,,
team,pooled,full,T3,FG3A,6120,4.928160590532368,-0.37404675237770146,,,,,
team,pooled,full,T3,OREB,6120,3.0266348203356186,0.09731575892812597,,,,,
team,2023-24,full,T3,PTS,2040,9.975611126286829,-0.5412557751201352,,,,,
team,2023-24,full,T3,AST,2040,3.889501968455406,-0.6190231954951824,,,,,
team,2023-24,full,T3,REB,2040,5.199925995468007,-0.08440559591914788,,,,,
team,2023-24,full,T3,STL,2040,2.224087839334365,-0.007423267307807542,,,,,
team,2023-24,full,T3,BLK,2040,2.014194663638349,-0.011813575883555657,,,,,
team,2023-24,full,T3,FG3M,2040,2.9330396177173603,-0.1830842783551798,,,,,
team,2023-24,full,T3,TOV,2040,2.931559639222189,0.2692866677025531,,,,,
team,2023-24,full,T3,FG3A,2040,4.763464655255938,-0.31784681152896677,,,,,
team,2023-24,full,T3,OREB,2040,2.9224544193904727,0.23380157524467027,,,,,
team,2024-25,full,T3,PTS,2040,9.818826277463467,-2.0968418113379412,,,,,
team,2024-25,full,T3,AST,2040,3.96007805995564,-0.5884218307902032,,,,,
team,2024-25,full,T3,REB,2040,5.251982798254348,-0.11791638627250332,,,,,
team,2024-25,full,T3,STL,2040,2.406752748653616,0.09687961617351938,,,,,
team,2024-25,full,T3,BLK,2040,1.9250150455070245,0.21089951016693384,,,,,
team,2024-25,full,T3,FG3M,2040,3.0383210571187793,-0.3014568691154118,,,,,
team,2024-25,full,T3,TOV,2040,3.159326122043559,0.3044304116342759,,,,,
team,2024-25,full,T3,FG3A,2040,5.0779593115927035,-0.5359321074241106,,,,,
team,2024-25,full,T3,OREB,2040,3.0592404278831,-0.09540863504148361,,,,,
team,2025-26,full,T3,PTS,2040,10.382550307935961,-0.807131075497971,,,,,
team,2025-26,full,T3,AST,2040,4.012749053562966,-0.428222747110294,,,,,
team,2025-26,full,T3,REB,2040,5.370716873391086,0.0008948328297529261,,,,,
team,2025-26,full,T3,STL,2040,2.488401734698908,0.05574233340080916,,,,,
team,2025-26,full,T3,BLK,2040,1.9502888703505585,-0.007354741063079535,,,,,
team,2025-26,full,T3,FG3M,2040,3.000928136280641,-0.15477008351809549,,,,,
team,2025-26,full,T3,TOV,2040,3.1834264928907388,0.2297510378918142,,,,,
team,2025-26,full,T3,FG3A,2040,4.943057804748462,-0.26836133818002705,,,,,
team,2025-26,full,T3,OREB,2040,3.0982096137332817,0.15355433658119128,,,,,
team,pooled,outs_known,T0o,PTS,6120,17.91769918241657,1.1044881319616593,,,,,
team,pooled,outs_known,T0o,AST,6120,5.318718605189368,0.0726319877236692,,,,,
team,pooled,outs_known,T0o,REB,6120,7.723068370815371,1.5254254723976715,,,,,
team,pooled,outs_known,T0o,STL,6120,2.618317078364144,0.3544210356887601,,,,,
team,pooled,outs_known,T0o,BLK,6120,2.0694747588171998,0.22334001553791547,,,,,
team,pooled,outs_known,T0o,FG3M,6120,3.4354508478244195,0.20238269328701863,,,,,
team,pooled,outs_known,T0o,TOV,6120,3.7323746188533247,0.6062069067162495,,,,,
team,pooled,outs_known,T0o,FG3A,6120,6.940493786755205,0.9650712832428552,,,,,
team,pooled,outs_known,T0o,OREB,6120,3.447423315522827,0.5819777564848188,,,,,
team,2023-24,outs_known,T0o,PTS,2040,17.31802461618987,2.025426695075704,,,,,
team,2023-24,outs_known,T0o,AST,2040,5.217569020702422,-0.0018309893192538847,,,,,
team,2023-24,outs_known,T0o,REB,2040,7.549269298092208,1.6168829587239917,,,,,
team,2023-24,outs_known,T0o,STL,2040,2.4254151238057435,0.2507475504605701,,,,,
team,2023-24,outs_known,T0o,BLK,2040,2.1126783802992106,0.16574471955246814,,,,,
team,2023-24,outs_known,T0o,FG3M,2040,3.361748736937526,0.1919602950187536,,,,,
team,2023-24,outs_known,T0o,TOV,2040,3.4553501629007655,0.585671614327142,,,,,
team,2023-24,outs_known,T0o,FG3A,2040,6.563845553784278,0.9114373478056934,,,,,
team,2023-24,outs_known,T0o,OREB,2040,3.3538422986708945,0.7448901641470528,,,,,
team,2024-25,outs_known,T0o,PTS,2040,17.383490707530004,-0.41893476384887024,,,,,
team,2024-25,outs_known,T0o,AST,2040,5.305973583913031,-0.13170374605204738,,,,,
team,2024-25,outs_known,T0o,REB,2040,7.8730883007952155,1.5368497644428945,,,,,
team,2024-25,outs_known,T0o,STL,2040,2.6522791955171185,0.4011658735581759,,,,,
team,2024-25,outs_known,T0o,BLK,2040,2.040893727948746,0.36523864703445713,,,,,
team,2024-25,outs_known,T0o,FG3M,2040,3.445381492201882,0.034409803906919674,,,,,
team,2024-25,outs_known,T0o,TOV,2040,3.783337536523661,0.5857894356136913,,,,,
team,2024-25,outs_known,T0o,FG3A,2040,7.045698962561813,0.6472065854673908,,,,,
team,2024-25,outs_known,T0o,OREB,2040,3.413454453978087,0.38025969009001537,,,,,
team,2025-26,outs_known,T0o,PTS,2040,19.051582223529834,1.7069724646581432,,,,,
team,2025-26,outs_known,T0o,AST,2040,5.43261321095265,0.35143069854230885,,,,,
team,2025-26,outs_known,T0o,REB,2040,7.74684751355869,1.4225436940261273,,,,,
team,2025-26,outs_known,T0o,STL,2040,2.7772569157695686,0.41134968304753433,,,,,
team,2025-26,outs_known,T0o,BLK,2040,2.054852168203643,0.13903668002682118,,,,,
team,2025-26,outs_known,T0o,FG3M,2040,3.4992223143338497,0.3807779809353826,,,,,
team,2025-26,outs_known,T0o,TOV,2040,3.958436157135547,0.6471596702079152,,,,,
team,2025-26,outs_known,T0o,FG3A,2040,7.211936843919523,1.336569916455481,,,,,
team,2025-26,outs_known,T0o,OREB,2040,3.5749731939195004,0.6207834152173879,,,,,
team,pooled,outs_known,T1o,PTS,6120,18.59842063094603,-9.654338325838042,,,,,
team,pooled,outs_known,T1o,AST,6120,5.505427512343138,-2.5050300580103704,,,,,
team,pooled,outs_known,T1o,REB,6120,7.728433450980288,-3.412299724368181,,,,,
team,pooled,outs_known,T1o,STL,6120,2.572716343347572,-0.5468499740211565,,,,,
team,pooled,outs_known,T1o,BLK,6120,2.023822942471943,-0.33401333610279205,,,,,
team,pooled,outs_known,T1o,FG3M,6120,3.452525794255058,-1.1034010535761365,,,,,
team,pooled,outs_known,T1o,TOV,6120,3.631045514133705,-0.7999167881769887,,,,,
team,pooled,outs_known,T1o,FG3A,6120,6.980990887206918,-2.8777813710185867,,,,,
team,pooled,outs_known,T1o,OREB,6120,3.352123647014845,-0.7892248856879746,,,,,
team,2023-24,outs_known,T1o,PTS,2040,17.657277575842265,-8.8804475191645,,,,,
team,2023-24,outs_known,T1o,AST,2040,5.441724767970078,-2.6410491869743438,,,,,
team,2023-24,outs_known,T1o,REB,2040,7.5556799025079435,-3.4634597676783847,,,,,
team,2023-24,outs_known,T1o,STL,2040,2.395189266062682,-0.6005714969528446,,,,,
team,2023-24,outs_known,T1o,BLK,2040,2.0834529314755947,-0.4094938778647006,,,,,
team,2023-24,outs_known,T1o,FG3M,2040,3.3793989299367206,-1.066040344449475,,,,,
team,2023-24,outs_known,T1o,TOV,2040,3.35480937138852,-0.778345923649449,,,,,
team,2023-24,outs_known,T1o,FG3A,2040,6.607984137197475,-2.831906514326348,,,,,
team,2023-24,outs_known,T1o,OREB,2040,3.2358715092592463,-0.6555072475140583,,,,,
team,2024-25,outs_known,T1o,PTS,2040,18.624986711149134,-11.141217280529265,,,,,
team,2024-25,outs_known,T1o,AST,2040,5.559092251619123,-2.671435236629877,,,,,
team,2024-25,outs_known,T1o,REB,2040,7.823418291955621,-3.460048043089915,,,,,
team,2024-25,outs_known,T1o,STL,2040,2.5978382375447606,-0.5417725105294149,,,,,
team,2024-25,outs_known,T1o,BLK,2040,1.9704368202470184,-0.21162123760690274,,,,,
team,2024-25,outs_known,T1o,FG3M,2040,3.531177863438928,-1.2973016428261261,,,,,
team,2024-25,outs_known,T1o,TOV,2040,3.699113593522157,-0.8770515239932084,,,,,
team,2024-25,outs_known,T1o,FG3A,2040,7.223585804949485,-3.3091660627290485,,,,,
team,2024-25,outs_known,T1o,OREB,2040,3.364134918292758,-0.9584402491742194,,,,,
team,2025-26,outs_known,T1o,PTS,2040,19.5129976058467,-8.941350177820363,,,,,
team,2025-26,outs_known,T1o,AST,2040,5.515465517440212,-2.202605750426891,,,,,
team,2025-26,outs_known,T1o,REB,2040,7.806202158477296,-3.313391362336243,,,,,
team,2025-26,outs_known,T1o,STL,2040,2.7251215264352733,-0.49820591458121044,,,,,
team,2025-26,outs_known,T1o,BLK,2040,2.0175790756932157,-0.38092489283677283,,,,,
team,2025-26,outs_known,T1o,FG3M,2040,3.447000589389525,-0.946861173452809,,,,,
team,2025-26,outs_known,T1o,TOV,2040,3.8392135774904386,-0.7443529168883087,,,,,
team,2025-26,outs_known,T1o,FG3A,2040,7.111402719473793,-2.4922715360003638,,,,,
team,2025-26,outs_known,T1o,OREB,2040,3.456364513492532,-0.7537271603756457,,,,,
team,pooled,outs_known,T2o,PTS,6120,10.743213979323208,-2.085190687600728,,,,,
team,pooled,outs_known,T2o,AST,6120,4.270730953186559,-0.7361679503429674,,,,,
team,pooled,outs_known,T2o,REB,6120,5.493153641246397,-0.3210715419553253,,,,,
team,pooled,outs_known,T2o,STL,6120,2.3584988604422246,0.03018453742823197,,,,,
team,pooled,outs_known,T2o,BLK,6120,1.9727086735081298,0.018015419768973563,,,,,
team,pooled,outs_known,T2o,FG3M,6120,2.9933494401230427,-0.1787040256901878,,,,,
team,pooled,outs_known,T2o,TOV,6120,3.1658419805657347,0.1487197145467269,,,,,
team,pooled,outs_known,T2o,FG3A,6120,4.963563317692273,-0.2598584661254207,,,,,
team,pooled,outs_known,T2o,OREB,6120,3.0520347586971392,0.028706544486474906,,,,,
team,2023-24,outs_known,T2o,PTS,2040,10.419907845968279,-0.9092772090657165,,,,,
team,2023-24,outs_known,T2o,AST,2040,4.188812342200754,-0.8252365770466327,,,,,
team,2023-24,outs_known,T2o,REB,2040,5.359350162735276,-0.28757037981076744,,,,,
team,2023-24,outs_known,T2o,STL,2040,2.2042951030194002,-0.05501261546603298,,,,,
team,2023-24,outs_known,T2o,BLK,2040,2.0151639661224823,-0.03517615041698663,,,,,
team,2023-24,outs_known,T2o,FG3M,2040,2.96672693484122,-0.13478596893710196,,,,,
team,2023-24,outs_known,T2o,TOV,2040,2.9758931360103995,0.17425322025870918,,,,,
team,2023-24,outs_known,T2o,FG3A,2040,4.865710563303996,-0.20601641085800101,,,,,
team,2023-24,outs_known,T2o,OREB,2040,2.944337132013353,0.17602942419756706,,,,,
team,2024-25,outs_known,T2o,PTS,2040,10.619956403747285,-3.2327748459558494,,,,,
team,2024-25,outs_known,T2o,AST,2040,4.259732778417391,-0.8406311605832526,,,,,
team,2024-25,outs_known,T2o,REB,2040,5.562215824428017,-0.12152732703378771,,,,,
team,2024-25,outs_known,T2o,STL,2040,2.394010209841544,0.09040762381352689,,,,,
team,2024-25,outs_known,T2o,BLK,2040,1.9381823608343514,0.16556749591277323,,,,,
team,2024-25,outs_known,T2o,FG3M,2040,3.0134810263728826,-0.3081377221159084,,,,,
team,2024-25,outs_known,T2o,TOV,2040,3.2290350565482195,0.1330909191003331,,,,,
team,2024-25,outs_known,T2o,FG3A,2040,5.029394563140269,-0.4937925318360564,,,,,
team,2024-25,outs_known,T2o,OREB,2040,3.083369447714287,-0.07224924019678913,,,,,
team,2025-26,outs_known,T2o,PTS,2040,11.189777688254065,-2.113520007780617,,,,,
team,2025-26,outs_known,T2o,AST,2040,4.363647738941535,-0.542636113399017,,,,,
team,2025-26,outs_known,T2o,REB,2040,5.557894936575899,-0.5541169190214207,,,,,
team,2025-26,outs_known,T2o,STL,2040,2.4771912684657273,0.055158603937201955,,,,,
team,2025-26,outs_known,T2o,BLK,2040,1.964779693567556,-0.07634508618886589,,,,,
team,2025-26,outs_known,T2o,FG3M,2040,2.999840359155025,-0.09318838601755307,,,,,
team,2025-26,outs_known,T2o,TOV,2040,3.2925977491385874,0.13881500428113835,,,,,
team,2025-26,outs_known,T2o,FG3A,2040,4.995584826632553,-0.07976645568220449,,,,,
team,2025-26,outs_known,T2o,OREB,2040,3.1283976963637783,-0.017660550541353213,,,,,
team,pooled,outs_known,T2so,PTS,6120,10.638066826232347,-2.014352055445621,,,,,
team,pooled,outs_known,T2so,AST,6120,4.287170812223295,-0.8067336112641057,,,,,
team,pooled,outs_known,T2so,REB,6120,5.497640447521955,-0.4257101547058459,,,,,
team,pooled,outs_known,T2so,STL,6120,2.3592404315413624,-0.015285753603256576,,,,,
team,pooled,outs_known,T2so,BLK,6120,1.97173336191157,0.0014868064798129502,,,,,
team,pooled,outs_known,T2so,FG3M,6120,2.9873872495841796,-0.11868811815025078,,,,,
team,pooled,outs_known,T2so,TOV,6120,3.161354778145597,0.0938395609394365,,,,,
team,pooled,outs_known,T2so,FG3A,6120,4.960845491382954,-0.21054823733726163,,,,,
team,pooled,outs_known,T2so,OREB,6120,3.059206968352224,-0.0057652430240717695,,,,,
team,2023-24,outs_known,T2so,PTS,2040,10.434542560402242,-0.3880042981947847,,,,,
team,2023-24,outs_known,T2so,AST,2040,4.228272401418305,-0.8096626679474512,,,,,
team,2023-24,outs_known,T2so,REB,2040,5.371485797210606,-0.21618252336860444,,,,,
team,2023-24,outs_known,T2so,STL,2040,2.21021418610497,-0.09300269074137363,,,,,
team,2023-24,outs_known,T2so,BLK,2040,2.0255166235022517,-0.0310908859215398,,,,,
team,2023-24,outs_known,T2so,FG3M,2040,2.9727024584959665,-0.08324950099112194,,,,,
team,2023-24,outs_known,T2so,TOV,2040,2.982207590921037,0.2014680212314197,,,,,
team,2023-24,outs_known,T2so,FG3A,2040,4.856396541542811,-0.12755534080462613,,,,,
team,2023-24,outs_known,T2so,OREB,2040,2.9575197990091007,0.1585601694133179,,,,,
team,2024-25,outs_known,T2so,PTS,2040,10.489630817816998,-3.2366439495248165,,,,,
team,2024-25,outs_known,T2so,AST,2040,4.270500654922174,-0.8644210219677813,,,,,
team,2024-25,outs_known,T2so,REB,2040,5.558384735723569,-0.49177943473819735,,,,,
team,2024-25,outs_known,T2so,STL,2040,2.3863645607647967,0.0391396345489911,,,,,
team,2024-25,outs_known,T2so,BLK,2040,1.9243659320207744,0.11374916518643885,,,,,
team,2024-25,outs_known,T2so,FG3M,2040,3.0090304072160134,-0.2032911710599462,,,,,
team,2024-25,outs_known,T2so,TOV,2040,3.2180772483865447,0.0464370384259764,,,,,
team,2024-25,outs_known,T2so,FG3A,2040,5.010136892811574,-0.3682105095147546,,,,,
team,2024-25,outs_known,T2so,OREB,2040,3.0838894988074714,-0.16452451555147282,,,,,
team,2025-26,outs_known,T2so,PTS,2040,10.9900271004778,-2.418407918617263,,,,,
team,2025-26,outs_known,T2so,AST,2040,4.362739380329408,-0.7461171438770848,,,,,
team,2025-26,outs_known,T2so,REB,2040,5.563050809631692,-0.5691685060107357,,,,,
team,2025-26,outs_known,T2so,STL,2040,2.4811425477543203,0.008005795382612809,,,,,
team,2025-26,outs_known,T2so,BLK,2040,1.9653175302116828,-0.07819785982546015,,,,,
team,2025-26,outs_known,T2so,FG3M,2040,2.9804288830405588,-0.06952368239968429,,,,,
team,2025-26,outs_known,T2so,TOV,2040,3.2837794951292096,0.0336136231609134,,,,,
team,2025-26,outs_known,T2so,FG3A,2040,5.016003039794476,-0.13587886169240415,,,,,
team,2025-26,outs_known,T2so,OREB,2040,3.1362116072401003,-0.01133138293406036,,,,,
team,pooled,outs_known,T3o,PTS,6120,10.73176405410324,-2.043026448554314,,,,,
team,pooled,outs_known,T3o,AST,6120,4.244026272792095,-0.747441633690572,,,,,
team,pooled,outs_known,T3o,REB,6120,5.461050742164391,-0.30296468527494663,,,,,
team,pooled,outs_known,T3o,STL,6120,2.3591506670168734,0.04171461215050108,,,,,
team,pooled,outs_known,T3o,BLK,6120,1.9676589297362048,0.027354498630364855,,,,,
team,pooled,outs_known,T3o,FG3M,6120,2.9904667205731337,-0.17342578810975717,,,,,
team,pooled,outs_known,T3o,TOV,6120,3.166132173621131,0.13919963933894344,,,,,
team,pooled,outs_known,T3o,FG3A,6120,4.952503822465858,-0.27113930141339493,,,,,
team,pooled,outs_known,T3o,OREB,6120,3.0375672984794244,0.039805218151177914,,,,,
team,2023-24,outs_known,T3o,PTS,2040,10.36736673478998,-0.7718765759927653,,,,,
team,2023-24,outs_known,T3o,AST,2040,4.16257925783139,-0.8020621964320669,,,,,
team,2023-24,outs_known,T3o,REB,2040,5.340032009847985,-0.29735154738803254,,,,,
team,2023-24,outs_known,T3o,STL,2040,2.203963539336829,-0.037703280969073764,,,,,
team,2023-24,outs_known,T3o,BLK,2040,2.0085013674875616,-0.0314596482973146,,,,,
team,2023-24,outs_known,T3o,FG3M,2040,2.9589684324850007,-0.11655841743517095,,,,,
team,2023-24,outs_known,T3o,TOV,2040,2.9728149199733167,0.16509980723306436,,,,,
team,2023-24,outs_known,T3o,FG3A,2040,4.839965453621324,-0.20176458320517046,,,,,
team,2023-24,outs_known,T3o,OREB,2040,2.9242500366672783,0.17097520823869694,,,,,
team,2024-25,outs_known,T3o,PTS,2040,10.606500940883317,-3.19834441064782,,,,,
team,2024-25,outs_known,T3o,AST,2040,4.243471847639219,-0.8342761289819568,,,,,
team,2024-25,outs_known,T3o,REB,2040,5.5224405902293645,-0.13188313084668912,,,,,
team,2024-25,outs_known,T3o,STL,2040,2.3946650698113663,0.09345845216855535,,,,,
team,2024-25,outs_known,T3o,BLK,2040,1.9360724289766413,0.17359048622086723,,,,,
team,2024-25,outs_known,T3o,FG3M,2040,3.0163240713990374,-0.3013986903667983,,,,,
team,2024-25,outs_known,T3o,TOV,2040,3.2322933889077947,0.12911296687731058,,,,,
team,2024-25,outs_known,T3o,FG3A,2040,5.023903486024553,-0.4882311749488478,,,,,
team,2024-25,outs_known,T3o,OREB,2040,3.07469660426138,-0.07117049534602343,,,,,
team,2025-26,outs_known,T3o,PTS,2040,11.221424486636423,-2.1588583590223567,,,,,
team,2025-26,outs_known,T3o,AST,2040,4.3260277129056774,-0.6059865756576924,,,,,
team,2025-26,outs_known,T3o,REB,2040,5.520679626415819,-0.4796593775901181,,,,,
team,2025-26,outs_known,T3o,STL,2040,2.478823391902425,0.06938866525202161,,,,,
team,2025-26,outs_known,T3o,BLK,2040,1.958402992744411,-0.060067342032458046,,,,,
team,2025-26,outs_known,T3o,FG3M,2040,2.9961076578353643,-0.1023202565273023,,,,,
team,2025-26,outs_known,T3o,TOV,2040,3.29328821198228,0.12338614390645535,,,,,
team,2025-26,outs_known,T3o,FG3A,2040,4.993642527751697,-0.12342214608616647,,,,,
team,2025-26,outs_known,T3o,OREB,2040,3.1137552545096137,0.019610941560860257,,,,,
