row_type,subset,variant,mpg_source,quality,strength,fold,stat,n_cases,n_moved,mae,bias,rel_mae_vs_reference,fitted_s,ci_lo,ci_hi
eval,all_treated,reference,,,,,PTS,16101,0.0,5.457040603630659,-0.3818508080506983,0.9999999999999943,,,
eval,all_treated,reference,,,,,AST,16101,0.0,1.6318259964520587,-0.15098305596272585,1.0000000000000013,,,
eval,all_treated,reference,,,,,REB,16101,0.0,2.0510571562223485,-0.09431267082920418,1.0000000000000036,,,
eval,all_treated,reference,,,,,STL,16101,0.0,0.8122795769874498,-0.0015188503305611839,1.0000000000000029,,,
eval,all_treated,reference,,,,,BLK,16101,0.0,0.602930357491421,-0.011608331326434842,1.000000000000002,,,
eval,all_treated,reference,,,,,FG3M,16101,0.0,1.0849740862508475,-0.03593609182960182,1.000000000000003,,,
eval,all_treated,reference,,,,,TOV,16101,0.0,1.0602758483751435,-0.004940737122164986,1.0000000000000022,,,
eval,all_treated,reference,,,,,FG3A,16101,0.0,1.7507342333081999,-0.08333974101585336,1.000000000000003,,,
eval,all_treated,reference,,,,,OREB,16101,0.0,0.9075944023735796,-0.009324958020762466,0.9999999999999971,,,
eval,all_treated,reference,,,,,POOLED,16101,0.0,,,1.000000000000001,,,
eval,all_treated,pit_q_s0.05,pit,True,0.05,,PTS,16101,16101.0,5.463067169431431,-0.21568139082189317,1.0011043652115639,,,
eval,all_treated,pit_q_s0.05,pit,True,0.05,,AST,16101,16101.0,1.633144969913519,-0.11285722856063936,1.0008082807016987,,,
eval,all_treated,pit_q_s0.05,pit,True,0.05,,REB,16101,16101.0,2.054881937807072,-0.038228871522308944,1.0018647854708131,,,
eval,all_treated,pit_q_s0.05,pit,True,0.05,,STL,16101,16101.0,0.8134801711683906,0.008895393724136124,1.001478055357979,,,
eval,all_treated,pit_q_s0.05,pit,True,0.05,,BLK,16101,16101.0,0.6042235616783515,-0.005473551387093189,1.0021448649431293,,,
eval,all_treated,pit_q_s0.05,pit,True,0.05,,FG3M,16101,16101.0,1.0872357523101877,-0.01732900712516453,1.0020845346335956,,,
eval,all_treated,pit_q_s0.05,pit,True,0.05,,TOV,16101,16101.0,1.0625966976590955,0.014122658655774873,1.0021889108268485,,,
eval,all_treated,pit_q_s0.05,pit,True,0.05,,FG3A,16101,16101.0,1.7539335322338836,-0.03282405231984544,1.0018274041055584,,,
eval,all_treated,pit_q_s0.05,pit,True,0.05,,OREB,16101,16101.0,0.9094810496837523,0.0035252223018031287,1.0020787339644626,,,
eval,all_treated,pit_q_s0.05,pit,True,0.05,,POOLED,16101,16101.0,,,1.0017311039128498,,,
eval,all_treated,pit_q_s0.10,pit,True,0.1,,PTS,16101,16101.0,5.474190713917143,-0.04951197359308799,1.0031427492540632,,,
eval,all_treated,pit_q_s0.10,pit,True,0.1,,AST,16101,16101.0,1.6353477055566457,-0.07473140115855284,1.0021581400910673,,,
eval,all_treated,pit_q_s0.10,pit,True,0.1,,REB,16101,16101.0,2.0600155096868353,0.017854927784586288,1.0043676761699774,,,
eval,all_treated,pit_q_s0.10,pit,True,0.1,,STL,16101,16101.0,0.8148255272334534,0.019309637778833422,1.0031343275371372,,,
eval,all_treated,pit_q_s0.10,pit,True,0.1,,BLK,16101,16101.0,0.6055831953793547,0.0006612285522484655,1.0043999076426877,,,
eval,all_treated,pit_q_s0.10,pit,True,0.1,,FG3M,16101,16101.0,1.0899079235322542,0.0012780775792727555,1.004547424075776,,,
eval,all_treated,pit_q_s0.10,pit,True,0.1,,TOV,16101,16101.0,1.0652383366649478,0.03318605443371474,1.004680374732115,,,
eval,all_treated,pit_q_s0.10,pit,True,0.1,,FG3A,16101,16101.0,1.7585672627375877,0.01769163637616249,1.0044741396383114,,,
eval,all_treated,pit_q_s0.10,pit,True,0.1,,OREB,16101,16101.0,0.9115424664800023,0.01637540262436872,1.004350031353317,,,
eval,all_treated,pit_q_s0.10,pit,True,0.1,,POOLED,16101,16101.0,,,1.0039171967216058,,,
eval,all_treated,pit_q_s0.15,pit,True,0.15,,PTS,16101,16101.0,5.490524640462759,0.11665744363571723,1.0061359332400406,,,
eval,all_treated,pit_q_s0.15,pit,True,0.15,,AST,16101,16101.0,1.6384084643737786,-0.036605573756466336,1.0040338050356066,,,
eval,all_treated,pit_q_s0.15,pit,True,0.15,,REB,16101,16101.0,2.066583734978169,0.07393872709148153,1.0075700370946388,,,
eval,all_treated,pit_q_s0.15,pit,True,0.15,,STL,16101,16101.0,0.8163141579956755,0.029723881833530728,1.0049669856568244,,,
eval,all_treated,pit_q_s0.15,pit,True,0.15,,BLK,16101,16101.0,0.6070044837141387,0.006796008491590119,1.0067572086429184,,,
eval,all_treated,pit_q_s0.15,pit,True,0.15,,FG3M,16101,16101.0,1.092904624842861,0.019885162283710046,1.0073094267342562,,,
eval,all_treated,pit_q_s0.15,pit,True,0.15,,TOV,16101,16101.0,1.0682034588735871,0.0522494502116546,1.0074769320744172,,,
eval,all_treated,pit_q_s0.15,pit,True,0.15,,FG3A,16101,16101.0,1.7644742122149841,0.06820732507217042,1.0078481237445311,,,
eval,all_treated,pit_q_s0.15,pit,True,0.15,,OREB,16101,16101.0,0.9138091753474067,0.02922558294693432,1.0068475223707543,,,
eval,all_treated,pit_q_s0.15,pit,True,0.15,,POOLED,16101,16101.0,,,1.0065495527326653,,,
eval,all_treated,pit_q_s0.20,pit,True,0.2,,PTS,16101,16101.0,5.511573478377835,0.2828268608645225,1.009993122409766,,,
eval,all_treated,pit_q_s0.20,pit,True,0.2,,AST,16101,16101.0,1.6422888504611601,0.0015202536456201989,1.0064117461248026,,,
eval,all_treated,pit_q_s0.20,pit,True,0.2,,REB,16101,16101.0,2.074481207323707,0.13002252639837678,1.0114204770112347,,,
eval,all_treated,pit_q_s0.20,pit,True,0.2,,STL,16101,16101.0,0.8179236820131361,0.040138125888228036,1.0069484758518998,,,
eval,all_treated,pit_q_s0.20,pit,True,0.2,,BLK,16101,16101.0,0.6084640908008252,0.012930788430931773,1.0091780638354806,,,
eval,all_treated,pit_q_s0.20,pit,True,0.2,,FG3M,16101,16101.0,1.0962111319529315,0.03849224698814735,1.0103569715115661,,,
eval,all_treated,pit_q_s0.20,pit,True,0.2,,TOV,16101,16101.0,1.0714953715578623,0.07131284598959446,1.0105817021107433,,,
eval,all_treated,pit_q_s0.20,pit,True,0.2,,FG3A,16101,16101.0,1.7717522906985061,0.1187230137681784,1.0120052815501275,,,
eval,all_treated,pit_q_s0.20,pit,True,0.2,,OREB,16101,16101.0,0.9162498381032111,0.04207576326949992,1.009536678175838,,,
eval,all_treated,pit_q_s0.20,pit,True,0.2,,POOLED,16101,16101.0,,,1.0096036131757176,,,
eval,all_treated,pit_q_s0.35,pit,True,0.35,,PTS,16101,16101.0,5.602371692115529,0.781335112550938,1.0266318503087821,,,
eval,all_treated,pit_q_s0.35,pit,True,0.35,,AST,16101,16101.0,1.659378483085273,0.11589773585187972,1.0168844513404747,,,
eval,all_treated,pit_q_s0.35,pit,True,0.35,,REB,16101,16101.0,2.1064010674991254,0.2982739243190624,1.0269831150774544,,,
eval,all_treated,pit_q_s0.35,pit,True,0.35,,STL,16101,16101.0,0.823637236540722,0.07138085805231992,1.013982451208976,,,
eval,all_treated,pit_q_s0.35,pit,True,0.35,,BLK,16101,16101.0,0.6132166470261198,0.03133512824895673,1.0170604936488812,,,
eval,all_treated,pit_q_s0.35,pit,True,0.35,,FG3M,16101,16101.0,1.1080017415337011,0.09431350110145921,1.021224152331997,,,
eval,all_treated,pit_q_s0.35,pit,True,0.35,,TOV,16101,16101.0,1.0830596846193152,0.12850303332341403,1.021488593066691,,,
eval,all_treated,pit_q_s0.35,pit,True,0.35,,FG3A,16101,16101.0,1.8012770200979291,0.2702700798562021,1.0288694799177078,,,
eval,all_treated,pit_q_s0.35,pit,True,0.35,,OREB,16101,16101.0,0.9247480666065473,0.08062630423719669,1.0189001432667544,,,
eval,all_treated,pit_q_s0.35,pit,True,0.35,,POOLED,16101,16101.0,,,1.0213360811297465,,,
eval,all_treated,pit_q_s0.50,pit,True,0.5,,PTS,16101,16101.0,5.731961048658678,1.2798433642373537,1.0503790360007725,,,
eval,all_treated,pit_q_s0.50,pit,True,0.5,,AST,16101,16101.0,1.6842957400753111,0.23027521805813927,1.0321540064549375,,,
eval,all_treated,pit_q_s0.50,pit,True,0.5,,REB,16101,16101.0,2.150693705627453,0.46652532223974813,1.0485781437649564,,,
eval,all_treated,pit_q_s0.50,pit,True,0.5,,STL,16101,16101.0,0.8305223116745917,0.10262359021641186,1.0224586893527499,,,
eval,all_treated,pit_q_s0.50,pit,True,0.5,,BLK,16101,16101.0,0.618326084623909,0.049739468066981686,1.0255348348962647,,,
eval,all_treated,pit_q_s0.50,pit,True,0.5,,FG3M,16101,16101.0,1.1221113426856006,0.15013475521477104,1.0342287036210103,,,
eval,all_treated,pit_q_s0.50,pit,True,0.5,,TOV,16101,16101.0,1.097191417943409,0.18569322065723362,1.0348169484618936,,,
eval,all_treated,pit_q_s0.50,pit,True,0.5,,FG3A,16101,16101.0,1.8425543655678724,0.4218171459442259,1.0524466423931027,,,
eval,all_treated,pit_q_s0.50,pit,True,0.5,,OREB,16101,16101.0,0.9348814036981803,0.11917684520489348,1.0300651934974872,,,
eval,all_treated,pit_q_s0.50,pit,True,0.5,,POOLED,16101,16101.0,,,1.036740244271464,,,
eval,all_treated,pit_noq_s0.05,pit,False,0.05,,PTS,16101,16101.0,5.461413819292562,-0.23240974439017253,1.0008013896138068,,,
eval,all_treated,pit_noq_s0.05,pit,False,0.05,,AST,16101,16101.0,1.6328255019357027,-0.11677260267008928,1.000612507390996,,,
eval,all_treated,pit_noq_s0.05,pit,False,0.05,,REB,16101,16101.0,2.0543453518787,-0.04394282484783099,1.0016031711482944,,,
eval,all_treated,pit_noq_s0.05,pit,False,0.05,,STL,16101,16101.0,0.8133626195325815,0.007813065031731532,1.001333337161019,,,
eval,all_treated,pit_noq_s0.05,pit,False,0.05,,BLK,16101,16101.0,0.6039766923710476,-0.006066455340497413,1.0017354158181406,,,
eval,all_treated,pit_noq_s0.05,pit,False,0.05,,FG3M,16101,16101.0,1.0870083609171124,-0.01923648307631396,1.0018749523072001,,,
eval,all_treated,pit_noq_s0.05,pit,False,0.05,,TOV,16101,16101.0,1.0622605822599822,0.012121342752062132,1.0018719033239158,,,
eval,all_treated,pit_noq_s0.05,pit,False,0.05,,FG3A,16101,16101.0,1.7535409956819574,-0.03802333370870303,1.0016031915754906,,,
eval,all_treated,pit_noq_s0.05,pit,False,0.05,,OREB,16101,16101.0,0.9092729416844568,0.002200878004655872,1.0018494377075098,,,
eval,all_treated,pit_noq_s0.05,pit,False,0.05,,POOLED,16101,16101.0,,,1.0014761451162637,,,
eval,all_treated,pit_noq_s0.10,pit,False,0.1,,PTS,16101,16101.0,5.469321293200205,-0.08296868072964664,1.0022504303085713,,,
eval,all_treated,pit_noq_s0.10,pit,False,0.1,,AST,16101,16101.0,1.634421258121367,-0.08256214937745268,1.0015904034345287,,,
eval,all_treated,pit_noq_s0.10,pit,False,0.1,,REB,16101,16101.0,2.058557448957748,0.006427021133542217,1.0036567936259857,,,
eval,all_treated,pit_noq_s0.10,pit,False,0.1,,STL,16101,16101.0,0.8145612299127718,0.01714498039402424,1.00280895025551,,,
eval,all_treated,pit_noq_s0.10,pit,False,0.1,,BLK,16101,16101.0,0.6050679659958482,-0.0005245793545599789,1.0035453655266626,,,
eval,all_treated,pit_noq_s0.10,pit,False,0.1,,FG3M,16101,16101.0,1.0893211449905662,-0.002536874323026096,1.0040066014431215,,,
eval,all_treated,pit_noq_s0.10,pit,False,0.1,,TOV,16101,16101.0,1.0644675357387534,0.02918342262628927,1.0039533932325593,,,
eval,all_treated,pit_noq_s0.10,pit,False,0.1,,FG3A,16101,16101.0,1.75758614844567,0.007293073598447325,1.003913738023234,,,
eval,all_treated,pit_noq_s0.10,pit,False,0.1,,OREB,16101,16101.0,0.9110792554411724,0.013726714030074218,1.003839659057478,,,
eval,all_treated,pit_noq_s0.10,pit,False,0.1,,POOLED,16101,16101.0,,,1.0032850372119613,,,
eval,all_treated,pit_noq_s0.15,pit,False,0.15,,PTS,16101,16101.0,5.4807619796353455,0.06647238293087916,1.0043469304569352,,,
eval,all_treated,pit_noq_s0.15,pit,False,0.15,,AST,16101,16101.0,1.636622283289357,-0.04835169608481612,1.0029392146268834,,,
eval,all_treated,pit_noq_s0.15,pit,False,0.15,,REB,16101,16101.0,2.063744774097607,0.056796867114915384,1.0061858919127509,,,
eval,all_treated,pit_noq_s0.15,pit,False,0.15,,STL,16101,16101.0,0.8158538327806413,0.02647689575631695,1.004400277803918,,,
eval,all_treated,pit_noq_s0.15,pit,False,0.15,,BLK,16101,16101.0,0.6062099494668393,0.005017296631377451,1.005439420879494,,,
eval,all_treated,pit_noq_s0.15,pit,False,0.15,,FG3M,16101,16101.0,1.0918871908414527,0.014162734430261762,1.0063716771471445,,,
eval,all_treated,pit_noq_s0.15,pit,False,0.15,,TOV,16101,16101.0,1.0668961270274075,0.04624550250051637,1.0062439210158487,,,
eval,all_treated,pit_noq_s0.15,pit,False,0.15,,FG3A,16101,16101.0,1.7624720988526454,0.05260948090559765,1.0067045387707254,,,
eval,all_treated,pit_noq_s0.15,pit,False,0.15,,OREB,16101,16101.0,0.9130003132959296,0.025252550055492557,1.0059563070334165,,,
eval,all_treated,pit_noq_s0.15,pit,False,0.15,,POOLED,16101,16101.0,,,1.0053986866274573,,,
eval,all_treated,pit_noq_s0.20,pit,False,0.2,,PTS,16101,16101.0,5.496146658777261,0.215913446591405,1.0071661653242148,,,
eval,all_treated,pit_noq_s0.20,pit,False,0.2,,AST,16101,16101.0,1.639374819078073,-0.01414124279217954,1.0046259972830616,,,
eval,all_treated,pit_noq_s0.20,pit,False,0.2,,REB,16101,16101.0,2.0698256462034372,0.10716671309628857,1.0091506421087084,,,
eval,all_treated,pit_noq_s0.20,pit,False,0.2,,STL,16101,16101.0,0.8172529167830871,0.03580881111860966,1.0061226946196093,,,
eval,all_treated,pit_noq_s0.20,pit,False,0.2,,BLK,16101,16101.0,0.6073879935741395,0.010559172617314877,1.0073932851901277,,,
eval,all_treated,pit_noq_s0.20,pit,False,0.2,,FG3M,16101,16101.0,1.094695934765993,0.03086234318354962,1.0089604430542143,,,
eval,all_treated,pit_noq_s0.20,pit,False,0.2,,TOV,16101,16101.0,1.0695507662672934,0.0633075823747435,1.0087476461020648,,,
eval,all_treated,pit_noq_s0.20,pit,False,0.2,,FG3A,16101,16101.0,1.7683048290494634,0.09792588821274796,1.0100361296460556,,,
eval,all_treated,pit_noq_s0.20,pit,False,0.2,,OREB,16101,16101.0,0.9150788474554898,0.0367783860809109,1.0082464645686817,,,
eval,all_treated,pit_noq_s0.20,pit,False,0.2,,POOLED,16101,16101.0,,,1.0078277186551932,,,
eval,all_treated,pit_noq_s0.35,pit,False,0.35,,PTS,16101,16101.0,5.562819232523588,0.6642366375729826,1.0193838815900547,,,
eval,all_treated,pit_noq_s0.35,pit,False,0.35,,AST,16101,16101.0,1.6514663614076377,0.08849011708573022,1.0120358206072726,,,
eval,all_treated,pit_noq_s0.35,pit,False,0.35,,REB,16101,16101.0,2.0938715862432895,0.2582762510404082,1.0208743232196436,,,
eval,all_treated,pit_noq_s0.35,pit,False,0.35,,STL,16101,16101.0,0.8219826502612515,0.06380455720548779,1.0119454847181932,,,
eval,all_treated,pit_noq_s0.35,pit,False,0.35,,BLK,16101,16101.0,0.6111451409004646,0.02718480057512717,1.0136247633030515,,,
eval,all_treated,pit_noq_s0.35,pit,False,0.35,,FG3M,16101,16101.0,1.1043062606187195,0.08096116944341321,1.0178180977894857,,,
eval,all_treated,pit_noq_s0.35,pit,False,0.35,,TOV,16101,16101.0,1.0787956085761496,0.11449382199742486,1.017466926394098,,,
eval,all_treated,pit_noq_s0.35,pit,False,0.35,,FG3A,16101,16101.0,1.7916698110915659,0.233875110134199,1.0233819485588165,,,
eval,all_treated,pit_noq_s0.35,pit,False,0.35,,OREB,16101,16101.0,0.9221608740036881,0.07135589415716592,1.0160495388601019,,,
eval,all_treated,pit_noq_s0.35,pit,False,0.35,,POOLED,16101,16101.0,,,1.0169534205600799,,,
eval,all_treated,pit_noq_s0.50,pit,False,0.5,,PTS,16101,16101.0,5.658882771855511,1.1125598285545601,1.0369874778081238,,,
eval,all_treated,pit_noq_s0.50,pit,False,0.5,,AST,16101,16101.0,1.6693537389299,0.19112147696363999,1.0229973922216196,,,
eval,all_treated,pit_noq_s0.50,pit,False,0.5,,REB,16101,16101.0,2.127078870564525,0.40938578898452777,1.037064649374375,,,
eval,all_treated,pit_noq_s0.50,pit,False,0.5,,STL,16101,16101.0,0.8274574078745394,0.09180030329236594,1.0186854764259652,,,
eval,all_treated,pit_noq_s0.50,pit,False,0.5,,BLK,16101,16101.0,0.6152041886719655,0.043810428532939455,1.0203569633342278,,,
eval,all_treated,pit_noq_s0.50,pit,False,0.5,,FG3M,16101,16101.0,1.1156403866087643,0.13105999570327678,1.028264546357866,,,
eval,all_treated,pit_noq_s0.50,pit,False,0.5,,TOV,16101,16101.0,1.0899462898392283,0.1656800616201062,1.0279837001942058,,,
eval,all_treated,pit_noq_s0.50,pit,False,0.5,,FG3A,16101,16101.0,1.823219075303273,0.36982433205565,1.041402538784034,,,
eval,all_treated,pit_noq_s0.50,pit,False,0.5,,OREB,16101,16101.0,0.9304653199607937,0.10593340223342095,1.0251994916753546,,,
eval,all_treated,pit_noq_s0.50,pit,False,0.5,,POOLED,16101,16101.0,,,1.0287713595750858,,,
eval,all_treated,prod_prev_q_s0.05,prod_prev,True,0.05,,PTS,16101,15567.0,5.462954865641192,-0.22484673300380686,1.0010837855973744,,,
eval,all_treated,prod_prev_q_s0.05,prod_prev,True,0.05,,AST,16101,15567.0,1.6330962369769046,-0.11495084331545827,1.0007784166495752,,,
eval,all_treated,prod_prev_q_s0.05,prod_prev,True,0.05,,REB,16101,15567.0,2.054667098107658,-0.041332678264717905,1.0017600396333983,,,
eval,all_treated,prod_prev_q_s0.05,prod_prev,True,0.05,,STL,16101,15567.0,0.8134565318232956,0.008327568043184881,1.0014489528841943,,,
eval,all_treated,prod_prev_q_s0.05,prod_prev,True,0.05,,BLK,16101,15567.0,0.6041578042556414,-0.0058130988762076265,1.0020358018948134,,,
eval,all_treated,prod_prev_q_s0.05,prod_prev,True,0.05,,FG3M,16101,15567.0,1.0871449754612719,-0.018358146524217054,1.002000867336776,,,
eval,all_treated,prod_prev_q_s0.05,prod_prev,True,0.05,,TOV,16101,15567.0,1.0624648794269145,0.013083173091551228,1.0020645863575295,,,
eval,all_treated,prod_prev_q_s0.05,prod_prev,True,0.05,,FG3A,16101,15567.0,1.753713355406793,-0.03561555682078899,1.0017016415409716,,,
eval,all_treated,prod_prev_q_s0.05,prod_prev,True,0.05,,OREB,16101,15567.0,0.9094084057841042,0.0028191916625613846,1.001998693916333,,,
eval,all_treated,prod_prev_q_s0.05,prod_prev,True,0.05,,POOLED,16101,15567.0,,,1.001652531756774,,,
eval,all_treated,prod_prev_q_s0.10,prod_prev,True,0.1,,PTS,16101,15567.0,5.473712877430803,-0.06784265795691521,1.0030551859535404,,,
eval,all_treated,prod_prev_q_s0.10,prod_prev,True,0.1,,AST,16101,15567.0,1.635197124913473,-0.0789186306681906,1.0020658627015049,,,
eval,all_treated,prod_prev_q_s0.10,prod_prev,True,0.1,,REB,16101,15567.0,2.059465417105826,0.011647314299768405,1.0040994766323192,,,
eval,all_treated,prod_prev_q_s0.10,prod_prev,True,0.1,,STL,16101,15567.0,0.8147689609591277,0.018173986416930948,1.0030646886148642,,,
eval,all_treated,prod_prev_q_s0.10,prod_prev,True,0.1,,BLK,16101,15567.0,0.6054430368597881,-1.7866425980404787e-05,1.00416744543901,,,
eval,all_treated,prod_prev_q_s0.10,prod_prev,True,0.1,,FG3M,16101,15567.0,1.089708381630522,-0.0007802012188322765,1.0043635100963908,,,
eval,all_treated,prod_prev_q_s0.10,prod_prev,True,0.1,,TOV,16101,15567.0,1.064936165362473,0.031107083305267468,1.0043953816306141,,,
eval,all_treated,prod_prev_q_s0.10,prod_prev,True,0.1,,FG3A,16101,15567.0,1.7580314070261849,0.012108627374275456,1.004168064791994,,,
eval,all_treated,prod_prev_q_s0.10,prod_prev,True,0.1,,OREB,16101,15567.0,0.9113868817254707,0.014963341345885253,1.004178605930105,,,
eval,all_treated,prod_prev_q_s0.10,prod_prev,True,0.1,,POOLED,16101,15567.0,,,1.003728691310038,,,
eval,all_treated,prod_prev_q_s0.15,prod_prev,True,0.15,,PTS,16101,15567.0,5.489511169774516,0.08916141708997631,1.0059502152361157,,,
eval,all_treated,prod_prev_q_s0.15,prod_prev,True,0.15,,AST,16101,15567.0,1.638099157543169,-0.04288641802092298,1.0038442585819514,,,
eval,all_treated,prod_prev_q_s0.15,prod_prev,True,0.15,,REB,16101,15567.0,2.065659957831974,0.06462730686425466,1.0071196463566758,,,
eval,all_treated,prod_prev_q_s0.15,prod_prev,True,0.15,,STL,16101,15567.0,0.8162187715895732,0.028020404790677005,1.0048495551454528,,,
eval,all_treated,prod_prev_q_s0.15,prod_prev,True,0.15,,BLK,16101,15567.0,0.6067889914363396,0.005777366024246807,1.0063998004031083,,,
eval,all_treated,prod_prev_q_s0.15,prod_prev,True,0.15,,FG3M,16101,15567.0,1.0925716127678724,0.016797744086552494,1.0070024958322108,,,
eval,all_treated,prod_prev_q_s0.15,prod_prev,True,0.15,,TOV,16101,15567.0,1.0677176133020234,0.0491309935189837,1.0070187064416178,,,
eval,all_treated,prod_prev_q_s0.15,prod_prev,True,0.15,,FG3A,16101,15567.0,1.7635565136496285,0.05983281156933985,1.0073239444899669,,,
eval,all_treated,prod_prev_q_s0.15,prod_prev,True,0.15,,OREB,16101,15567.0,0.9135522326325822,0.0271074910292091,1.0065644193523218,,,
eval,all_treated,prod_prev_q_s0.15,prod_prev,True,0.15,,POOLED,16101,15567.0,,,1.006230337982158,,,
eval,all_treated,prod_prev_q_s0.20,prod_prev,True,0.2,,PTS,16101,15567.0,5.5095863637934,0.24616549213686803,1.009628984641923,,,
eval,all_treated,prod_prev_q_s0.20,prod_prev,True,0.2,,AST,16101,15567.0,1.641772799480328,-0.006854205373655319,1.0060955046983548,,,
eval,all_treated,prod_prev_q_s0.20,prod_prev,True,0.2,,REB,16101,15567.0,2.073148470217236,0.11760729942874103,1.0107706964322645,,,
eval,all_treated,prod_prev_q_s0.20,prod_prev,True,0.2,,STL,16101,15567.0,0.8177793103504752,0.03786682316442309,1.0067707394336134,,,
eval,all_treated,prod_prev_q_s0.20,prod_prev,True,0.2,,BLK,16101,15567.0,0.6081730822882307,0.011572598474474033,1.008695406910052,,,
eval,all_treated,prod_prev_q_s0.20,prod_prev,True,0.2,,FG3M,16101,15567.0,1.0957224912067627,0.03437568939193729,1.009906600620352,,,
eval,all_treated,prod_prev_q_s0.20,prod_prev,True,0.2,,TOV,16101,15567.0,1.070810449095351,0.06715490373269993,1.0099357169517291,,,
eval,all_treated,prod_prev_q_s0.20,prod_prev,True,0.2,,FG3A,16101,15567.0,1.7703939174040673,0.1075569957644043,1.0112293937719625,,,
eval,all_treated,prod_prev_q_s0.20,prod_prev,True,0.2,,OREB,16101,15567.0,0.9158792420023485,0.03925164071253298,1.0091283502929276,,,
eval,all_treated,prod_prev_q_s0.20,prod_prev,True,0.2,,POOLED,16101,15567.0,,,1.009129043750353,,,
eval,all_treated,prod_prev_q_s0.35,prod_prev,True,0.35,,PTS,16101,15567.0,5.5956056665734355,0.7171777172775426,1.025391979464209,,,
eval,all_treated,prod_prev_q_s0.35,prod_prev,True,0.35,,AST,16101,15567.0,1.6578188806240868,0.10124243256814756,1.0159287106765944,,,
eval,all_treated,prod_prev_q_s0.35,prod_prev,True,0.35,,REB,16101,15567.0,2.103485349324927,0.2765472771221999,1.0255615466119667,,,
eval,all_treated,prod_prev_q_s0.35,prod_prev,True,0.35,,STL,16101,15567.0,0.8232815562277741,0.06740607828566128,1.0135445720316278,,,
eval,all_treated,prod_prev_q_s0.35,prod_prev,True,0.35,,BLK,16101,15567.0,0.6126615186304565,0.02895829582515568,1.0161397763740487,,,
eval,all_treated,prod_prev_q_s0.35,prod_prev,True,0.35,,FG3M,16101,15567.0,1.1068879813473191,0.08710952530809159,1.0201976207304628,,,
eval,all_treated,prod_prev_q_s0.35,prod_prev,True,0.35,,TOV,16101,15567.0,1.0817166132590774,0.12122663437384859,1.0202218742573397,,,
eval,all_treated,prod_prev_q_s0.35,prod_prev,True,0.35,,FG3A,16101,15567.0,1.7978816745282524,0.2507295483495975,1.0269300961408447,,,
eval,all_treated,prod_prev_q_s0.35,prod_prev,True,0.35,,OREB,16101,15567.0,0.9239398924180446,0.07568408976250454,1.0180096858263064,,,
eval,all_treated,prod_prev_q_s0.35,prod_prev,True,0.35,,POOLED,16101,15567.0,,,1.0202139846792668,,,
eval,all_treated,prod_prev_q_s0.50,prod_prev,True,0.5,,PTS,16101,15567.0,5.71883090931885,1.1881899424182174,1.0479729444406158,,,
eval,all_treated,prod_prev_q_s0.50,prod_prev,True,0.5,,AST,16101,15567.0,1.6811037518195526,0.2093390705099505,1.0301979227409273,,,
eval,all_treated,prod_prev_q_s0.50,prod_prev,True,0.5,,REB,16101,15567.0,2.145330413025212,0.4354872548156588,1.04596325193419,,,
eval,all_treated,prod_prev_q_s0.50,prod_prev,True,0.5,,STL,16101,15567.0,0.8298928244153757,0.09694533340689948,1.0216837255631264,,,
eval,all_treated,prod_prev_q_s0.50,prod_prev,True,0.5,,BLK,16101,15567.0,0.6175136441532484,0.04634399317583733,1.0241873484733868,,,
eval,all_treated,prod_prev_q_s0.50,prod_prev,True,0.5,,FG3M,16101,15567.0,1.1202842838074851,0.13984336122424593,1.0325447381684998,,,
eval,all_treated,prod_prev_q_s0.50,prod_prev,True,0.5,,TOV,16101,15567.0,1.0949482748604469,0.1752983650149973,1.0327013262996048,,,
eval,all_treated,prod_prev_q_s0.50,prod_prev,True,0.5,,FG3A,16101,15567.0,1.836109881937961,0.3939021009347907,1.0487656247335955,,,
eval,all_treated,prod_prev_q_s0.50,prod_prev,True,0.5,,OREB,16101,15567.0,0.9335576701475153,0.11211653881247613,1.0286066856582994,,,
eval,all_treated,prod_prev_q_s0.50,prod_prev,True,0.5,,POOLED,16101,15567.0,,,1.0347359520013606,,,
eval,all_treated,prod_prev_noq_s0.05,prod_prev,False,0.05,,PTS,16101,15567.0,5.46133663616466,-0.24142199877187598,1.0007872458436742,,,
eval,all_treated,prod_prev_noq_s0.05,prod_prev,False,0.05,,AST,16101,15567.0,1.6328142559903582,-0.11883078636562945,1.0006056157583285,,,
eval,all_treated,prod_prev_noq_s0.05,prod_prev,False,0.05,,REB,16101,15567.0,2.0541621863881745,-0.04700125000679956,1.0015138681808127,,,
eval,all_treated,prod_prev_noq_s0.05,prod_prev,False,0.05,,STL,16101,15567.0,0.8133289185697347,0.007256214370048734,1.0012918477972559,,,
eval,all_treated,prod_prev_noq_s0.05,prod_prev,False,0.05,,BLK,16101,15567.0,0.6039173401041138,-0.006400926345096298,1.0016369761456374,,,
eval,all_treated,prod_prev_noq_s0.05,prod_prev,False,0.05,,FG3M,16101,15567.0,1.086915384512014,-0.0202488428348594,1.0017892577212404,,,
eval,all_treated,prod_prev_noq_s0.05,prod_prev,False,0.05,,TOV,16101,15567.0,1.0621349395191846,0.01109913477630177,1.0017534032741504,,,
eval,all_treated,prod_prev_noq_s0.05,prod_prev,False,0.05,,FG3A,16101,15567.0,1.7533162288727544,-0.04077020937687697,1.0014748072639676,,,
eval,all_treated,prod_prev_noq_s0.05,prod_prev,False,0.05,,OREB,16101,15567.0,0.9092066900176545,0.0015035644980924284,1.0017764407094796,,,
eval,all_treated,prod_prev_noq_s0.05,prod_prev,False,0.05,,POOLED,16101,15567.0,,,1.0014032736327274,,,
eval,all_treated,prod_prev_noq_s0.10,prod_prev,False,0.1,,PTS,16101,15567.0,5.468946459818368,-0.10099318949305355,1.0021817422761627,,,
eval,all_treated,prod_prev_noq_s0.10,prod_prev,False,0.1,,AST,16101,15567.0,1.6343176693776327,-0.086678516768533,1.001526923171339,,,
eval,all_treated,prod_prev_noq_s0.10,prod_prev,False,0.1,,REB,16101,15567.0,2.058083374413166,0.0003101708156050552,1.0034256569445221,,,
eval,all_treated,prod_prev_noq_s0.10,prod_prev,False,0.1,,STL,16101,15567.0,0.8144870000625016,0.016031279070658648,1.0027175656480751,,,
eval,all_treated,prod_prev_noq_s0.10,prod_prev,False,0.1,,BLK,16101,15567.0,0.6049385915431585,-0.001193521363757753,1.0033307894133816,,,
eval,all_treated,prod_prev_noq_s0.10,prod_prev,False,0.1,,FG3M,16101,15567.0,1.0891142888389702,-0.004561593840116973,1.003815946058613,,,
eval,all_treated,prod_prev_noq_s0.10,prod_prev,False,0.1,,TOV,16101,15567.0,1.0641871757382235,0.02713900667476853,1.0036889714776362,,,
eval,all_treated,prod_prev_noq_s0.10,prod_prev,False,0.1,,FG3A,16101,15567.0,1.7570239635814957,0.0017993222620994514,1.003592624256519,,,
eval,all_treated,prod_prev_noq_s0.10,prod_prev,False,0.1,,OREB,16101,15567.0,0.9109328813860529,0.012332087016947333,1.0036783821096071,,,
eval,all_treated,prod_prev_noq_s0.10,prod_prev,False,0.1,,POOLED,16101,15567.0,,,1.0031065112617616,,,
eval,all_treated,prod_prev_noq_s0.15,prod_prev,False,0.15,,PTS,16101,15567.0,5.479819889281027,0.0394356197857688,1.0041742928640078,,,
eval,all_treated,prod_prev_noq_s0.15,prod_prev,False,0.15,,AST,16101,15567.0,1.636361802506974,-0.054526247171436566,1.0027795892851192,,,
eval,all_treated,prod_prev_noq_s0.15,prod_prev,False,0.15,,REB,16101,15567.0,2.062910773800885,0.047621591638009664,1.0057792721877998,,,
eval,all_treated,prod_prev_noq_s0.15,prod_prev,False,0.15,,STL,16101,15567.0,0.81573513006768,0.024806343771268568,1.0042541425121734,,,
eval,all_treated,prod_prev_noq_s0.15,prod_prev,False,0.15,,BLK,16101,15567.0,0.6060085240381362,0.004013883617580791,1.0051053434421906,,,
eval,all_treated,prod_prev_noq_s0.15,prod_prev,False,0.15,,FG3M,16101,15567.0,1.091535808826778,0.011125655154625453,1.0060478150207328,,,
eval,all_treated,prod_prev_noq_s0.15,prod_prev,False,0.15,,TOV,16101,15567.0,1.066447073205898,0.04317887857323529,1.005820395551039,,,
eval,all_treated,prod_prev_noq_s0.15,prod_prev,False,0.15,,FG3A,16101,15567.0,1.7615292098465793,0.04436885390107584,1.0061659710154789,,,
eval,all_treated,prod_prev_noq_s0.15,prod_prev,False,0.15,,OREB,16101,15567.0,0.9127635248999729,0.023160609535802228,1.005695410320813,,,
eval,all_treated,prod_prev_noq_s0.15,prod_prev,False,0.15,,POOLED,16101,15567.0,,,1.0050913591332615,,,
eval,all_treated,prod_prev_noq_s0.20,prod_prev,False,0.2,,PTS,16101,15567.0,5.494276829881155,0.1798644290645912,1.00682352010093,,,
eval,all_treated,prod_prev_noq_s0.20,prod_prev,False,0.2,,AST,16101,15567.0,1.63893691087164,-0.02237397757434012,1.0043576425642464,,,
eval,all_treated,prod_prev_noq_s0.20,prod_prev,False,0.2,,REB,16101,15567.0,2.0686598929786184,0.09493301246041429,1.0085822750979294,,,
eval,all_treated,prod_prev_noq_s0.20,prod_prev,False,0.2,,STL,16101,15567.0,0.8170757318713755,0.03358140847187848,1.0059045617048699,,,
eval,all_treated,prod_prev_noq_s0.20,prod_prev,False,0.2,,BLK,16101,15567.0,0.6071150449662392,0.009221288598919339,1.0069405818148394,,,
eval,all_treated,prod_prev_noq_s0.20,prod_prev,False,0.2,,FG3M,16101,15567.0,1.0941799497812401,0.026812904149367888,1.0084848694978579,,,
eval,all_treated,prod_prev_noq_s0.20,prod_prev,False,0.2,,TOV,16101,15567.0,1.0689236654107788,0.05921875047170204,1.0081561954362068,,,
eval,all_treated,prod_prev_noq_s0.20,prod_prev,False,0.2,,FG3A,16101,15567.0,1.7669668308348319,0.08693838554005226,1.009271879887768,,,
eval,all_treated,prod_prev_noq_s0.20,prod_prev,False,0.2,,OREB,16101,15567.0,0.9147168891538662,0.033989132054657124,1.007847653931819,,,
eval,all_treated,prod_prev_noq_s0.20,prod_prev,False,0.2,,POOLED,16101,15567.0,,,1.0073743533373853,,,
eval,all_treated,prod_prev_noq_s0.35,prod_prev,False,0.35,,PTS,16101,15567.0,5.556808155146731,0.6011508569010583,1.018282354624531,,,
eval,all_treated,prod_prev_noq_s0.35,prod_prev,False,0.35,,AST,16101,15567.0,1.6502414524355848,0.07408283121694917,1.0112851836063204,,,
eval,all_treated,prod_prev_noq_s0.35,prod_prev,False,0.35,,REB,16101,15567.0,2.0911931453749455,0.23686727492762813,1.0195684401240808,,,
eval,all_treated,prod_prev_noq_s0.35,prod_prev,False,0.35,,STL,16101,15567.0,0.8215730292472337,0.05990660257370824,1.011441198970253,,,
eval,all_treated,prod_prev_noq_s0.35,prod_prev,False,0.35,,BLK,16101,15567.0,0.6106313799143522,0.024843503542934967,1.0127726566215272,,,
eval,all_treated,prod_prev_noq_s0.35,prod_prev,False,0.35,,FG3M,16101,15567.0,1.1032185810987187,0.07387465113359516,1.0168156042426035,,,
eval,all_treated,prod_prev_noq_s0.35,prod_prev,False,0.35,,TOV,16101,15567.0,1.0774991734024526,0.10733836616710231,1.0162441925407488,,,
eval,all_treated,prod_prev_noq_s0.35,prod_prev,False,0.35,,FG3A,16101,15567.0,1.7883322204719796,0.21464698045698147,1.0214755537696545,,,
eval,all_treated,prod_prev_noq_s0.35,prod_prev,False,0.35,,OREB,16101,15567.0,0.921392268666255,0.06647469961122181,1.0152026789241846,,,
eval,all_treated,prod_prev_noq_s0.35,prod_prev,False,0.35,,POOLED,16101,15567.0,,,1.015898651491545,,,
eval,all_treated,prod_prev_noq_s0.50,prod_prev,False,0.5,,PTS,16101,15567.0,5.6458089014980555,1.0224372847375256,1.0345916975112432,,,
eval,all_treated,prod_prev_noq_s0.50,prod_prev,False,0.5,,AST,16101,15567.0,1.6667612715278564,0.1705396400082385,1.0214087011432325,,,
eval,all_treated,prod_prev_noq_s0.50,prod_prev,False,0.5,,REB,16101,15567.0,2.12210015853192,0.378801537394842,1.034637261128513,,,
eval,all_treated,prod_prev_noq_s0.50,prod_prev,False,0.5,,STL,16101,15567.0,0.8267611570565797,0.08623179667553799,1.0178283198044213,,,
eval,all_treated,prod_prev_noq_s0.50,prod_prev,False,0.5,,BLK,16101,15567.0,0.6144316382896841,0.0404657184869506,1.01907563726948,,,
eval,all_treated,prod_prev_noq_s0.50,prod_prev,False,0.5,,FG3M,16101,15567.0,1.1137929937267756,0.12093639811782243,1.0265618394403464,,,
eval,all_treated,prod_prev_noq_s0.50,prod_prev,False,0.5,,TOV,16101,15567.0,1.0878391250774337,0.15545798186250256,1.0259963260924343,,,
eval,all_treated,prod_prev_noq_s0.50,prod_prev,False,0.5,,FG3A,16101,15567.0,1.817204009801006,0.3423555753739107,1.0379668000020825,,,
eval,all_treated,prod_prev_noq_s0.50,prod_prev,False,0.5,,OREB,16101,15567.0,0.9292330517205939,0.0989602671677865,1.0238417615736954,,,
eval,all_treated,prod_prev_noq_s0.50,prod_prev,False,0.5,,POOLED,16101,15567.0,,,1.02687870488505,,,
eval,all_treated,loso_perstat_pit_q,pit,True,per_stat_loso,,PTS,16101,16101.0,5.457120817300682,-0.4840325590716335,1.0000146991154764,,,
eval,all_treated,loso_perstat_pit_q,pit,True,per_stat_loso,,AST,16101,16101.0,1.632055633589676,-0.17857305441650065,1.0001407240343754,,,
eval,all_treated,loso_perstat_pit_q,pit,True,per_stat_loso,,REB,16101,16101.0,2.0481697176003384,-0.21189803623899348,0.9985922193278508,,,
eval,all_treated,loso_perstat_pit_q,pit,True,per_stat_loso,,STL,16101,16101.0,0.8073943925862519,-0.09592556588081802,0.9939858337700506,,,
eval,all_treated,loso_perstat_pit_q,pit,True,per_stat_loso,,BLK,16101,16101.0,0.5856785825294941,-0.1762471490064159,0.9713867866370103,,,
eval,all_treated,loso_perstat_pit_q,pit,True,per_stat_loso,,FG3M,16101,16101.0,1.0789024331219284,-0.1578881923758332,0.9944038726769074,,,
eval,all_treated,loso_perstat_pit_q,pit,True,per_stat_loso,,TOV,16101,16101.0,1.0536420137856315,-0.12299338191602721,0.9937432936912824,,,
eval,all_treated,loso_perstat_pit_q,pit,True,per_stat_loso,,FG3A,16101,16101.0,1.7490305582931411,-0.1532227503989364,0.9990268797041604,,,
eval,all_treated,loso_perstat_pit_q,pit,True,per_stat_loso,,OREB,16101,16101.0,0.8982116379724223,-0.14663526352469153,0.9896619410866554,,,
eval,all_treated,loso_perstat_pit_q,pit,True,per_stat_loso,,POOLED,16101,16101.0,,,0.9934395833381966,,,
eval,all_treated,loso_uniform_pit_q,pit,True,uniform_loso,,PTS,16101,16101.0,5.474210761163732,-0.9269012681477697,1.0031464229021163,,,
eval,all_treated,loso_uniform_pit_q,pit,True,uniform_loso,,AST,16101,16101.0,1.6338511897734358,-0.2760161255771408,1.0012410596018095,,,
eval,all_treated,loso_uniform_pit_q,pit,True,uniform_loso,,REB,16101,16101.0,2.049192800900259,-0.2783153844868728,0.9990910271240241,,,
eval,all_treated,loso_uniform_pit_q,pit,True,uniform_loso,,STL,16101,16101.0,0.8093537938607374,-0.03569649419458887,0.996398058981661,,,
eval,all_treated,loso_uniform_pit_q,pit,True,uniform_loso,,BLK,16101,16101.0,0.5989885585918475,-0.03172393320037691,0.9934622650019271,,,
eval,all_treated,loso_uniform_pit_q,pit,True,uniform_loso,,FG3M,16101,16101.0,1.0801559814321606,-0.09695156178660226,0.9955592443361181,,,
eval,all_treated,loso_uniform_pit_q,pit,True,uniform_loso,,TOV,16101,16101.0,1.0548379490600963,-0.06749576195278588,0.9948712409856564,,,
eval,all_treated,loso_uniform_pit_q,pit,True,uniform_loso,,FG3A,16101,16101.0,1.751450280195987,-0.2490002536737276,1.000408998050172,,,
eval,all_treated,loso_uniform_pit_q,pit,True,uniform_loso,,OREB,16101,16101.0,0.9024943194244948,-0.05150445875422584,0.9943806584353655,,,
eval,all_treated,loso_uniform_pit_q,pit,True,uniform_loso,,POOLED,16101,16101.0,,,0.9976176639354277,,,
eval,all_treated,loso_perstat_pit_noq,pit,False,per_stat_loso,,PTS,16101,16101.0,5.4574115552582665,-0.48614736546876813,1.0000679767028542,,,
eval,all_treated,loso_perstat_pit_noq,pit,False,per_stat_loso,,AST,16101,16101.0,1.6322576461068714,-0.1832479540103121,1.0002645194130706,,,
eval,all_treated,loso_perstat_pit_noq,pit,False,per_stat_loso,,REB,16101,16101.0,2.0477477620464497,-0.22567122926995714,0.9983864934402964,,,
eval,all_treated,loso_perstat_pit_noq,pit,False,per_stat_loso,,STL,16101,16101.0,0.8065565092669085,-0.10792501646825646,0.9929543129204793,,,
eval,all_treated,loso_perstat_pit_noq,pit,False,per_stat_loso,,BLK,16101,16101.0,0.5851907868718413,-0.21267577933157938,0.9705777451754354,,,
eval,all_treated,loso_perstat_pit_noq,pit,False,per_stat_loso,,FG3M,16101,16101.0,1.0772814380293494,-0.17630711197578688,0.992909832300164,,,
eval,all_treated,loso_perstat_pit_noq,pit,False,per_stat_loso,,TOV,16101,16101.0,1.0530710194591113,-0.13733073880464805,0.9932047599433005,,,
eval,all_treated,loso_perstat_pit_noq,pit,False,per_stat_loso,,FG3A,16101,16101.0,1.7487737020441019,-0.1697245350232897,0.9988801662600794,,,
eval,all_treated,loso_perstat_pit_noq,pit,False,per_stat_loso,,OREB,16101,16101.0,0.895895096595459,-0.17227733453872035,0.9871095439245474,,,
eval,all_treated,loso_perstat_pit_noq,pit,False,per_stat_loso,,POOLED,16101,16101.0,,,0.9927061500089142,,,
eval,all_treated,loso_uniform_pit_noq,pit,False,uniform_loso,,PTS,16101,16101.0,5.476769337055874,-0.9867578876994518,1.0036152806728353,,,
eval,all_treated,loso_uniform_pit_noq,pit,False,uniform_loso,,AST,16101,16101.0,1.6344515683386593,-0.28939868109378286,1.0016089778519959,,,
eval,all_treated,loso_uniform_pit_noq,pit,False,uniform_loso,,REB,16101,16101.0,2.048743626885161,-0.29803633275248537,0.998872030781706,,,
eval,all_treated,loso_uniform_pit_noq,pit,False,uniform_loso,,STL,16101,16101.0,0.8089450075067056,-0.03915470380351562,0.9958948007863143,,,
eval,all_treated,loso_uniform_pit_noq,pit,False,uniform_loso,,BLK,16101,16101.0,0.5990244026801258,-0.03407851601032681,0.9935217148004535,,,
eval,all_treated,loso_uniform_pit_noq,pit,False,uniform_loso,,FG3M,16101,16101.0,1.0792148442088596,-0.10345822071620829,0.9946918160396939,,,
eval,all_treated,loso_uniform_pit_noq,pit,False,uniform_loso,,TOV,16101,16101.0,1.0544993850500766,-0.07386763966684959,0.9945519240734221,,,
eval,all_treated,loso_uniform_pit_noq,pit,False,uniform_loso,,FG3A,16101,16101.0,1.75081491209314,-0.26648845028013285,1.0000460828282274,,,
eval,all_treated,loso_uniform_pit_noq,pit,False,uniform_loso,,OREB,16101,16101.0,0.9018702091297456,-0.05588996067889646,0.9936930051255644,,,
eval,all_treated,loso_uniform_pit_noq,pit,False,uniform_loso,,POOLED,16101,16101.0,,,0.9973884036622458,,,
eval,all_treated,loso_perstat_prod_prev_q,prod_prev,True,per_stat_loso,,PTS,16101,15567.0,5.457193447875665,-0.48848127022347143,1.000028008632531,,,
eval,all_treated,loso_perstat_prod_prev_q,prod_prev,True,per_stat_loso,,AST,16101,15567.0,1.6319913117823843,-0.17939099783018309,1.000101306959619,,,
eval,all_treated,loso_perstat_prod_prev_q,prod_prev,True,per_stat_loso,,REB,16101,15567.0,2.0483089413055175,-0.20537248791352003,0.9986600983261307,,,
eval,all_treated,loso_perstat_prod_prev_q,prod_prev,True,per_stat_loso,,STL,16101,15567.0,0.8072361828685048,-0.09472940192426978,0.9937910612776363,,,
eval,all_treated,loso_perstat_prod_prev_q,prod_prev,True,per_stat_loso,,BLK,16101,15567.0,0.5863738703891641,-0.17043256804970514,0.9725399676819371,,,
eval,all_treated,loso_perstat_prod_prev_q,prod_prev,True,per_stat_loso,,FG3M,16101,15567.0,1.0789238944135215,-0.15957695729028412,0.9944236531415886,,,
eval,all_treated,loso_perstat_prod_prev_q,prod_prev,True,per_stat_loso,,TOV,16101,15567.0,1.0541950308023376,-0.11510315072498108,0.9942648721253792,,,
eval,all_treated,loso_perstat_prod_prev_q,prod_prev,True,per_stat_loso,,FG3A,16101,15567.0,1.7491973464421064,-0.14930600989402154,0.9991221472472244,,,
eval,all_treated,loso_perstat_prod_prev_q,prod_prev,True,per_stat_loso,,OREB,16101,15567.0,0.8982791251742728,-0.1380175114590971,0.9897362994142012,,,
eval,all_treated,loso_perstat_prod_prev_q,prod_prev,True,per_stat_loso,,POOLED,16101,15567.0,,,0.9936297127562497,,,
eval,all_treated,loso_uniform_prod_prev_q,prod_prev,True,uniform_loso,,PTS,16101,15567.0,5.473009874646934,-0.9054261724192872,1.0029263610400148,,,
eval,all_treated,loso_uniform_prod_prev_q,prod_prev,True,uniform_loso,,AST,16101,15567.0,1.6337439565440235,-0.2710803410349682,1.0011753459597634,,,
eval,all_treated,loso_uniform_prod_prev_q,prod_prev,True,uniform_loso,,REB,16101,15567.0,2.0492777524456405,-0.2709680433322528,0.9991324455433616,,,
eval,all_treated,loso_uniform_prod_prev_q,prod_prev,True,uniform_loso,,STL,16101,15567.0,0.8093368593932724,-0.03431305298867063,0.9963772109042937,,,
eval,all_treated,loso_uniform_prod_prev_q,prod_prev,True,uniform_loso,,BLK,16101,15567.0,0.5991287940049953,-0.030944039994479998,0.9936948547387108,,,
eval,all_treated,loso_uniform_prod_prev_q,prod_prev,True,uniform_loso,,FG3M,16101,15567.0,1.0802012704639499,-0.09449418995400419,0.9956009863761937,,,
eval,all_treated,loso_uniform_prod_prev_q,prod_prev,True,uniform_loso,,TOV,16101,15567.0,1.055120462228469,-0.06501311054288997,0.9951376935025231,,,
eval,all_treated,loso_uniform_prod_prev_q,prod_prev,True,uniform_loso,,FG3A,16101,15567.0,1.7516352459713722,-0.24230205065456745,1.0005146484520813,,,
eval,all_treated,loso_uniform_prod_prev_q,prod_prev,True,uniform_loso,,OREB,16101,15567.0,0.9025730815050345,-0.04982009845587661,0.9944674395793807,,,
eval,all_treated,loso_uniform_prod_prev_q,prod_prev,True,uniform_loso,,POOLED,16101,15567.0,,,0.9976696651218135,,,
eval,all_treated,loso_perstat_prod_prev_noq,prod_prev,False,per_stat_loso,,PTS,16101,15567.0,5.457273559075958,-0.48864878144933305,1.0000426889704856,,,
eval,all_treated,loso_perstat_prod_prev_noq,prod_prev,False,per_stat_loso,,AST,16101,15567.0,1.6321371987771518,-0.18334043879742543,1.0001907080324568,,,
eval,all_treated,loso_perstat_prod_prev_noq,prod_prev,False,per_stat_loso,,REB,16101,15567.0,2.047750522323253,-0.2207083628197476,0.9983878392227846,,,
eval,all_treated,loso_perstat_prod_prev_noq,prod_prev,False,per_stat_loso,,STL,16101,15567.0,0.8063255660308024,-0.10750561447145111,0.9926699979596594,,,
eval,all_treated,loso_perstat_prod_prev_noq,prod_prev,False,per_stat_loso,,BLK,16101,15567.0,0.5859472753857808,-0.19944013855736584,0.971832431565895,,,
eval,all_treated,loso_perstat_prod_prev_noq,prod_prev,False,per_stat_loso,,FG3M,16101,15567.0,1.0771318647289585,-0.1775573151794277,0.9927719734311954,,,
eval,all_treated,loso_perstat_prod_prev_noq,prod_prev,False,per_stat_loso,,TOV,16101,15567.0,1.0534599496989132,-0.1305918459469168,0.9935715798047525,,,
eval,all_treated,loso_perstat_prod_prev_noq,prod_prev,False,per_stat_loso,,FG3A,16101,15567.0,1.7489567462885673,-0.1644329332440246,0.9989847191048132,,,
eval,all_treated,loso_perstat_prod_prev_noq,prod_prev,False,per_stat_loso,,OREB,16101,15567.0,0.8959238907654444,-0.16529521216451756,0.9871412697372124,,,
eval,all_treated,loso_perstat_prod_prev_noq,prod_prev,False,per_stat_loso,,POOLED,16101,15567.0,,,0.9928436897588061,,,
eval,all_treated,loso_uniform_prod_prev_noq,prod_prev,False,uniform_loso,,PTS,16101,15567.0,5.47563535141228,-0.9676897705816677,1.003407478362763,,,
eval,all_treated,loso_uniform_prod_prev_noq,prod_prev,False,uniform_loso,,AST,16101,15567.0,1.63432371322898,-0.2850727916810221,1.001530626906517,,,
eval,all_treated,loso_uniform_prod_prev_noq,prod_prev,False,uniform_loso,,REB,16101,15567.0,2.048813146220678,-0.2914970731102048,0.9989059251738276,,,
eval,all_treated,loso_uniform_prod_prev_noq,prod_prev,False,uniform_loso,,STL,16101,15567.0,0.8089256896745305,-0.03798095674271355,0.9958710185409859,,,
eval,all_treated,loso_uniform_prod_prev_noq,prod_prev,False,uniform_loso,,BLK,16101,15567.0,0.5991319904819186,-0.03337505977517146,0.9937001563077619,,,
eval,all_treated,loso_uniform_prod_prev_noq,prod_prev,False,uniform_loso,,FG3M,16101,15567.0,1.0791958419374241,-0.10132385583596638,0.9946743020071688,,,
eval,all_treated,loso_uniform_prod_prev_noq,prod_prev,False,uniform_loso,,TOV,16101,15567.0,1.0547981507444038,-0.07170243744141287,0.9948337051729209,,,
eval,all_treated,loso_uniform_prod_prev_noq,prod_prev,False,uniform_loso,,FG3A,16101,15567.0,1.75111116661858,-0.260691166983766,1.0002153001313472,,,
eval,all_treated,loso_uniform_prod_prev_noq,prod_prev,False,uniform_loso,,OREB,16101,15567.0,0.9019239793196944,-0.054389070178238526,0.9937522498606665,,,
eval,all_treated,loso_uniform_prod_prev_noq,prod_prev,False,uniform_loso,,POOLED,16101,15567.0,,,0.9974323069404397,,,
eval,all_treated,loso_const_perstat,,,const_loso,,PTS,16101,16101.0,5.457480563741514,-0.48044730618115955,1.0000806224733845,,,
eval,all_treated,loso_const_perstat,,,const_loso,,AST,16101,16101.0,1.6317433416811684,-0.22041774069775127,0.9999493482938328,,,
eval,all_treated,loso_const_perstat,,,const_loso,,REB,16101,16101.0,2.0475742918047146,-0.23483590358823442,0.9983019174248456,,,
eval,all_treated,loso_const_perstat,,,const_loso,,STL,16101,16101.0,0.8047425441866027,-0.13646830518009628,0.9907211346753321,,,
eval,all_treated,loso_const_perstat,,,const_loso,,BLK,16101,16101.0,0.5790641686297573,-0.18498441214091357,0.9604163423434818,,,
eval,all_treated,loso_const_perstat,,,const_loso,,FG3M,16101,16101.0,1.0755680416082567,-0.2152526323441612,0.9913306273746222,,,
eval,all_treated,loso_const_perstat,,,const_loso,,TOV,16101,16101.0,1.0499915904640404,-0.17605372112192957,0.9903003940655055,,,
eval,all_treated,loso_const_perstat,,,const_loso,,FG3A,16101,16101.0,1.7481983267235304,-0.19180630981880784,0.9985515182507899,,,
eval,all_treated,loso_const_perstat,,,const_loso,,OREB,16101,16101.0,0.8935485685285608,-0.20491710245656983,0.9845241070148867,,,
eval,all_treated,loso_const_perstat,,,const_loso,,POOLED,16101,16101.0,,,0.9904640013240756,,,
eval,all_treated,loso_constw_pit_q,pit,True,const_plus_w_loso,,PTS,16101,16101.0,5.458137427810579,-0.4919846232849618,1.0002009924901711,,,
eval,all_treated,loso_constw_pit_q,pit,True,const_plus_w_loso,,AST,16101,16101.0,1.6316638946911217,-0.2215939476303374,0.999900662349241,,,
eval,all_treated,loso_constw_pit_q,pit,True,const_plus_w_loso,,REB,16101,16101.0,2.0476141103801235,-0.24919590348886111,0.9983213311088027,,,
eval,all_treated,loso_constw_pit_q,pit,True,const_plus_w_loso,,STL,16101,16101.0,0.8054506539196279,-0.1398766088666237,0.9915928908453584,,,
eval,all_treated,loso_constw_pit_q,pit,True,const_plus_w_loso,,BLK,16101,16101.0,0.5775930571944076,-0.24562471223453092,0.9579764064253925,,,
eval,all_treated,loso_constw_pit_q,pit,True,const_plus_w_loso,,FG3M,16101,16101.0,1.0757430553638565,-0.21344824607666676,0.9914919342277697,,,
eval,all_treated,loso_constw_pit_q,pit,True,const_plus_w_loso,,TOV,16101,16101.0,1.0506364334113483,-0.17615769216201577,0.9909085781982443,,,
eval,all_treated,loso_constw_pit_q,pit,True,const_plus_w_loso,,FG3A,16101,16101.0,1.7484683620613908,-0.2116749465293259,0.998705759444412,,,
eval,all_treated,loso_constw_pit_q,pit,True,const_plus_w_loso,,OREB,16101,16101.0,0.893898731081956,-0.20212494202294412,0.9849099209340553,,,
eval,all_treated,loso_constw_pit_q,pit,True,const_plus_w_loso,,POOLED,16101,16101.0,,,0.9904453862248274,,,
eval,single_out,reference,,,,,PTS,9729,0.0,5.469666729211922,-0.40326597117665824,0.9999999999999972,,,
eval,single_out,reference,,,,,AST,9729,0.0,1.6378014630839883,-0.13242818940348236,0.9999999999999988,,,
eval,single_out,reference,,,,,REB,9729,0.0,2.039033571316984,-0.10388320528778668,0.999999999999997,,,
eval,single_out,reference,,,,,STL,9729,0.0,0.8112505830824694,0.00638689729317032,0.999999999999999,,,
eval,single_out,reference,,,,,BLK,9729,0.0,0.5956370589143001,0.008901381632639767,1.0000000000000016,,,
eval,single_out,reference,,,,,FG3M,9729,0.0,1.085429604747373,-0.0463473532235662,1.0000000000000029,,,
eval,single_out,reference,,,,,TOV,9729,0.0,1.0576055958666155,-0.0022601750067449667,1.000000000000004,,,
eval,single_out,reference,,,,,FG3A,9729,0.0,1.7501885351598263,-0.10928941820113845,0.9999999999999993,,,
eval,single_out,reference,,,,,OREB,9729,0.0,0.9068237351019175,-0.010854108160014454,0.9999999999999961,,,
eval,single_out,reference,,,,,POOLED,9729,0.0,,,0.9999999999999994,,,
eval,single_out,pit_q_s0.05,pit,True,0.05,,PTS,9729,9729.0,5.472692199499428,-0.2957055425475729,1.0005531361300923,,,
eval,single_out,pit_q_s0.05,pit,True,0.05,,AST,9729,9729.0,1.639330945623051,-0.10764457885022288,1.0009338632145197,,,
eval,single_out,pit_q_s0.05,pit,True,0.05,,REB,9729,9729.0,2.0409125635535954,-0.06763546618132603,1.0009215111820802,,,
eval,single_out,pit_q_s0.05,pit,True,0.05,,STL,9729,9729.0,0.8121452506068774,0.013152916516470454,1.0011028251234135,,,
eval,single_out,pit_q_s0.05,pit,True,0.05,,BLK,9729,9729.0,0.5966264597540542,0.012902360118337092,1.0016610800569703,,,
eval,single_out,pit_q_s0.05,pit,True,0.05,,FG3M,9729,9729.0,1.0867466122171834,-0.03429684882715289,1.00121335134407,,,
eval,single_out,pit_q_s0.05,pit,True,0.05,,TOV,9729,9729.0,1.0592625694038225,0.010083480490572148,1.0015667216055655,,,
eval,single_out,pit_q_s0.05,pit,True,0.05,,FG3A,9729,9729.0,1.7516372361971477,-0.0766169610898805,1.0008277399881311,,,
eval,single_out,pit_q_s0.05,pit,True,0.05,,OREB,9729,9729.0,0.9080932396855776,-0.0026040689865445554,1.0013999463561833,,,
eval,single_out,pit_q_s0.05,pit,True,0.05,,POOLED,9729,9729.0,,,1.0011311305556696,,,
eval,single_out,pit_q_s0.10,pit,True,0.1,,PTS,9729,9729.0,5.477232888235728,-0.18814511391848757,1.001383294339193,,,
eval,single_out,pit_q_s0.10,pit,True,0.1,,AST,9729,9729.0,1.641166353178225,-0.08286096829696338,1.0020545164783885,,,
eval,single_out,pit_q_s0.10,pit,True,0.1,,REB,9729,9729.0,2.043248446483239,-0.0313877270748654,1.0020670945420123,,,
eval,single_out,pit_q_s0.10,pit,True,0.1,,STL,9729,9729.0,0.813101334361706,0.01991893573977058,1.0022813558693586,,,
eval,single_out,pit_q_s0.10,pit,True,0.1,,BLK,9729,9729.0,0.597635082898624,0.016903338604034417,1.003354431955538,,,
eval,single_out,pit_q_s0.10,pit,True,0.1,,FG3M,9729,9729.0,1.0882181336008645,-0.022246344430739605,1.0025690554608961,,,
eval,single_out,pit_q_s0.10,pit,True,0.1,,TOV,9729,9729.0,1.061022058069042,0.022427135987889257,1.003230374551518,,,
eval,single_out,pit_q_s0.10,pit,True,0.1,,FG3A,9729,9729.0,1.7535179360958313,-0.04394450397862256,1.0019023098764042,,,
eval,single_out,pit_q_s0.10,pit,True,0.1,,OREB,9729,9729.0,0.9094257471648635,0.005645970186925327,1.002869369164284,,,
eval,single_out,pit_q_s0.10,pit,True,0.1,,POOLED,9729,9729.0,,,1.0024124224708437,,,
eval,single_out,pit_q_s0.15,pit,True,0.15,,PTS,9729,9729.0,5.483526510424933,-0.08058468528940224,1.0025339352284435,,,
eval,single_out,pit_q_s0.15,pit,True,0.15,,AST,9729,9729.0,1.6433344660647018,-0.058077357743703886,1.003378311172279,,,
eval,single_out,pit_q_s0.15,pit,True,0.15,,REB,9729,9729.0,2.046098001021668,0.004860012031595247,1.0034645970542382,,,
eval,single_out,pit_q_s0.15,pit,True,0.15,,STL,9729,9729.0,0.8141036793980858,0.026684954963070714,1.0035169112665223,,,
eval,single_out,pit_q_s0.15,pit,True,0.15,,BLK,9729,9729.0,0.5986569976428104,0.020904317089731745,1.0050700987846792,,,
eval,single_out,pit_q_s0.15,pit,True,0.15,,FG3M,9729,9729.0,1.0898146173344432,-0.010195840034326307,1.0040398866659748,,,
eval,single_out,pit_q_s0.15,pit,True,0.15,,TOV,9729,9729.0,1.062881847152946,0.034770791485206363,1.004988864759184,,,
eval,single_out,pit_q_s0.15,pit,True,0.15,,FG3A,9729,9729.0,1.7559098735219043,-0.011272046867364618,1.0032689840249436,,,
eval,single_out,pit_q_s0.15,pit,True,0.15,,OREB,9729,9729.0,0.9108261431737973,0.013896009360395221,1.0044136560578958,,,
eval,single_out,pit_q_s0.15,pit,True,0.15,,POOLED,9729,9729.0,,,1.0038528050015734,,,
eval,single_out,pit_q_s0.20,pit,True,0.2,,PTS,9729,9729.0,5.491702446701145,0.02697574333968325,1.0040287130057708,,,
eval,single_out,pit_q_s0.20,pit,True,0.2,,AST,9729,9729.0,1.6458079467493627,-0.03329374719044435,1.0048885556923952,,,
eval,single_out,pit_q_s0.20,pit,True,0.2,,REB,9729,9729.0,2.049499573812202,0.04110775113805594,1.0051328250022153,,,
eval,single_out,pit_q_s0.20,pit,True,0.2,,STL,9729,9729.0,0.8151559205707457,0.033450974186370844,1.004813971872213,,,
eval,single_out,pit_q_s0.20,pit,True,0.2,,BLK,9729,9729.0,0.5996950344089321,0.024905295575429073,1.006812832468869,,,
eval,single_out,pit_q_s0.20,pit,True,0.2,,FG3M,9729,9729.0,1.0915203071540036,0.0018546643620870034,1.0056113288047375,,,
eval,single_out,pit_q_s0.20,pit,True,0.2,,TOV,9729,9729.0,1.06482361643549,0.04711444698252349,1.0068248698731252,,,
eval,single_out,pit_q_s0.20,pit,True,0.2,,FG3A,9729,9729.0,1.758766014755402,0.021400410243893365,1.0049008889175424,,,
eval,single_out,pit_q_s0.20,pit,True,0.2,,OREB,9729,9729.0,0.9123105256182313,0.022146048533865124,1.0060505590049356,,,
eval,single_out,pit_q_s0.20,pit,True,0.2,,POOLED,9729,9729.0,,,1.0054516160713116,,,
eval,single_out,pit_q_s0.35,pit,True,0.35,,PTS,9729,9729.0,5.5262156044204485,0.34965702922693914,1.0103386326824082,,,
eval,single_out,pit_q_s0.35,pit,True,0.35,,AST,9729,9729.0,1.6548537447670875,0.04105708446933413,1.0104116903467577,,,
eval,single_out,pit_q_s0.35,pit,True,0.35,,REB,9729,9729.0,2.062365475775067,0.14985096845743787,1.0114426288935534,,,
eval,single_out,pit_q_s0.35,pit,True,0.35,,STL,9729,9729.0,0.8185798890992521,0.05374903185627123,1.009034577194303,,,
eval,single_out,pit_q_s0.35,pit,True,0.35,,BLK,9729,9729.0,0.6029502729130514,0.03690823103252105,1.012277970098238,,,
eval,single_out,pit_q_s0.35,pit,True,0.35,,FG3M,9729,9729.0,1.097361718115753,0.03800617755132689,1.0109929868470466,,,
eval,single_out,pit_q_s0.35,pit,True,0.35,,TOV,9729,9729.0,1.0712506954361496,0.08414541347447484,1.012901879134213,,,
eval,single_out,pit_q_s0.35,pit,True,0.35,,FG3A,9729,9729.0,1.7704064415356109,0.11941778157766718,1.0115518448267844,,,
eval,single_out,pit_q_s0.35,pit,True,0.35,,OREB,9729,9729.0,0.9171352355393607,0.0468961660542748,1.0113710085414567,,,
eval,single_out,pit_q_s0.35,pit,True,0.35,,POOLED,9729,9729.0,,,1.0111470242849736,,,
eval,single_out,pit_q_s0.50,pit,True,0.5,,PTS,9729,9729.0,5.575284802859973,0.6723383151141953,1.0193097822731978,,,
eval,single_out,pit_q_s0.50,pit,True,0.5,,AST,9729,9729.0,1.6666203771980908,0.11540791612911264,1.0175960974291929,,,
eval,single_out,pit_q_s0.50,pit,True,0.5,,REB,9729,9729.0,2.0797380922779243,0.2585941857768198,1.0199626536480435,,,
eval,single_out,pit_q_s0.50,pit,True,0.5,,STL,9729,9729.0,0.8224906653729142,0.07404708952617162,1.0138552532655638,,,
eval,single_out,pit_q_s0.50,pit,True,0.5,,BLK,9729,9729.0,0.6063222608017639,0.04891116648961303,1.017939115317877,,,
eval,single_out,pit_q_s0.50,pit,True,0.5,,FG3M,9729,9729.0,1.1039373151013065,0.07415769074056679,1.0170510462152396,,,
eval,single_out,pit_q_s0.50,pit,True,0.5,,TOV,9729,9729.0,1.0785618566638193,0.12117637996642618,1.0198148164865148,,,
eval,single_out,pit_q_s0.50,pit,True,0.5,,FG3A,9729,9729.0,1.786666434990939,0.21743515291144103,1.0208422687603655,,,
eval,single_out,pit_q_s0.50,pit,True,0.5,,OREB,9729,9729.0,0.9224051504491023,0.07164628357468447,1.017182407941087,,,
eval,single_out,pit_q_s0.50,pit,True,0.5,,POOLED,9729,9729.0,,,1.018172604593009,,,
eval,single_out,pit_noq_s0.05,pit,False,0.05,,PTS,9729,9729.0,5.471508771060028,-0.3064736179280707,1.0003367740557672,,,
eval,single_out,pit_noq_s0.05,pit,False,0.05,,AST,9729,9729.0,1.6389192186872337,-0.11017478232083715,1.000682473198637,,,
eval,single_out,pit_noq_s0.05,pit,False,0.05,,REB,9729,9729.0,2.040693272480564,-0.0713102134333544,1.00081396460898,,,
eval,single_out,pit_noq_s0.05,pit,False,0.05,,STL,9729,9729.0,0.8120116065309377,0.012446545589098516,1.0009380867814923,,,
eval,single_out,pit_noq_s0.05,pit,False,0.05,,BLK,9729,9729.0,0.5964681702917393,0.012514590821257313,1.0013953318803819,,,
eval,single_out,pit_noq_s0.05,pit,False,0.05,,FG3M,9729,9729.0,1.0865865152183534,-0.03552817295066679,1.0010658549075162,,,
eval,single_out,pit_noq_s0.05,pit,False,0.05,,TOV,9729,9729.0,1.059007910818788,0.008793998974142802,1.0013259337485139,,,
eval,single_out,pit_noq_s0.05,pit,False,0.05,,FG3A,9729,9729.0,1.7514856722844487,-0.07997166452395794,1.0007411413676657,,,
eval,single_out,pit_noq_s0.05,pit,False,0.05,,OREB,9729,9729.0,0.9080192316612272,-0.0034681275059221606,1.0013183339970384,,,
eval,single_out,pit_noq_s0.05,pit,False,0.05,,POOLED,9729,9729.0,,,1.0009575438384437,,,
eval,single_out,pit_noq_s0.10,pit,False,0.1,,PTS,9729,9729.0,5.474512221116641,-0.2096812646794831,1.0008858843042165,,,
eval,single_out,pit_noq_s0.10,pit,False,0.1,,AST,9729,9729.0,1.6402719993895944,-0.08792137523819189,1.0015084467570032,,,
eval,single_out,pit_noq_s0.10,pit,False,0.1,,REB,9729,9729.0,2.0426503210089453,-0.03873722157892211,1.0017737568144203,,,
eval,single_out,pit_noq_s0.10,pit,False,0.1,,STL,9729,9729.0,0.8128115864613045,0.0185061938850267,1.0019241938451409,,,
eval,single_out,pit_noq_s0.10,pit,False,0.1,,BLK,9729,9729.0,0.597315419250064,0.016127800009874863,1.0028177567373395,,,
eval,single_out,pit_noq_s0.10,pit,False,0.1,,FG3M,9729,9729.0,1.0878377908658543,-0.024708992677767404,1.0022186479048956,,,
eval,single_out,pit_noq_s0.10,pit,False,0.1,,TOV,9729,9729.0,1.060475185464209,0.019848172955030573,1.0027132889697377,,,
eval,single_out,pit_noq_s0.10,pit,False,0.1,,FG3A,9729,9729.0,1.7531183834061919,-0.05065391084677744,1.0016740186485662,,,
eval,single_out,pit_noq_s0.10,pit,False,0.1,,OREB,9729,9729.0,0.9092627970121466,0.003917853148170136,1.0026896758607133,,,
eval,single_out,pit_noq_s0.10,pit,False,0.1,,POOLED,9729,9729.0,,,1.0020228522046704,,,
eval,single_out,pit_noq_s0.15,pit,False,0.15,,PTS,9729,9729.0,5.4787576244197576,-0.11288891143089556,1.0016620565123773,,,
eval,single_out,pit_noq_s0.15,pit,False,0.15,,AST,9729,9729.0,1.6418376300977595,-0.06566796815554668,1.0024643811260059,,,
eval,single_out,pit_noq_s0.15,pit,False,0.15,,REB,9729,9729.0,2.044954288451805,-0.006164229724489829,1.0029036879127942,,,
eval,single_out,pit_noq_s0.15,pit,False,0.15,,STL,9729,9729.0,0.8136468095077525,0.024565842180954887,1.0029537438557854,,,
eval,single_out,pit_noq_s0.15,pit,False,0.15,,BLK,9729,9729.0,0.5981760802912127,0.019741009198492407,1.0042626988010812,,,
eval,single_out,pit_noq_s0.15,pit,False,0.15,,FG3M,9729,9729.0,1.0891898153366983,-0.013889812404868012,1.003464260208937,,,
eval,single_out,pit_noq_s0.15,pit,False,0.15,,TOV,9729,9729.0,1.062015469719644,0.03090234693591833,1.0041696771180746,,,
eval,single_out,pit_noq_s0.15,pit,False,0.15,,FG3A,9729,9729.0,1.7551113218987886,-0.021336157169596946,1.0028127179672741,,,
eval,single_out,pit_noq_s0.15,pit,False,0.15,,OREB,9729,9729.0,0.9105535799303013,0.01130383380226243,1.0041130869032238,,,
eval,single_out,pit_noq_s0.15,pit,False,0.15,,POOLED,9729,9729.0,,,1.0032007011561725,,,
eval,single_out,pit_noq_s0.20,pit,False,0.2,,PTS,9729,9729.0,5.484441934510197,-0.01609655818230803,1.0027012990059063,,,
eval,single_out,pit_noq_s0.20,pit,False,0.2,,AST,9729,9729.0,1.643598482088416,-0.043414561072901446,1.0035395126546718,,,
eval,single_out,pit_noq_s0.20,pit,False,0.2,,REB,9729,9729.0,2.0475634946638896,0.026408762129942465,1.0041833167765797,,,
eval,single_out,pit_noq_s0.20,pit,False,0.2,,STL,9729,9729.0,0.8145220888490191,0.03062549047688307,1.0040326698492077,,,
eval,single_out,pit_noq_s0.20,pit,False,0.2,,BLK,9729,9729.0,0.5990474302385261,0.023354218387109955,1.0057255861991583,,,
eval,single_out,pit_noq_s0.20,pit,False,0.2,,FG3M,9729,9729.0,1.0906237300541959,-0.003070632131968629,1.0047853175223047,,,
eval,single_out,pit_noq_s0.20,pit,False,0.2,,TOV,9729,9729.0,1.0636249613077238,0.04195652091680611,1.005691503018363,,,
eval,single_out,pit_noq_s0.20,pit,False,0.2,,FG3A,9729,9729.0,1.7574255700171877,0.00798159650758354,1.004135003007947,,,
eval,single_out,pit_noq_s0.20,pit,False,0.2,,OREB,9729,9729.0,0.9118827518656598,0.01868981445635472,1.0055788314397949,,,
eval,single_out,pit_noq_s0.20,pit,False,0.2,,POOLED,9729,9729.0,,,1.0044858932748812,,,
eval,single_out,pit_noq_s0.35,pit,False,0.35,,PTS,9729,9729.0,5.508503355255171,0.2742805015634546,1.0071003642389798,,,
eval,single_out,pit_noq_s0.35,pit,False,0.35,,AST,9729,9729.0,1.650026505899595,0.02334566017503427,1.0074643008271498,,,
eval,single_out,pit_noq_s0.35,pit,False,0.35,,REB,9729,9729.0,2.05747137759468,0.12412773769323934,1.0090424240861229,,,
eval,single_out,pit_noq_s0.35,pit,False,0.35,,STL,9729,9729.0,0.8173176915477478,0.04880443536466764,1.007478710760644,,,
eval,single_out,pit_noq_s0.35,pit,False,0.35,,BLK,9729,9729.0,0.601725710216981,0.0341938459529626,1.0102220827457913,,,
eval,single_out,pit_noq_s0.35,pit,False,0.35,,FG3M,9729,9729.0,1.0953354383520395,0.02938690868672955,1.0091261870519692,,,
eval,single_out,pit_noq_s0.35,pit,False,0.35,,TOV,9729,9729.0,1.0688190343028245,0.07511904285946942,1.0106026655683726,,,
eval,single_out,pit_noq_s0.35,pit,False,0.35,,FG3A,9729,9729.0,1.7662073206285556,0.09593485753912506,1.0091526056461484,,,
eval,single_out,pit_noq_s0.35,pit,False,0.35,,OREB,9729,9729.0,0.9161474926691391,0.04084775641863161,1.0102817749539497,,,
eval,single_out,pit_noq_s0.35,pit,False,0.35,,POOLED,9729,9729.0,,,1.0089412350976807,,,
eval,single_out,pit_noq_s0.50,pit,False,0.5,,PTS,9729,9729.0,5.543616483511127,0.5646575613092175,1.0135199744262746,,,
eval,single_out,pit_noq_s0.50,pit,False,0.5,,AST,9729,9729.0,1.6584191676793822,0.09010588142296999,1.0125886470736012,,,
eval,single_out,pit_noq_s0.50,pit,False,0.5,,REB,9729,9729.0,2.0708589434880893,0.22184671325653624,1.0156080667914376,,,
eval,single_out,pit_noq_s0.50,pit,False,0.5,,STL,9729,9729.0,0.8204004631731231,0.06698338025245221,1.0112787346862502,,,
eval,single_out,pit_noq_s0.50,pit,False,0.5,,BLK,9729,9729.0,0.6045092947031334,0.045033473518815245,1.0148953723682106,,,
eval,single_out,pit_noq_s0.50,pit,False,0.5,,FG3M,9729,9729.0,1.1006834170496183,0.061844449505427744,1.0140532488109153,,,
eval,single_out,pit_noq_s0.50,pit,False,0.5,,TOV,9729,9729.0,1.0746437238515236,0.10828156480213273,1.0161100962887315,,,
eval,single_out,pit_noq_s0.50,pit,False,0.5,,FG3A,9729,9729.0,1.7781953247621234,0.18388811857066656,1.016002155790455,,,
eval,single_out,pit_noq_s0.50,pit,False,0.5,,OREB,9729,9729.0,0.9207686566023502,0.06300569838090848,1.0153777641239858,,,
eval,single_out,pit_noq_s0.50,pit,False,0.5,,POOLED,9729,9729.0,,,1.0143815622622068,,,
eval,single_out,prod_prev_q_s0.05,prod_prev,True,0.05,,PTS,9729,9222.0,5.47260756484048,-0.30232413129540686,1.0005376626719937,,,
eval,single_out,prod_prev_q_s0.05,prod_prev,True,0.05,,AST,9729,9222.0,1.6392799764544854,-0.10915100639394554,1.0009027427339765,,,
eval,single_out,prod_prev_q_s0.05,prod_prev,True,0.05,,REB,9729,9222.0,2.040869042128682,-0.06987234324221454,1.000900167038695,,,
eval,single_out,prod_prev_q_s0.05,prod_prev,True,0.05,,STL,9729,9222.0,0.8121170334005249,0.012739104749361458,1.0010680427677012,,,
eval,single_out,prod_prev_q_s0.05,prod_prev,True,0.05,,BLK,9729,9222.0,0.5965744139145918,0.012650960104478715,1.0015737016128599,,,
eval,single_out,prod_prev_q_s0.05,prod_prev,True,0.05,,FG3M,9729,9222.0,1.0866606859702441,-0.03503621051487502,1.0011341879910864,,,
eval,single_out,prod_prev_q_s0.05,prod_prev,True,0.05,,TOV,9729,9222.0,1.059139120987525,0.009332964637683483,1.0014499971699347,,,
eval,single_out,prod_prev_q_s0.05,prod_prev,True,0.05,,FG3A,9729,9222.0,1.7513882315156144,-0.07863443353306583,1.0006854669263832,,,
eval,single_out,prod_prev_q_s0.05,prod_prev,True,0.05,,OREB,9729,9222.0,0.9080331447374873,-0.0031051450145163344,1.0013336766438192,,,
eval,single_out,prod_prev_q_s0.05,prod_prev,True,0.05,,POOLED,9729,9222.0,,,1.0010650717284943,,,
eval,single_out,prod_prev_q_s0.10,prod_prev,True,0.1,,PTS,9729,9222.0,5.476980308496437,-0.20138229141415512,1.001337116070608,,,
eval,single_out,prod_prev_q_s0.10,prod_prev,True,0.1,,AST,9729,9222.0,1.6410310100973864,-0.08587382338440867,1.001971879428728,,,
eval,single_out,prod_prev_q_s0.10,prod_prev,True,0.1,,REB,9729,9222.0,2.043142909438363,-0.035861481196642335,1.0020153361764998,,,
eval,single_out,prod_prev_q_s0.10,prod_prev,True,0.1,,STL,9729,9222.0,0.8130434947621045,0.019091312205552605,1.0022100590335747,,,
eval,single_out,prod_prev_q_s0.10,prod_prev,True,0.1,,BLK,9729,9222.0,0.5975292313818877,0.016400538576317677,1.0031767205201059,,,
eval,single_out,prod_prev_q_s0.10,prod_prev,True,0.1,,FG3M,9729,9222.0,1.0880333843156327,-0.023725067806183817,1.0023988470158494,,,
eval,single_out,prod_prev_q_s0.10,prod_prev,True,0.1,,TOV,9729,9222.0,1.0607607401789576,0.02092610428211197,1.0029832901080302,,,
eval,single_out,prod_prev_q_s0.10,prod_prev,True,0.1,,FG3A,9729,9222.0,1.7529914081735407,-0.047979448864993134,1.0016014691888364,,,
eval,single_out,prod_prev_q_s0.10,prod_prev,True,0.1,,OREB,9729,9222.0,0.9092997383608855,0.004643818130981809,1.0027304129381729,,,
eval,single_out,prod_prev_q_s0.10,prod_prev,True,0.1,,POOLED,9729,9222.0,,,1.0022694589422674,,,
eval,single_out,prod_prev_q_s0.15,prod_prev,True,0.15,,PTS,9729,9222.0,5.482946687299875,-0.1004404515329037,1.0024279281984427,,,
eval,single_out,prod_prev_q_s0.15,prod_prev,True,0.15,,AST,9729,9222.0,1.6430955713066822,-0.06259664037487185,1.0032324480970503,,,
eval,single_out,prod_prev_q_s0.15,prod_prev,True,0.15,,REB,9729,9222.0,2.0458923543525014,-0.0018506191510701936,1.0033637420844823,,,
eval,single_out,prod_prev_q_s0.15,prod_prev,True,0.15,,STL,9729,9222.0,0.8140126585264853,0.025443519661743744,1.00340471304627,,,
eval,single_out,prod_prev_q_s0.15,prod_prev,True,0.15,,BLK,9729,9222.0,0.5984973413475929,0.020150117048156627,1.0048020558668853,,,
eval,single_out,prod_prev_q_s0.15,prod_prev,True,0.15,,FG3M,9729,9222.0,1.089530469797344,-0.01241392509749264,1.003778103187934,,,
eval,single_out,prod_prev_q_s0.15,prod_prev,True,0.15,,TOV,9729,9222.0,1.0624636610735398,0.032519243926540424,1.0045934564131611,,,
eval,single_out,prod_prev_q_s0.15,prod_prev,True,0.15,,FG3A,9729,9222.0,1.7551030363198017,-0.017324464196920512,1.0028079838607362,,,
eval,single_out,prod_prev_q_s0.15,prod_prev,True,0.15,,OREB,9729,9222.0,0.9106253043066813,0.012392781276479931,1.004192180969252,,,
eval,single_out,prod_prev_q_s0.15,prod_prev,True,0.15,,POOLED,9729,9222.0,,,1.0036225124138014,,,
eval,single_out,prod_prev_q_s0.20,prod_prev,True,0.2,,PTS,9729,9222.0,5.4907677177744985,0.0005013883483481334,1.0038578197918104,,,
eval,single_out,prod_prev_q_s0.20,prod_prev,True,0.2,,AST,9729,9222.0,1.6454278310614665,-0.039319457365334945,1.0046564667020847,,,
eval,single_out,prod_prev_q_s0.20,prod_prev,True,0.2,,REB,9729,9222.0,2.0491877492093273,0.03216024289450206,1.0049798973568536,,,
eval,single_out,prod_prev_q_s0.20,prod_prev,True,0.2,,STL,9729,9222.0,0.8150276032913852,0.031795727117934894,1.0046557996846839,,,
eval,single_out,prod_prev_q_s0.20,prod_prev,True,0.2,,BLK,9729,9222.0,0.599482960810905,0.023899695519995594,1.006456787466542,,,
eval,single_out,prod_prev_q_s0.20,prod_prev,True,0.2,,FG3M,9729,9222.0,1.0911404887840264,-0.001102782388801433,1.0052614043432007,,,
eval,single_out,prod_prev_q_s0.20,prod_prev,True,0.2,,TOV,9729,9222.0,1.0642532032798553,0.04411238357096891,1.006285525945801,,,
eval,single_out,prod_prev_q_s0.20,prod_prev,True,0.2,,FG3A,9729,9222.0,1.7576109170345553,0.013330520471152175,1.004240904180103,,,
eval,single_out,prod_prev_q_s0.20,prod_prev,True,0.2,,OREB,9729,9222.0,0.9120293983935269,0.020141744421978084,1.0057405459187951,,,
eval,single_out,prod_prev_q_s0.20,prod_prev,True,0.2,,POOLED,9729,9222.0,,,1.0051261279322083,,,
eval,single_out,prod_prev_q_s0.35,prod_prev,True,0.35,,PTS,9729,9222.0,5.523317693843783,0.3033269079921028,1.009808817847221,,,
eval,single_out,prod_prev_q_s0.35,prod_prev,True,0.35,,AST,9729,9222.0,1.6538874368473764,0.03051209166327559,1.0098216872593924,,,
eval,single_out,prod_prev_q_s0.35,prod_prev,True,0.35,,REB,9729,9222.0,2.0615497310175535,0.13419282903121857,1.0110425644860868,,,
eval,single_out,prod_prev_q_s0.35,prod_prev,True,0.35,,STL,9729,9222.0,0.8183306319461553,0.05085234948650833,1.0087273266871295,,,
eval,single_out,prod_prev_q_s0.35,prod_prev,True,0.35,,BLK,9729,9222.0,0.6025682601887232,0.03514843093551247,1.01163661859297,,,
eval,single_out,prod_prev_q_s0.35,prod_prev,True,0.35,,FG3M,9729,9222.0,1.0966393749774321,0.03283064573727213,1.0103274963028774,,,
eval,single_out,prod_prev_q_s0.35,prod_prev,True,0.35,,TOV,9729,9222.0,1.0701791630949644,0.07889180250425432,1.0118887109499928,,,
eval,single_out,prod_prev_q_s0.35,prod_prev,True,0.35,,FG3A,9729,9222.0,1.767963156524675,0.10529547447537013,1.0101558323619257,,,
eval,single_out,prod_prev_q_s0.35,prod_prev,True,0.35,,OREB,9729,9222.0,0.9165481776038257,0.043388633858472477,1.0107236303214004,,,
eval,single_out,prod_prev_q_s0.35,prod_prev,True,0.35,,POOLED,9729,9222.0,,,1.0104591872009996,,,
eval,single_out,prod_prev_q_s0.50,prod_prev,True,0.5,,PTS,9729,9222.0,5.569261550730594,0.6061524276358576,1.0182085721944902,,,
eval,single_out,prod_prev_q_s0.50,prod_prev,True,0.5,,AST,9729,9222.0,1.6647709399819746,0.10034364069188617,1.0164668780104766,,,
eval,single_out,prod_prev_q_s0.50,prod_prev,True,0.5,,REB,9729,9222.0,2.0782061975370825,0.23622541516793516,1.0192113689402333,,,
eval,single_out,prod_prev_q_s0.50,prod_prev,True,0.5,,STL,9729,9222.0,0.8220922979071738,0.06990897185508177,1.0133641997316154,,,
eval,single_out,prod_prev_q_s0.50,prod_prev,True,0.5,,BLK,9729,9222.0,0.6057699267214194,0.046397166351029334,1.0170118155938617,,,
eval,single_out,prod_prev_q_s0.50,prod_prev,True,0.5,,FG3M,9729,9222.0,1.1028541029461187,0.06676407386334571,1.0160530891386588,,,
eval,single_out,prod_prev_q_s0.50,prod_prev,True,0.5,,TOV,9729,9222.0,1.0768394633984704,0.11367122143753972,1.018186238430498,,,
eval,single_out,prod_prev_q_s0.50,prod_prev,True,0.5,,FG3A,9729,9222.0,1.782831823946964,0.19726042847958808,1.0186512984923397,,,
eval,single_out,prod_prev_q_s0.50,prod_prev,True,0.5,,OREB,9729,9222.0,0.9214809827901198,0.06663552329496687,1.0161632819266153,,,
eval,single_out,prod_prev_q_s0.50,prod_prev,True,0.5,,POOLED,9729,9222.0,,,1.017035193606532,,,
eval,single_out,prod_prev_noq_s0.05,prod_prev,False,0.05,,PTS,9729,9222.0,5.4714332750914565,-0.31290595192573534,1.000322971392404,,,
eval,single_out,prod_prev_noq_s0.05,prod_prev,False,0.05,,AST,9729,9222.0,1.6389031139376184,-0.11163422611120039,1.0006726400473192,,,
eval,single_out,prod_prev_noq_s0.05,prod_prev,False,0.05,,REB,9729,9222.0,2.040704426807948,-0.0734857611127515,1.0008194350080655,,,
eval,single_out,prod_prev_noq_s0.05,prod_prev,False,0.05,,STL,9729,9222.0,0.811979131893796,0.012045763346127671,1.0008980564409058,,,
eval,single_out,prod_prev_noq_s0.05,prod_prev,False,0.05,,BLK,9729,9222.0,0.5964241591514307,0.01226987847401939,1.001321442689557,,,
eval,single_out,prod_prev_noq_s0.05,prod_prev,False,0.05,,FG3M,9729,9222.0,1.0865089197092639,-0.03624600205541711,1.0009943666150005,,,
eval,single_out,prod_prev_noq_s0.05,prod_prev,False,0.05,,TOV,9729,9222.0,1.0588947749343538,0.008065259672367904,1.0012189601424017,,,
eval,single_out,prod_prev_noq_s0.05,prod_prev,False,0.05,,FG3A,9729,9222.0,1.7512672835173038,-0.08193141615249169,1.0006163612295504,,,
eval,single_out,prod_prev_noq_s0.05,prod_prev,False,0.05,,OREB,9729,9222.0,0.9079655366448179,-0.003957292275996057,1.0012591218102254,,,
eval,single_out,prod_prev_noq_s0.05,prod_prev,False,0.05,,POOLED,9729,9222.0,,,1.0009025950417143,,,
eval,single_out,prod_prev_noq_s0.10,prod_prev,False,0.1,,PTS,9729,9222.0,5.474281274101584,-0.22254593267481243,1.0008436610707927,,,
eval,single_out,prod_prev_noq_s0.10,prod_prev,False,0.1,,AST,9729,9222.0,1.640201615276232,-0.09084026281891841,1.0014654720039888,,,
eval,single_out,prod_prev_noq_s0.10,prod_prev,False,0.1,,REB,9729,9222.0,2.042660146915498,-0.0430883169377163,1.0017785757181847,,,
eval,single_out,prod_prev_noq_s0.10,prod_prev,False,0.1,,STL,9729,9222.0,0.8127450248856439,0.017704629399085015,1.0018421457368885,,,
eval,single_out,prod_prev_noq_s0.10,prod_prev,False,0.1,,BLK,9729,9222.0,0.5972249670996739,0.015638375315399015,1.0026658989087567,,,
eval,single_out,prod_prev_noq_s0.10,prod_prev,False,0.1,,FG3M,9729,9222.0,1.087668277406234,-0.02614465088726801,1.0020624761376258,,,
eval,single_out,prod_prev_noq_s0.10,prod_prev,False,0.1,,TOV,9729,9222.0,1.0602445357892143,0.01839069435148079,1.002495202306906,,,
eval,single_out,prod_prev_noq_s0.10,prod_prev,False,0.1,,FG3A,9729,9222.0,1.7526562742866143,-0.05457341410384492,1.0014099847400506,,,
eval,single_out,prod_prev_noq_s0.10,prod_prev,False,0.1,,OREB,9729,9222.0,0.9091489501248174,0.002939523608022345,1.0025641311898779,,,
eval,single_out,prod_prev_noq_s0.10,prod_prev,False,0.1,,POOLED,9729,9222.0,,,1.001903060868119,,,
eval,single_out,prod_prev_noq_s0.15,prod_prev,False,0.15,,PTS,9729,9222.0,5.478261010010129,-0.1321859134238894,1.0015712622402189,,,
eval,single_out,prod_prev_noq_s0.15,prod_prev,False,0.15,,AST,9729,9222.0,1.6416910215492566,-0.0700462995266364,1.0023748656677485,,,
eval,single_out,prod_prev_noq_s0.15,prod_prev,False,0.15,,REB,9729,9222.0,2.0449326031724837,-0.01269087276268108,1.0028930528356548,,,
eval,single_out,prod_prev_noq_s0.15,prod_prev,False,0.15,,STL,9729,9222.0,0.8135452491411997,0.023363495452042374,1.0028285539715862,,,
eval,single_out,prod_prev_noq_s0.15,prod_prev,False,0.15,,BLK,9729,9222.0,0.5980394383935959,0.019006872156778654,1.0040332941735957,,,
eval,single_out,prod_prev_noq_s0.15,prod_prev,False,0.15,,FG3M,9729,9222.0,1.0889287527490448,-0.016043299719118907,1.0032237447609411,,,
eval,single_out,prod_prev_noq_s0.15,prod_prev,False,0.15,,TOV,9729,9222.0,1.0616460992921233,0.028716129030593666,1.0038204255360441,,,
eval,single_out,prod_prev_noq_s0.15,prod_prev,False,0.15,,FG3A,9729,9222.0,1.7543745160766837,-0.027215412055198136,1.0023917314236515,,,
eval,single_out,prod_prev_noq_s0.15,prod_prev,False,0.15,,OREB,9729,9222.0,0.9103731319848631,0.00983633949204075,1.0039140979062962,,,
eval,single_out,prod_prev_noq_s0.15,prod_prev,False,0.15,,POOLED,9729,9222.0,,,1.0030056698350822,,,
eval,single_out,prod_prev_noq_s0.20,prod_prev,False,0.2,,PTS,9729,9222.0,5.483519075849358,-0.0418258941729664,1.0025325759910453,,,
eval,single_out,prod_prev_noq_s0.20,prod_prev,False,0.2,,AST,9729,9222.0,1.6433652955599232,-0.0492523362343544,1.0033971348794963,,,
eval,single_out,prod_prev_noq_s0.20,prod_prev,False,0.2,,REB,9729,9222.0,2.0475166132642286,0.01770657141235414,1.0041603248061088,,,
eval,single_out,prod_prev_noq_s0.20,prod_prev,False,0.2,,STL,9729,9222.0,0.8143810055785758,0.029022361504999716,1.0038587614744277,,,
eval,single_out,prod_prev_noq_s0.20,prod_prev,False,0.2,,BLK,9729,9222.0,0.5988621935351721,0.022375368998158285,1.0054145969808386,,,
eval,single_out,prod_prev_noq_s0.20,prod_prev,False,0.2,,FG3M,9729,9222.0,1.0902684622239558,-0.005941948550969811,1.0044580113306492,,,
eval,single_out,prod_prev_noq_s0.20,prod_prev,False,0.2,,TOV,9729,9222.0,1.0631104496030188,0.039041563709706545,1.0052050157052137,,,
eval,single_out,prod_prev_noq_s0.20,prod_prev,False,0.2,,FG3A,9729,9222.0,1.7563797638899228,0.00014258999344863725,1.0035374638821584,,,
eval,single_out,prod_prev_noq_s0.20,prod_prev,False,0.2,,OREB,9729,9222.0,0.9116287691487068,0.016733155376059145,1.0052987519633523,,,
eval,single_out,prod_prev_noq_s0.20,prod_prev,False,0.2,,POOLED,9729,9222.0,,,1.0042069596681433,,,
eval,single_out,prod_prev_noq_s0.35,prod_prev,False,0.35,,PTS,9729,9222.0,5.50599134179853,0.2292541635798024,1.0066411016218946,,,
eval,single_out,prod_prev_noq_s0.35,prod_prev,False,0.35,,AST,9729,9222.0,1.6494353306117324,0.013129553642491562,1.00710334420256,,,
eval,single_out,prod_prev_noq_s0.35,prod_prev,False,0.35,,REB,9729,9222.0,2.057171658610902,0.10889890393745973,1.0088954333803326,,,
eval,single_out,prod_prev_noq_s0.35,prod_prev,False,0.35,,STL,9729,9222.0,0.8170451277372622,0.045998959663871755,1.0071427309583862,,,
eval,single_out,prod_prev_noq_s0.35,prod_prev,False,0.35,,BLK,9729,9222.0,0.6014009072546448,0.03248085952229717,1.00967677926362,,,
eval,single_out,prod_prev_noq_s0.35,prod_prev,False,0.35,,FG3M,9729,9222.0,1.0946951663923332,0.02436210495347747,1.0085363082086929,,,
eval,single_out,prod_prev_noq_s0.35,prod_prev,False,0.35,,TOV,9729,9222.0,1.0678525521864044,0.07001786774704519,1.009688825739804,,,
eval,single_out,prod_prev_noq_s0.35,prod_prev,False,0.35,,FG3A,9729,9222.0,1.7641585512496905,0.0822165961393889,1.0079820064005776,,,
eval,single_out,prod_prev_noq_s0.35,prod_prev,False,0.35,,OREB,9729,9222.0,0.9156403088146073,0.03742360302811435,1.0097224778878282,,,
eval,single_out,prod_prev_noq_s0.35,prod_prev,False,0.35,,POOLED,9729,9222.0,,,1.0083765564070775,,,
eval,single_out,prod_prev_noq_s0.50,prod_prev,False,0.5,,PTS,9729,9222.0,5.538599481519063,0.5003342213325712,1.0126027335338323,,,
eval,single_out,prod_prev_noq_s0.50,prod_prev,False,0.5,,AST,9729,9222.0,1.6572207585597607,0.07551144351933754,1.0118569288851431,,,
eval,single_out,prod_prev_noq_s0.50,prod_prev,False,0.5,,REB,9729,9222.0,2.070156600401139,0.20009123646256533,1.015263617785384,,,
eval,single_out,prod_prev_noq_s0.50,prod_prev,False,0.5,,STL,9729,9222.0,0.819988301591876,0.0629755578227438,1.010770677632311,,,
eval,single_out,prod_prev_noq_s0.50,prod_prev,False,0.5,,BLK,9729,9222.0,0.60404968503968,0.042586350046436065,1.0141237453235616,,,
eval,single_out,prod_prev_noq_s0.50,prod_prev,False,0.5,,FG3M,9729,9222.0,1.099699968186248,0.054666158457924746,1.0131472030765178,,,
eval,single_out,prod_prev_noq_s0.50,prod_prev,False,0.5,,TOV,9729,9222.0,1.073148890057226,0.10099417178438383,1.0146966830086392,,,
eval,single_out,prod_prev_noq_s0.50,prod_prev,False,0.5,,FG3A,9729,9222.0,1.7747689184000865,0.16429060228532924,1.0140444202132854,,,
eval,single_out,prod_prev_noq_s0.50,prod_prev,False,0.5,,OREB,9729,9222.0,0.9200042462364555,0.058114050680169546,1.0145348104866851,,,
eval,single_out,prod_prev_noq_s0.50,prod_prev,False,0.5,,POOLED,9729,9222.0,,,1.013448979993929,,,
eval,single_out,loso_perstat_pit_q,pit,True,per_stat_loso,,PTS,9729,9729.0,5.469656242795838,-0.4726557827242421,0.9999980828052936,,,
eval,single_out,loso_perstat_pit_q,pit,True,per_stat_loso,,AST,9729,9729.0,1.6372356508978465,-0.15139521901425343,0.9996545294415121,,,
eval,single_out,loso_perstat_pit_q,pit,True,per_stat_loso,,REB,9729,9729.0,2.0368170053141745,-0.17925122278399702,0.9989129330512279,,,
eval,single_out,loso_perstat_pit_q,pit,True,per_stat_loso,,STL,9729,9729.0,0.8052053184292755,-0.054768743199308634,0.992548215336592,,,
eval,single_out,loso_perstat_pit_q,pit,True,per_stat_loso,,BLK,9729,9729.0,0.5749663758445738,-0.09780302072421104,0.9652965127666787,,,
eval,single_out,loso_perstat_pit_q,pit,True,per_stat_loso,,FG3M,9729,9729.0,1.079737333854264,-0.12462891852105265,0.994755743838007,,,
eval,single_out,loso_perstat_pit_q,pit,True,per_stat_loso,,TOV,9729,9729.0,1.0501231254548953,-0.07924820450009756,0.9929250843216418,,,
eval,single_out,loso_perstat_pit_q,pit,True,per_stat_loso,,FG3A,9729,9729.0,1.7489179297579187,-0.1546328387166503,0.9992740179835582,,,
eval,single_out,loso_perstat_pit_q,pit,True,per_stat_loso,,OREB,9729,9729.0,0.8979172903711475,-0.09851667137941403,0.9901784168344773,,,
eval,single_out,loso_perstat_pit_q,pit,True,per_stat_loso,,POOLED,9729,9729.0,,,0.9926159484865543,,,
eval,single_out,loso_uniform_pit_q,pit,True,uniform_loso,,PTS,9729,9729.0,5.471594489729376,-0.7552209078969809,1.0003524456996882,,,
eval,single_out,loso_uniform_pit_q,pit,True,uniform_loso,,AST,9729,9729.0,1.6349770848113447,-0.21351547250915923,0.9982755063197176,,,
eval,single_out,loso_uniform_pit_q,pit,True,uniform_loso,,REB,9729,9729.0,2.0367557671042293,-0.22252449581175685,0.9988829000930625,,,
eval,single_out,loso_uniform_pit_q,pit,True,uniform_loso,,STL,9729,9729.0,0.8086410582972055,-0.015767579274043625,0.9967833307738905,,,
eval,single_out,loso_uniform_pit_q,pit,True,uniform_loso,,BLK,9729,9729.0,0.5924999008388989,-0.0041827417194821815,0.9947331046172336,,,
eval,single_out,loso_uniform_pit_q,pit,True,uniform_loso,,FG3M,9729,9729.0,1.0819975715756098,-0.08576304428051827,0.9968380877426326,,,
eval,single_out,loso_uniform_pit_q,pit,True,uniform_loso,,TOV,9729,9729.0,1.0529547273648063,-0.042667949572031516,0.9956024547147049,,,
eval,single_out,loso_uniform_pit_q,pit,True,uniform_loso,,FG3A,9729,9729.0,1.748875238437388,-0.21617138482546203,0.9992496255711563,,,
eval,single_out,loso_uniform_pit_q,pit,True,uniform_loso,,OREB,9729,9729.0,0.9031767031498484,-0.03787105893053016,0.9959782350076416,,,
eval,single_out,loso_uniform_pit_q,pit,True,uniform_loso,,POOLED,9729,9729.0,,,0.9974106322821921,,,
eval,single_out,loso_perstat_pit_noq,pit,False,per_stat_loso,,PTS,9729,9729.0,5.469996514973914,-0.474062271089489,1.0000602935751488,,,
eval,single_out,loso_perstat_pit_noq,pit,False,per_stat_loso,,AST,9729,9729.0,1.6374218597014703,-0.15458483084534858,0.999768223810348,,,
eval,single_out,loso_perstat_pit_noq,pit,False,per_stat_loso,,REB,9729,9729.0,2.0364989652600185,-0.18885947264595904,0.9987569571719536,,,
eval,single_out,loso_perstat_pit_noq,pit,False,per_stat_loso,,STL,9729,9729.0,0.8050592964219537,-0.06292958245762813,0.9923682191549351,,,
eval,single_out,loso_perstat_pit_noq,pit,False,per_stat_loso,,BLK,9729,9729.0,0.5727161706008935,-0.12224889310977181,0.9615187000701655,,,
eval,single_out,loso_perstat_pit_noq,pit,False,per_stat_loso,,FG3M,9729,9729.0,1.0788770862763848,-0.1372302047627359,0.9939632027334373,,,
eval,single_out,loso_perstat_pit_noq,pit,False,per_stat_loso,,TOV,9729,9729.0,1.0496677418892353,-0.08880119086975674,0.9924945045597346,,,
eval,single_out,loso_perstat_pit_noq,pit,False,per_stat_loso,,FG3A,9729,9729.0,1.7486901663841465,-0.16580020759644956,0.9991438815044323,,,
eval,single_out,loso_perstat_pit_noq,pit,False,per_stat_loso,,OREB,9729,9729.0,0.8948178234872282,-0.11518032704812263,0.9867604792971773,,,
eval,single_out,loso_perstat_pit_noq,pit,False,per_stat_loso,,POOLED,9729,9729.0,,,0.9916482735419259,,,
eval,single_out,loso_uniform_pit_noq,pit,False,uniform_loso,,PTS,9729,9729.0,5.474955771864255,-0.7970577418970805,1.000966977133007,,,
eval,single_out,loso_uniform_pit_noq,pit,False,uniform_loso,,AST,9729,9729.0,1.635646280477792,-0.2229107360485028,0.9986841002070299,,,
eval,single_out,loso_uniform_pit_noq,pit,False,uniform_loso,,REB,9729,9729.0,2.036003761224799,-0.2362661438101214,0.9985140950424696,,,
eval,single_out,loso_uniform_pit_noq,pit,False,uniform_loso,,STL,9729,9729.0,0.8085705591097578,-0.018166557736947246,0.9966964289103754,,,
eval,single_out,loso_uniform_pit_noq,pit,False,uniform_loso,,BLK,9729,9729.0,0.5923389846147559,-0.005831100173062502,0.9944629464366188,,,
eval,single_out,loso_uniform_pit_noq,pit,False,uniform_loso,,FG3M,9729,9729.0,1.0815278163131827,-0.09031754344951992,0.996405304943663,,,
eval,single_out,loso_uniform_pit_noq,pit,False,uniform_loso,,TOV,9729,9729.0,1.0528353412866918,-0.04713717727010743,0.9954895713500733,,,
eval,single_out,loso_uniform_pit_noq,pit,False,uniform_loso,,FG3A,9729,9729.0,1.7487469353426386,-0.22837715373915057,0.9991763174148223,,,
eval,single_out,loso_uniform_pit_noq,pit,False,uniform_loso,,OREB,9729,9729.0,0.9024655968012387,-0.040834682311569864,0.9951940623828153,,,
eval,single_out,loso_uniform_pit_noq,pit,False,uniform_loso,,POOLED,9729,9729.0,,,0.9972877559800972,,,
eval,single_out,loso_perstat_prod_prev_q,prod_prev,True,per_stat_loso,,PTS,9729,9222.0,5.469712606507462,-0.4749669370644873,1.0000083875851669,,,
eval,single_out,loso_perstat_prod_prev_q,prod_prev,True,per_stat_loso,,AST,9729,9222.0,1.6371065833440475,-0.151778839598682,0.9995757240693665,,,
eval,single_out,loso_perstat_prod_prev_q,prod_prev,True,per_stat_loso,,REB,9729,9222.0,2.0368913508637556,-0.17460171785502462,0.9989493942211796,,,
eval,single_out,loso_perstat_prod_prev_q,prod_prev,True,per_stat_loso,,STL,9729,9222.0,0.8051443169408468,-0.053579810609415426,0.9924730209518966,,,
eval,single_out,loso_perstat_prod_prev_q,prod_prev,True,per_stat_loso,,BLK,9729,9222.0,0.5757383076841778,-0.0933139525167554,0.9665924896170968,,,
eval,single_out,loso_perstat_prod_prev_q,prod_prev,True,per_stat_loso,,FG3M,9729,9222.0,1.0797980363479538,-0.12516976058654858,0.9948116686934046,,,
eval,single_out,loso_perstat_prod_prev_q,prod_prev,True,per_stat_loso,,TOV,9729,9222.0,1.0508947289464554,-0.07370895846203615,0.993654660162178,,,
eval,single_out,loso_perstat_prod_prev_q,prod_prev,True,per_stat_loso,,FG3A,9729,9222.0,1.7492502196759918,-0.15180117557383982,0.999463877482348,,,
eval,single_out,loso_perstat_prod_prev_q,prod_prev,True,per_stat_loso,,OREB,9729,9222.0,0.8983553645926212,-0.0925868069620678,0.9906615032431324,,,
eval,single_out,loso_perstat_prod_prev_q,prod_prev,True,per_stat_loso,,POOLED,9729,9222.0,,,0.9929100806695298,,,
eval,single_out,loso_uniform_prod_prev_q,prod_prev,True,uniform_loso,,PTS,9729,9222.0,5.471545545662886,-0.7397489139701872,1.0003434974275334,,,
eval,single_out,loso_uniform_prod_prev_q,prod_prev,True,uniform_loso,,AST,9729,9222.0,1.6350616375976443,-0.20998221318848845,0.9983271321047749,,,
eval,single_out,loso_uniform_prod_prev_q,prod_prev,True,uniform_loso,,REB,9729,9222.0,2.0367720680055488,-0.2172338916348492,0.9988908945182395,,,
eval,single_out,loso_uniform_prod_prev_q,prod_prev,True,uniform_loso,,STL,9729,9222.0,0.808682287545575,-0.014760227959995707,0.9968341526151678,,,
eval,single_out,loso_uniform_prod_prev_q,prod_prev,True,uniform_loso,,BLK,9729,9222.0,0.5926013928250125,-0.0036026178644480195,0.9949034969469159,,,
eval,single_out,loso_uniform_prod_prev_q,prod_prev,True,uniform_loso,,FG3M,9729,9222.0,1.0821458191513,-0.08400806955402383,0.9969746673743672,,,
eval,single_out,loso_uniform_prod_prev_q,prod_prev,True,uniform_loso,,TOV,9729,9222.0,1.0532597232805743,-0.04088162413423522,0.995890838131888,,,
eval,single_out,loso_uniform_prod_prev_q,prod_prev,True,uniform_loso,,FG3A,9729,9222.0,1.7495553919855056,-0.2113448690899003,0.9996382428740661,,,
eval,single_out,loso_uniform_prod_prev_q,prod_prev,True,uniform_loso,,OREB,9729,9222.0,0.9032842842426698,-0.03667897896418096,0.9960968700727122,,,
eval,single_out,loso_uniform_prod_prev_q,prod_prev,True,uniform_loso,,POOLED,9729,9222.0,,,0.9975444213406295,,,
eval,single_out,loso_perstat_prod_prev_noq,prod_prev,False,per_stat_loso,,PTS,9729,9222.0,5.470027338587886,-0.47486528281052814,1.000065928948472,,,
eval,single_out,loso_perstat_prod_prev_noq,prod_prev,False,per_stat_loso,,AST,9729,9222.0,1.637310307805116,-0.15441679779153367,0.9997001130540271,,,
eval,single_out,loso_perstat_prod_prev_noq,prod_prev,False,per_stat_loso,,REB,9729,9222.0,2.036344116496746,-0.18512959337865684,0.9986810149386081,,,
eval,single_out,loso_perstat_prod_prev_noq,prod_prev,False,per_stat_loso,,STL,9729,9222.0,0.8049327471099691,-0.062130224337850454,0.9922122262784755,,,
eval,single_out,loso_perstat_prod_prev_noq,prod_prev,False,per_stat_loso,,BLK,9729,9222.0,0.5740757763559313,-0.11270941064981213,0.9638013078003091,,,
eval,single_out,loso_perstat_prod_prev_noq,prod_prev,False,per_stat_loso,,FG3M,9729,9222.0,1.0789842428398384,-0.1373051605075303,0.994061925453902,,,
eval,single_out,loso_perstat_prod_prev_noq,prod_prev,False,per_stat_loso,,TOV,9729,9222.0,1.0503732501884948,-0.08377348084697939,0.9931615852767967,,,
eval,single_out,loso_perstat_prod_prev_noq,prod_prev,False,per_stat_loso,,FG3A,9729,9222.0,1.7490780732932842,-0.16199623424440662,0.9993655187174211,,,
eval,single_out,loso_perstat_prod_prev_noq,prod_prev,False,per_stat_loso,,OREB,9729,9222.0,0.8952862940760633,-0.11008947544478555,0.9872770853041677,,,
eval,single_out,loso_perstat_prod_prev_noq,prod_prev,False,per_stat_loso,,POOLED,9729,9222.0,,,0.9920363006413533,,,
eval,single_out,loso_uniform_prod_prev_noq,prod_prev,False,uniform_loso,,PTS,9729,9222.0,5.47513974800593,-0.7826359532347604,1.0010006128462567,,,
eval,single_out,loso_uniform_prod_prev_noq,prod_prev,False,uniform_loso,,AST,9729,9222.0,1.635622710765684,-0.2196893921798073,0.9986697091391018,,,
eval,single_out,loso_uniform_prod_prev_noq,prod_prev,False,uniform_loso,,REB,9729,9222.0,2.035830724249245,-0.23135759378912224,0.9984292327930253,,,
eval,single_out,loso_uniform_prod_prev_noq,prod_prev,False,uniform_loso,,STL,9729,9222.0,0.8086062410737703,-0.017263671481264575,0.9967404128097482,,,
eval,single_out,loso_uniform_prod_prev_noq,prod_prev,False,uniform_loso,,BLK,9729,9222.0,0.5924080242516652,-0.005280418450995243,0.9945788553376451,,,
eval,single_out,loso_uniform_prod_prev_noq,prod_prev,False,uniform_loso,,FG3M,9729,9222.0,1.0816738245297803,-0.08872486493118498,0.9965398214668525,,,
eval,single_out,loso_uniform_prod_prev_noq,prod_prev,False,uniform_loso,,TOV,9729,9222.0,1.0531701846437544,-0.04550572295637987,0.9958061764799737,,,
eval,single_out,loso_uniform_prod_prev_noq,prod_prev,False,uniform_loso,,FG3A,9729,9222.0,1.7495351406968582,-0.22398775947543645,0.9996266719557104,,,
eval,single_out,loso_uniform_prod_prev_noq,prod_prev,False,uniform_loso,,OREB,9729,9222.0,0.902563715938678,-0.03973024104607672,0.9953022632752723,,,
eval,single_out,loso_uniform_prod_prev_noq,prod_prev,False,uniform_loso,,POOLED,9729,9222.0,,,0.997410417344843,,,
eval,single_out,loso_const_perstat,,,const_loso,,PTS,9729,9729.0,5.470741111626723,-0.5050730153220997,1.00019642557179,,,
eval,single_out,loso_const_perstat,,,const_loso,,AST,9729,9729.0,1.6367757982081534,-0.20353700360229493,0.9993737550619197,,,
eval,single_out,loso_const_perstat,,,const_loso,,REB,9729,9729.0,2.0364891233083413,-0.2443043707684063,0.9987521303992041,,,
eval,single_out,loso_const_perstat,,,const_loso,,STL,9729,9729.0,0.8031220554414217,-0.12932968693610503,0.9899802504792502,,,
eval,single_out,loso_const_perstat,,,const_loso,,BLK,9729,9729.0,0.5680319303566809,-0.16533856723889748,0.9536544475457325,,,
eval,single_out,loso_const_perstat,,,const_loso,,FG3M,9729,9729.0,1.0778129317029008,-0.22609181578447757,0.9929828032963576,,,
eval,single_out,loso_const_perstat,,,const_loso,,TOV,9729,9729.0,1.0458572987449244,-0.17376558895326297,0.9888916083957932,,,
eval,single_out,loso_const_perstat,,,const_loso,,FG3A,9729,9729.0,1.7485656804765763,-0.21873907620206953,0.9990727543629447,,,
eval,single_out,loso_const_perstat,,,const_loso,,OREB,9729,9729.0,0.8923158766753716,-0.20488461604235073,0.9840014571024447,,,
eval,single_out,loso_const_perstat,,,const_loso,,POOLED,9729,9729.0,,,0.9896561813572706,,,
eval,single_out,loso_constw_pit_q,pit,True,const_plus_w_loso,,PTS,9729,9729.0,5.471003231642148,-0.49732755717147503,1.000244348055627,,,
eval,single_out,loso_constw_pit_q,pit,True,const_plus_w_loso,,AST,9729,9729.0,1.6369664293487869,-0.21682958766304483,0.9994901495974786,,,
eval,single_out,loso_constw_pit_q,pit,True,const_plus_w_loso,,REB,9729,9729.0,2.0363508981440575,-0.24626599103035288,0.9986843408511417,,,
eval,single_out,loso_constw_pit_q,pit,True,const_plus_w_loso,,STL,9729,9729.0,0.803638380577146,-0.13713153066756248,0.9906167062753897,,,
eval,single_out,loso_constw_pit_q,pit,True,const_plus_w_loso,,BLK,9729,9729.0,0.5650265327602217,-0.20497776711006893,0.9486087615000434,,,
eval,single_out,loso_constw_pit_q,pit,True,const_plus_w_loso,,FG3M,9729,9729.0,1.0779599342866326,-0.22647852330268922,0.9931182359242211,,,
eval,single_out,loso_constw_pit_q,pit,True,const_plus_w_loso,,TOV,9729,9729.0,1.0461310127223882,-0.17671997607178283,0.9891504137373435,,,
eval,single_out,loso_constw_pit_q,pit,True,const_plus_w_loso,,FG3A,9729,9729.0,1.7492231981322863,-0.24191066767198138,0.9994484382635652,,,
eval,single_out,loso_constw_pit_q,pit,True,const_plus_w_loso,,OREB,9729,9729.0,0.8927134468971066,-0.20295446562105066,0.9844398777197549,,,
eval,single_out,loso_constw_pit_q,pit,True,const_plus_w_loso,,POOLED,9729,9729.0,,,0.9893112524360627,,,
eval,multi_out,reference,,,,,PTS,6372,0.0,5.437762578555311,-0.34915336265640085,1.0000000000000036,,,
eval,multi_out,reference,,,,,AST,6372,0.0,1.6227024379363584,-0.17931329713580813,1.0000000000000002,,,
eval,multi_out,reference,,,,,REB,6372,0.0,2.0694152004069513,-0.07970003276461705,0.9999999999999989,,,
eval,multi_out,reference,,,,,STL,6372,0.0,0.8138506820881332,-0.013589631660015644,0.9999999999999968,,,
eval,multi_out,reference,,,,,BLK,6372,0.0,0.61406602947146,-0.04292330266649084,1.000000000000001,,,
eval,multi_out,reference,,,,,FG3M,6372,0.0,1.0842785841396274,-0.02003980148090764,0.999999999999998,,,
eval,multi_out,reference,,,,,TOV,6372,0.0,1.064352886456668,-0.009033516284268144,0.9999999999999991,,,
eval,multi_out,reference,,,,,FG3A,6372,0.0,1.7515674249725954,-0.04371883559594776,1.0000000000000007,,,
eval,multi_out,reference,,,,,OREB,6372,0.0,0.9087710850298881,-0.006990196296848054,1.0000000000000004,,,
eval,multi_out,reference,,,,,POOLED,6372,0.0,,,0.9999999999999997,,,
eval,multi_out,pit_q_s0.05,pit,True,0.05,,PTS,6372,6372.0,5.44837132549993,-0.09349762243847541,1.0019509397093715,,,
eval,multi_out,pit_q_s0.05,pit,True,0.05,,AST,6372,6372.0,1.6236999985265075,-0.12081609061849277,1.0006147526292115,,,
eval,multi_out,pit_q_s0.05,pit,True,0.05,,REB,6372,6372.0,2.0762108835245976,0.00667018049237675,1.0032838664354586,,,
eval,multi_out,pit_q_s0.05,pit,True,0.05,,STL,6372,6372.0,0.815518376150023,0.002394853980473101,1.0020491400923917,,,
eval,multi_out,pit_q_s0.05,pit,True,0.05,,BLK,6372,6372.0,0.6158230915938392,-0.033530557513322186,1.0028613569845122,,,
eval,multi_out,pit_q_s0.05,pit,True,0.05,,FG3M,6372,6372.0,1.0879825890906079,0.008578107111910907,1.0034161008113218,,,
eval,multi_out,pit_q_s0.05,pit,True,0.05,,TOV,6372,6372.0,1.0676873652352965,0.020289821927786382,1.0031328695783674,,,
eval,multi_out,pit_q_s0.05,pit,True,0.05,,FG3A,6372,6372.0,1.7574396000526857,0.034040544262651566,1.0033525258556253,,,
eval,multi_out,pit_q_s0.05,pit,True,0.05,,OREB,6372,6372.0,0.9116000081696661,0.012883645864944159,1.0031129105958354,,,
eval,multi_out,pit_q_s0.05,pit,True,0.05,,POOLED,6372,6372.0,,,1.0026416069657882,,,
eval,multi_out,pit_q_s0.10,pit,True,0.1,,PTS,6372,6372.0,5.469545812168003,0.16215811777945016,1.0058449101360278,,,
eval,multi_out,pit_q_s0.10,pit,True,0.1,,AST,6372,6372.0,1.6264635839762396,-0.062318884101177426,1.0023178285506642,,,
eval,multi_out,pit_q_s0.10,pit,True,0.1,,REB,6372,6372.0,2.085616068052778,0.09304039374937056,1.0078287178148873,,,
eval,multi_out,pit_q_s0.10,pit,True,0.1,,STL,6372,6372.0,0.8174580872537341,0.018379339620961856,1.004432514765906,,,
eval,multi_out,pit_q_s0.10,pit,True,0.1,,BLK,6372,6372.0,0.617718660904312,-0.02413781236015353,1.0059482714521704,,,
eval,multi_out,pit_q_s0.10,pit,True,0.1,,FG3M,6372,6372.0,1.092487955899249,0.03719601570472948,1.0075712753896486,,,
eval,multi_out,pit_q_s0.10,pit,True,0.1,,TOV,6372,6372.0,1.0716759032781888,0.04961316013984093,1.00688025270068,,,
eval,multi_out,pit_q_s0.10,pit,True,0.1,,FG3A,6372,6372.0,1.7662767572287443,0.11179992412125098,1.0083978110385219,,,
eval,multi_out,pit_q_s0.10,pit,True,0.1,,OREB,6372,6372.0,0.9147743500670997,0.03275748802673639,1.006605915544743,,,
eval,multi_out,pit_q_s0.10,pit,True,0.1,,POOLED,6372,6372.0,,,1.0062030552659165,,,
eval,multi_out,pit_q_s0.15,pit,True,0.15,,PTS,6372,6372.0,5.50120963844424,0.4178138579973756,1.011667861362532,,,
eval,multi_out,pit_q_s0.15,pit,True,0.15,,AST,6372,6372.0,1.6308872668767622,-0.0038216775838620966,1.0050439493705408,,,
eval,multi_out,pit_q_s0.15,pit,True,0.15,,REB,6372,6372.0,2.097862094310058,0.17941060700636438,1.0137463443283448,,,
eval,multi_out,pit_q_s0.15,pit,True,0.15,,STL,6372,6372.0,0.8196891966453855,0.03436382526145061,1.0071739382736273,,,
eval,multi_out,pit_q_s0.15,pit,True,0.15,,BLK,6372,6372.0,0.6197497272778475,-0.014745067206984874,1.0092558414463673,,,
eval,multi_out,pit_q_s0.15,pit,True,0.15,,FG3M,6372,6372.0,1.0976225600357985,0.06581392429754804,1.0123067780654889,,,
eval,multi_out,pit_q_s0.15,pit,True,0.15,,TOV,6372,6372.0,1.0763286880685206,0.07893649835189546,1.0112517208946745,,,
eval,multi_out,pit_q_s0.15,pit,True,0.15,,FG3A,6372,6372.0,1.7775505542025825,0.1895593039798503,1.0148342158340806,,,
eval,multi_out,pit_q_s0.15,pit,True,0.15,,OREB,6372,6372.0,0.9183637767311242,0.05263133018852861,1.0105556744258881,,,
eval,multi_out,pit_q_s0.15,pit,True,0.15,,POOLED,6372,6372.0,,,1.010648480444616,,,
eval,multi_out,pit_q_s0.20,pit,True,0.2,,PTS,6372,6372.0,5.541913288042388,0.6734695982153014,1.0191532285535658,,,
eval,multi_out,pit_q_s0.20,pit,True,0.2,,AST,6372,6372.0,1.6369157670041725,0.054675528933453246,1.0087590483230493,,,
eval,multi_out,pit_q_s0.20,pit,True,0.2,,REB,6372,6372.0,2.1126240686597764,0.2657808202633582,1.0208797481744243,,,
eval,multi_out,pit_q_s0.20,pit,True,0.2,,STL,6372,6372.0,0.8221496002606277,0.05034831090193937,1.0101971016983102,,,
eval,multi_out,pit_q_s0.20,pit,True,0.2,,BLK,6372,6372.0,0.621853003173193,-0.005352322053816221,1.0126810038790715,,,
eval,multi_out,pit_q_s0.20,pit,True,0.2,,FG3M,6372,6372.0,1.1033732528676783,0.0944318328903666,1.0176104822204897,,,
eval,multi_out,pit_q_s0.20,pit,True,0.2,,TOV,6372,6372.0,1.0816820485173042,0.10825983656395001,1.0162814065533525,,,
eval,multi_out,pit_q_s0.20,pit,True,0.2,,FG3A,6372,6372.0,1.7915802063686979,0.2673186838384497,1.022843985807015,,,
eval,multi_out,pit_q_s0.20,pit,True,0.2,,OREB,6372,6372.0,0.9222645228436953,0.07250517235032083,1.0148480052194484,,,
eval,multi_out,pit_q_s0.20,pit,True,0.2,,POOLED,6372,6372.0,,,1.0159171122698585,,,
eval,multi_out,pit_q_s0.35,pit,True,0.35,,PTS,6372,6372.0,5.718649560474827,1.4404368188690777,1.051654881555009,,,
eval,multi_out,pit_q_s0.35,pit,True,0.35,,AST,6372,6372.0,1.6662870171558355,0.23016714848539924,1.0268592554004572,,,
eval,multi_out,pit_q_s0.35,pit,True,0.35,,REB,6372,6372.0,2.173636201190801,0.5248914600343395,1.0503625375726207,,,
eval,multi_out,pit_q_s0.35,pit,True,0.35,,STL,6372,6372.0,0.8313589774788983,0.09830176782340559,1.0215129086650645,,,
eval,multi_out,pit_q_s0.35,pit,True,0.35,,BLK,6372,6372.0,0.6288917182354798,0.022825913405689735,1.0241434765195874,,,
eval,multi_out,pit_q_s0.35,pit,True,0.35,,FG3M,6372,6372.0,1.1242473140122353,0.18028555866882226,1.0368620486074809,,,
eval,multi_out,pit_q_s0.35,pit,True,0.35,,TOV,6372,6372.0,1.1010900762958715,0.19622985120011358,1.0345159864802962,,,
eval,multi_out,pit_q_s0.35,pit,True,0.35,,FG3A,6372,6372.0,1.8484113356711853,0.5005968234142477,1.0552898559986101,,,
eval,multi_out,pit_q_s0.35,pit,True,0.35,,OREB,6372,6372.0,0.9363716123461359,0.1321266988356975,1.0303712648552639,,,
eval,multi_out,pit_q_s0.35,pit,True,0.35,,POOLED,6372,6372.0,,,1.0368413572949324,,,
eval,multi_out,pit_q_s0.50,pit,True,0.5,,PTS,6372,6372.0,5.971180005873933,2.207404039522854,1.0980950197094408,,,
eval,multi_out,pit_q_s0.50,pit,True,0.5,,AST,6372,6372.0,1.711283123225417,0.40565876803734524,1.0545883725926424,,,
eval,multi_out,pit_q_s0.50,pit,True,0.5,,REB,6372,6372.0,2.2590313017162114,0.784002099805321,1.091627867269927,,,
eval,multi_out,pit_q_s0.50,pit,True,0.5,,STL,6372,6372.0,0.8427853196578027,0.14625522474487185,1.0355527595005853,,,
eval,multi_out,pit_q_s0.50,pit,True,0.5,,BLK,6372,6372.0,0.6366539568721277,0.051004148865195706,1.0367841996081597,,,
eval,multi_out,pit_q_s0.50,pit,True,0.5,,FG3M,6372,6372.0,1.149860105141281,0.2661392844472779,1.0604840139434184,,,
eval,multi_out,pit_q_s0.50,pit,True,0.5,,TOV,6372,6372.0,1.1256357057163415,0.2841998658362772,1.0575775384644175,,,
eval,multi_out,pit_q_s0.50,pit,True,0.5,,FG3A,6372,6372.0,1.9278860787792638,0.7338749629900457,1.1006633551713993,,,
eval,multi_out,pit_q_s0.50,pit,True,0.5,,OREB,6372,6372.0,0.9539305982776338,0.19174822532107416,1.049692946872601,,,
eval,multi_out,pit_q_s0.50,pit,True,0.5,,POOLED,6372,6372.0,,,1.065007341459177,,,
eval,multi_out,pit_noq_s0.05,pit,False,0.05,,PTS,6372,6372.0,5.446000481918789,-0.11932634425674332,1.0015149435534358,,,
eval,multi_out,pit_noq_s0.05,pit,False,0.05,,AST,6372,6372.0,1.6235213948616845,-0.12684639334458306,1.000504687061645,,,
eval,multi_out,pit_noq_s0.05,pit,False,0.05,,REB,6372,6372.0,2.075189840338284,-0.002157306400160364,1.0027904694670238,,,
eval,multi_out,pit_noq_s0.05,pit,False,0.05,,STL,6372,6372.0,0.815425395033679,0.0007384993784635764,1.0019348917193296,,,
eval,multi_out,pit_noq_s0.05,pit,False,0.05,,BLK,6372,6372.0,0.6154409753763189,-0.03443666847730088,1.0022390847870921,,,
eval,multi_out,pit_noq_s0.05,pit,False,0.05,,FG3M,6372,6372.0,1.0876524501831555,0.005638258101899895,1.0031116228733807,,,
eval,multi_out,pit_noq_s0.05,pit,False,0.05,,TOV,6372,6372.0,1.0672268786271164,0.01720165154292485,1.0027002249038055,,,
eval,multi_out,pit_noq_s0.05,pit,False,0.05,,FG3A,6372,6372.0,1.7566791377620523,0.026024894555831634,1.0029183648408728,,,
eval,multi_out,pit_noq_s0.05,pit,False,0.05,,OREB,6372,6372.0,0.9111871514798122,0.010856520599196631,1.0026586084105493,,,
eval,multi_out,pit_noq_s0.05,pit,False,0.05,,POOLED,6372,6372.0,,,1.0022636552907926,,,
eval,multi_out,pit_noq_s0.10,pit,False,0.1,,PTS,6372,6372.0,5.461395596762821,0.11050067414291438,1.0043460923249443,,,
eval,multi_out,pit_noq_s0.10,pit,False,0.1,,AST,6372,6372.0,1.6254881348008103,-0.07437948955335795,1.0017167022118947,,,
eval,multi_out,pit_noq_s0.10,pit,False,0.1,,REB,6372,6372.0,2.0828450270829673,0.07538541996429635,1.00648967238347,,,
eval,multi_out,pit_noq_s0.10,pit,False,0.1,,STL,6372,6372.0,0.8172326487984161,0.015066630416942813,1.004155512534072,,,
eval,multi_out,pit_noq_s0.10,pit,False,0.1,,BLK,6372,6372.0,0.6169048346853858,-0.025950034288110914,1.004622964107573,,,
eval,multi_out,pit_noq_s0.10,pit,False,0.1,,FG3M,6372,6372.0,1.0915859837035797,0.03131631768470747,1.006739411504423,,,
eval,multi_out,pit_noq_s0.10,pit,False,0.1,,TOV,6372,6372.0,1.070563200494096,0.04343681937011786,1.0058348261337475,,,
eval,multi_out,pit_noq_s0.10,pit,False,0.1,,FG3A,6372,6372.0,1.7644076936542512,0.0957686247076111,1.0073307304638062,,,
eval,multi_out,pit_noq_s0.10,pit,False,0.1,,OREB,6372,6372.0,0.9138526898504615,0.028703237495241334,1.0055917325102908,,,
eval,multi_out,pit_noq_s0.10,pit,False,0.1,,POOLED,6372,6372.0,,,1.0052030715749136,,,
eval,multi_out,pit_noq_s0.15,pit,False,0.15,,PTS,6372,6372.0,5.483822301652364,0.3403276925425719,1.0084703446374648,,,
eval,multi_out,pit_noq_s0.15,pit,False,0.15,,AST,6372,6372.0,1.628659303204777,-0.021912585762132883,1.0036709535458603,,,
eval,multi_out,pit_noq_s0.15,pit,False,0.15,,REB,6372,6372.0,2.0924347670116084,0.152928146328753,1.0111237061562746,,,
eval,multi_out,pit_noq_s0.15,pit,False,0.15,,STL,6372,6372.0,0.8192235957156597,0.029394761455422032,1.0066018420157103,,,
eval,multi_out,pit_noq_s0.15,pit,False,0.15,,BLK,6372,6372.0,0.6184763514143711,-0.017463400098920955,1.0071821623917345,,,
eval,multi_out,pit_noq_s0.15,pit,False,0.15,,FG3M,6372,6372.0,1.0960056412943324,0.056994377267514995,1.0108155388534286,,,
eval,multi_out,pit_noq_s0.15,pit,False,0.15,,TOV,6372,6372.0,1.0743480910806449,0.06967198719731084,1.0093908747288232,,,
eval,multi_out,pit_noq_s0.15,pit,False,0.15,,FG3A,6372,6372.0,1.7737107992581813,0.1655123548593905,1.012642033626501,,,
eval,multi_out,pit_noq_s0.15,pit,False,0.15,,OREB,6372,6372.0,0.9167360742680258,0.046549954391286015,1.0087645715949207,,,
eval,multi_out,pit_noq_s0.15,pit,False,0.15,,POOLED,6372,6372.0,,,1.008740225283413,,,
eval,multi_out,pit_noq_s0.20,pit,False,0.2,,PTS,6372,6372.0,5.514017855009881,0.5701547109422296,1.0140232816995935,,,
eval,multi_out,pit_noq_s0.20,pit,False,0.2,,AST,6372,6372.0,1.632925977673863,0.030554318029092208,1.0063003169888045,,,
eval,multi_out,pit_noq_s0.20,pit,False,0.2,,REB,6372,6372.0,2.103816304133171,0.23047087269320973,1.0166235870498352,,,
eval,multi_out,pit_noq_s0.20,pit,False,0.2,,STL,6372,6372.0,0.8214224436146231,0.043722892493901246,1.009303624968477,,,
eval,multi_out,pit_noq_s0.20,pit,False,0.2,,BLK,6372,6372.0,0.6201226672546453,-0.008976765909730997,1.0098631702333363,,,
eval,multi_out,pit_noq_s0.20,pit,False,0.2,,FG3M,6372,6372.0,1.1009135241635253,0.08267243685032255,1.015341942806235,,,
eval,multi_out,pit_noq_s0.20,pit,False,0.2,,TOV,6372,6372.0,1.0785984995459579,0.09590715502450385,1.0133842950684466,,,
eval,multi_out,pit_noq_s0.20,pit,False,0.2,,FG3A,6372,6372.0,1.7849156751142792,0.23525608501116996,1.0190390901693134,,,
eval,multi_out,pit_noq_s0.20,pit,False,0.2,,OREB,6372,6372.0,0.9199587617670805,0.06439667128733072,1.0123107754213205,,,
eval,multi_out,pit_noq_s0.20,pit,False,0.2,,POOLED,6372,6372.0,,,1.0129100093783736,,,
eval,multi_out,pit_noq_s0.35,pit,False,0.35,,PTS,6372,6372.0,5.645750677900931,1.259635766141202,1.0382488378889279,,,
eval,multi_out,pit_noq_s0.35,pit,False,0.35,,AST,6372,6372.0,1.6536647848598893,0.18795502940276743,1.019080729898272,,,
eval,multi_out,pit_noq_s0.35,pit,False,0.35,,REB,6372,6372.0,2.149448740973722,0.4630990517865797,1.0386744721653876,,,
eval,multi_out,pit_noq_s0.35,pit,False,0.35,,STL,6372,6372.0,0.8291052779015019,0.08670728560933892,1.0187437279947062,,,
eval,multi_out,pit_noq_s0.35,pit,False,0.35,,BLK,6372,6372.0,0.6255270682575915,0.01648313665783889,1.0186641798048932,,,
eval,multi_out,pit_noq_s0.35,pit,False,0.35,,FG3M,6372,6372.0,1.1180032364242012,0.15970661559874516,1.0311033094057944,,,
eval,multi_out,pit_noq_s0.35,pit,False,0.35,,TOV,6372,6372.0,1.094028202911552,0.1746126585060828,1.0278810879666753,,,
eval,multi_out,pit_noq_s0.35,pit,False,0.35,,FG3A,6372,6372.0,1.830546862208111,0.4444872754665082,1.0450907205223645,,,
eval,multi_out,pit_noq_s0.35,pit,False,0.35,,OREB,6372,6372.0,0.9313423220582749,0.11793682197546479,1.024837098583132,,,
eval,multi_out,pit_noq_s0.35,pit,False,0.35,,POOLED,6372,6372.0,,,1.029147129358906,,,
eval,multi_out,pit_noq_s0.50,pit,False,0.5,,PTS,6372,6372.0,5.834875508720315,1.949116821340175,1.0730287364386049,,,
eval,multi_out,pit_noq_s0.50,pit,False,0.5,,AST,6372,6372.0,1.6860490376895187,0.34535574077644265,1.0390377177430759,,,
eval,multi_out,pit_noq_s0.50,pit,False,0.5,,REB,6372,6372.0,2.2129174880357496,0.6957272308799498,1.0693443672398735,,,
eval,multi_out,pit_noq_s0.50,pit,False,0.5,,STL,6372,6372.0,0.8382322062110238,0.1296916787247766,1.0299582277922668,,,
eval,multi_out,pit_noq_s0.50,pit,False,0.5,,BLK,6372,6372.0,0.631533539491609,0.041943039225408776,1.0284456543462992,,,
eval,multi_out,pit_noq_s0.50,pit,False,0.5,,FG3M,6372,6372.0,1.138477228548647,0.23674079434716783,1.0499859032556875,,,
eval,multi_out,pit_noq_s0.50,pit,False,0.5,,TOV,6372,6372.0,1.113310800902376,0.2533181619876618,1.0459978218396087,,,
eval,multi_out,pit_noq_s0.50,pit,False,0.5,,FG3A,6372,6372.0,1.891962965606921,0.6537184659218465,1.0801542313659571,,,
eval,multi_out,pit_noq_s0.50,pit,False,0.5,,OREB,6372,6372.0,0.9452705361902818,0.17147697266359888,1.0401635260646456,,,
eval,multi_out,pit_noq_s0.50,pit,False,0.5,,POOLED,6372,6372.0,,,1.0506795762317798,,,
eval,multi_out,prod_prev_q_s0.05,prod_prev,True,0.05,,PTS,6372,6345.0,5.448216775479568,-0.10655143984954196,1.0019225180896099,,,
eval,multi_out,prod_prev_q_s0.05,prod_prev,True,0.05,,AST,6372,6345.0,1.6236546799496945,-0.12380624403884133,1.0005868247875114,,,
eval,multi_out,prod_prev_q_s0.05,prod_prev,True,0.05,,REB,6372,6345.0,2.075734468889117,0.002242714165612409,1.0030536493985938,,,
eval,multi_out,prod_prev_q_s0.05,prod_prev,True,0.05,,STL,6372,6345.0,0.8155017264490233,0.00159187428700284,1.0020286821615132,,,
eval,multi_out,prod_prev_q_s0.05,prod_prev,True,0.05,,BLK,6372,6345.0,0.6157363988300406,-0.03400469175491093,1.002720178740418,,,
eval,multi_out,prod_prev_q_s0.05,prod_prev,True,0.05,,FG3M,6372,6345.0,1.0878844061672055,0.007106524625360982,1.003325549430119,,,
eval,multi_out,prod_prev_q_s0.05,prod_prev,True,0.05,,TOV,6372,6345.0,1.0675427676655875,0.01880912695967416,1.0029970146645049,,,
eval,multi_out,prod_prev_q_s0.05,prod_prev,True,0.05,,FG3A,6372,6345.0,1.757263438636121,0.030067219628322987,1.0032519522699026,,,
eval,multi_out,prod_prev_q_s0.05,prod_prev,True,0.05,,OREB,6372,6345.0,0.9115082040770323,0.011864683114427224,1.0030118905544343,,,
eval,multi_out,prod_prev_q_s0.05,prod_prev,True,0.05,,POOLED,6372,6345.0,,,1.0025442511218452,,,
eval,multi_out,prod_prev_q_s0.10,prod_prev,True,0.1,,PTS,6372,6345.0,5.468724045535393,0.1360504829573169,1.0056937879381131,,,
eval,multi_out,prod_prev_q_s0.10,prod_prev,True,0.1,,AST,6372,6345.0,1.6262897380719323,-0.0682991909418746,1.002210694981229,,,
eval,multi_out,prod_prev_q_s0.10,prod_prev,True,0.1,,REB,6372,6345.0,2.0843872120048763,0.08418546109584188,1.0072348997895533,,,
eval,multi_out,prod_prev_q_s0.10,prod_prev,True,0.1,,STL,6372,6345.0,0.8174034651384807,0.016773380234021328,1.004365399118705,,,
eval,multi_out,prod_prev_q_s0.10,prod_prev,True,0.1,,BLK,6372,6345.0,0.6175261212123448,-0.02508608084333101,1.0056347226109603,,,
eval,multi_out,prod_prev_q_s0.10,prod_prev,True,0.1,,FG3M,6372,6345.0,1.0922658280957693,0.03425285073162961,1.0073664130906703,,,
eval,multi_out,prod_prev_q_s0.10,prod_prev,True,0.1,,TOV,6372,6345.0,1.0713113555084903,0.046651770203616466,1.0065377462121485,,,
eval,multi_out,prod_prev_q_s0.10,prod_prev,True,0.1,,FG3A,6372,6345.0,1.7657266595116488,0.10385327485259374,1.0080837507806908,,,
eval,multi_out,prod_prev_q_s0.10,prod_prev,True,0.1,,OREB,6372,6345.0,0.9145736076818498,0.030719562525702522,1.0063850212089123,,,
eval,multi_out,prod_prev_q_s0.10,prod_prev,True,0.1,,POOLED,6372,6345.0,,,1.0059458261923313,,,
eval,multi_out,prod_prev_q_s0.15,prod_prev,True,0.15,,PTS,6372,6345.0,5.499534058976615,0.37865240576417575,1.011359723696825,,,
eval,multi_out,prod_prev_q_s0.15,prod_prev,True,0.15,,AST,6372,6345.0,1.6304704523477485,-0.012792137844907856,1.0047870849453269,,,
eval,multi_out,prod_prev_q_s0.15,prod_prev,True,0.15,,REB,6372,6345.0,2.0958418495852356,0.1661282080260713,1.0127701048939262,,,
eval,multi_out,prod_prev_q_s0.15,prod_prev,True,0.15,,STL,6372,6345.0,0.8195871447833558,0.03195488618103981,1.0070485444338533,,,
eval,multi_out,prod_prev_q_s0.15,prod_prev,True,0.15,,BLK,6372,6345.0,0.6194489826029146,-0.016167469931751097,1.008766081940876,,,
eval,multi_out,prod_prev_q_s0.15,prod_prev,True,0.15,,FG3M,6372,6345.0,1.0972149398175073,0.06139917683789824,1.011930841268199,,,
eval,multi_out,prod_prev_q_s0.15,prod_prev,True,0.15,,TOV,6372,6345.0,1.0757395375378862,0.07449441344755878,1.0106981915735904,,,
eval,multi_out,prod_prev_q_s0.15,prod_prev,True,0.15,,FG3A,6372,6345.0,1.7764635884992654,0.17763933007686447,1.0142136483995532,,,
eval,multi_out,prod_prev_q_s0.15,prod_prev,True,0.15,,OREB,6372,6345.0,0.9180211726330048,0.0495744419369778,1.0101786772879255,,,
eval,multi_out,prod_prev_q_s0.15,prod_prev,True,0.15,,POOLED,6372,6345.0,,,1.0101947664933417,,,
eval,multi_out,prod_prev_q_s0.20,prod_prev,True,0.2,,PTS,6372,6345.0,5.538319352983277,0.6212543285710347,1.0184923068955873,,,
eval,multi_out,prod_prev_q_s0.20,prod_prev,True,0.2,,AST,6372,6345.0,1.6361921651029112,0.042714915252058935,1.0083131243604393,,,
eval,multi_out,prod_prev_q_s0.20,prod_prev,True,0.2,,REB,6372,6345.0,2.1097325654284638,0.24807095495630085,1.0194824919685435,,,
eval,multi_out,prod_prev_q_s0.20,prod_prev,True,0.2,,STL,6372,6345.0,0.8219807161850463,0.0471363921280583,1.00998958933849,,,
eval,multi_out,prod_prev_q_s0.20,prod_prev,True,0.2,,BLK,6372,6345.0,0.6214414739788934,-0.007248859020171177,1.0120108329616966,,,
eval,multi_out,prod_prev_q_s0.20,prod_prev,True,0.2,,FG3M,6372,6345.0,1.1027184581827194,0.08854550294416687,1.01700658328295,,,
eval,multi_out,prod_prev_q_s0.20,prod_prev,True,0.2,,TOV,6372,6345.0,1.0808222891046033,0.10233705669150109,1.0154736298999127,,,
eval,multi_out,prod_prev_q_s0.20,prod_prev,True,0.2,,FG3A,6372,6345.0,1.7899114645784213,0.2514253853011353,1.0218912723878883,,,
eval,multi_out,prod_prev_q_s0.20,prod_prev,True,0.2,,OREB,6372,6345.0,0.9217573224276818,0.0684293213482531,1.0142898884127316,,,
eval,multi_out,prod_prev_q_s0.20,prod_prev,True,0.2,,POOLED,6372,6345.0,,,1.0152166355009156,,,
eval,multi_out,prod_prev_q_s0.35,prod_prev,True,0.35,,PTS,6372,6345.0,5.705977557139475,1.3490600969916111,1.0493245107173184,,,
eval,multi_out,prod_prev_q_s0.35,prod_prev,True,0.35,,AST,6372,6345.0,1.6638215511362673,0.20923607454295917,1.0253398973456906,,,
eval,multi_out,prod_prev_q_s0.35,prod_prev,True,0.35,,REB,6372,6345.0,2.167514167672767,0.49389919574698915,1.0474041976914648,,,
eval,multi_out,prod_prev_q_s0.35,prod_prev,True,0.35,,STL,6372,6345.0,0.8308408064374209,0.09268090996911375,1.020876218111279,,,
eval,multi_out,prod_prev_q_s0.35,prod_prev,True,0.35,,BLK,6372,6345.0,0.6280722705732723,0.019506973714568564,1.022809014714376,,,
eval,multi_out,prod_prev_q_s0.35,prod_prev,True,0.35,,FG3M,6372,6345.0,1.1225359241239405,0.16998448126297275,1.035283681282581,,,
eval,multi_out,prod_prev_q_s0.35,prod_prev,True,0.35,,TOV,6372,6345.0,1.0993324093429844,0.185864986423328,1.0328645915573786,,,
eval,multi_out,prod_prev_q_s0.35,prod_prev,True,0.35,,FG3A,6372,6345.0,1.843562349615636,0.4727835509739475,1.0525214863735441,,,
eval,multi_out,prod_prev_q_s0.35,prod_prev,True,0.35,,OREB,6372,6345.0,0.9352258298674384,0.12499395958207896,1.029110460569595,,,
eval,multi_out,prod_prev_q_s0.35,prod_prev,True,0.35,,POOLED,6372,6345.0,,,1.0350593398181365,,,
eval,multi_out,prod_prev_q_s0.50,prod_prev,True,0.5,,PTS,6372,6345.0,5.947198814168998,2.076865865412188,1.093684898568899,,,
eval,multi_out,prod_prev_q_s0.50,prod_prev,True,0.5,,AST,6372,6345.0,1.7060412794981141,0.37575723383385945,1.0513580553115707,,,
eval,multi_out,prod_prev_q_s0.50,prod_prev,True,0.5,,REB,6372,6345.0,2.2478180923227664,0.7397274365376775,1.0862093270991389,,,
eval,multi_out,prod_prev_q_s0.50,prod_prev,True,0.5,,STL,6372,6345.0,0.8418029503410346,0.1382254278101692,1.0343456961677298,,,
eval,multi_out,prod_prev_q_s0.50,prod_prev,True,0.5,,BLK,6372,6345.0,0.6354443765597556,0.04626280644930831,1.0348144109302009,,,
eval,multi_out,prod_prev_q_s0.50,prod_prev,True,0.5,,FG3M,6372,6345.0,1.1468973141904473,0.2514234595817786,1.057751514201957,,,
eval,multi_out,prod_prev_q_s0.50,prod_prev,True,0.5,,TOV,6372,6345.0,1.1225974629824764,0.269392916155155,1.0547229939120184,,,
eval,multi_out,prod_prev_q_s0.50,prod_prev,True,0.5,,FG3A,6372,6345.0,1.9174567473168709,0.6941417166467598,1.0947090702756546,,,
eval,multi_out,prod_prev_q_s0.50,prod_prev,True,0.5,,OREB,6372,6345.0,0.9519967930759682,0.18155859781590483,1.0475650125297054,,,
eval,multi_out,prod_prev_q_s0.50,prod_prev,True,0.5,,POOLED,6372,6345.0,,,1.0616845532218748,,,
eval,multi_out,prod_prev_noq_s0.05,prod_prev,False,0.05,,PTS,6372,6345.0,5.445920722775018,-0.13227771436605404,1.001500275913461,,,
eval,multi_out,prod_prev_noq_s0.05,prod_prev,False,0.05,,AST,6372,6345.0,1.6235175675143863,-0.12981875477669977,1.0005023284361763,,,
eval,multi_out,prod_prev_noq_s0.05,prod_prev,False,0.05,,REB,6372,6345.0,2.0747099803235196,-0.0065637408181921895,1.002558587525367,,,
eval,multi_out,prod_prev_noq_s0.05,prod_prev,False,0.05,,STL,6372,6345.0,0.8153898216724037,-5.6642188060492645e-05,1.0018911817832712,,,
eval,multi_out,prod_prev_noq_s0.05,prod_prev,False,0.05,,BLK,6372,6345.0,0.6153581997225465,-0.03490818624546927,1.0021042855150273,,,
eval,multi_out,prod_prev_noq_s0.05,prod_prev,False,0.05,,FG3M,6372,6345.0,1.087535989669886,0.004176198291444094,1.0030042145790798,,,
eval,multi_out,prod_prev_noq_s0.05,prod_prev,False,0.05,,TOV,6372,6345.0,1.0670821399657977,0.01573136498442678,1.0025642374290116,,,
eval,multi_out,prod_prev_noq_s0.05,prod_prev,False,0.05,,FG3A,6372,6345.0,1.7564446327276155,0.02207620944295283,1.0027844818791933,,,
eval,multi_out,prod_prev_noq_s0.05,prod_prev,False,0.05,,OREB,6372,6345.0,0.9111017278651635,0.009841398075478949,1.0025646093649636,,,
eval,multi_out,prod_prev_noq_s0.05,prod_prev,False,0.05,,POOLED,6372,6345.0,,,1.0021638002695057,,,
eval,multi_out,prod_prev_noq_s0.10,prod_prev,False,0.1,,PTS,6372,6345.0,5.460801072473515,0.08459793392429292,1.0042367598043136,,,
eval,multi_out,prod_prev_noq_s0.10,prod_prev,False,0.1,,AST,6372,6345.0,1.625333848026805,-0.08032421241759144,1.0016216220724936,,,
eval,multi_out,prod_prev_noq_s0.10,prod_prev,False,0.1,,REB,6372,6345.0,2.0816321158326287,0.06657255112823272,1.0059035593356387,,,
eval,multi_out,prod_prev_noq_s0.10,prod_prev,False,0.1,,STL,6372,6345.0,0.817146710749201,0.013476347283894673,1.0040499181650968,,,
eval,multi_out,prod_prev_noq_s0.10,prod_prev,False,0.1,,BLK,6372,6345.0,0.6167160322541853,-0.026893069824447686,1.0043155013557854,,,
eval,multi_out,prod_prev_noq_s0.10,prod_prev,False,0.1,,FG3M,6372,6345.0,1.0913221113796316,0.02839219806379584,1.0064960493945299,,,
eval,multi_out,prod_prev_noq_s0.10,prod_prev,False,0.1,,TOV,6372,6345.0,1.070206940971103,0.04049624625312172,1.0055001067680878,,,
eval,multi_out,prod_prev_noq_s0.10,prod_prev,False,0.1,,FG3A,6372,6345.0,1.7636927095246693,0.0878712544818535,1.0069225337142045,,,
eval,multi_out,prod_prev_noq_s0.10,prod_prev,False,0.1,,OREB,6372,6345.0,0.9136566521394365,0.026672992447805965,1.0053760151373963,,,
eval,multi_out,prod_prev_noq_s0.10,prod_prev,False,0.1,,POOLED,6372,6345.0,,,1.0049357850830607,,,
eval,multi_out,prod_prev_noq_s0.15,prod_prev,False,0.15,,PTS,6372,6345.0,5.482200042518088,0.30147358221463955,1.008172012536561,,,
eval,multi_out,prod_prev_noq_s0.15,prod_prev,False,0.15,,AST,6372,6345.0,1.6282249581782904,-0.03082967005848316,1.003403285847623,,,
eval,multi_out,prod_prev_noq_s0.15,prod_prev,False,0.15,,REB,6372,6345.0,2.090360494774475,0.13970884307465753,1.010121359098649,,,
eval,multi_out,prod_prev_noq_s0.15,prod_prev,False,0.15,,STL,6372,6345.0,0.819078719448365,0.02700933675584981,1.006423828689085,,,
eval,multi_out,prod_prev_noq_s0.15,prod_prev,False,0.15,,BLK,6372,6345.0,0.6181760121479498,-0.01887795340342611,1.0066930630896942,,,
eval,multi_out,prod_prev_noq_s0.15,prod_prev,False,0.15,,FG3M,6372,6345.0,1.0955163563126953,0.052608197836147556,1.0103642849148244,,,
eval,multi_out,prod_prev_noq_s0.15,prod_prev,False,0.15,,TOV,6372,6345.0,1.073777373771986,0.06526112752181662,1.0088546641205551,,,
eval,multi_out,prod_prev_noq_s0.15,prod_prev,False,0.15,,FG3A,6372,6345.0,1.7724532549952479,0.15366629952075406,1.0119240799554037,,,
eval,multi_out,prod_prev_noq_s0.15,prod_prev,False,0.15,,OREB,6372,6345.0,0.9164132632350483,0.043504586820132946,1.008409354490971,,,
eval,multi_out,prod_prev_noq_s0.15,prod_prev,False,0.15,,POOLED,6372,6345.0,,,1.0082628814159298,,,
eval,multi_out,prod_prev_noq_s0.20,prod_prev,False,0.2,,PTS,6372,6345.0,5.510702157717842,0.5183492305049865,1.0134135277347707,,,
eval,multi_out,prod_prev_noq_s0.20,prod_prev,False,0.2,,AST,6372,6345.0,1.6321754930071852,0.018664872300625194,1.005837826362592,,,
eval,multi_out,prod_prev_noq_s0.20,prod_prev,False,0.2,,REB,6372,6345.0,2.1009422169493184,0.21284513502108243,1.0152347467710516,,,
eval,multi_out,prod_prev_noq_s0.20,prod_prev,False,0.2,,STL,6372,6345.0,0.8211901374116531,0.040542326227804966,1.009018184152265,,,
eval,multi_out,prod_prev_noq_s0.20,prod_prev,False,0.2,,BLK,6372,6345.0,0.61971579693938,-0.010862836982404542,1.0092005862509337,,,
eval,multi_out,prod_prev_noq_s0.20,prod_prev,False,0.2,,FG3M,6372,6345.0,1.1001521504160205,0.0768241976084993,1.0146397489617363,,,
eval,multi_out,prod_prev_noq_s0.20,prod_prev,False,0.2,,TOV,6372,6345.0,1.0777994935014406,0.09002600879051156,1.0126335985140573,,,
eval,multi_out,prod_prev_noq_s0.20,prod_prev,False,0.2,,FG3A,6372,6345.0,1.7831315474555198,0.21946134455965466,1.0180205009712484,,,
eval,multi_out,prod_prev_noq_s0.20,prod_prev,False,0.2,,OREB,6372,6345.0,0.9194319424385798,0.06033618119245997,1.0117310702159297,,,
eval,multi_out,prod_prev_noq_s0.20,prod_prev,False,0.2,,POOLED,6372,6345.0,,,1.0121921988816205,,,
eval,multi_out,prod_prev_noq_s0.35,prod_prev,False,0.35,,PTS,6372,6345.0,5.634397103210863,1.1689761753760268,1.0361609249787829,,,
eval,multi_out,prod_prev_noq_s0.35,prod_prev,False,0.35,,AST,6372,6345.0,1.65147226838415,0.16714849937795012,1.0177295786184801,,,
eval,multi_out,prod_prev_noq_s0.35,prod_prev,False,0.35,,REB,6372,6345.0,2.143138381521741,0.432254010860357,1.0356251278623496,,,
eval,multi_out,prod_prev_noq_s0.35,prod_prev,False,0.35,,STL,6372,6345.0,0.8284863929933906,0.08114129464367045,1.0179832876317105,,,
eval,multi_out,prod_prev_noq_s0.35,prod_prev,False,0.35,,BLK,6372,6345.0,0.6247247993283969,0.013182512280660185,1.017357693383742,,,
eval,multi_out,prod_prev_noq_s0.35,prod_prev,False,0.35,,FG3M,6372,6345.0,1.1162324388636948,0.1494721969255545,1.0294701520360845,,,
eval,multi_out,prod_prev_noq_s0.35,prod_prev,False,0.35,,TOV,6372,6345.0,1.0922279834794981,0.1643206525965963,1.0261897133718763,,,
eval,multi_out,prod_prev_noq_s0.35,prod_prev,False,0.35,,FG3A,6372,6345.0,1.8252414527167453,0.4168464796763566,1.0420617708994582,,,
eval,multi_out,prod_prev_noq_s0.35,prod_prev,False,0.35,,OREB,6372,6345.0,0.9301745689482198,0.11083096430944098,1.0235521180976266,,,
eval,multi_out,prod_prev_noq_s0.35,prod_prev,False,0.35,,POOLED,6372,6345.0,,,1.0273478185422344,,,
eval,multi_out,prod_prev_noq_s0.50,prod_prev,False,0.5,,PTS,6372,6345.0,5.809500120420785,1.8196031202470675,1.0683622237078723,,,
eval,multi_out,prod_prev_noq_s0.50,prod_prev,False,0.5,,AST,6372,6345.0,1.6813280716952452,0.3156321264552751,1.0361283944537873,,,
eval,multi_out,prod_prev_noq_s0.50,prod_prev,False,0.5,,REB,6372,6345.0,2.2014094612711497,0.6516628866996315,1.0637833629704851,,,
eval,multi_out,prod_prev_noq_s0.50,prod_prev,False,0.5,,STL,6372,6345.0,0.8371021976742978,0.1217402630595359,1.0285697562192913,,,
eval,multi_out,prod_prev_noq_s0.50,prod_prev,False,0.5,,BLK,6372,6345.0,0.6302831799044497,0.03722786154372491,1.026409457052931,,,
eval,multi_out,prod_prev_noq_s0.50,prod_prev,False,0.5,,FG3M,6372,6345.0,1.135310734700377,0.22212019624260965,1.0470655339939607,,,
eval,multi_out,prod_prev_noq_s0.50,prod_prev,False,0.5,,TOV,6372,6345.0,1.110268707078627,0.2386152964026811,1.043139659041858,,,
eval,multi_out,prod_prev_noq_s0.50,prod_prev,False,0.5,,FG3A,6372,6345.0,1.8819954417281157,0.6142316147930583,1.074463600370715,,,
eval,multi_out,prod_prev_noq_s0.50,prod_prev,False,0.5,,OREB,6372,6345.0,0.9433239256306978,0.161325747426422,1.0380215008707872,,,
eval,multi_out,prod_prev_noq_s0.50,prod_prev,False,0.5,,POOLED,6372,6345.0,,,1.0473270542979654,,,
eval,multi_out,loso_perstat_pit_q,pit,True,per_stat_loso,,PTS,6372,6372.0,5.437981276396354,-0.5014030325624953,1.0000402183504526,,,
eval,multi_out,loso_perstat_pit_q,pit,True,per_stat_loso,,AST,6372,6372.0,1.6241465958635013,-0.22006915621004475,1.0008899708864551,,,
eval,multi_out,loso_perstat_pit_q,pit,True,per_stat_loso,,REB,6372,6372.0,2.065503449212405,-0.26174437147183416,0.9981097310999846,,,
eval,multi_out,loso_perstat_pit_q,pit,True,per_stat_loso,,STL,6372,6372.0,0.8107367501620875,-0.1587652909072469,0.9961738289411286,,,
eval,multi_out,loso_perstat_pit_q,pit,True,per_stat_loso,,BLK,6372,6372.0,0.6020343670300577,-0.296018480465545,0.9804065656395982,,,
eval,multi_out,loso_perstat_pit_q,pit,True,per_stat_loso,,FG3M,6372,6372.0,1.0776276764952968,-0.20866965429252496,0.9938660527454665,,,
eval,multi_out,loso_perstat_pit_q,pit,True,per_stat_loso,,TOV,6372,6372.0,1.0590147797256395,-0.18978510054119666,0.994984645789048,,,
eval,multi_out,loso_perstat_pit_q,pit,True,per_stat_loso,,FG3A,6372,6372.0,1.7492025236131634,-0.15106977656920656,0.9986498370969261,,,
eval,multi_out,loso_perstat_pit_q,pit,True,per_stat_loso,,OREB,6372,6372.0,0.8986610585331261,-0.22010446989339918,0.9888750570266778,,,
eval,multi_out,loso_perstat_pit_q,pit,True,per_stat_loso,,POOLED,6372,6372.0,,,0.9946662119528596,,,
eval,multi_out,loso_uniform_pit_q,pit,True,uniform_loso,,PTS,6372,6372.0,5.478205378989355,-1.1890290498301184,1.0074373972474553,,,
eval,multi_out,loso_uniform_pit_q,pit,True,uniform_loso,,AST,6372,6372.0,1.632132132519228,-0.3714443825919544,1.0058111052047607,,,
eval,multi_out,loso_uniform_pit_q,pit,True,uniform_loso,,REB,6372,6372.0,2.068182113800694,-0.3634989306137094,0.9994041376491208,,,
eval,multi_out,loso_uniform_pit_q,pit,True,uniform_loso,,STL,6372,6372.0,0.810442024290367,-0.06612468208881121,0.9958116914161416,,,
eval,multi_out,loso_uniform_pit_q,pit,True,uniform_loso,,BLK,6372,6372.0,0.608895675867183,-0.07377482019309894,0.9915801341286918,,,
eval,multi_out,loso_uniform_pit_q,pit,True,uniform_loso,,FG3M,6372,6372.0,1.0773441750125718,-0.11403459487145645,0.9936045872080373,,,
eval,multi_out,loso_uniform_pit_q,pit,True,uniform_loso,,TOV,6372,6372.0,1.0577133200383564,-0.10540376362453087,0.9937618749356557,,,
eval,multi_out,loso_uniform_pit_q,pit,True,uniform_loso,,FG3A,6372,6372.0,1.7553819470618695,-0.2991245576638054,1.0021777763361492,,,
eval,multi_out,loso_uniform_pit_q,pit,True,uniform_loso,,OREB,6372,6372.0,0.9014524312788631,-0.07232042656413408,0.991946647652435,,,
eval,multi_out,loso_uniform_pit_q,pit,True,uniform_loso,,POOLED,6372,6372.0,,,0.9979483724198276,,,
eval,multi_out,loso_perstat_pit_noq,pit,False,per_stat_loso,,PTS,6372,6372.0,5.438196383715022,-0.5045993245422155,1.0000797764068334,,,
eval,multi_out,loso_perstat_pit_noq,pit,False,per_stat_loso,,AST,6372,6372.0,1.624372738062011,-0.22701184686529163,1.0010293323573094,,,
eval,multi_out,loso_perstat_pit_noq,pit,False,per_stat_loso,,REB,6372,6372.0,2.064922831716128,-0.28187675033004467,0.9978291602913026,,,
eval,multi_out,loso_perstat_pit_noq,pit,False,per_stat_loso,,STL,6372,6372.0,0.808842507975095,-0.17662567206922994,0.9938463231360929,,,
eval,multi_out,loso_perstat_pit_noq,pit,False,per_stat_loso,,BLK,6372,6372.0,0.6042374820538959,-0.3507428188877573,0.9839943150315233,,,
eval,multi_out,loso_perstat_pit_noq,pit,False,per_stat_loso,,FG3M,6372,6372.0,1.0748451445900202,-0.2359711468589905,0.9912998009113176,,,
eval,multi_out,loso_perstat_pit_noq,pit,False,per_stat_loso,,TOV,6372,6372.0,1.0582672667091626,-0.21142740733235638,0.9942823288920971,,,
eval,multi_out,loso_perstat_pit_noq,pit,False,per_stat_loso,,FG3A,6372,6372.0,1.7489012473102206,-0.17571634003517425,0.9984778332684423,,,
eval,multi_out,loso_perstat_pit_noq,pit,False,per_stat_loso,,OREB,6372,6372.0,0.8975399161293537,-0.25945511009992955,0.987641366362174,,,
eval,multi_out,loso_perstat_pit_noq,pit,False,per_stat_loso,,POOLED,6372,6372.0,,,0.9942755818507881,,,
eval,multi_out,loso_uniform_pit_noq,pit,False,uniform_loso,,PTS,6372,6372.0,5.479538353965675,-1.2763989295248241,1.0076825302331391,,,
eval,multi_out,loso_uniform_pit_noq,pit,False,uniform_loso,,AST,6372,6372.0,1.6326274386460011,-0.390914879672805,1.0061163405425488,,,
eval,multi_out,loso_uniform_pit_noq,pit,False,uniform_loso,,REB,6372,6372.0,2.0681953144259104,-0.3923492907280439,0.9994105165648715,,,
eval,multi_out,loso_uniform_pit_noq,pit,False,uniform_loso,,STL,6372,6372.0,0.8095167288585421,-0.07120016411136933,0.9946747562851777,,,
eval,multi_out,loso_uniform_pit_noq,pit,False,uniform_loso,,BLK,6372,6372.0,0.609231940714963,-0.07720769188614987,0.9921277378580001,,,
eval,multi_out,loso_uniform_pit_noq,pit,False,uniform_loso,,FG3M,6372,6372.0,1.0756833147670892,-0.12352188191012087,0.9920728219682022,,,
eval,multi_out,loso_uniform_pit_noq,pit,False,uniform_loso,,TOV,6372,6372.0,1.0570401072368267,-0.1146806761793895,0.9931293659152961,,,
eval,multi_out,loso_uniform_pit_noq,pit,False,uniform_loso,,FG3A,6372,6372.0,1.7539723737701063,-0.32467815587448573,1.0013730266749794,,,
eval,multi_out,loso_uniform_pit_noq,pit,False,uniform_loso,,OREB,6372,6372.0,0.9009611497047683,-0.07887690406177789,0.9914060477343835,,,
eval,multi_out,loso_uniform_pit_noq,pit,False,uniform_loso,,POOLED,6372,6372.0,,,0.9975547937529552,,,
eval,multi_out,loso_perstat_prod_prev_q,prod_prev,True,per_stat_loso,,PTS,6372,6345.0,5.438078743806493,-0.5091154427444627,1.0000581425258337,,,
eval,multi_out,loso_perstat_prod_prev_q,prod_prev,True,per_stat_loso,,AST,6372,6345.0,1.624181130203066,-0.22155023942376026,1.0009112528780004,,,
eval,multi_out,loso_perstat_prod_prev_q,prod_prev,True,per_stat_loso,,REB,6372,6345.0,2.065741731231428,-0.2523544122542454,0.9982248757161911,,,
eval,multi_out,loso_perstat_prod_prev_q,prod_prev,True,per_stat_loso,,STL,6372,6345.0,0.810430119404943,-0.15755808583861658,0.9957970635664807,,,
eval,multi_out,loso_perstat_prod_prev_q,prod_prev,True,per_stat_loso,,BLK,6372,6345.0,0.6026126320898563,-0.2881800587151271,0.981348264141136,,,
eval,multi_out,loso_perstat_prod_prev_q,prod_prev,True,per_stat_loso,,FG3M,6372,6345.0,1.0775892229006383,-0.21211110931957528,0.9938305880639529,,,
eval,multi_out,loso_perstat_prod_prev_q,prod_prev,True,per_stat_loso,,TOV,6372,6345.0,1.0592340510088465,-0.1783053002112006,0.9951906594955894,,,
eval,multi_out,loso_perstat_prod_prev_q,prod_prev,True,per_stat_loso,,FG3A,6372,6345.0,1.7491166176768098,-0.1454963007133951,0.9986007919188024,,,
eval,multi_out,loso_perstat_prod_prev_q,prod_prev,True,per_stat_loso,,OREB,6372,6345.0,0.8981627200736586,-0.20738275377730145,0.9883266918028315,,,
eval,multi_out,loso_perstat_prod_prev_q,prod_prev,True,per_stat_loso,,POOLED,6372,6345.0,,,0.9946987033454243,,,
eval,multi_out,loso_uniform_prod_prev_q,prod_prev,True,uniform_loso,,PTS,6372,6345.0,5.475245665087263,-1.158388201209509,1.0068931083309507,,,
eval,multi_out,loso_uniform_prod_prev_q,prod_prev,True,uniform_loso,,AST,6372,6345.0,1.6317320734663905,-0.3643671718288165,1.0055645664411004,,,
eval,multi_out,loso_uniform_prod_prev_q,prod_prev,True,uniform_loso,,REB,6372,6345.0,2.068371883631713,-0.3530112890736274,0.999495839802938,,,
eval,multi_out,loso_uniform_prod_prev_q,prod_prev,True,uniform_loso,,STL,6372,6345.0,0.8103362833584711,-0.06416701323725478,0.9956817647180098,,,
eval,multi_out,loso_uniform_prod_prev_q,prod_prev,True,uniform_loso,,BLK,6372,6345.0,0.6090950661456189,-0.07268991191900621,0.9919048390771281,,,
eval,multi_out,loso_uniform_prod_prev_q,prod_prev,True,uniform_loso,,FG3M,6372,6345.0,1.0772322632167382,-0.11050477773984994,0.9935013740693931,,,
eval,multi_out,loso_uniform_prod_prev_q,prod_prev,True,uniform_loso,,TOV,6372,6345.0,1.0579615057350706,-0.101857936542545,0.9939950548329175,,,
eval,multi_out,loso_uniform_prod_prev_q,prod_prev,True,uniform_loso,,FG3A,6372,6345.0,1.7548108422407527,-0.2895685948232188,1.001851722760949,,,
eval,multi_out,loso_uniform_prod_prev_q,prod_prev,True,uniform_loso,,OREB,6372,6345.0,0.9014871914494076,-0.0698844348549204,0.9919848972965062,,,
eval,multi_out,loso_uniform_prod_prev_q,prod_prev,True,uniform_loso,,POOLED,6372,6345.0,,,0.9978747963699882,,,
eval,multi_out,loso_perstat_prod_prev_noq,prod_prev,False,per_stat_loso,,PTS,6372,6345.0,5.437800627363538,-0.5096939255574519,1.0000069971440821,,,
eval,multi_out,loso_perstat_prod_prev_noq,prod_prev,False,per_stat_loso,,AST,6372,6345.0,1.6242387088629853,-0.22750209971178842,1.000946736068617,,,
eval,multi_out,loso_perstat_prod_prev_noq,prod_prev,False,per_stat_loso,,REB,6372,6345.0,2.065166235174177,-0.27503131446638474,0.9979467797318098,,,
eval,multi_out,loso_perstat_prod_prev_noq,prod_prev,False,per_stat_loso,,STL,6372,6345.0,0.8084521723209448,-0.17678640081950525,0.9933667073260419,,,
eval,multi_out,loso_perstat_prod_prev_noq,prod_prev,False,per_stat_loso,,BLK,6372,6345.0,0.6040731093564973,-0.3318637499529387,0.9837266358414856,,,
eval,multi_out,loso_perstat_prod_prev_noq,prod_prev,False,per_stat_loso,,FG3M,6372,6345.0,1.074303586850623,-0.23901576037762134,0.990800337261183,,,
eval,multi_out,loso_perstat_prod_prev_noq,prod_prev,False,per_stat_loso,,TOV,6372,6345.0,1.0581728341208938,-0.20207581864893986,0.9941936058854042,,,
eval,multi_out,loso_perstat_prod_prev_noq,prod_prev,False,per_stat_loso,,FG3A,6372,6345.0,1.7487714998308006,-0.16815337338327188,0.9984037581985533,,,
eval,multi_out,loso_perstat_prod_prev_noq,prod_prev,False,per_stat_loso,,OREB,6372,6345.0,0.8968973964451349,-0.24958532712783713,0.9869343459751888,,,
eval,multi_out,loso_perstat_prod_prev_noq,prod_prev,False,per_stat_loso,,POOLED,6372,6345.0,,,0.9940362114924851,,,
eval,multi_out,loso_uniform_prod_prev_noq,prod_prev,False,uniform_loso,,PTS,6372,6345.0,5.476392056613222,-1.2502366301184005,1.0071039287758299,,,
eval,multi_out,loso_uniform_prod_prev_noq,prod_prev,False,uniform_loso,,AST,6372,6345.0,1.6323403568205381,-0.3849025301849958,1.0059394246652127,,,
eval,multi_out,loso_uniform_prod_prev_noq,prod_prev,False,uniform_loso,,REB,6372,6345.0,2.068635177507568,-0.38332020467247924,0.9996230708563308,,,
eval,multi_out,loso_uniform_prod_prev_noq,prod_prev,False,uniform_loso,,STL,6372,6345.0,0.8094134353488549,-0.0696128569794739,0.9945478367998709,,,
eval,multi_out,loso_uniform_prod_prev_noq,prod_prev,False,uniform_loso,,BLK,6372,6345.0,0.6093983852487322,-0.07627097400036142,0.9923987910115388,,,
eval,multi_out,loso_uniform_prod_prev_noq,prod_prev,False,uniform_loso,,FG3M,6372,6345.0,1.0754123685160444,-0.12056045070611991,0.9918229357719718,,,
eval,multi_out,loso_uniform_prod_prev_noq,prod_prev,False,uniform_loso,,TOV,6372,6345.0,1.057283788251186,-0.11170052834299575,0.9933583134922324,,,
eval,multi_out,loso_uniform_prod_prev_noq,prod_prev,False,uniform_loso,,FG3A,6372,6345.0,1.7535174999821124,-0.31673125669634267,1.0011133313977616,,,
eval,multi_out,loso_uniform_prod_prev_noq,prod_prev,False,uniform_loso,,OREB,6372,6345.0,0.9009472063181101,-0.07677070053398274,0.9913907046112496,,,
eval,multi_out,loso_uniform_prod_prev_noq,prod_prev,False,uniform_loso,,POOLED,6372,6345.0,,,0.9974775930424444,,,
eval,multi_out,loso_const_perstat,,,const_loso,,PTS,6372,6372.0,5.437233879752935,-0.44284788304365086,0.9999027727314831,,,
eval,multi_out,loso_const_perstat,,,const_loso,,AST,6372,6372.0,1.6240596050912381,-0.2461918604720285,1.000836362307193,,,
eval,multi_out,loso_const_perstat,,,const_loso,,REB,6372,6372.0,2.064499527884628,-0.22037910553489282,0.9976246078982319,,,
eval,multi_out,loso_const_perstat,,,const_loso,,STL,6372,6372.0,0.8072167649966887,-0.14736780563455187,0.991848729456826,,,
eval,multi_out,loso_const_perstat,,,const_loso,,BLK,6372,6372.0,0.595908588930881,-0.21498039849554554,0.970430801136798,,,
eval,multi_out,loso_const_perstat,,,const_loso,,FG3M,6372,6372.0,1.0721404622405868,-0.1987029751422093,0.9888053475586495,,,
eval,multi_out,loso_const_perstat,,,const_loso,,TOV,6372,6372.0,1.0563039765493005,-0.1795473240517722,0.9924377431491129,,,
eval,multi_out,loso_const_perstat,,,const_loso,,FG3A,6372,6372.0,1.747637437730532,-0.15068438826470354,0.9977563026201383,,,
eval,multi_out,loso_const_perstat,,,const_loso,,OREB,6372,6372.0,0.8954306870219189,-0.20496670388844956,0.9853203978122499,,,
eval,multi_out,loso_const_perstat,,,const_loso,,POOLED,6372,6372.0,,,0.991662562741187,,,
eval,multi_out,loso_constw_pit_q,pit,True,const_plus_w_loso,,PTS,6372,6372.0,5.438493453316331,-0.48382683863620346,1.0001344072585887,,,
eval,multi_out,loso_constw_pit_q,pit,True,const_plus_w_loso,,AST,6372,6372.0,1.6235677930457322,-0.22886834469904258,1.0005332802177056,,,
eval,multi_out,loso_constw_pit_q,pit,True,const_plus_w_loso,,REB,6372,6372.0,2.0648111900795407,-0.2536693997708489,0.9977752118924673,,,
eval,multi_out,loso_constw_pit_q,pit,True,const_plus_w_loso,,STL,6372,6372.0,0.8082176983874567,-0.14406789351801522,0.9930786029616314,,,
eval,multi_out,loso_constw_pit_q,pit,True,const_plus_w_loso,,BLK,6372,6372.0,0.596780081083327,-0.3076859377706092,0.9718500168410052,,,
eval,multi_out,loso_constw_pit_q,pit,True,const_plus_w_loso,,FG3M,6372,6372.0,1.0723582444662276,-0.1935531476567088,0.9890062020519748,,,
eval,multi_out,loso_constw_pit_q,pit,True,const_plus_w_loso,,TOV,6372,6372.0,1.0575154726271196,-0.1752991767574138,0.993575989771295,,,
eval,multi_out,loso_constw_pit_q,pit,True,const_plus_w_loso,,FG3A,6372,6372.0,1.7473158510548397,-0.16550995421970652,0.9975727032501641,,,
eval,multi_out,loso_constw_pit_q,pit,True,const_plus_w_loso,,OREB,6372,6372.0,0.8957084658331171,-0.2008583953992815,0.9856260620392198,,,
eval,multi_out,loso_constw_pit_q,pit,True,const_plus_w_loso,,POOLED,6372,6372.0,,,0.9921280529204503,,,
eval,prod_applied,reference,,,,,PTS,15567,0.0,5.457786941264708,-0.36486768754863735,0.9999999999999948,,,
eval,prod_applied,reference,,,,,AST,15567,0.0,1.6349005852693639,-0.14966629975571738,1.0000000000000016,,,
eval,prod_applied,reference,,,,,REB,15567,0.0,2.050250490414325,-0.0904979891909409,1.0000000000000013,,,
eval,prod_applied,reference,,,,,STL,15567,0.0,0.8122078104992415,-0.0019090414649562465,1.000000000000003,,,
eval,prod_applied,reference,,,,,BLK,15567,0.0,0.6035793654375862,-0.011984153258969352,1.0000000000000009,,,
eval,prod_applied,reference,,,,,FG3M,15567,0.0,1.0848329965128058,-0.034902486123178464,1.0000000000000029,,,
eval,prod_applied,reference,,,,,TOV,15567,0.0,1.0597691511447491,-0.007269017484242811,0.9999999999999996,,,
eval,prod_applied,reference,,,,,FG3A,15567,0.0,1.751606088489199,-0.08945373780395609,1.0000000000000007,,,
eval,prod_applied,reference,,,,,OREB,15567,0.0,0.9070955636159012,-0.007609457624248775,0.9999999999999963,,,
eval,prod_applied,reference,,,,,POOLED,15567,0.0,,,1.0000000000000002,,,
eval,prod_applied,pit_q_s0.05,pit,True,0.05,,PTS,15567,15567.0,5.46411635204738,-0.19599248043668338,1.0011597027972619,,,
eval,prod_applied,pit_q_s0.05,pit,True,0.05,,AST,15567,15567.0,1.6362847784661714,-0.11091392809571128,1.0008466528235918,,,
eval,prod_applied,pit_q_s0.05,pit,True,0.05,,REB,15567,15567.0,2.0542120042379164,-0.03350602787866107,1.0019322096700456,,,
eval,prod_applied,pit_q_s0.05,pit,True,0.05,,STL,15567,15567.0,0.8134279691427411,0.008676550374714393,1.0015022739596067,,,
eval,prod_applied,pit_q_s0.05,pit,True,0.05,,BLK,15567,15567.0,0.6049015531722395,-0.005754512745081727,1.0021905780919056,,,
eval,prod_applied,pit_q_s0.05,pit,True,0.05,,FG3M,15567,15567.0,1.0871567689776842,-0.01598918559095773,1.0021420554798308,,,
eval,prod_applied,pit_q_s0.05,pit,True,0.05,,TOV,15567,15567.0,1.0621182743539122,0.01211003129721248,1.0022166367143497,,,
eval,prod_applied,pit_q_s0.05,pit,True,0.05,,FG3A,15567,15567.0,1.754817407254808,-0.03810924246856229,1.0018333567042919,,,
eval,prod_applied,pit_q_s0.05,pit,True,0.05,,OREB,15567,15567.0,0.9090178206920783,0.005452491435278463,1.0021191340287359,,,
eval,prod_applied,pit_q_s0.05,pit,True,0.05,,POOLED,15567,15567.0,,,1.0017714000299578,,,
eval,prod_applied,pit_q_s0.10,pit,True,0.1,,PTS,15567,15567.0,5.4756807582299825,-0.027117273324729418,1.003278584737333,,,
eval,prod_applied,pit_q_s0.10,pit,True,0.1,,AST,15567,15567.0,1.6385735438689701,-0.07216155643570517,1.0022465944612795,,,
eval,prod_applied,pit_q_s0.10,pit,True,0.1,,REB,15567,15567.0,2.059519160650911,0.02348593343361879,1.004520750161955,,,
eval,prod_applied,pit_q_s0.10,pit,True,0.1,,STL,15567,15567.0,0.814797824984275,0.01926214221438503,1.003188856905284,,,
eval,prod_applied,pit_q_s0.10,pit,True,0.1,,BLK,15567,15567.0,0.6062914727228517,0.0004751277688058997,1.0044933731014807,,,
eval,prod_applied,pit_q_s0.10,pit,True,0.1,,FG3M,15567,15567.0,1.0898996218739871,0.0029241149412630053,1.0046704196659495,,,
eval,prod_applied,pit_q_s0.10,pit,True,0.1,,TOV,15567,15567.0,1.0647978947844698,0.03148908007866778,1.004745131177189,,,
eval,prod_applied,pit_q_s0.10,pit,True,0.1,,FG3A,15567,15567.0,1.75950401722656,0.013235252866831517,1.0045089639669924,,,
eval,prod_applied,pit_q_s0.10,pit,True,0.1,,OREB,15567,15567.0,0.911117826248095,0.018514440494805696,1.0044342214795503,,,
eval,prod_applied,pit_q_s0.10,pit,True,0.1,,POOLED,15567,15567.0,,,1.0040096550730016,,,
eval,prod_applied,pit_q_s0.15,pit,True,0.15,,PTS,15567,15567.0,5.492568130137855,0.1417579337872246,1.0063727641345153,,,
eval,prod_applied,pit_q_s0.15,pit,True,0.15,,AST,15567,15567.0,1.6417421084009103,-0.03340918477569907,1.0041846722627614,,,
eval,prod_applied,pit_q_s0.15,pit,True,0.15,,REB,15567,15567.0,2.0663055411815674,0.08047789474589863,1.0078307752356643,,,
eval,prod_applied,pit_q_s0.15,pit,True,0.15,,STL,15567,15567.0,0.8163137715932194,0.029847734054055674,1.005055308556386,,,
eval,prod_applied,pit_q_s0.15,pit,True,0.15,,BLK,15567,15567.0,0.6077450913402616,0.006704768282693531,1.0069017036386854,,,
eval,prod_applied,pit_q_s0.15,pit,True,0.15,,FG3M,15567,15567.0,1.0929764674736335,0.021837415473483744,1.007506658616587,,,
eval,prod_applied,pit_q_s0.15,pit,True,0.15,,TOV,15567,15567.0,1.0678061326455814,0.050868128860123075,1.0075837096146367,,,
eval,prod_applied,pit_q_s0.15,pit,True,0.15,,FG3A,15567,15567.0,1.7654971754305109,0.0645797482022253,1.007930485645488,,,
eval,prod_applied,pit_q_s0.15,pit,True,0.15,,OREB,15567,15567.0,0.9134278733498578,0.03157638955433293,1.0069808628637882,,,
eval,prod_applied,pit_q_s0.15,pit,True,0.15,,POOLED,15567,15567.0,,,1.0067052156187235,,,
eval,prod_applied,pit_q_s0.20,pit,True,0.2,,PTS,15567,15567.0,5.5142373553878485,0.3106331408991787,1.0103430959710622,,,
eval,prod_applied,pit_q_s0.20,pit,True,0.2,,AST,15567,15567.0,1.6457535340168155,0.00534318688430706,1.006638292777702,,,
eval,prod_applied,pit_q_s0.20,pit,True,0.2,,REB,15567,15567.0,2.074463477778127,0.1374698560581785,1.0118097703070963,,,
eval,prod_applied,pit_q_s0.20,pit,True,0.2,,STL,15567,15567.0,0.8179530520599598,0.04043332589372632,1.0070736103327909,,,
eval,prod_applied,pit_q_s0.20,pit,True,0.2,,BLK,15567,15567.0,0.6092381721605223,0.012934408796581158,1.0093754144806362,,,
eval,prod_applied,pit_q_s0.20,pit,True,0.2,,FG3M,15567,15567.0,1.0963730980533266,0.0407507160057045,1.0106376756400475,,,
eval,prod_applied,pit_q_s0.20,pit,True,0.2,,TOV,15567,15567.0,1.0711493251899757,0.07024717764157838,1.0107383518693043,,,
eval,prod_applied,pit_q_s0.20,pit,True,0.2,,FG3A,15567,15567.0,1.772900185639531,0.11592424353761913,1.0121568983404825,,,
eval,prod_applied,pit_q_s0.20,pit,True,0.2,,OREB,15567,15567.0,0.9159141861491825,0.04463833861386017,1.0097218230217386,,,
eval,prod_applied,pit_q_s0.20,pit,True,0.2,,POOLED,15567,15567.0,,,1.00983277030454,,,
eval,prod_applied,pit_q_s0.35,pit,True,0.35,,PTS,15567,15567.0,5.607650814232283,0.8172587622350406,1.0274587254101968,,,
eval,prod_applied,pit_q_s0.35,pit,True,0.35,,AST,15567,15567.0,1.6633703937347224,0.12160030186432537,1.0174137857199865,,,
eval,prod_applied,pit_q_s0.35,pit,True,0.35,,REB,15567,15567.0,2.107432403692214,0.30844573999501806,1.0278902083161245,,,
eval,prod_applied,pit_q_s0.35,pit,True,0.35,,STL,15567,15567.0,0.823783539574184,0.07219010141273825,1.0142521765061947,,,
eval,prod_applied,pit_q_s0.35,pit,True,0.35,,BLK,15567,15567.0,0.6140995640382229,0.03162333033824404,1.01742968564376,,,
eval,prod_applied,pit_q_s0.35,pit,True,0.35,,FG3M,15567,15567.0,1.1084982626081217,0.09749061760236669,1.0218146628756601,,,
eval,prod_applied,pit_q_s0.35,pit,True,0.35,,TOV,15567,15567.0,1.0829054189800094,0.1283843239859443,1.0218314222585818,,,
eval,prod_applied,pit_q_s0.35,pit,True,0.35,,FG3A,15567,15567.0,1.8030343284416979,0.2699577295438005,1.029360619542524,,,
eval,prod_applied,pit_q_s0.35,pit,True,0.35,,OREB,15567,15567.0,0.9245806468484367,0.08382418579244189,1.0192758998432672,,,
eval,prod_applied,pit_q_s0.35,pit,True,0.35,,POOLED,15567,15567.0,,,1.021858576235144,,,
eval,prod_applied,pit_q_s0.50,pit,True,0.5,,PTS,15567,15567.0,5.740928742526124,1.3238843835709027,1.051878500261825,,,
eval,prod_applied,pit_q_s0.50,pit,True,0.5,,AST,15567,15567.0,1.688972934873623,0.2378574168443437,1.033073784480512,,,
eval,prod_applied,pit_q_s0.50,pit,True,0.5,,REB,15567,15567.0,2.1531035083755334,0.47942162393185755,1.0501660740685526,,,
eval,prod_applied,pit_q_s0.50,pit,True,0.5,,STL,15567,15567.0,0.8308224767969858,0.10394687693175017,1.0229186004580588,,,
eval,prod_applied,pit_q_s0.50,pit,True,0.5,,BLK,15567,15567.0,0.6193296826739327,0.05031225187990693,1.0260948570117674,,,
eval,prod_applied,pit_q_s0.50,pit,True,0.5,,FG3M,15567,15567.0,1.1229969139929215,0.15423051919902891,1.0351795323361261,,,
eval,prod_applied,pit_q_s0.50,pit,True,0.5,,TOV,15567,15567.0,1.0972884020778486,0.18652147033031014,1.035403229932265,,,
eval,prod_applied,pit_q_s0.50,pit,True,0.5,,FG3A,15567,15567.0,1.8452470383101622,0.42399121554998187,1.0534600504281941,,,
eval,prod_applied,pit_q_s0.50,pit,True,0.5,,OREB,15567,15567.0,0.9349320274883124,0.1230100329710236,1.030687465564758,,,
eval,prod_applied,pit_q_s0.50,pit,True,0.5,,POOLED,15567,15567.0,,,1.0376513438380066,,,
eval,prod_applied,pit_noq_s0.05,pit,False,0.05,,PTS,15567,15567.0,5.462393950320397,-0.21342560184146028,1.0008441166914794,,,
eval,prod_applied,pit_noq_s0.05,pit,False,0.05,,AST,15567,15567.0,1.6359519613867965,-0.11499446154635787,1.0006430825989716,,,
eval,prod_applied,pit_noq_s0.05,pit,False,0.05,,REB,15567,15567.0,2.05365643066397,-0.039458746909463896,1.0016612312815296,,,
eval,prod_applied,pit_noq_s0.05,pit,False,0.05,,STL,15567,15567.0,0.8133057546994187,0.007548792808071996,1.0013518020708332,,,
eval,prod_applied,pit_noq_s0.05,pit,False,0.05,,BLK,15567,15567.0,0.604645812202811,-0.00637249188263259,1.0017668708148302,,,
eval,prod_applied,pit_noq_s0.05,pit,False,0.05,,FG3M,15567,15567.0,1.0869199157183371,-0.017977468602327643,1.0019237239393002,,,
eval,prod_applied,pit_noq_s0.05,pit,False,0.05,,TOV,15567,15567.0,1.0617680054921128,0.010024753168287387,1.0018861224118518,,,
eval,prod_applied,pit_noq_s0.05,pit,False,0.05,,FG3A,15567,15567.0,1.7544140038761282,-0.043527297950262375,1.0016030518536005,,,
eval,prod_applied,pit_noq_s0.05,pit,False,0.05,,OREB,15567,15567.0,0.9088003809851728,0.004073674195284206,1.0018794242168625,,,
eval,prod_applied,pit_noq_s0.05,pit,False,0.05,,POOLED,15567,15567.0,,,1.0015066028754733,,,
eval,prod_applied,pit_noq_s0.10,pit,False,0.1,,PTS,15567,15567.0,5.470619627815683,-0.061983516134283094,1.0023512619105597,,,
eval,prod_applied,pit_noq_s0.10,pit,False,0.1,,AST,15567,15567.0,1.6376096627975092,-0.08032262333699833,1.0016570289059512,,,
eval,prod_applied,pit_noq_s0.10,pit,False,0.1,,REB,15567,15567.0,2.0580099216591434,0.01158049537201315,1.003784625966973,,,
eval,prod_applied,pit_noq_s0.10,pit,False,0.1,,STL,15567,15567.0,0.8145223021437257,0.017006627081100237,1.0028496298786687,,,
eval,prod_applied,pit_noq_s0.10,pit,False,0.1,,BLK,15567,15567.0,0.6057577628100731,-0.0007608305062958224,1.0036091316191835,,,
eval,prod_applied,pit_noq_s0.10,pit,False,0.1,,FG3M,15567,15567.0,1.08928939170527,-0.0010524510814768062,1.0041079089655203,,,
eval,prod_applied,pit_noq_s0.10,pit,False,0.1,,TOV,15567,15567.0,1.0639954056488827,0.027318523820817602,1.0039879010438906,,,
eval,prod_applied,pit_noq_s0.10,pit,False,0.1,,FG3A,15567,15567.0,1.75849084802228,0.0023991419034313636,1.0039305409922505,,,
eval,prod_applied,pit_noq_s0.10,pit,False,0.1,,OREB,15567,15567.0,0.9106343397074848,0.015756806014817198,1.003901216402684,,,
eval,prod_applied,pit_noq_s0.10,pit,False,0.1,,POOLED,15567,15567.0,,,1.0033532495206312,,,
eval,prod_applied,pit_noq_s0.15,pit,False,0.15,,PTS,15567,15567.0,5.4824193161956405,0.08945856957289403,1.004513253301382,,,
eval,prod_applied,pit_noq_s0.15,pit,False,0.15,,AST,15567,15567.0,1.6398855174841105,-0.04565078512763882,1.0030490736009663,,,
eval,prod_applied,pit_noq_s0.15,pit,False,0.15,,REB,15567,15567.0,2.063367451599975,0.06261973765349016,1.006397735909334,,,
eval,prod_applied,pit_noq_s0.15,pit,False,0.15,,STL,15567,15567.0,0.8158344168276852,0.02646446135412848,1.0044651212184441,,,
eval,prod_applied,pit_noq_s0.15,pit,False,0.15,,BLK,15567,15567.0,0.6069220922538386,0.00485083087004094,1.0055381727866552,,,
eval,prod_applied,pit_noq_s0.15,pit,False,0.15,,FG3M,15567,15567.0,1.0919191473437604,0.015872566439374028,1.006532020000992,,,
eval,prod_applied,pit_noq_s0.15,pit,False,0.15,,TOV,15567,15567.0,1.0664451307116947,0.044612294473347795,1.0062994658409652,,,
eval,prod_applied,pit_noq_s0.15,pit,False,0.15,,FG3A,15567,15567.0,1.76342878377314,0.048325581757125056,1.0067496313021722,,,
eval,prod_applied,pit_noq_s0.15,pit,False,0.15,,OREB,15567,15567.0,0.9125846859050674,0.027439937834350163,1.0060513164316247,,,
eval,prod_applied,pit_noq_s0.15,pit,False,0.15,,POOLED,15567,15567.0,,,1.0055106433769485,,,
eval,prod_applied,pit_noq_s0.20,pit,False,0.2,,PTS,15567,15567.0,5.498212325519083,0.24090065528007115,1.0074069187180434,,,
eval,prod_applied,pit_noq_s0.20,pit,False,0.2,,AST,15567,15567.0,1.6427236860203487,-0.010978946918279291,1.0047850620529923,,,
eval,prod_applied,pit_noq_s0.20,pit,False,0.2,,REB,15567,15567.0,2.069645891552836,0.11365897993496718,1.0094600153635833,,,
eval,prod_applied,pit_noq_s0.20,pit,False,0.2,,STL,15567,15567.0,0.81725495886499,0.03592229562715672,1.0062141096164154,,,
eval,prod_applied,pit_noq_s0.20,pit,False,0.2,,BLK,15567,15567.0,0.6081230747843511,0.010462492246377707,1.0075279401632151,,,
eval,prod_applied,pit_noq_s0.20,pit,False,0.2,,FG3M,15567,15567.0,1.0947992782177578,0.032797583960224856,1.0091869271463827,,,
eval,prod_applied,pit_noq_s0.20,pit,False,0.2,,TOV,15567,15567.0,1.0691245731172963,0.061906065125878006,1.008827792319149,,,
eval,prod_applied,pit_noq_s0.20,pit,False,0.2,,FG3A,15567,15567.0,1.7693354042008573,0.09425202161081878,1.0101217481648237,,,
eval,prod_applied,pit_noq_s0.20,pit,False,0.2,,OREB,15567,15567.0,0.914694254980562,0.03912306965388315,1.0083769468945116,,,
eval,prod_applied,pit_noq_s0.20,pit,False,0.2,,POOLED,15567,15567.0,,,1.0079897178265684,,,
eval,prod_applied,pit_noq_s0.35,pit,False,0.35,,PTS,15567,15567.0,5.566614892143601,0.6952269124016025,1.019939941234431,,,
eval,prod_applied,pit_noq_s0.35,pit,False,0.35,,AST,15567,15567.0,1.6551472892496237,0.09303656770979928,1.012384058188423,,,
eval,prod_applied,pit_noq_s0.35,pit,False,0.35,,REB,15567,15567.0,2.094441991312667,0.26677670677939824,1.021554195989688,,,
eval,prod_applied,pit_noq_s0.35,pit,False,0.35,,STL,15567,15567.0,0.8220646381268507,0.06429579844624145,1.0121358444233048,,,
eval,prod_applied,pit_noq_s0.35,pit,False,0.35,,BLK,15567,15567.0,0.6119526526370397,0.027297476375388003,1.0138727194449126,,,
eval,prod_applied,pit_noq_s0.35,pit,False,0.35,,FG3M,15567,15567.0,1.1046592230765884,0.08357263652277735,1.0182758328954937,,,
eval,prod_applied,pit_noq_s0.35,pit,False,0.35,,TOV,15567,15567.0,1.078471550321828,0.1137873770834686,1.017647616140625,,,
eval,prod_applied,pit_noq_s0.35,pit,False,0.35,,FG3A,15567,15567.0,1.7930926334516661,0.23203134117189986,1.0236848599894122,,,
eval,prod_applied,pit_noq_s0.35,pit,False,0.35,,OREB,15567,15567.0,0.9218893545478127,0.0741724651124821,1.0163089662493074,,,
eval,prod_applied,pit_noq_s0.35,pit,False,0.35,,POOLED,15567,15567.0,,,1.0173115593950666,,,
eval,prod_applied,pit_noq_s0.50,pit,False,0.5,,PTS,15567,15567.0,5.665118479592295,1.149553169523134,1.0379882066776893,,,
eval,prod_applied,pit_noq_s0.50,pit,False,0.5,,AST,15567,15567.0,1.6734489732697073,0.19705208233787788,1.0235784293844357,,,
eval,prod_applied,pit_noq_s0.50,pit,False,0.5,,REB,15567,15567.0,2.128622893065209,0.41989443362382933,1.0382257694936823,,,
eval,prod_applied,pit_noq_s0.50,pit,False,0.5,,STL,15567,15567.0,0.8276398387242564,0.09266930126532619,1.0190000982821525,,,
eval,prod_applied,pit_noq_s0.50,pit,False,0.5,,BLK,15567,15567.0,0.6160944871267022,0.0441324605043983,1.0207348401979304,,,
eval,prod_applied,pit_noq_s0.50,pit,False,0.5,,FG3M,15567,15567.0,1.1162791078165744,0.13434768908532987,1.0289870527582174,,,
eval,prod_applied,pit_noq_s0.50,pit,False,0.5,,TOV,15567,15567.0,1.089761141081171,0.1656686890410592,1.0283004934650386,,,
eval,prod_applied,pit_noq_s0.50,pit,False,0.5,,FG3A,15567,15567.0,1.8251993284036376,0.3698106607329811,1.0420147203175778,,,
eval,prod_applied,pit_noq_s0.50,pit,False,0.5,,OREB,15567,15567.0,0.930342528261547,0.10922186057108105,1.0256279113007392,,,
eval,prod_applied,pit_noq_s0.50,pit,False,0.5,,POOLED,15567,15567.0,,,1.0293841690974959,,,
eval,prod_applied,prod_prev_q_s0.05,prod_prev,True,0.05,,PTS,15567,15567.0,5.463904082180209,-0.20247784927986368,1.0011208097680073,,,
eval,prod_applied,prod_prev_q_s0.05,prod_prev,True,0.05,,AST,15567,15567.0,1.6362143992791631,-0.11239806208412648,1.0008036048317797,,,
eval,prod_applied,prod_prev_q_s0.05,prod_prev,True,0.05,,REB,15567,15567.0,2.053984265341759,-0.035700606247484015,1.0018211310983187,,,
eval,prod_applied,prod_prev_q_s0.05,prod_prev,True,0.05,,STL,15567,15567.0,0.8134251388098958,0.00827514188672907,1.0014987892198532,,,
eval,prod_applied,prod_prev_q_s0.05,prod_prev,True,0.05,,BLK,15567,15567.0,0.604848917718097,-0.005990125014535075,1.002103372569059,,,
eval,prod_applied,prod_prev_q_s0.05,prod_prev,True,0.05,,FG3M,15567,15567.0,1.0870783544608396,-0.016721558689376192,1.0020697729099821,,,
eval,prod_applied,prod_prev_q_s0.05,prod_prev,True,0.05,,TOV,15567,15567.0,1.0620332732597721,0.011373172941082867,1.0021364295352218,,,
eval,prod_applied,prod_prev_q_s0.05,prod_prev,True,0.05,,FG3A,15567,15567.0,1.754687404408095,-0.04009245497972972,1.0017591374791093,,,
eval,prod_applied,prod_prev_q_s0.05,prod_prev,True,0.05,,OREB,15567,15567.0,0.9089717933912502,0.004951276881513243,1.002068392626535,,,
eval,prod_applied,prod_prev_q_s0.05,prod_prev,True,0.05,,POOLED,15567,15567.0,,,1.0017090488930962,,,
eval,prod_applied,prod_prev_q_s0.10,prod_prev,True,0.1,,PTS,15567,15567.0,5.4750311296411525,-0.04008801101108984,1.0031595568976936,,,
eval,prod_applied,prod_prev_q_s0.10,prod_prev,True,0.1,,AST,15567,15567.0,1.6383873546762648,-0.07512982441253549,1.0021327103545743,,,
eval,prod_applied,prod_prev_q_s0.10,prod_prev,True,0.1,,REB,15567,15567.0,2.058947182679043,0.01909677669597293,1.0042417706057776,,,
eval,prod_applied,prod_prev_q_s0.10,prod_prev,True,0.1,,STL,15567,15567.0,0.8147825886406936,0.018459325238414398,1.0031700977362825,,,
eval,prod_applied,prod_prev_q_s0.10,prod_prev,True,0.1,,BLK,15567,15567.0,0.6061782380855004,3.903229899207553e-06,1.0043057678852734,,,
eval,prod_applied,prod_prev_q_s0.10,prod_prev,True,0.1,,FG3M,15567,15567.0,1.0897296940080285,0.001459368744426106,1.0045137800112702,,,
eval,prod_applied,prod_prev_q_s0.10,prod_prev,True,0.1,,TOV,15567,15567.0,1.0645893325421276,0.030015363366408566,1.0045483314853725,,,
eval,prod_applied,prod_prev_q_s0.10,prod_prev,True,0.1,,FG3A,15567,15567.0,1.759153579594311,0.009268827844496674,1.0043088975053878,,,
eval,prod_applied,prod_prev_q_s0.10,prod_prev,True,0.1,,OREB,15567,15567.0,0.911018137653596,0.017512011387275282,1.0043243228112098,,,
eval,prod_applied,prod_prev_q_s0.10,prod_prev,True,0.1,,POOLED,15567,15567.0,,,1.0038561372547603,,,
eval,prod_applied,prod_prev_q_s0.15,prod_prev,True,0.15,,PTS,15567,15567.0,5.491371356083379,0.12230182725768388,1.0061534858689187,,,
eval,prod_applied,prod_prev_q_s0.15,prod_prev,True,0.15,,AST,15567,15567.0,1.641388936700466,-0.03786158674094459,1.0039686519716033,,,
eval,prod_applied,prod_prev_q_s0.15,prod_prev,True,0.15,,REB,15567,15567.0,2.065354216804546,0.07389415963942982,1.0073667712607992,,,
eval,prod_applied,prod_prev_q_s0.15,prod_prev,True,0.15,,STL,15567,15567.0,0.816282132609397,0.02864350859009971,1.0050163542599444,,,
eval,prod_applied,prod_prev_q_s0.15,prod_prev,True,0.15,,BLK,15567,15567.0,0.6075703633914075,0.005997931474333483,1.0066122173526069,,,
eval,prod_applied,prod_prev_q_s0.15,prod_prev,True,0.15,,FG3M,15567,15567.0,1.0926911435193338,0.019640296178228395,1.0072436467472792,,,
eval,prod_applied,prod_prev_q_s0.15,prod_prev,True,0.15,,TOV,15567,15567.0,1.0674661934192844,0.04865755379173423,1.007262942374026,,,
eval,prod_applied,prod_prev_q_s0.15,prod_prev,True,0.15,,FG3A,15567,15567.0,1.7648682157955102,0.05863011066872305,1.007571409687067,,,
eval,prod_applied,prod_prev_q_s0.15,prod_prev,True,0.15,,OREB,15567,15567.0,0.9132577673160489,0.0300727458930373,1.0067933346246125,,,
eval,prod_applied,prod_prev_q_s0.15,prod_prev,True,0.15,,POOLED,15567,15567.0,,,1.006443201571873,,,
eval,prod_applied,prod_prev_q_s0.20,prod_prev,True,0.2,,PTS,15567,15567.0,5.5121351961873195,0.2846916655264578,1.0099579290117888,,,
eval,prod_applied,prod_prev_q_s0.20,prod_prev,True,0.2,,AST,15567,15567.0,1.6451885968039022,-0.0005933490693535979,1.0062927444195917,,,
eval,prod_applied,prod_prev_q_s0.20,prod_prev,True,0.2,,REB,15567,15567.0,2.0730996101311416,0.12869154258288681,1.0111445502994134,,,
eval,prod_applied,prod_prev_q_s0.20,prod_prev,True,0.2,,STL,15567,15567.0,0.8178962030525962,0.03882769194178505,1.0070036171529313,,,
eval,prod_applied,prod_prev_q_s0.20,prod_prev,True,0.2,,BLK,15567,15567.0,0.6090019331740437,0.011991959718767767,1.0089840177563507,,,
eval,prod_applied,prod_prev_q_s0.20,prod_prev,True,0.2,,FG3M,15567,15567.0,1.0959501075936295,0.0378212236120307,1.0102477626662931,,,
eval,prod_applied,prod_prev_q_s0.20,prod_prev,True,0.2,,TOV,15567,15567.0,1.070665123791762,0.06729974421705995,1.0102814585943012,,,
eval,prod_applied,prod_prev_q_s0.20,prod_prev,True,0.2,,FG3A,15567,15567.0,1.7719401652944644,0.10799139349294946,1.0116088182947602,,,
eval,prod_applied,prod_prev_q_s0.20,prod_prev,True,0.2,,OREB,15567,15567.0,0.9156646008653909,0.042633480398799335,1.0094466752933156,,,
eval,prod_applied,prod_prev_q_s0.20,prod_prev,True,0.2,,POOLED,15567,15567.0,,,1.0094408414987495,,,
eval,prod_applied,prod_prev_q_s0.35,prod_prev,True,0.35,,PTS,15567,15567.0,5.601105247838977,0.7718611803327791,1.026259417620474,,,
eval,prod_applied,prod_prev_q_s0.35,prod_prev,True,0.35,,AST,15567,15567.0,1.6617851120281373,0.1112113639454192,1.0164441355034115,,,
eval,prod_applied,prod_prev_q_s0.35,prod_prev,True,0.35,,REB,15567,15567.0,2.1044771453346445,0.29308369141325746,1.0264487950003436,,,
eval,prod_applied,prod_prev_q_s0.35,prod_prev,True,0.35,,STL,15567,15567.0,0.8235871943078408,0.06938024199684101,1.0140104338588019,,,
eval,prod_applied,prod_prev_q_s0.35,prod_prev,True,0.35,,BLK,15567,15567.0,0.6136443378471457,0.0299740444520706,1.0166754746532183,,,
eval,prod_applied,prod_prev_q_s0.35,prod_prev,True,0.35,,FG3M,15567,15567.0,1.1074986112714806,0.09236400591343757,1.0208931834038386,,,
eval,prod_applied,prod_prev_q_s0.35,prod_prev,True,0.35,,TOV,15567,15567.0,1.0819454057471911,0.12322631549303699,1.0209255521152762,,,
eval,prod_applied,prod_prev_q_s0.35,prod_prev,True,0.35,,FG3A,15567,15567.0,1.8003708441315238,0.2560752419656286,1.0278400240572279,,,
eval,prod_applied,prod_prev_q_s0.35,prod_prev,True,0.35,,OREB,15567,15567.0,0.9240017584643584,0.0803156839160854,1.0186377218967555,,,
eval,prod_applied,prod_prev_q_s0.35,prod_prev,True,0.35,,POOLED,15567,15567.0,,,1.0209038597899274,,,
eval,prod_applied,prod_prev_q_s0.50,prod_prev,True,0.5,,PTS,15567,15567.0,5.728557527240526,1.2590306951391006,1.0496117911691591,,,
eval,prod_applied,prod_prev_q_s0.50,prod_prev,True,0.5,,AST,15567,15567.0,1.6858687319368024,0.22301607696019204,1.0311750739627046,,,
eval,prod_applied,prod_prev_q_s0.50,prod_prev,True,0.5,,REB,15567,15567.0,2.1477576342302758,0.4574758402436283,1.0475586491854705,,,
eval,prod_applied,prod_prev_q_s0.50,prod_prev,True,0.5,,STL,15567,15567.0,0.8304252510360846,0.09993279205189698,1.022429531335888,,,
eval,prod_applied,prod_prev_q_s0.50,prod_prev,True,0.5,,BLK,15567,15567.0,0.6186629074522378,0.047956129185373446,1.0249901551947802,,,
eval,prod_applied,prod_prev_q_s0.50,prod_prev,True,0.5,,FG3M,15567,15567.0,1.1213544515689775,0.14690678821484446,1.0336655090447775,,,
eval,prod_applied,prod_prev_q_s0.50,prod_prev,True,0.5,,TOV,15567,15567.0,1.0956309574555263,0.17915288676901406,1.0338392623261767,,,
eval,prod_applied,prod_prev_q_s0.50,prod_prev,True,0.5,,FG3A,15567,15567.0,1.8399104065073009,0.4041590904383078,1.050413342702107,,,
eval,prod_applied,prod_prev_q_s0.50,prod_prev,True,0.5,,OREB,15567,15567.0,0.9339494580353871,0.11799788743337149,1.029604261663938,,,
eval,prod_applied,prod_prev_q_s0.50,prod_prev,True,0.5,,POOLED,15567,15567.0,,,1.0359208418427779,,,
eval,prod_applied,prod_prev_noq_s0.05,prod_prev,False,0.05,,PTS,15567,15567.0,5.462230342037494,-0.2196217019253112,1.0008141396541448,,,
eval,prod_applied,prod_prev_noq_s0.05,prod_prev,False,0.05,,AST,15567,15567.0,1.6359227454046605,-0.11641110011655444,1.0006252124101667,,,
eval,prod_applied,prod_prev_noq_s0.05,prod_prev,False,0.05,,REB,15567,15567.0,2.053462033466934,-0.04156362889919963,1.0015664149661843,,,
eval,prod_applied,prod_prev_noq_s0.05,prod_prev,False,0.05,,STL,15567,15567.0,0.8132931479962782,0.007167037210737226,1.0013362805466892,,,
eval,prod_applied,prod_prev_noq_s0.05,prod_prev,False,0.05,,BLK,15567,15567.0,0.6046002048444704,-0.006598116925409139,1.00169130932126,,,
eval,prod_applied,prod_prev_noq_s0.05,prod_prev,False,0.05,,FG3M,15567,15567.0,1.0868408877765716,-0.018677112187009157,1.0018508759138256,,,
eval,prod_applied,prod_prev_noq_s0.05,prod_prev,False,0.05,,TOV,15567,15567.0,1.061692015313195,0.00932107549688478,1.001814417947879,,,
eval,prod_applied,prod_prev_noq_s0.05,prod_prev,False,0.05,,FG3A,15567,15567.0,1.754276655109928,-0.04542392930397798,1.0015246388090793,,,
eval,prod_applied,prod_prev_noq_s0.05,prod_prev,False,0.05,,OREB,15567,15567.0,0.9087631581014955,0.0035905193190339806,1.0018383889773903,,,
eval,prod_applied,prod_prev_noq_s0.05,prod_prev,False,0.05,,POOLED,15567,15567.0,,,1.001451297616291,,,
eval,prod_applied,prod_prev_noq_s0.10,prod_prev,False,0.1,,PTS,15567,15567.0,5.470101208013491,-0.0743757163019849,1.0022562747284343,,,
eval,prod_applied,prod_prev_noq_s0.10,prod_prev,False,0.1,,AST,15567,15567.0,1.6374777308834618,-0.08315590047739146,1.0015763316970592,,,
eval,prod_applied,prod_prev_noq_s0.10,prod_prev,False,0.1,,REB,15567,15567.0,2.057517731314329,0.007370731392541684,1.0035445624493122,,,
eval,prod_applied,prod_prev_noq_s0.10,prod_prev,False,0.1,,STL,15567,15567.0,0.8144909555452625,0.0162431158864307,1.002811035570589,,,
eval,prod_applied,prod_prev_noq_s0.10,prod_prev,False,0.1,,BLK,15567,15567.0,0.6056564886127018,-0.001212080591848916,1.0034413422559771,,,
eval,prod_applied,prod_prev_noq_s0.10,prod_prev,False,0.1,,FG3M,15567,15567.0,1.089115221853036,-0.00245173825083983,1.0039473590442016,,,
eval,prod_applied,prod_prev_noq_s0.10,prod_prev,False,0.1,,TOV,15567,15567.0,1.0638146500766528,0.025911168478012378,1.0038173397739814,,,
eval,prod_applied,prod_prev_noq_s0.10,prod_prev,False,0.1,,FG3A,15567,15567.0,1.758111577480677,-0.001394120803999877,1.003714013689625,,,
eval,prod_applied,prod_prev_noq_s0.10,prod_prev,False,0.1,,OREB,15567,15567.0,0.9105485635889103,0.014790496262316747,1.0038066551215854,,,
eval,prod_applied,prod_prev_noq_s0.10,prod_prev,False,0.1,,POOLED,15567,15567.0,,,1.003212768258974,,,
eval,prod_applied,prod_prev_noq_s0.15,prod_prev,False,0.15,,PTS,15567,15567.0,5.4813476323584664,0.07087026932134127,1.0043168946218097,,,
eval,prod_applied,prod_prev_noq_s0.15,prod_prev,False,0.15,,AST,15567,15567.0,1.6395919845942297,-0.04990070083822852,1.0028695318645908,,,
eval,prod_applied,prod_prev_noq_s0.15,prod_prev,False,0.15,,REB,15567,15567.0,2.0625107265954785,0.05630509168428297,1.0059798723319309,,,
eval,prod_applied,prod_prev_noq_s0.15,prod_prev,False,0.15,,STL,15567,15567.0,0.8157819005708538,0.02531919456212417,1.004400462573018,,,
eval,prod_applied,prod_prev_noq_s0.15,prod_prev,False,0.15,,BLK,15567,15567.0,0.6067631233593864,0.004173955741711298,1.0052747958331754,,,
eval,prod_applied,prod_prev_noq_s0.15,prod_prev,False,0.15,,FG3M,15567,15567.0,1.0916198080497141,0.013773635685329485,1.0062560887793122,,,
eval,prod_applied,prod_prev_noq_s0.15,prod_prev,False,0.15,,TOV,15567,15567.0,1.0661520695619118,0.04250126145913997,1.006022932834257,,,
eval,prod_applied,prod_prev_noq_s0.15,prod_prev,False,0.15,,FG3A,15567,15567.0,1.7627713687130346,0.042635687695978225,1.0063743100102303,,,
eval,prod_applied,prod_prev_noq_s0.15,prod_prev,False,0.15,,OREB,15567,15567.0,0.9124420042786786,0.0259904732055995,1.005894021398872,,,
eval,prod_applied,prod_prev_noq_s0.15,prod_prev,False,0.15,,POOLED,15567,15567.0,,,1.0052654344719107,,,
eval,prod_applied,prod_prev_noq_s0.20,prod_prev,False,0.2,,PTS,15567,15567.0,5.496300494220271,0.21611625494466755,1.0070566244835144,,,
eval,prod_applied,prod_prev_noq_s0.20,prod_prev,False,0.2,,AST,15567,15567.0,1.6422554277611527,-0.016645501199065552,1.0044986481490432,,,
eval,prod_applied,prod_prev_noq_s0.20,prod_prev,False,0.2,,REB,15567,15567.0,2.068457059728432,0.10523945197602427,1.0088801682522366,,,
eval,prod_applied,prod_prev_noq_s0.20,prod_prev,False,0.2,,STL,15567,15567.0,0.81716848948595,0.034395273237817645,1.006107647479605,,,
eval,prod_applied,prod_prev_noq_s0.20,prod_prev,False,0.2,,BLK,15567,15567.0,0.6079076016444372,0.009559992075271516,1.0071709479394044,,,
eval,prod_applied,prod_prev_noq_s0.20,prod_prev,False,0.2,,FG3M,15567,15567.0,1.0943546518544163,0.029999009621498804,1.0087770701778254,,,
eval,prod_applied,prod_prev_noq_s0.20,prod_prev,False,0.2,,TOV,15567,15567.0,1.0687136171363185,0.05909135444026756,1.0084400135462588,,,
eval,prod_applied,prod_prev_noq_s0.20,prod_prev,False,0.2,,FG3A,15567,15567.0,1.768395518230081,0.08666549619595632,1.0095851629263086,,,
eval,prod_applied,prod_prev_noq_s0.20,prod_prev,False,0.2,,OREB,15567,15567.0,0.9144623754389497,0.03719045014888226,1.008121318324697,,,
eval,prod_applied,prod_prev_noq_s0.20,prod_prev,False,0.2,,POOLED,15567,15567.0,,,1.0076264001420991,,,
eval,prod_applied,prod_prev_noq_s0.35,prod_prev,False,0.35,,PTS,15567,15567.0,5.560976852420375,0.6518542118146462,1.018906914517943,,,
eval,prod_applied,prod_prev_noq_s0.35,prod_prev,False,0.35,,AST,15567,15567.0,1.653947752789808,0.0831200977184233,1.011650352132762,,,
eval,prod_applied,prod_prev_noq_s0.35,prod_prev,False,0.35,,REB,15567,15567.0,2.0917632778072694,0.2520425328512481,1.0202476661203277,,,
eval,prod_applied,prod_prev_noq_s0.35,prod_prev,False,0.35,,STL,15567,15567.0,0.8218200591556802,0.06162350926489806,1.0118347158598893,,,
eval,prod_applied,prod_prev_noq_s0.35,prod_prev,False,0.35,,BLK,15567,15567.0,0.6115445586046458,0.025718101075952165,1.013196596211147,,,
eval,prod_applied,prod_prev_noq_s0.35,prod_prev,False,0.35,,FG3M,15567,15567.0,1.1037033383606618,0.07867513143000678,1.0173946975327242,,,
eval,prod_applied,prod_prev_noq_s0.35,prod_prev,False,0.35,,TOV,15567,15567.0,1.077583293642642,0.10886163338365035,1.0168094556051663,,,
eval,prod_applied,prod_prev_noq_s0.35,prod_prev,False,0.35,,FG3A,15567,15567.0,1.790493811963473,0.21875492169589061,1.0222011808076192,,,
eval,prod_applied,prod_prev_noq_s0.35,prod_prev,False,0.35,,OREB,15567,15567.0,0.9213667427241665,0.07079038097873053,1.0157328286904785,,,
eval,prod_applied,prod_prev_noq_s0.35,prod_prev,False,0.35,,POOLED,15567,15567.0,,,1.0164416008308952,,,
eval,prod_applied,prod_prev_noq_s0.50,prod_prev,False,0.5,,PTS,15567,15567.0,5.653030621097878,1.087592168684625,1.0357734154766947,,,
eval,prod_applied,prod_prev_noq_s0.50,prod_prev,False,0.5,,AST,15567,15567.0,1.6710342567536203,0.18288569663591217,1.0221014487424052,,,
eval,prod_applied,prod_prev_noq_s0.50,prod_prev,False,0.5,,REB,15567,15567.0,2.12373050455876,0.39884561372647204,1.0358395300905834,,,
eval,prod_applied,prod_prev_noq_s0.50,prod_prev,False,0.5,,STL,15567,15567.0,0.8271861570459789,0.08885174529197848,1.01844151995723,,,
eval,prod_applied,prod_prev_noq_s0.50,prod_prev,False,0.5,,BLK,15567,15567.0,0.6154751785122206,0.04187621007663282,1.0197087802463403,,,
eval,prod_applied,prod_prev_noq_s0.50,prod_prev,False,0.5,,FG3M,15567,15567.0,1.1146404885966956,0.12735125323851473,1.0274765721357195,,,
eval,prod_applied,prod_prev_noq_s0.50,prod_prev,False,0.5,,TOV,15567,15567.0,1.0882779401332228,0.15863191232703314,1.0269009424908042,,,
eval,prod_applied,prod_prev_noq_s0.50,prod_prev,False,0.5,,FG3A,15567,15567.0,1.8203559999243293,0.35084434719582497,1.0392496417356198,,,
eval,prod_applied,prod_prev_noq_s0.50,prod_prev,False,0.5,,OREB,15567,15567.0,0.9294764907782495,0.1043903118085788,1.0246731745364612,,,
eval,prod_applied,prod_prev_noq_s0.50,prod_prev,False,0.5,,POOLED,15567,15567.0,,,1.027796113934651,,,
eval,prod_applied,loso_perstat_pit_q,pit,True,per_stat_loso,,PTS,15567,15567.0,5.457767105615104,-0.46839825457533346,0.9999963656240438,,,
eval,prod_applied,loso_perstat_pit_q,pit,True,per_stat_loso,,AST,15567,15567.0,1.6351013097848694,-0.17759781852006495,1.000122774752983,,,
eval,prod_applied,loso_perstat_pit_q,pit,True,per_stat_loso,,REB,15567,15567.0,2.0472493271230108,-0.2100398211161415,0.9985361967694469,,,
eval,prod_applied,loso_perstat_pit_q,pit,True,per_stat_loso,,STL,15567,15567.0,0.8072986927985821,-0.09788797685243807,0.9939558353943441,,,
eval,prod_applied,loso_perstat_pit_q,pit,True,per_stat_loso,,BLK,15567,15567.0,0.5859730211722015,-0.17921701512304025,0.9708301090567936,,,
eval,prod_applied,loso_perstat_pit_q,pit,True,per_stat_loso,,FG3M,15567,15567.0,1.0786154373352135,-0.15891969791676197,0.9942686485407656,,,
eval,prod_applied,loso_perstat_pit_q,pit,True,per_stat_loso,,TOV,15567,15567.0,1.0532218340024395,-0.12722459883337614,0.9938219402449696,,,
eval,prod_applied,loso_perstat_pit_q,pit,True,per_stat_loso,,FG3A,15567,15567.0,1.7499857551748539,-0.16046133215910208,0.9990749442326149,,,
eval,prod_applied,loso_perstat_pit_q,pit,True,per_stat_loso,,OREB,15567,15567.0,0.8976378632501154,-0.1472404052710142,0.9895736449993335,,,
eval,prod_applied,loso_perstat_pit_q,pit,True,per_stat_loso,,POOLED,15567,15567.0,,,0.9933533844016994,,,
eval,prod_applied,loso_uniform_pit_q,pit,True,uniform_loso,,PTS,15567,15567.0,5.4749723047867205,-0.9188727799059737,1.0031487787462077,,,
eval,prod_applied,loso_uniform_pit_q,pit,True,uniform_loso,,AST,15567,15567.0,1.636891863013049,-0.2767741062157639,1.001217980935128,,,
eval,prod_applied,loso_uniform_pit_q,pit,True,uniform_loso,,REB,15567,15567.0,2.048278349940478,-0.27750579599277964,0.9990380977919213,,,
eval,prod_applied,loso_uniform_pit_q,pit,True,uniform_loso,,STL,15567,15567.0,0.809243483591648,-0.03665397873333668,0.9963502851495988,,,
eval,prod_applied,loso_uniform_pit_q,pit,True,uniform_loso,,BLK,15567,15567.0,0.599547648408885,-0.03241335487727203,0.993320319978504,,,
eval,prod_applied,loso_uniform_pit_q,pit,True,uniform_loso,,FG3M,15567,15567.0,1.079891153638178,-0.09693039191203615,0.9954446049387229,,,
eval,prod_applied,loso_uniform_pit_q,pit,True,uniform_loso,,TOV,15567,15567.0,1.0543009726540706,-0.07086940125529197,0.994840217339057,,,
eval,prod_applied,loso_uniform_pit_q,pit,True,uniform_loso,,FG3A,15567,15567.0,1.7526341146417996,-0.25785540390080625,1.0005869048751073,,,
eval,prod_applied,loso_uniform_pit_q,pit,True,uniform_loso,,OREB,15567,15567.0,0.9019082045858532,-0.05049008779751977,0.9942813533235978,,,
eval,prod_applied,loso_uniform_pit_q,pit,True,uniform_loso,,POOLED,15567,15567.0,,,0.9975809492308716,,,
eval,prod_applied,loso_perstat_pit_noq,pit,False,per_stat_loso,,PTS,15567,15567.0,5.458052799166202,-0.47023875778798724,1.0000487116672612,,,
eval,prod_applied,loso_perstat_pit_noq,pit,False,per_stat_loso,,AST,15567,15567.0,1.6352998431341843,-0.18224601750904365,1.0002442092616644,,,
eval,prod_applied,loso_perstat_pit_noq,pit,False,per_stat_loso,,REB,15567,15567.0,2.046784771972663,-0.2236268974578221,0.9983096121874557,,,
eval,prod_applied,loso_perstat_pit_noq,pit,False,per_stat_loso,,STL,15567,15567.0,0.8064596461409083,-0.1097262917375457,0.9929227910837284,,,
eval,prod_applied,loso_perstat_pit_noq,pit,False,per_stat_loso,,BLK,15567,15567.0,0.5855489840085532,-0.21558175950048328,0.9701275715150389,,,
eval,prod_applied,loso_perstat_pit_noq,pit,False,per_stat_loso,,FG3M,15567,15567.0,1.0769391338863237,-0.17718604336491248,0.9927234305631799,,,
eval,prod_applied,loso_perstat_pit_noq,pit,False,per_stat_loso,,TOV,15567,15567.0,1.0527214460863354,-0.14135724041898953,0.9933497733437501,,,
eval,prod_applied,loso_perstat_pit_noq,pit,False,per_stat_loso,,FG3A,15567,15567.0,1.7497626982676997,-0.17696370821449964,0.9989476000148595,,,
eval,prod_applied,loso_perstat_pit_noq,pit,False,per_stat_loso,,OREB,15567,15567.0,0.8953177775166193,-0.17278379212504752,0.9870159368299234,,,
eval,prod_applied,loso_perstat_pit_noq,pit,False,per_stat_loso,,POOLED,15567,15567.0,,,0.9926321818296512,,,
eval,prod_applied,loso_uniform_pit_noq,pit,False,uniform_loso,,PTS,15567,15567.0,5.47739724934772,-0.9777000844477268,1.0035930878749986,,,
eval,prod_applied,loso_uniform_pit_noq,pit,False,uniform_loso,,AST,15567,15567.0,1.637474004660658,-0.2899073801059551,1.0015740525231218,,,
eval,prod_applied,loso_uniform_pit_noq,pit,False,uniform_loso,,REB,15567,15567.0,2.0477652043155934,-0.2968745625007077,0.9987878134353103,,,
eval,prod_applied,loso_uniform_pit_noq,pit,False,uniform_loso,,STL,15567,15567.0,0.8088365538767541,-0.040042080182751724,0.9958492684028578,,,
eval,prod_applied,loso_uniform_pit_noq,pit,False,uniform_loso,,BLK,15567,15567.0,0.5996006028833913,-0.034731268482335584,0.9934080540488495,,,
eval,prod_applied,loso_uniform_pit_noq,pit,False,uniform_loso,,FG3M,15567,15567.0,1.0789300404512334,-0.10331769490825901,0.9945586499668203,,,
eval,prod_applied,loso_uniform_pit_noq,pit,False,uniform_loso,,TOV,15567,15567.0,1.0540033768422048,-0.07711224671991256,0.9945594054173811,,,
eval,prod_applied,loso_uniform_pit_noq,pit,False,uniform_loso,,FG3A,15567,15567.0,1.7520002586996335,-0.2750165873613476,1.0002250335923277,,,
eval,prod_applied,loso_uniform_pit_noq,pit,False,uniform_loso,,OREB,15567,15567.0,0.9012922259202908,-0.05479757034295121,0.9936022863208809,,,
eval,prod_applied,loso_uniform_pit_noq,pit,False,uniform_loso,,POOLED,15567,15567.0,,,0.9973508501758387,,,
eval,prod_applied,loso_perstat_prod_prev_q,prod_prev,True,per_stat_loso,,PTS,15567,15567.0,5.457945028576896,-0.4751559300773082,1.0000289654605172,,,
eval,prod_applied,loso_perstat_prod_prev_q,prod_prev,True,per_stat_loso,,AST,15567,15567.0,1.635071571466677,-0.17904872874061672,1.0001045850731576,,,
eval,prod_applied,loso_perstat_prod_prev_q,prod_prev,True,per_stat_loso,,REB,15567,15567.0,2.047408002563365,-0.20536752827198218,0.998613589966569,,,
eval,prod_applied,loso_perstat_prod_prev_q,prod_prev,True,per_stat_loso,,STL,15567,15567.0,0.8069914111474631,-0.09831702574004471,0.9935775065391583,,,
eval,prod_applied,loso_perstat_prod_prev_q,prod_prev,True,per_stat_loso,,BLK,15567,15567.0,0.5864549356287959,-0.1762565908179965,0.9716285367105372,,,
eval,prod_applied,loso_perstat_prod_prev_q,prod_prev,True,per_stat_loso,,FG3M,15567,15567.0,1.0785752629242666,-0.16278464548480537,0.9942316157338027,,,
eval,prod_applied,loso_perstat_prod_prev_q,prod_prev,True,per_stat_loso,,TOV,15567,15567.0,1.0534797412558974,-0.12121036915244744,0.9940653019744362,,,
eval,prod_applied,loso_perstat_prod_prev_q,prod_prev,True,per_stat_loso,,FG3A,15567,15567.0,1.7500164812796553,-0.15768286963458406,0.9990924859076543,,,
eval,prod_applied,loso_perstat_prod_prev_q,prod_prev,True,per_stat_loso,,OREB,15567,15567.0,0.8974607413517499,-0.1407165947033665,0.989378382333006,,,
eval,prod_applied,loso_perstat_prod_prev_q,prod_prev,True,per_stat_loso,,POOLED,15567,15567.0,,,0.9934134410776488,,,
eval,prod_applied,loso_uniform_prod_prev_q,prod_prev,True,uniform_loso,,PTS,15567,15567.0,5.474304011518002,-0.9064034325026201,1.0030263310808973,,,
eval,prod_applied,loso_uniform_prod_prev_q,prod_prev,True,uniform_loso,,AST,15567,15567.0,1.6368843377869153,-0.2738833221073699,1.0012133780704637,,,
eval,prod_applied,loso_uniform_prod_prev_q,prod_prev,True,uniform_loso,,REB,15567,15567.0,2.048410047155587,-0.27321322993556646,0.9991023324870107,,,
eval,prod_applied,loso_uniform_prod_prev_q,prod_prev,True,uniform_loso,,STL,15567,15567.0,0.8091641478806348,-0.0358281946093142,0.9962526060704424,,,
eval,prod_applied,loso_uniform_prod_prev_q,prod_prev,True,uniform_loso,,BLK,15567,15567.0,0.599647395649256,-0.031983141199111643,0.9934855795053911,,,
eval,prod_applied,loso_uniform_prod_prev_q,prod_prev,True,uniform_loso,,FG3M,15567,15567.0,1.0798964572319656,-0.09546932224452509,0.9954494937960906,,,
eval,prod_applied,loso_uniform_prod_prev_q,prod_prev,True,uniform_loso,,TOV,15567,15567.0,1.054436918065311,-0.06940207359313295,0.9949684956637219,,,
eval,prod_applied,loso_uniform_prod_prev_q,prod_prev,True,uniform_loso,,FG3A,15567,15567.0,1.7525380088906726,-0.25386898463975843,1.0005320376582378,,,
eval,prod_applied,loso_uniform_prod_prev_q,prod_prev,True,uniform_loso,,OREB,15567,15567.0,0.9019019947006031,-0.049493716386102234,0.9942745074238941,,,
eval,prod_applied,loso_uniform_prod_prev_q,prod_prev,True,uniform_loso,,POOLED,15567,15567.0,,,0.9975894179729055,,,
eval,prod_applied,loso_perstat_prod_prev_noq,prod_prev,False,per_stat_loso,,PTS,15567,15567.0,5.458027887858448,-0.4753291874966952,1.000044147306647,,,
eval,prod_applied,loso_perstat_prod_prev_noq,prod_prev,False,per_stat_loso,,AST,15567,15567.0,1.6352224628717484,-0.18313364870037582,1.0001968790061533,,,
eval,prod_applied,loso_perstat_prod_prev_noq,prod_prev,False,per_stat_loso,,REB,15567,15567.0,2.0468304279482537,-0.22122947481692792,0.9983318806740646,,,
eval,prod_applied,loso_perstat_prod_prev_noq,prod_prev,False,per_stat_loso,,STL,15567,15567.0,0.8060495571162533,-0.11153150497317676,0.9924178845569086,,,
eval,prod_applied,loso_perstat_prod_prev_noq,prod_prev,False,per_stat_loso,,BLK,15567,15567.0,0.5860137069945394,-0.20625921770460565,0.9708975166334399,,,
eval,prod_applied,loso_perstat_prod_prev_noq,prod_prev,False,per_stat_loso,,FG3M,15567,15567.0,1.0767217606469395,-0.18138178959562315,0.9925230557219988,,,
eval,prod_applied,loso_perstat_prod_prev_noq,prod_prev,False,per_stat_loso,,TOV,15567,15567.0,1.052719444419883,-0.13723037825942935,0.9933478845678312,,,
eval,prod_applied,loso_perstat_prod_prev_noq,prod_prev,False,per_stat_loso,,FG3A,15567,15567.0,1.749767627738695,-0.1733286968882874,0.9989504142726015,,,
eval,prod_applied,loso_perstat_prod_prev_noq,prod_prev,False,per_stat_loso,,OREB,15567,15567.0,0.8950247145504047,-0.16893001148617467,0.9866928584488028,,,
eval,prod_applied,loso_perstat_prod_prev_noq,prod_prev,False,per_stat_loso,,POOLED,15567,15567.0,,,0.9926002801320497,,,
eval,prod_applied,loso_uniform_prod_prev_noq,prod_prev,False,uniform_loso,,PTS,15567,15567.0,5.477019550889677,-0.9708028796672946,1.0035238842834864,,,
eval,prod_applied,loso_uniform_prod_prev_noq,prod_prev,False,uniform_loso,,AST,15567,15567.0,1.6374839820590605,-0.2883557604610742,1.0015801552785386,,,
eval,prod_applied,loso_uniform_prod_prev_noq,prod_prev,False,uniform_loso,,REB,15567,15567.0,2.0479295033881217,-0.294446473878189,0.998867949532483,,,
eval,prod_applied,loso_uniform_prod_prev_noq,prod_prev,False,uniform_loso,,STL,15567,15567.0,0.8087388736697101,-0.039621919690822835,0.9957290033601172,,,
eval,prod_applied,loso_uniform_prod_prev_noq,prod_prev,False,uniform_loso,,BLK,15567,15567.0,0.5996507017759946,-0.03449755306324175,0.9934910570397932,,,
eval,prod_applied,loso_uniform_prod_prev_noq,prod_prev,False,uniform_loso,,FG3M,15567,15567.0,1.0788565391549056,-0.10253326843617878,0.9944908964079187,,,
eval,prod_applied,loso_uniform_prod_prev_noq,prod_prev,False,uniform_loso,,TOV,15567,15567.0,1.0541035502227638,-0.07632086670632864,0.9946539291921587,,,
eval,prod_applied,loso_uniform_prod_prev_noq,prod_prev,False,uniform_loso,,FG3A,15567,15567.0,1.751995951868812,-0.2728889089679158,1.0002225748027347,,,
eval,prod_applied,loso_uniform_prod_prev_noq,prod_prev,False,uniform_loso,,OREB,15567,15567.0,0.9012306261462149,-0.05421941907138194,0.993534377517722,,,
eval,prod_applied,loso_uniform_prod_prev_noq,prod_prev,False,uniform_loso,,POOLED,15567,15567.0,,,0.9973437586016615,,,
eval,prod_applied,loso_const_perstat,,,const_loso,,PTS,15567,15567.0,5.458087212194022,-0.4628329600120022,1.00005501697529,,,
eval,prod_applied,loso_const_perstat,,,const_loso,,AST,15567,15567.0,1.6346593766011845,-0.21885895901174723,0.9998524627917135,,,
eval,prod_applied,loso_const_perstat,,,const_loso,,REB,15567,15567.0,2.0464844555903228,-0.23103829213726076,0.998163134289392,,,
eval,prod_applied,loso_const_perstat,,,const_loso,,STL,15567,15567.0,0.8046163727183282,-0.136753240734922,0.9906533307328766,,,
eval,prod_applied,loso_const_perstat,,,const_loso,,BLK,15567,15567.0,0.5793055997840588,-0.1851088918640498,0.9597836389984461,,,
eval,prod_applied,loso_const_perstat,,,const_loso,,FG3M,15567,15567.0,1.0751116170993906,-0.21417205996770658,0.9910388239990289,,,
eval,prod_applied,loso_const_perstat,,,const_loso,,TOV,15567,15567.0,1.0498201214619312,-0.17834792665190732,0.9906120784209734,,,
eval,prod_applied,loso_const_perstat,,,const_loso,,FG3A,15567,15567.0,1.7493283208024675,-0.19778034156602448,0.9986996119152024,,,
eval,prod_applied,loso_const_perstat,,,const_loso,,OREB,15567,15567.0,0.8928283536592263,-0.20323339565230591,0.9842715469803363,,,
eval,prod_applied,loso_const_perstat,,,const_loso,,POOLED,15567,15567.0,,,0.9903477383448065,,,
eval,prod_applied,loso_constw_pit_q,pit,True,const_plus_w_loso,,PTS,15567,15567.0,5.4587066417745405,-0.4753891775188485,1.000168511618299,,,
eval,prod_applied,loso_constw_pit_q,pit,True,const_plus_w_loso,,AST,15567,15567.0,1.6345359448250627,-0.21947797260152196,0.9997769647600693,,,
eval,prod_applied,loso_constw_pit_q,pit,True,const_plus_w_loso,,REB,15567,15567.0,2.0465180868177337,-0.24590284601701537,0.9981795377618302,,,
eval,prod_applied,loso_constw_pit_q,pit,True,const_plus_w_loso,,STL,15567,15567.0,0.8053097367094241,-0.139850153846368,0.9915070087967083,,,
eval,prod_applied,loso_constw_pit_q,pit,True,const_plus_w_loso,,BLK,15567,15567.0,0.5777803146283754,-0.2466624119571147,0.9572565725627378,,,
eval,prod_applied,loso_constw_pit_q,pit,True,const_plus_w_loso,,FG3M,15567,15567.0,1.0752762898986115,-0.21219871933338388,0.9911906195286174,,,
eval,prod_applied,loso_constw_pit_q,pit,True,const_plus_w_loso,,TOV,15567,15567.0,1.0504722236920165,-0.17834867105364374,0.9912274032106987,,,
eval,prod_applied,loso_constw_pit_q,pit,True,const_plus_w_loso,,FG3A,15567,15567.0,1.7495781940271073,-0.2173813367891431,0.9988422656923741,,,
eval,prod_applied,loso_constw_pit_q,pit,True,const_plus_w_loso,,OREB,15567,15567.0,0.8931435909592028,-0.20038965612457343,0.984619070783363,,,
eval,prod_applied,loso_constw_pit_q,pit,True,const_plus_w_loso,,POOLED,15567,15567.0,,,0.9903075505238552,,,
eval,season_2023-24,reference,,,,,PTS,4875,0.0,5.500823942564635,-0.3574784199202578,1.0000000000000022,,,
eval,season_2023-24,reference,,,,,AST,4875,0.0,1.664784474559416,-0.2360284987446207,1.0000000000000013,,,
eval,season_2023-24,reference,,,,,REB,4875,0.0,2.0522499971342203,-0.13307695485828264,1.0000000000000002,,,
eval,season_2023-24,reference,,,,,STL,4875,0.0,0.779142645953,-0.014544756499556555,1.0000000000000004,,,
eval,season_2023-24,reference,,,,,BLK,4875,0.0,0.6387857272112354,-0.01669014749270371,1.000000000000002,,,
eval,season_2023-24,reference,,,,,FG3M,4875,0.0,1.0884172039773596,-0.06612676349203489,1.0000000000000018,,,
eval,season_2023-24,reference,,,,,TOV,4875,0.0,1.063529528020464,-0.03634706239684221,1.0000000000000007,,,
eval,season_2023-24,reference,,,,,FG3A,4875,0.0,1.7500140342548114,-0.1436453805478211,0.9999999999999998,,,
eval,season_2023-24,reference,,,,,OREB,4875,0.0,0.8933037581060357,0.02134176554432497,0.9999999999999981,,,
eval,season_2023-24,reference,,,,,POOLED,4875,0.0,,,1.0000000000000007,,,
eval,season_2023-24,pit_q_s0.05,pit,True,0.05,,PTS,4875,4875.0,5.50345582240218,-0.20602676399554473,1.0004784519310266,,,
eval,season_2023-24,pit_q_s0.05,pit,True,0.05,,AST,4875,4875.0,1.6643874854032468,-0.20200666015352228,0.9997615372066272,,,
eval,season_2023-24,pit_q_s0.05,pit,True,0.05,,REB,4875,4875.0,2.0551601524757235,-0.0830258151135148,1.001418031597304,,,
eval,season_2023-24,pit_q_s0.05,pit,True,0.05,,STL,4875,4875.0,0.780134782889301,-0.006076400705246072,1.0012733700837129,,,
eval,season_2023-24,pit_q_s0.05,pit,True,0.05,,BLK,4875,4875.0,0.6399013337035832,-0.010807224427944965,1.0017464486835352,,,
eval,season_2023-24,pit_q_s0.05,pit,True,0.05,,FG3M,4875,4875.0,1.0901940478851084,-0.04992840111327622,1.0016325025929926,,,
eval,season_2023-24,pit_q_s0.05,pit,True,0.05,,TOV,4875,4875.0,1.064974251081112,-0.01997711282306971,1.0013584230833137,,,
eval,season_2023-24,pit_q_s0.05,pit,True,0.05,,FG3A,4875,4875.0,1.751343333773023,-0.10026454610606017,1.0007595936330747,,,
eval,season_2023-24,pit_q_s0.05,pit,True,0.05,,OREB,4875,4875.0,0.8950460963522967,0.032520024435497806,1.001950443206411,,,
eval,season_2023-24,pit_q_s0.05,pit,True,0.05,,POOLED,4875,4875.0,,,1.001153200224222,,,
eval,season_2023-24,pit_q_s0.10,pit,True,0.1,,PTS,4875,4875.0,5.5100972421530665,-0.05457510807083142,1.0016858019244514,,,
eval,season_2023-24,pit_q_s0.10,pit,True,0.1,,AST,4875,4875.0,1.6645874304633652,-0.1679848215624238,0.9998816398764767,,,
eval,season_2023-24,pit_q_s0.10,pit,True,0.1,,REB,4875,4875.0,2.059025625817527,-0.03297467536874691,1.0033015610635978,,,
eval,season_2023-24,pit_q_s0.10,pit,True,0.1,,STL,4875,4875.0,0.7812173323754598,0.002391955089064419,1.0026627812419668,,,
eval,season_2023-24,pit_q_s0.10,pit,True,0.1,,BLK,4875,4875.0,0.6410389316448912,-0.004924301363186213,1.0035273243243772,,,
eval,season_2023-24,pit_q_s0.10,pit,True,0.1,,FG3M,4875,4875.0,1.0921675671650566,-0.033730038734517534,1.0034457037007447,,,
eval,season_2023-24,pit_q_s0.10,pit,True,0.1,,TOV,4875,4875.0,1.0666603431556527,-0.0036071632492971862,1.0029437970951467,,,
eval,season_2023-24,pit_q_s0.10,pit,True,0.1,,FG3A,4875,4875.0,1.7537343719968175,-0.0568837116642992,1.0021258902324117,,,
eval,season_2023-24,pit_q_s0.10,pit,True,0.1,,OREB,4875,4875.0,0.8968918168522712,0.04369828332667066,1.0040166166476687,,,
eval,season_2023-24,pit_q_s0.10,pit,True,0.1,,POOLED,4875,4875.0,,,1.0026212351229826,,,
eval,season_2023-24,pit_q_s0.15,pit,True,0.15,,PTS,4875,4875.0,5.520866741889448,0.0968765478538817,1.0036435994923847,,,
eval,season_2023-24,pit_q_s0.15,pit,True,0.15,,AST,4875,4875.0,1.6654390273288056,-0.13396298297132536,1.000393175680933,,,
eval,season_2023-24,pit_q_s0.15,pit,True,0.15,,REB,4875,4875.0,2.0638995578538997,0.01707646437602093,1.0056764822687039,,,
eval,season_2023-24,pit_q_s0.15,pit,True,0.15,,STL,4875,4875.0,0.7823731533872541,0.010860310883374899,1.0041462336210631,,,
eval,season_2023-24,pit_q_s0.15,pit,True,0.15,,BLK,4875,4875.0,0.642212103591216,0.000958621701572529,1.0053638900088464,,,
eval,season_2023-24,pit_q_s0.15,pit,True,0.15,,FG3M,4875,4875.0,1.094374920941307,-0.017531676355758856,1.005473743838464,,,
eval,season_2023-24,pit_q_s0.15,pit,True,0.15,,TOV,4875,4875.0,1.0685938976148792,0.01276278632447532,1.004761851421128,,,
eval,season_2023-24,pit_q_s0.15,pit,True,0.15,,FG3A,4875,4875.0,1.7569613858420419,-0.013502877222538257,1.0039698833559287,,,
eval,season_2023-24,pit_q_s0.15,pit,True,0.15,,OREB,4875,4875.0,0.8988237994165765,0.054876542217843494,1.0061793552981828,,,
eval,season_2023-24,pit_q_s0.15,pit,True,0.15,,POOLED,4875,4875.0,,,1.0044009127761815,,,
eval,season_2023-24,pit_q_s0.20,pit,True,0.2,,PTS,4875,4875.0,5.5357721805384905,0.24832820377859496,1.006353273316647,,,
eval,season_2023-24,pit_q_s0.20,pit,True,0.2,,AST,4875,4875.0,1.6668038676485448,-0.09994114438022694,1.0012130057193531,,,
eval,season_2023-24,pit_q_s0.20,pit,True,0.2,,REB,4875,4875.0,2.0696394225379535,0.06712760412078878,1.0084733465357614,,,
eval,season_2023-24,pit_q_s0.20,pit,True,0.2,,STL,4875,4875.0,0.7836207006356722,0.019328666677685385,1.0057474131417814,,,
eval,season_2023-24,pit_q_s0.20,pit,True,0.2,,BLK,4875,4875.0,0.6434161119615945,0.006841544766331284,1.007248729195274,,,
eval,season_2023-24,pit_q_s0.20,pit,True,0.2,,FG3M,4875,4875.0,1.0968263405117162,-0.001333313977000193,1.0077260231679814,,,
eval,season_2023-24,pit_q_s0.20,pit,True,0.2,,TOV,4875,4875.0,1.0707508113075113,0.029132735898247837,1.006789922702465,,,
eval,season_2023-24,pit_q_s0.20,pit,True,0.2,,FG3A,4875,4875.0,1.761232753248069,0.02987795721922271,1.006410645156931,,,
eval,season_2023-24,pit_q_s0.20,pit,True,0.2,,OREB,4875,4875.0,0.9008696053997645,0.06605480110901635,1.0084695124419583,,,
eval,season_2023-24,pit_q_s0.20,pit,True,0.2,,POOLED,4875,4875.0,,,1.0064924301531282,,,
eval,season_2023-24,pit_q_s0.35,pit,True,0.35,,PTS,4875,4875.0,5.600123593999203,0.7026831715527344,1.0180517777829996,,,
eval,season_2023-24,pit_q_s0.35,pit,True,0.35,,AST,4875,4875.0,1.6749603503350952,0.0021243713930683347,1.0061124283240175,,,
eval,season_2023-24,pit_q_s0.35,pit,True,0.35,,REB,4875,4875.0,2.091591383241881,0.2172810233550923,1.019169879967157,,,
eval,season_2023-24,pit_q_s0.35,pit,True,0.35,,STL,4875,4875.0,0.7879061570766357,0.04473373406061683,1.0112476337537872,,,
eval,season_2023-24,pit_q_s0.35,pit,True,0.35,,BLK,4875,4875.0,0.64728907111604,0.024490313960607503,1.0133117312153,,,
eval,season_2023-24,pit_q_s0.35,pit,True,0.35,,FG3M,4875,4875.0,1.1050979882752097,0.0472617731592758,1.0153257264189652,,,
eval,season_2023-24,pit_q_s0.35,pit,True,0.35,,TOV,4875,4875.0,1.0782447917003128,0.07824258461956535,1.0138362530537717,,,
eval,season_2023-24,pit_q_s0.35,pit,True,0.35,,FG3A,4875,4875.0,1.7793099074006062,0.16002046054450547,1.0167403646898576,,,
eval,season_2023-24,pit_q_s0.35,pit,True,0.35,,OREB,4875,4875.0,0.907820467460402,0.09958957778253484,1.0162505857863429,,,
eval,season_2023-24,pit_q_s0.35,pit,True,0.35,,POOLED,4875,4875.0,,,1.0144495978880221,,,
eval,season_2023-24,pit_q_s0.50,pit,True,0.5,,PTS,4875,4875.0,5.692485657003773,1.1570381393268738,1.0348423647875908,,,
eval,season_2023-24,pit_q_s0.50,pit,True,0.5,,AST,4875,4875.0,1.6894396289043452,0.10418988716636364,1.0148098175599916,,,
eval,season_2023-24,pit_q_s0.50,pit,True,0.5,,REB,4875,4875.0,2.122113844425039,0.36743444258939584,1.0340425617679998,,,
eval,season_2023-24,pit_q_s0.50,pit,True,0.5,,STL,4875,4875.0,0.7928732876356013,0.07013880144354828,1.0176227572113026,,,
eval,season_2023-24,pit_q_s0.50,pit,True,0.5,,BLK,4875,4875.0,0.6513894695485691,0.042139083154883746,1.0197307826403066,,,
eval,season_2023-24,pit_q_s0.50,pit,True,0.5,,FG3M,4875,4875.0,1.115021544642046,0.09585686029555182,1.0244431460357932,,,
eval,season_2023-24,pit_q_s0.50,pit,True,0.5,,TOV,4875,4875.0,1.0871841745643118,0.1273524333408829,1.0222416453146126,,,
eval,season_2023-24,pit_q_s0.50,pit,True,0.5,,FG3A,4875,4875.0,1.8060462138887603,0.29016296386978835,1.0320181315904748,,,
eval,season_2023-24,pit_q_s0.50,pit,True,0.5,,OREB,4875,4875.0,0.9163050701009031,0.13312435445605333,1.0257485897558885,,,
eval,season_2023-24,pit_q_s0.50,pit,True,0.5,,POOLED,4875,4875.0,,,1.025055532962662,,,
eval,season_2023-24,pit_noq_s0.05,pit,False,0.05,,PTS,4875,4875.0,5.50345582240218,-0.20602676399554473,1.0004784519310266,,,
eval,season_2023-24,pit_noq_s0.05,pit,False,0.05,,AST,4875,4875.0,1.6643874854032468,-0.20200666015352228,0.9997615372066272,,,
eval,season_2023-24,pit_noq_s0.05,pit,False,0.05,,REB,4875,4875.0,2.0551601524757235,-0.0830258151135148,1.001418031597304,,,
eval,season_2023-24,pit_noq_s0.05,pit,False,0.05,,STL,4875,4875.0,0.780134782889301,-0.006076400705246072,1.0012733700837129,,,
eval,season_2023-24,pit_noq_s0.05,pit,False,0.05,,BLK,4875,4875.0,0.6399013337035832,-0.010807224427944965,1.0017464486835352,,,
eval,season_2023-24,pit_noq_s0.05,pit,False,0.05,,FG3M,4875,4875.0,1.0901940478851084,-0.04992840111327622,1.0016325025929926,,,
eval,season_2023-24,pit_noq_s0.05,pit,False,0.05,,TOV,4875,4875.0,1.064974251081112,-0.01997711282306971,1.0013584230833137,,,
eval,season_2023-24,pit_noq_s0.05,pit,False,0.05,,FG3A,4875,4875.0,1.751343333773023,-0.10026454610606017,1.0007595936330747,,,
eval,season_2023-24,pit_noq_s0.05,pit,False,0.05,,OREB,4875,4875.0,0.8950460963522967,0.032520024435497806,1.001950443206411,,,
eval,season_2023-24,pit_noq_s0.05,pit,False,0.05,,POOLED,4875,4875.0,,,1.001153200224222,,,
eval,season_2023-24,pit_noq_s0.10,pit,False,0.1,,PTS,4875,4875.0,5.5100972421530665,-0.05457510807083142,1.0016858019244514,,,
eval,season_2023-24,pit_noq_s0.10,pit,False,0.1,,AST,4875,4875.0,1.6645874304633652,-0.1679848215624238,0.9998816398764767,,,
eval,season_2023-24,pit_noq_s0.10,pit,False,0.1,,REB,4875,4875.0,2.059025625817527,-0.03297467536874691,1.0033015610635978,,,
eval,season_2023-24,pit_noq_s0.10,pit,False,0.1,,STL,4875,4875.0,0.7812173323754598,0.002391955089064419,1.0026627812419668,,,
eval,season_2023-24,pit_noq_s0.10,pit,False,0.1,,BLK,4875,4875.0,0.6410389316448912,-0.004924301363186213,1.0035273243243772,,,
eval,season_2023-24,pit_noq_s0.10,pit,False,0.1,,FG3M,4875,4875.0,1.0921675671650566,-0.033730038734517534,1.0034457037007447,,,
eval,season_2023-24,pit_noq_s0.10,pit,False,0.1,,TOV,4875,4875.0,1.0666603431556527,-0.0036071632492971862,1.0029437970951467,,,
eval,season_2023-24,pit_noq_s0.10,pit,False,0.1,,FG3A,4875,4875.0,1.7537343719968175,-0.0568837116642992,1.0021258902324117,,,
eval,season_2023-24,pit_noq_s0.10,pit,False,0.1,,OREB,4875,4875.0,0.8968918168522712,0.04369828332667066,1.0040166166476687,,,
eval,season_2023-24,pit_noq_s0.10,pit,False,0.1,,POOLED,4875,4875.0,,,1.0026212351229826,,,
eval,season_2023-24,pit_noq_s0.15,pit,False,0.15,,PTS,4875,4875.0,5.520866741889448,0.0968765478538817,1.0036435994923847,,,
eval,season_2023-24,pit_noq_s0.15,pit,False,0.15,,AST,4875,4875.0,1.6654390273288056,-0.13396298297132536,1.000393175680933,,,
eval,season_2023-24,pit_noq_s0.15,pit,False,0.15,,REB,4875,4875.0,2.0638995578538997,0.01707646437602093,1.0056764822687039,,,
eval,season_2023-24,pit_noq_s0.15,pit,False,0.15,,STL,4875,4875.0,0.7823731533872541,0.010860310883374899,1.0041462336210631,,,
eval,season_2023-24,pit_noq_s0.15,pit,False,0.15,,BLK,4875,4875.0,0.642212103591216,0.000958621701572529,1.0053638900088464,,,
eval,season_2023-24,pit_noq_s0.15,pit,False,0.15,,FG3M,4875,4875.0,1.094374920941307,-0.017531676355758856,1.005473743838464,,,
eval,season_2023-24,pit_noq_s0.15,pit,False,0.15,,TOV,4875,4875.0,1.0685938976148792,0.01276278632447532,1.004761851421128,,,
eval,season_2023-24,pit_noq_s0.15,pit,False,0.15,,FG3A,4875,4875.0,1.7569613858420419,-0.013502877222538257,1.0039698833559287,,,
eval,season_2023-24,pit_noq_s0.15,pit,False,0.15,,OREB,4875,4875.0,0.8988237994165765,0.054876542217843494,1.0061793552981828,,,
eval,season_2023-24,pit_noq_s0.15,pit,False,0.15,,POOLED,4875,4875.0,,,1.0044009127761815,,,
eval,season_2023-24,pit_noq_s0.20,pit,False,0.2,,PTS,4875,4875.0,5.5357721805384905,0.24832820377859496,1.006353273316647,,,
eval,season_2023-24,pit_noq_s0.20,pit,False,0.2,,AST,4875,4875.0,1.6668038676485448,-0.09994114438022694,1.0012130057193531,,,
eval,season_2023-24,pit_noq_s0.20,pit,False,0.2,,REB,4875,4875.0,2.0696394225379535,0.06712760412078878,1.0084733465357614,,,
eval,season_2023-24,pit_noq_s0.20,pit,False,0.2,,STL,4875,4875.0,0.7836207006356722,0.019328666677685385,1.0057474131417814,,,
eval,season_2023-24,pit_noq_s0.20,pit,False,0.2,,BLK,4875,4875.0,0.6434161119615945,0.006841544766331284,1.007248729195274,,,
eval,season_2023-24,pit_noq_s0.20,pit,False,0.2,,FG3M,4875,4875.0,1.0968263405117162,-0.001333313977000193,1.0077260231679814,,,
eval,season_2023-24,pit_noq_s0.20,pit,False,0.2,,TOV,4875,4875.0,1.0707508113075113,0.029132735898247837,1.006789922702465,,,
eval,season_2023-24,pit_noq_s0.20,pit,False,0.2,,FG3A,4875,4875.0,1.761232753248069,0.02987795721922271,1.006410645156931,,,
eval,season_2023-24,pit_noq_s0.20,pit,False,0.2,,OREB,4875,4875.0,0.9008696053997645,0.06605480110901635,1.0084695124419583,,,
eval,season_2023-24,pit_noq_s0.20,pit,False,0.2,,POOLED,4875,4875.0,,,1.0064924301531282,,,
eval,season_2023-24,pit_noq_s0.35,pit,False,0.35,,PTS,4875,4875.0,5.600123593999203,0.7026831715527344,1.0180517777829996,,,
eval,season_2023-24,pit_noq_s0.35,pit,False,0.35,,AST,4875,4875.0,1.6749603503350952,0.0021243713930683347,1.0061124283240175,,,
eval,season_2023-24,pit_noq_s0.35,pit,False,0.35,,REB,4875,4875.0,2.091591383241881,0.2172810233550923,1.019169879967157,,,
eval,season_2023-24,pit_noq_s0.35,pit,False,0.35,,STL,4875,4875.0,0.7879061570766357,0.04473373406061683,1.0112476337537872,,,
eval,season_2023-24,pit_noq_s0.35,pit,False,0.35,,BLK,4875,4875.0,0.64728907111604,0.024490313960607503,1.0133117312153,,,
eval,season_2023-24,pit_noq_s0.35,pit,False,0.35,,FG3M,4875,4875.0,1.1050979882752097,0.0472617731592758,1.0153257264189652,,,
eval,season_2023-24,pit_noq_s0.35,pit,False,0.35,,TOV,4875,4875.0,1.0782447917003128,0.07824258461956535,1.0138362530537717,,,
eval,season_2023-24,pit_noq_s0.35,pit,False,0.35,,FG3A,4875,4875.0,1.7793099074006062,0.16002046054450547,1.0167403646898576,,,
eval,season_2023-24,pit_noq_s0.35,pit,False,0.35,,OREB,4875,4875.0,0.907820467460402,0.09958957778253484,1.0162505857863429,,,
eval,season_2023-24,pit_noq_s0.35,pit,False,0.35,,POOLED,4875,4875.0,,,1.0144495978880221,,,
eval,season_2023-24,pit_noq_s0.50,pit,False,0.5,,PTS,4875,4875.0,5.692485657003773,1.1570381393268738,1.0348423647875908,,,
eval,season_2023-24,pit_noq_s0.50,pit,False,0.5,,AST,4875,4875.0,1.6894396289043452,0.10418988716636364,1.0148098175599916,,,
eval,season_2023-24,pit_noq_s0.50,pit,False,0.5,,REB,4875,4875.0,2.122113844425039,0.36743444258939584,1.0340425617679998,,,
eval,season_2023-24,pit_noq_s0.50,pit,False,0.5,,STL,4875,4875.0,0.7928732876356013,0.07013880144354828,1.0176227572113026,,,
eval,season_2023-24,pit_noq_s0.50,pit,False,0.5,,BLK,4875,4875.0,0.6513894695485691,0.042139083154883746,1.0197307826403066,,,
eval,season_2023-24,pit_noq_s0.50,pit,False,0.5,,FG3M,4875,4875.0,1.115021544642046,0.09585686029555182,1.0244431460357932,,,
eval,season_2023-24,pit_noq_s0.50,pit,False,0.5,,TOV,4875,4875.0,1.0871841745643118,0.1273524333408829,1.0222416453146126,,,
eval,season_2023-24,pit_noq_s0.50,pit,False,0.5,,FG3A,4875,4875.0,1.8060462138887603,0.29016296386978835,1.0320181315904748,,,
eval,season_2023-24,pit_noq_s0.50,pit,False,0.5,,OREB,4875,4875.0,0.9163050701009031,0.13312435445605333,1.0257485897558885,,,
eval,season_2023-24,pit_noq_s0.50,pit,False,0.5,,POOLED,4875,4875.0,,,1.025055532962662,,,
eval,season_2023-24,prod_prev_q_s0.05,prod_prev,True,0.05,,PTS,4875,4674.0,5.503622038786556,-0.21597257682169585,1.0005086685651368,,,
eval,season_2023-24,prod_prev_q_s0.05,prod_prev,True,0.05,,AST,4875,4674.0,1.6645703897357915,-0.20423233305296826,0.9998714038802656,,,
eval,season_2023-24,prod_prev_q_s0.05,prod_prev,True,0.05,,REB,4875,4674.0,2.054998609758446,-0.0863232969352089,1.0013393166661295,,,
eval,season_2023-24,prod_prev_q_s0.05,prod_prev,True,0.05,,STL,4875,4674.0,0.780072978517522,-0.006630046373096459,1.0011940465194078,,,
eval,season_2023-24,prod_prev_q_s0.05,prod_prev,True,0.05,,BLK,4875,4674.0,0.6398116643401353,-0.011185897313636813,1.0016060739700308,,,
eval,season_2023-24,prod_prev_q_s0.05,prod_prev,True,0.05,,FG3M,4875,4674.0,1.0900895801720922,-0.051001381559320776,1.0015365212793617,,,
eval,season_2023-24,prod_prev_q_s0.05,prod_prev,True,0.05,,TOV,4875,4674.0,1.064866850138132,-0.021050317700198377,1.0012574376944265,,,
eval,season_2023-24,prod_prev_q_s0.05,prod_prev,True,0.05,,FG3A,4875,4674.0,1.7510222734712864,-0.10314801935406176,1.0005761320747943,,,
eval,season_2023-24,prod_prev_q_s0.05,prod_prev,True,0.05,,OREB,4875,4674.0,0.8949232776622584,0.0317786292800338,1.0018129550463941,,,
eval,season_2023-24,prod_prev_q_s0.05,prod_prev,True,0.05,,POOLED,4875,4674.0,,,1.0010780617439943,,,
eval,season_2023-24,prod_prev_q_s0.10,prod_prev,True,0.1,,PTS,4875,4674.0,5.510362545352488,-0.07446673372313392,1.0017340316446155,,,
eval,season_2023-24,prod_prev_q_s0.10,prod_prev,True,0.1,,AST,4875,4674.0,1.664872768541518,-0.17243616736131578,1.0000530362839477,,,
eval,season_2023-24,prod_prev_q_s0.10,prod_prev,True,0.1,,REB,4875,4674.0,2.0585390190236525,-0.03956963901213519,1.0030644521370276,,,
eval,season_2023-24,prod_prev_q_s0.10,prod_prev,True,0.1,,STL,4875,4674.0,0.7810888534260159,0.0012846637533636366,1.0024978833890368,,,
eval,season_2023-24,prod_prev_q_s0.10,prod_prev,True,0.1,,BLK,4875,4674.0,0.6408541799312661,-0.005681647134569927,1.0032381010281215,,,
eval,season_2023-24,prod_prev_q_s0.10,prod_prev,True,0.1,,FG3M,4875,4674.0,1.0919455272158158,-0.035875999626606696,1.0032417010917916,,,
eval,season_2023-24,prod_prev_q_s0.10,prod_prev,True,0.1,,TOV,4875,4674.0,1.0664030653605052,-0.005753573003554528,1.002701887690312,,,
eval,season_2023-24,prod_prev_q_s0.10,prod_prev,True,0.1,,FG3A,4875,4674.0,1.752957485025415,-0.06265065816030242,1.001681958380326,,,
eval,season_2023-24,prod_prev_q_s0.10,prod_prev,True,0.1,,OREB,4875,4674.0,0.8966333075719863,0.04221549301574261,1.0037272310070744,,,
eval,season_2023-24,prod_prev_q_s0.10,prod_prev,True,0.1,,POOLED,4875,4674.0,,,1.0024378091835837,,,
eval,season_2023-24,prod_prev_q_s0.15,prod_prev,True,0.15,,PTS,4875,4674.0,5.520891857823416,0.06703910937542813,1.0036481653418337,,,
eval,season_2023-24,prod_prev_q_s0.15,prod_prev,True,0.15,,AST,4875,4674.0,1.6657408530803637,-0.1406400016696633,1.0005744758769468,,,
eval,season_2023-24,prod_prev_q_s0.15,prod_prev,True,0.15,,REB,4875,4674.0,2.063010882103594,0.007184018910938564,1.0052434571735416,,,
eval,season_2023-24,prod_prev_q_s0.15,prod_prev,True,0.15,,STL,4875,4674.0,0.782169437154266,0.009199373879823737,1.0038847715716603,,,
eval,season_2023-24,prod_prev_q_s0.15,prod_prev,True,0.15,,BLK,4875,4674.0,0.6419275994841305,-0.0001773969555030317,1.0049185073163938,,,
eval,season_2023-24,prod_prev_q_s0.15,prod_prev,True,0.15,,FG3M,4875,4674.0,1.0940026363604776,-0.020750617693892588,1.0051317016698278,,,
eval,season_2023-24,prod_prev_q_s0.15,prod_prev,True,0.15,,TOV,4875,4674.0,1.0681734603499098,0.009543171693089318,1.0043665288147572,,,
eval,season_2023-24,prod_prev_q_s0.15,prod_prev,True,0.15,,FG3A,4875,4674.0,1.7557245418231535,-0.022153296966543067,1.0032631210130685,,,
eval,season_2023-24,prod_prev_q_s0.15,prod_prev,True,0.15,,OREB,4875,4674.0,0.8984048876887456,0.05265235675145144,1.005710408734341,,,
eval,season_2023-24,prod_prev_q_s0.15,prod_prev,True,0.15,,POOLED,4875,4674.0,,,1.0040823486124855,,,
eval,season_2023-24,prod_prev_q_s0.20,prod_prev,True,0.2,,PTS,4875,4674.0,5.5350283595040874,0.20854495247399024,1.0062180533855658,,,
eval,season_2023-24,prod_prev_q_s0.20,prod_prev,True,0.2,,AST,4875,4674.0,1.6671121823997836,-0.10884383597801082,1.0013982037170222,,,
eval,season_2023-24,prod_prev_q_s0.20,prod_prev,True,0.2,,REB,4875,4674.0,2.068466682208657,0.05393767683401236,1.0079019052732767,,,
eval,season_2023-24,prod_prev_q_s0.20,prod_prev,True,0.2,,STL,4875,4674.0,0.7833315857732486,0.017114084006283833,1.0053763451943067,,,
eval,season_2023-24,prod_prev_q_s0.20,prod_prev,True,0.2,,BLK,4875,4674.0,0.6430355166844773,0.00532685322356387,1.0066529186426827,,,
eval,season_2023-24,prod_prev_q_s0.20,prod_prev,True,0.2,,FG3M,4875,4674.0,1.0963091569777874,-0.0056252357611784685,1.0072508528637645,,,
eval,season_2023-24,prod_prev_q_s0.20,prod_prev,True,0.2,,TOV,4875,4674.0,1.0701676785142251,0.024839916389733187,1.0062416231226954,,,
eval,season_2023-24,prod_prev_q_s0.20,prod_prev,True,0.2,,FG3A,4875,4674.0,1.759504865898196,0.01834406422721631,1.0054232888751806,,,
eval,season_2023-24,prod_prev_q_s0.20,prod_prev,True,0.2,,OREB,4875,4674.0,0.9002676699913565,0.06308922048716027,1.0077956818407257,,,
eval,season_2023-24,prod_prev_q_s0.20,prod_prev,True,0.2,,POOLED,4875,4674.0,,,1.0060287636572467,,,
eval,season_2023-24,prod_prev_q_s0.35,prod_prev,True,0.35,,PTS,4875,4674.0,5.595489916511317,0.633062481769676,1.017209417159161,,,
eval,season_2023-24,prod_prev_q_s0.35,prod_prev,True,0.35,,AST,4875,4674.0,1.675042923592247,-0.013455338903053478,1.0061620282923098,,,
eval,season_2023-24,prod_prev_q_s0.35,prod_prev,True,0.35,,REB,4875,4674.0,2.089100171927841,0.19419865060323355,1.01795598725549,,,
eval,season_2023-24,prod_prev_q_s0.35,prod_prev,True,0.35,,STL,4875,4674.0,0.7872958340676358,0.04085821438566412,1.010464307347294,,,
eval,season_2023-24,prod_prev_q_s0.35,prod_prev,True,0.35,,BLK,4875,4674.0,0.6465926697230485,0.021839603760764548,1.012221535609284,,,
eval,season_2023-24,prod_prev_q_s0.35,prod_prev,True,0.35,,FG3M,4875,4674.0,1.1040649542828613,0.039750910036963814,1.014376610594102,,,
eval,season_2023-24,prod_prev_q_s0.35,prod_prev,True,0.35,,TOV,4875,4674.0,1.07709923304149,0.07073015047966473,1.0127591239016032,,,
eval,season_2023-24,prod_prev_q_s0.35,prod_prev,True,0.35,,FG3A,4875,4674.0,1.775431190306655,0.13983614780849432,1.0145239726964055,,,
eval,season_2023-24,prod_prev_q_s0.35,prod_prev,True,0.35,,OREB,4875,4674.0,0.9066598725010815,0.09439981169428675,1.0149513693117798,,,
eval,season_2023-24,prod_prev_q_s0.35,prod_prev,True,0.35,,POOLED,4875,4674.0,,,1.013402705796381,,,
eval,season_2023-24,prod_prev_q_s0.50,prod_prev,True,0.5,,PTS,4875,4674.0,5.681740199737439,1.0575800110653621,1.032888937923083,,,
eval,season_2023-24,prod_prev_q_s0.50,prod_prev,True,0.5,,AST,4875,4674.0,1.6886921607311047,0.0819331581719039,1.0143608296070985,,,
eval,season_2023-24,prod_prev_q_s0.50,prod_prev,True,0.5,,REB,4875,4674.0,2.1175977871820173,0.3344596243724548,1.031842022238543,,,
eval,season_2023-24,prod_prev_q_s0.50,prod_prev,True,0.5,,STL,4875,4674.0,0.7918894754910334,0.06460234476504441,1.0163600716816656,,,
eval,season_2023-24,prod_prev_q_s0.50,prod_prev,True,0.5,,BLK,4875,4674.0,0.6503867434538799,0.03835235429796523,1.0181610448519143,,,
eval,season_2023-24,prod_prev_q_s0.50,prod_prev,True,0.5,,FG3M,4875,4674.0,1.1132177707220414,0.0851270558351061,1.0227859010809974,,,
eval,season_2023-24,prod_prev_q_s0.50,prod_prev,True,0.5,,TOV,4875,4674.0,1.0853214943921483,0.11662038456959627,1.0204902316273683,,,
eval,season_2023-24,prod_prev_q_s0.50,prod_prev,True,0.5,,FG3A,4875,4674.0,1.7993269574829924,0.26132823138977235,1.028178587292975,,,
eval,season_2023-24,prod_prev_q_s0.50,prod_prev,True,0.5,,OREB,4875,4674.0,0.9144512089703329,0.12571040290141322,1.0236733033667427,,,
eval,season_2023-24,prod_prev_q_s0.50,prod_prev,True,0.5,,POOLED,4875,4674.0,,,1.023193436630043,,,
eval,season_2023-24,prod_prev_noq_s0.05,prod_prev,False,0.05,,PTS,4875,4674.0,5.503622038786556,-0.21597257682169585,1.0005086685651368,,,
eval,season_2023-24,prod_prev_noq_s0.05,prod_prev,False,0.05,,AST,4875,4674.0,1.6645703897357915,-0.20423233305296826,0.9998714038802656,,,
eval,season_2023-24,prod_prev_noq_s0.05,prod_prev,False,0.05,,REB,4875,4674.0,2.054998609758446,-0.0863232969352089,1.0013393166661295,,,
eval,season_2023-24,prod_prev_noq_s0.05,prod_prev,False,0.05,,STL,4875,4674.0,0.780072978517522,-0.006630046373096459,1.0011940465194078,,,
eval,season_2023-24,prod_prev_noq_s0.05,prod_prev,False,0.05,,BLK,4875,4674.0,0.6398116643401353,-0.011185897313636813,1.0016060739700308,,,
eval,season_2023-24,prod_prev_noq_s0.05,prod_prev,False,0.05,,FG3M,4875,4674.0,1.0900895801720922,-0.051001381559320776,1.0015365212793617,,,
eval,season_2023-24,prod_prev_noq_s0.05,prod_prev,False,0.05,,TOV,4875,4674.0,1.064866850138132,-0.021050317700198377,1.0012574376944265,,,
eval,season_2023-24,prod_prev_noq_s0.05,prod_prev,False,0.05,,FG3A,4875,4674.0,1.7510222734712864,-0.10314801935406176,1.0005761320747943,,,
eval,season_2023-24,prod_prev_noq_s0.05,prod_prev,False,0.05,,OREB,4875,4674.0,0.8949232776622584,0.0317786292800338,1.0018129550463941,,,
eval,season_2023-24,prod_prev_noq_s0.05,prod_prev,False,0.05,,POOLED,4875,4674.0,,,1.0010780617439943,,,
eval,season_2023-24,prod_prev_noq_s0.10,prod_prev,False,0.1,,PTS,4875,4674.0,5.510362545352488,-0.07446673372313392,1.0017340316446155,,,
eval,season_2023-24,prod_prev_noq_s0.10,prod_prev,False,0.1,,AST,4875,4674.0,1.664872768541518,-0.17243616736131578,1.0000530362839477,,,
eval,season_2023-24,prod_prev_noq_s0.10,prod_prev,False,0.1,,REB,4875,4674.0,2.0585390190236525,-0.03956963901213519,1.0030644521370276,,,
eval,season_2023-24,prod_prev_noq_s0.10,prod_prev,False,0.1,,STL,4875,4674.0,0.7810888534260159,0.0012846637533636366,1.0024978833890368,,,
eval,season_2023-24,prod_prev_noq_s0.10,prod_prev,False,0.1,,BLK,4875,4674.0,0.6408541799312661,-0.005681647134569927,1.0032381010281215,,,
eval,season_2023-24,prod_prev_noq_s0.10,prod_prev,False,0.1,,FG3M,4875,4674.0,1.0919455272158158,-0.035875999626606696,1.0032417010917916,,,
eval,season_2023-24,prod_prev_noq_s0.10,prod_prev,False,0.1,,TOV,4875,4674.0,1.0664030653605052,-0.005753573003554528,1.002701887690312,,,
eval,season_2023-24,prod_prev_noq_s0.10,prod_prev,False,0.1,,FG3A,4875,4674.0,1.752957485025415,-0.06265065816030242,1.001681958380326,,,
eval,season_2023-24,prod_prev_noq_s0.10,prod_prev,False,0.1,,OREB,4875,4674.0,0.8966333075719863,0.04221549301574261,1.0037272310070744,,,
eval,season_2023-24,prod_prev_noq_s0.10,prod_prev,False,0.1,,POOLED,4875,4674.0,,,1.0024378091835837,,,
eval,season_2023-24,prod_prev_noq_s0.15,prod_prev,False,0.15,,PTS,4875,4674.0,5.520891857823416,0.06703910937542813,1.0036481653418337,,,
eval,season_2023-24,prod_prev_noq_s0.15,prod_prev,False,0.15,,AST,4875,4674.0,1.6657408530803637,-0.1406400016696633,1.0005744758769468,,,
eval,season_2023-24,prod_prev_noq_s0.15,prod_prev,False,0.15,,REB,4875,4674.0,2.063010882103594,0.007184018910938564,1.0052434571735416,,,
eval,season_2023-24,prod_prev_noq_s0.15,prod_prev,False,0.15,,STL,4875,4674.0,0.782169437154266,0.009199373879823737,1.0038847715716603,,,
eval,season_2023-24,prod_prev_noq_s0.15,prod_prev,False,0.15,,BLK,4875,4674.0,0.6419275994841305,-0.0001773969555030317,1.0049185073163938,,,
eval,season_2023-24,prod_prev_noq_s0.15,prod_prev,False,0.15,,FG3M,4875,4674.0,1.0940026363604776,-0.020750617693892588,1.0051317016698278,,,
eval,season_2023-24,prod_prev_noq_s0.15,prod_prev,False,0.15,,TOV,4875,4674.0,1.0681734603499098,0.009543171693089318,1.0043665288147572,,,
eval,season_2023-24,prod_prev_noq_s0.15,prod_prev,False,0.15,,FG3A,4875,4674.0,1.7557245418231535,-0.022153296966543067,1.0032631210130685,,,
eval,season_2023-24,prod_prev_noq_s0.15,prod_prev,False,0.15,,OREB,4875,4674.0,0.8984048876887456,0.05265235675145144,1.005710408734341,,,
eval,season_2023-24,prod_prev_noq_s0.15,prod_prev,False,0.15,,POOLED,4875,4674.0,,,1.0040823486124855,,,
eval,season_2023-24,prod_prev_noq_s0.20,prod_prev,False,0.2,,PTS,4875,4674.0,5.5350283595040874,0.20854495247399024,1.0062180533855658,,,
eval,season_2023-24,prod_prev_noq_s0.20,prod_prev,False,0.2,,AST,4875,4674.0,1.6671121823997836,-0.10884383597801082,1.0013982037170222,,,
eval,season_2023-24,prod_prev_noq_s0.20,prod_prev,False,0.2,,REB,4875,4674.0,2.068466682208657,0.05393767683401236,1.0079019052732767,,,
eval,season_2023-24,prod_prev_noq_s0.20,prod_prev,False,0.2,,STL,4875,4674.0,0.7833315857732486,0.017114084006283833,1.0053763451943067,,,
eval,season_2023-24,prod_prev_noq_s0.20,prod_prev,False,0.2,,BLK,4875,4674.0,0.6430355166844773,0.00532685322356387,1.0066529186426827,,,
eval,season_2023-24,prod_prev_noq_s0.20,prod_prev,False,0.2,,FG3M,4875,4674.0,1.0963091569777874,-0.0056252357611784685,1.0072508528637645,,,
eval,season_2023-24,prod_prev_noq_s0.20,prod_prev,False,0.2,,TOV,4875,4674.0,1.0701676785142251,0.024839916389733187,1.0062416231226954,,,
eval,season_2023-24,prod_prev_noq_s0.20,prod_prev,False,0.2,,FG3A,4875,4674.0,1.759504865898196,0.01834406422721631,1.0054232888751806,,,
eval,season_2023-24,prod_prev_noq_s0.20,prod_prev,False,0.2,,OREB,4875,4674.0,0.9002676699913565,0.06308922048716027,1.0077956818407257,,,
eval,season_2023-24,prod_prev_noq_s0.20,prod_prev,False,0.2,,POOLED,4875,4674.0,,,1.0060287636572467,,,
eval,season_2023-24,prod_prev_noq_s0.35,prod_prev,False,0.35,,PTS,4875,4674.0,5.595489916511317,0.633062481769676,1.017209417159161,,,
eval,season_2023-24,prod_prev_noq_s0.35,prod_prev,False,0.35,,AST,4875,4674.0,1.675042923592247,-0.013455338903053478,1.0061620282923098,,,
eval,season_2023-24,prod_prev_noq_s0.35,prod_prev,False,0.35,,REB,4875,4674.0,2.089100171927841,0.19419865060323355,1.01795598725549,,,
eval,season_2023-24,prod_prev_noq_s0.35,prod_prev,False,0.35,,STL,4875,4674.0,0.7872958340676358,0.04085821438566412,1.010464307347294,,,
eval,season_2023-24,prod_prev_noq_s0.35,prod_prev,False,0.35,,BLK,4875,4674.0,0.6465926697230485,0.021839603760764548,1.012221535609284,,,
eval,season_2023-24,prod_prev_noq_s0.35,prod_prev,False,0.35,,FG3M,4875,4674.0,1.1040649542828613,0.039750910036963814,1.014376610594102,,,
eval,season_2023-24,prod_prev_noq_s0.35,prod_prev,False,0.35,,TOV,4875,4674.0,1.07709923304149,0.07073015047966473,1.0127591239016032,,,
eval,season_2023-24,prod_prev_noq_s0.35,prod_prev,False,0.35,,FG3A,4875,4674.0,1.775431190306655,0.13983614780849432,1.0145239726964055,,,
eval,season_2023-24,prod_prev_noq_s0.35,prod_prev,False,0.35,,OREB,4875,4674.0,0.9066598725010815,0.09439981169428675,1.0149513693117798,,,
eval,season_2023-24,prod_prev_noq_s0.35,prod_prev,False,0.35,,POOLED,4875,4674.0,,,1.013402705796381,,,
eval,season_2023-24,prod_prev_noq_s0.50,prod_prev,False,0.5,,PTS,4875,4674.0,5.681740199737439,1.0575800110653621,1.032888937923083,,,
eval,season_2023-24,prod_prev_noq_s0.50,prod_prev,False,0.5,,AST,4875,4674.0,1.6886921607311047,0.0819331581719039,1.0143608296070985,,,
eval,season_2023-24,prod_prev_noq_s0.50,prod_prev,False,0.5,,REB,4875,4674.0,2.1175977871820173,0.3344596243724548,1.031842022238543,,,
eval,season_2023-24,prod_prev_noq_s0.50,prod_prev,False,0.5,,STL,4875,4674.0,0.7918894754910334,0.06460234476504441,1.0163600716816656,,,
eval,season_2023-24,prod_prev_noq_s0.50,prod_prev,False,0.5,,BLK,4875,4674.0,0.6503867434538799,0.03835235429796523,1.0181610448519143,,,
eval,season_2023-24,prod_prev_noq_s0.50,prod_prev,False,0.5,,FG3M,4875,4674.0,1.1132177707220414,0.0851270558351061,1.0227859010809974,,,
eval,season_2023-24,prod_prev_noq_s0.50,prod_prev,False,0.5,,TOV,4875,4674.0,1.0853214943921483,0.11662038456959627,1.0204902316273683,,,
eval,season_2023-24,prod_prev_noq_s0.50,prod_prev,False,0.5,,FG3A,4875,4674.0,1.7993269574829924,0.26132823138977235,1.028178587292975,,,
eval,season_2023-24,prod_prev_noq_s0.50,prod_prev,False,0.5,,OREB,4875,4674.0,0.9144512089703329,0.12571040290141322,1.0236733033667427,,,
eval,season_2023-24,prod_prev_noq_s0.50,prod_prev,False,0.5,,POOLED,4875,4674.0,,,1.023193436630043,,,
eval,season_2023-24,loso_perstat_pit_q,pit,True,per_stat_loso,,PTS,4875,4875.0,5.502708891775212,-0.508930075844971,1.0003426667041648,,,
eval,season_2023-24,loso_perstat_pit_q,pit,True,per_stat_loso,,AST,4875,4875.0,1.6664411007635207,-0.2836590727721585,1.000995099503523,,,
eval,season_2023-24,loso_perstat_pit_q,pit,True,per_stat_loso,,REB,4875,4875.0,2.0490612123013867,-0.23317923434781831,0.9984462005909193,,,
eval,season_2023-24,loso_perstat_pit_q,pit,True,per_stat_loso,,STL,4875,4875.0,0.7743330942500742,-0.08737261633062672,0.9938271230205316,,,
eval,season_2023-24,loso_perstat_pit_q,pit,True,per_stat_loso,,BLK,4875,4875.0,0.6239906317765305,-0.16611639333757586,0.9768387194571566,,,
eval,season_2023-24,loso_perstat_pit_q,pit,True,per_stat_loso,,FG3M,4875,4875.0,1.0820653179863495,-0.1633169377645869,0.9941641073222688,,,
eval,season_2023-24,loso_perstat_pit_q,pit,True,per_stat_loso,,TOV,4875,4875.0,1.0594615961521023,-0.1411147396689863,0.9961750644799373,,,
eval,season_2023-24,loso_perstat_pit_q,pit,True,per_stat_loso,,FG3A,4875,4875.0,1.7499683391726553,-0.2130547156546386,0.9999738887338832,,,
eval,season_2023-24,loso_perstat_pit_q,pit,True,per_stat_loso,,OREB,4875,4875.0,0.8825131832213818,-0.07926256447623058,0.9879205983555543,,,
eval,season_2023-24,loso_perstat_pit_q,pit,True,per_stat_loso,,POOLED,4875,4875.0,,,0.9942981631297708,,,
eval,season_2023-24,loso_uniform_pit_q,pit,True,uniform_loso,,PTS,4875,4875.0,5.521144793392733,-0.8421237188793399,1.003694146738795,,,
eval,season_2023-24,loso_uniform_pit_q,pit,True,uniform_loso,,AST,4875,4875.0,1.6699294378737717,-0.34489838223613567,1.0030904681014157,,,
eval,season_2023-24,loso_uniform_pit_q,pit,True,uniform_loso,,REB,4875,4875.0,2.049472321085476,-0.29324060204153973,0.998646521596968,,,
eval,season_2023-24,loso_uniform_pit_q,pit,True,uniform_loso,,STL,4875,4875.0,0.7766343688593654,-0.04164349504135009,0.996780721596151,,,
eval,season_2023-24,loso_uniform_pit_q,pit,True,uniform_loso,,BLK,4875,4875.0,0.6355022930195873,-0.03551550129993169,0.9948598817228097,,,
eval,season_2023-24,loso_uniform_pit_q,pit,True,uniform_loso,,FG3M,4875,4875.0,1.0840854483589168,-0.1179615231040626,0.9960201330862729,,,
eval,season_2023-24,loso_uniform_pit_q,pit,True,uniform_loso,,TOV,4875,4875.0,1.0602538115745437,-0.08873090103291426,0.9969199572182855,,,
eval,season_2023-24,loso_uniform_pit_q,pit,True,uniform_loso,,FG3A,4875,4875.0,1.752522987618084,-0.2824640507614561,1.0014336761386833,,,
eval,season_2023-24,loso_uniform_pit_q,pit,True,uniform_loso,,OREB,4875,4875.0,0.8884697695221403,-0.014428662907428105,0.994588639597637,,,
eval,season_2023-24,loso_uniform_pit_q,pit,True,uniform_loso,,POOLED,4875,4875.0,,,0.9984482384218908,,,
eval,season_2023-24,loso_perstat_pit_noq,pit,False,per_stat_loso,,PTS,4875,4875.0,5.503558976092416,-0.5392204070299136,1.0004972043381775,,,
eval,season_2023-24,loso_perstat_pit_noq,pit,False,per_stat_loso,,AST,4875,4875.0,1.6671182210107252,-0.29726780820859783,1.0014018309799104,,,
eval,season_2023-24,loso_perstat_pit_noq,pit,False,per_stat_loso,,REB,4875,4875.0,2.04911941616946,-0.2732201461436326,0.9984745615937963,,,
eval,season_2023-24,loso_perstat_pit_noq,pit,False,per_stat_loso,,STL,4875,4875.0,0.774269273300195,-0.11616502603128237,0.9937452112548096,,,
eval,season_2023-24,loso_perstat_pit_noq,pit,False,per_stat_loso,,BLK,4875,4875.0,0.6234812936348263,-0.23318171627582557,0.9760413657906497,,,
eval,season_2023-24,loso_perstat_pit_noq,pit,False,per_stat_loso,,FG3M,4875,4875.0,1.08174014986327,-0.2054326799493594,0.9938653541218496,,,
eval,season_2023-24,loso_perstat_pit_noq,pit,False,per_stat_loso,,TOV,4875,4875.0,1.0601144768455888,-0.17712862873128582,0.9967889455958681,,,
eval,season_2023-24,loso_perstat_pit_noq,pit,False,per_stat_loso,,FG3A,4875,4875.0,1.7509733842576911,-0.24775938320804736,1.00054819560535,,,
eval,season_2023-24,loso_perstat_pit_noq,pit,False,per_stat_loso,,OREB,4875,4875.0,0.8804038485732707,-0.13068255537562565,0.9855593246801998,,,
eval,season_2023-24,loso_perstat_pit_noq,pit,False,per_stat_loso,,POOLED,4875,4875.0,,,0.9941024437734013,,,
eval,season_2023-24,loso_uniform_pit_noq,pit,False,uniform_loso,,PTS,4875,4875.0,5.538025364512853,-1.023865705988996,1.0067628817676515,,,
eval,season_2023-24,loso_uniform_pit_noq,pit,False,uniform_loso,,AST,4875,4875.0,1.6729083439851686,-0.3857245885454538,1.0048798325248107,,,
eval,season_2023-24,loso_uniform_pit_noq,pit,False,uniform_loso,,REB,4875,4875.0,2.0515358038222806,-0.3533019697352612,0.9996519949748147,,,
eval,season_2023-24,loso_uniform_pit_noq,pit,False,uniform_loso,,STL,4875,4875.0,0.7759400109351395,-0.05180552199452268,0.9958895395669906,,,
eval,season_2023-24,loso_uniform_pit_noq,pit,False,uniform_loso,,BLK,4875,4875.0,0.634451347874274,-0.042575008977642194,0.9932146584491129,,,
eval,season_2023-24,loso_uniform_pit_noq,pit,False,uniform_loso,,FG3M,4875,4875.0,1.0829622363938867,-0.13739955795857303,0.9949881648658832,,,
eval,season_2023-24,loso_uniform_pit_noq,pit,False,uniform_loso,,TOV,4875,4875.0,1.059646264095155,-0.10837484052144128,0.9963487013543139,,,
eval,season_2023-24,loso_uniform_pit_noq,pit,False,uniform_loso,,FG3A,4875,4875.0,1.7557393154082384,-0.3345210520915693,1.0032715629939872,,,
eval,season_2023-24,loso_uniform_pit_noq,pit,False,uniform_loso,,OREB,4875,4875.0,0.886880922429596,-0.027842573576835512,0.99281002053539,,,
eval,season_2023-24,loso_uniform_pit_noq,pit,False,uniform_loso,,POOLED,4875,4875.0,,,0.9986463730036615,,,
eval,season_2023-24,loso_perstat_prod_prev_q,prod_prev,True,per_stat_loso,,PTS,4875,4674.0,5.501989108321818,-0.4989842630188197,1.000211816587726,,,
eval,season_2023-24,loso_perstat_prod_prev_q,prod_prev,True,per_stat_loso,,AST,4875,4674.0,1.6660695586187264,-0.28054313071293413,1.0007719221790874,,,
eval,season_2023-24,loso_perstat_prod_prev_q,prod_prev,True,per_stat_loso,,REB,4875,4674.0,2.0491259487203095,-0.22658427070443013,0.9984777447103068,,,
eval,season_2023-24,loso_perstat_prod_prev_q,prod_prev,True,per_stat_loso,,STL,4875,4674.0,0.7743703245019702,-0.08577714763769743,0.9938749066351101,,,
eval,season_2023-24,loso_perstat_prod_prev_q,prod_prev,True,per_stat_loso,,BLK,4875,4674.0,0.6253345662275102,-0.15980065214844294,0.978942608748558,,,
eval,season_2023-24,loso_perstat_prod_prev_q,prod_prev,True,per_stat_loso,,FG3M,4875,4674.0,1.0821181233844288,-0.1629292078614051,0.9942126230916689,,,
eval,season_2023-24,loso_perstat_prod_prev_q,prod_prev,True,per_stat_loso,,TOV,4875,4674.0,1.0598086149097243,-0.13424622845536285,0.9965013542053086,,,
eval,season_2023-24,loso_perstat_prod_prev_q,prod_prev,True,per_stat_loso,,FG3A,4875,4674.0,1.750288106731014,-0.208441158457836,1.000156611587586,,,
eval,season_2023-24,loso_perstat_prod_prev_q,prod_prev,True,per_stat_loso,,OREB,4875,4674.0,0.883010560245435,-0.0746773808241962,0.988477382114203,,,
eval,season_2023-24,loso_perstat_prod_prev_q,prod_prev,True,per_stat_loso,,POOLED,4875,4674.0,,,0.9946252188732838,,,
eval,season_2023-24,loso_uniform_prod_prev_q,prod_prev,True,uniform_loso,,PTS,4875,4674.0,5.519264130303663,-0.8385982864553685,1.0033522592127249,,,
eval,season_2023-24,loso_uniform_prod_prev_q,prod_prev,True,uniform_loso,,AST,4875,4674.0,1.6693695412678469,-0.344135462096239,1.0027541503290667,,,
eval,season_2023-24,loso_uniform_prod_prev_q,prod_prev,True,uniform_loso,,REB,4875,4674.0,2.049498028904005,-0.2920393917967333,0.998659048247505,,,
eval,season_2023-24,loso_uniform_prod_prev_q,prod_prev,True,uniform_loso,,STL,4875,4674.0,0.7766384100285534,-0.04145477092952089,0.99678590828335,,,
eval,season_2023-24,loso_uniform_prod_prev_q,prod_prev,True,uniform_loso,,BLK,4875,4674.0,0.6356036476132502,-0.03540459810153115,0.9950185493156274,,,
eval,season_2023-24,loso_uniform_prod_prev_q,prod_prev,True,uniform_loso,,FG3M,4875,4674.0,1.0841277256999897,-0.11755306206326283,0.9960589760418219,,,
eval,season_2023-24,loso_uniform_prod_prev_q,prod_prev,True,uniform_loso,,TOV,4875,4674.0,1.0604024803868854,-0.0883559943654313,0.9970597453562026,,,
eval,season_2023-24,loso_uniform_prod_prev_q,prod_prev,True,uniform_loso,,FG3A,4875,4674.0,1.7531816316974083,-0.28133640860660286,1.0018100411657243,,,
eval,season_2023-24,loso_uniform_prod_prev_q,prod_prev,True,uniform_loso,,OREB,4875,4674.0,0.8885578118828913,-0.014143571157085023,0.9946871977419995,,,
eval,season_2023-24,loso_uniform_prod_prev_q,prod_prev,True,uniform_loso,,POOLED,4875,4674.0,,,0.9984650972993357,,,
eval,season_2023-24,loso_perstat_prod_prev_noq,prod_prev,False,per_stat_loso,,PTS,4875,4674.0,5.502654629962426,-0.5272854316385323,1.0003328023977713,,,
eval,season_2023-24,loso_perstat_prod_prev_noq,prod_prev,False,per_stat_loso,,AST,4875,4674.0,1.6666343256184393,-0.29326159698959514,1.001111165491566,,,
eval,season_2023-24,loso_perstat_prod_prev_noq,prod_prev,False,per_stat_loso,,REB,4875,4674.0,2.049112864776484,-0.26398719704288914,0.9984713692960815,,,
eval,season_2023-24,loso_perstat_prod_prev_noq,prod_prev,False,per_stat_loso,,STL,4875,4674.0,0.7742773990067219,-0.1142701040929538,0.9937556402905826,,,
eval,season_2023-24,loso_perstat_prod_prev_noq,prod_prev,False,per_stat_loso,,BLK,4875,4674.0,0.6251711015569485,-0.2192465540823654,0.9786867096831934,,,
eval,season_2023-24,loso_perstat_prod_prev_noq,prod_prev,False,per_stat_loso,,FG3M,4875,4674.0,1.081685962765081,-0.20225520088646176,0.9938155688942816,,,
eval,season_2023-24,loso_perstat_prod_prev_noq,prod_prev,False,per_stat_loso,,TOV,4875,4674.0,1.0604844330569938,-0.1678990667879793,0.9971368026150272,,,
eval,season_2023-24,loso_perstat_prod_prev_noq,prod_prev,False,per_stat_loso,,FG3A,4875,4674.0,1.7512804046708126,-0.24083904741284357,1.0007236344344748,,,
eval,season_2023-24,loso_perstat_prod_prev_noq,prod_prev,False,per_stat_loso,,OREB,4875,4674.0,0.8811910295999184,-0.12268695400845676,0.9864405266448222,,,
eval,season_2023-24,loso_perstat_prod_prev_noq,prod_prev,False,per_stat_loso,,POOLED,4875,4674.0,,,0.9944971355275333,,,
eval,season_2023-24,loso_uniform_prod_prev_noq,prod_prev,False,uniform_loso,,PTS,4875,4674.0,5.534440783100846,-1.0084052981736433,1.0061112373141234,,,
eval,season_2023-24,loso_uniform_prod_prev_noq,prod_prev,False,uniform_loso,,AST,4875,4674.0,1.6720203165050405,-0.38229086092622205,1.0043464136386433,,,
eval,season_2023-24,loso_uniform_prod_prev_noq,prod_prev,False,uniform_loso,,REB,4875,4674.0,2.0514910789594345,-0.3481437813044219,0.9996302018877598,,,
eval,season_2023-24,loso_uniform_prod_prev_noq,prod_prev,False,uniform_loso,,STL,4875,4674.0,0.7759671079818862,-0.05095242308127301,0.9959243175975442,,,
eval,season_2023-24,loso_uniform_prod_prev_noq,prod_prev,False,uniform_loso,,BLK,4875,4674.0,0.6346401260308483,-0.042009698316411416,0.9935101850216905,,,
eval,season_2023-24,loso_uniform_prod_prev_noq,prod_prev,False,uniform_loso,,FG3M,4875,4674.0,1.083079039490945,-0.13570352038251973,0.9950954795027995,,,
eval,season_2023-24,loso_uniform_prod_prev_noq,prod_prev,False,uniform_loso,,TOV,4875,4674.0,1.0599054037600766,-0.10671208800140394,0.9965923614108465,,,
eval,season_2023-24,loso_uniform_prod_prev_noq,prod_prev,False,uniform_loso,,FG3A,4875,4674.0,1.7565481161744205,-0.3299332420391141,1.0037337311539853,,,
eval,season_2023-24,loso_uniform_prod_prev_noq,prod_prev,False,uniform_loso,,OREB,4875,4674.0,0.8871181778745743,-0.02666780763993561,0.9930756137816126,,,
eval,season_2023-24,loso_uniform_prod_prev_noq,prod_prev,False,uniform_loso,,POOLED,4875,4674.0,,,0.9986688379232226,,,
eval,season_2023-24,loso_const_perstat,,,const_loso,,PTS,4875,4875.0,5.502677298551033,-0.5191733793107989,1.000336923341987,,,
eval,season_2023-24,loso_const_perstat,,,const_loso,,AST,4875,4875.0,1.6681317138744993,-0.34519379762843605,1.0020106142063652,,,
eval,season_2023-24,loso_const_perstat,,,const_loso,,REB,4875,4875.0,2.049442352843291,-0.292973876981765,0.9986319189694972,,,
eval,season_2023-24,loso_const_perstat,,,const_loso,,STL,4875,4875.0,0.7742182251907865,-0.15042458148616153,0.993679692944814,,,
eval,season_2023-24,loso_const_perstat,,,const_loso,,BLK,4875,4875.0,0.6171761071904813,-0.20559079555258494,0.9661707845053231,,,
eval,season_2023-24,loso_const_perstat,,,const_loso,,FG3M,4875,4875.0,1.0809560895065355,-0.25664974258483414,0.9931449866433962,,,
eval,season_2023-24,loso_const_perstat,,,const_loso,,TOV,4875,4875.0,1.0586350224005923,-0.21107133051613233,0.9953978657941156,,,
eval,season_2023-24,loso_const_perstat,,,const_loso,,FG3A,4875,4875.0,1.7501003144209184,-0.2827698652852328,1.0000493025566755,,,
eval,season_2023-24,loso_const_perstat,,,const_loso,,OREB,4875,4875.0,0.8745078923899665,-0.15638257621040072,0.9789591552195847,,,
eval,season_2023-24,loso_const_perstat,,,const_loso,,POOLED,4875,4875.0,,,0.9920423604646397,,,
eval,season_2023-24,loso_constw_pit_q,pit,True,const_plus_w_loso,,PTS,4875,4875.0,5.504076269113599,-0.5791482350569854,1.000591243526958,,,
eval,season_2023-24,loso_constw_pit_q,pit,True,const_plus_w_loso,,AST,4875,4875.0,1.6683935314691245,-0.35545345855174415,1.0021678823684765,,,
eval,season_2023-24,loso_constw_pit_q,pit,True,const_plus_w_loso,,REB,4875,4875.0,2.049442352843291,-0.292973876981765,0.9986319189694972,,,
eval,season_2023-24,loso_constw_pit_q,pit,True,const_plus_w_loso,,STL,4875,4875.0,0.774444178010793,-0.15260196017867803,0.9939696948092737,,,
eval,season_2023-24,loso_constw_pit_q,pit,True,const_plus_w_loso,,BLK,4875,4875.0,0.6181321592279081,-0.2747739707941478,0.9676674554494292,,,
eval,season_2023-24,loso_constw_pit_q,pit,True,const_plus_w_loso,,FG3M,4875,4875.0,1.0810871637116093,-0.2568645427394831,0.9932654130796881,,,
eval,season_2023-24,loso_constw_pit_q,pit,True,const_plus_w_loso,,TOV,4875,4875.0,1.0590789456942145,-0.22271605527979835,0.995815271500235,,,
eval,season_2023-24,loso_constw_pit_q,pit,True,const_plus_w_loso,,FG3A,4875,4875.0,1.7501003144209184,-0.2827698652852328,1.0000493025566755,,,
eval,season_2023-24,loso_constw_pit_q,pit,True,const_plus_w_loso,,OREB,4875,4875.0,0.8751079477431519,-0.1482461336862832,0.9796308812117126,,,
eval,season_2023-24,loso_constw_pit_q,pit,True,const_plus_w_loso,,POOLED,4875,4875.0,,,0.9924210070524384,,,
eval,season_2024-25,reference,,,,,PTS,5224,0.0,5.50413438776581,-0.5323642923111181,1.0000000000000016,,,
eval,season_2024-25,reference,,,,,AST,5224,0.0,1.6325322087322316,-0.15293990454055026,0.9999999999999974,,,
eval,season_2024-25,reference,,,,,REB,5224,0.0,2.037970283930788,-0.0850003836863294,1.0000000000000004,,,
eval,season_2024-25,reference,,,,,STL,5224,0.0,0.8228012740336135,0.006144361096914846,1.0000000000000002,,,
eval,season_2024-25,reference,,,,,BLK,5224,0.0,0.5823906366435398,0.0015743885633247106,1.0000000000000007,,,
eval,season_2024-25,reference,,,,,FG3M,5224,0.0,1.1019375705891672,-0.021643484476424762,1.0000000000000029,,,
eval,season_2024-25,reference,,,,,TOV,5224,0.0,1.0669009572919506,-0.017196641875681824,1.000000000000004,,,
eval,season_2024-25,reference,,,,,FG3A,5224,0.0,1.776293619758187,-0.07388338300235149,0.9999999999999972,,,
eval,season_2024-25,reference,,,,,OREB,5224,0.0,0.8993322136711248,-0.03989172582325032,1.000000000000004,,,
eval,season_2024-25,reference,,,,,POOLED,5224,0.0,,,1.0000000000000009,,,
eval,season_2024-25,pit_q_s0.05,pit,True,0.05,,PTS,5224,5224.0,5.506942991523799,-0.3666330015628102,1.0005102716540204,,,
eval,season_2024-25,pit_q_s0.05,pit,True,0.05,,AST,5224,5224.0,1.634408339483887,-0.11388106714069614,1.0011492151527646,,,
eval,season_2024-25,pit_q_s0.05,pit,True,0.05,,REB,5224,5224.0,2.0428437836785682,-0.028730949226319878,1.002391349759223,,,
eval,season_2024-25,pit_q_s0.05,pit,True,0.05,,STL,5224,5224.0,0.824068960758766,0.017208906684351575,1.0015406961135804,,,
eval,season_2024-25,pit_q_s0.05,pit,True,0.05,,BLK,5224,5224.0,0.5837549648381539,0.00752917069471331,1.002342634150984,,,
eval,season_2024-25,pit_q_s0.05,pit,True,0.05,,FG3M,5224,5224.0,1.104824703347305,-0.0021071179833745107,1.002620051112875,,,
eval,season_2024-25,pit_q_s0.05,pit,True,0.05,,TOV,5224,5224.0,1.068863659526169,0.0023630296383091902,1.0018396292746838,,,
eval,season_2024-25,pit_q_s0.05,pit,True,0.05,,FG3A,5224,5224.0,1.780540831864928,-0.020471893075197756,1.0023910529540236,,,
eval,season_2024-25,pit_q_s0.05,pit,True,0.05,,OREB,5224,5224.0,0.9010689272679934,-0.02703604268585556,1.0019311146320256,,,
eval,season_2024-25,pit_q_s0.05,pit,True,0.05,,POOLED,5224,5224.0,,,1.0018573349782425,,,
eval,season_2024-25,pit_q_s0.10,pit,True,0.1,,PTS,5224,5224.0,5.515123613308167,-0.20090171081450223,1.001996540194729,,,
eval,season_2024-25,pit_q_s0.10,pit,True,0.1,,AST,5224,5224.0,1.6376303503534735,-0.07482222974084204,1.0031228429025585,,,
eval,season_2024-25,pit_q_s0.10,pit,True,0.1,,REB,5224,5224.0,2.048620305013931,0.027538485233689635,1.0052257980242,,,
eval,season_2024-25,pit_q_s0.10,pit,True,0.1,,STL,5224,5224.0,0.8254251868887286,0.028273452271788298,1.0031889995044028,,,
eval,season_2024-25,pit_q_s0.10,pit,True,0.1,,BLK,5224,5224.0,0.5852009063850563,0.013483952826101911,1.0048254033713748,,,
eval,season_2024-25,pit_q_s0.10,pit,True,0.1,,FG3M,5224,5224.0,1.1081579543288376,0.017429248509675734,1.0056449511348884,,,
eval,season_2024-25,pit_q_s0.10,pit,True,0.1,,TOV,5224,5224.0,1.0712009605730217,0.02192270115230021,1.0040303678159497,,,
eval,season_2024-25,pit_q_s0.10,pit,True,0.1,,FG3A,5224,5224.0,1.7861812754622497,0.03293959685195598,1.0055664534253093,,,
eval,season_2024-25,pit_q_s0.10,pit,True,0.1,,OREB,5224,5224.0,0.9029603414706383,-0.014180359548460805,1.0040342464601673,,,
eval,season_2024-25,pit_q_s0.10,pit,True,0.1,,POOLED,5224,5224.0,,,1.0041817336481755,,,
eval,season_2024-25,pit_q_s0.15,pit,True,0.15,,PTS,5224,5224.0,5.5285664439517,-0.03517042006619429,1.0044388553157793,,,
eval,season_2024-25,pit_q_s0.15,pit,True,0.15,,AST,5224,5224.0,1.6419727062339011,-0.035763392340987944,1.0057827327700912,,,
eval,season_2024-25,pit_q_s0.15,pit,True,0.15,,REB,5224,5224.0,2.0555188856725275,0.08380791969369912,1.0086108231705386,,,
eval,season_2024-25,pit_q_s0.15,pit,True,0.15,,STL,5224,5224.0,0.8269059322277537,0.03933799785922502,1.0049886385980153,,,
eval,season_2024-25,pit_q_s0.15,pit,True,0.15,,BLK,5224,5224.0,0.5867033801539128,0.019438734957490503,1.0074052418411614,,,
eval,season_2024-25,pit_q_s0.15,pit,True,0.15,,FG3M,5224,5224.0,1.111842463650518,0.03696561500272597,1.0089886154403993,,,
eval,season_2024-25,pit_q_s0.15,pit,True,0.15,,TOV,5224,5224.0,1.0739980130762001,0.041482372666291206,1.0066520286965228,,,
eval,season_2024-25,pit_q_s0.15,pit,True,0.15,,FG3A,5224,5224.0,1.7933934694038325,0.08635108677910973,1.0096267021709893,,,
eval,season_2024-25,pit_q_s0.15,pit,True,0.15,,OREB,5224,5224.0,0.9051182924890754,-0.0013246764110660617,1.0064337502093195,,,
eval,season_2024-25,pit_q_s0.15,pit,True,0.15,,POOLED,5224,5224.0,,,1.0069919320236465,,,
eval,season_2024-25,pit_q_s0.20,pit,True,0.2,,PTS,5224,5224.0,5.546628747438329,0.13056087068211378,1.007720443702643,,,
eval,season_2024-25,pit_q_s0.20,pit,True,0.2,,AST,5224,5224.0,1.6472118921665617,0.0032954450588661803,1.0089919717086169,,,
eval,season_2024-25,pit_q_s0.20,pit,True,0.2,,REB,5224,5224.0,2.0638288300590673,0.14007735415370864,1.0126883823244002,,,
eval,season_2024-25,pit_q_s0.20,pit,True,0.2,,STL,5224,5224.0,0.8285739590831547,0.050402543446661736,1.0070158922108152,,,
eval,season_2024-25,pit_q_s0.20,pit,True,0.2,,BLK,5224,5224.0,0.5882311421311227,0.025393517088879106,1.010028501696462,,,
eval,season_2024-25,pit_q_s0.20,pit,True,0.2,,FG3M,5224,5224.0,1.1158141252930125,0.056501981495776225,1.0125928683023568,,,
eval,season_2024-25,pit_q_s0.20,pit,True,0.2,,TOV,5224,5224.0,1.0772038152668748,0.061042044180282244,1.0096568082580784,,,
eval,season_2024-25,pit_q_s0.20,pit,True,0.2,,FG3A,5224,5224.0,1.802326991401504,0.1397625767062635,1.014656006953882,,,
eval,season_2024-25,pit_q_s0.20,pit,True,0.2,,OREB,5224,5224.0,0.9074529215877529,0.011531006726328705,1.0090297087029527,,,
eval,season_2024-25,pit_q_s0.20,pit,True,0.2,,POOLED,5224,5224.0,,,1.0102645093178007,,,
eval,season_2024-25,pit_q_s0.35,pit,True,0.35,,PTS,5224,5224.0,5.631911069248735,0.6277547429270376,1.023214673276682,,,
eval,season_2024-25,pit_q_s0.35,pit,True,0.35,,AST,5224,5224.0,1.6687655402057326,0.12047195725842846,1.0221945584164824,,,
eval,season_2024-25,pit_q_s0.35,pit,True,0.35,,REB,5224,5224.0,2.09833589741534,0.30888565753373703,1.0296204581394195,,,
eval,season_2024-25,pit_q_s0.35,pit,True,0.35,,STL,5224,5224.0,0.8349046329046281,0.08359618020897192,1.0147099418206786,,,
eval,season_2024-25,pit_q_s0.35,pit,True,0.35,,BLK,5224,5224.0,0.5931761914936882,0.043257863483044896,1.0185194509862119,,,
eval,season_2024-25,pit_q_s0.35,pit,True,0.35,,FG3M,5224,5224.0,1.1299374904796522,0.11511108097492695,1.0254097152486756,,,
eval,season_2024-25,pit_q_s0.35,pit,True,0.35,,TOV,5224,5224.0,1.0890364350245718,0.11972105872225525,1.0207474532489038,,,
eval,season_2024-25,pit_q_s0.35,pit,True,0.35,,FG3A,5224,5224.0,1.836817104805855,0.2999970464877247,1.03407290572597,,,
eval,season_2024-25,pit_q_s0.35,pit,True,0.35,,OREB,5224,5224.0,0.9157252319001711,0.05009805613851296,1.0182279895903348,,,
eval,season_2024-25,pit_q_s0.35,pit,True,0.35,,POOLED,5224,5224.0,,,1.022968571828151,,,
eval,season_2024-25,pit_q_s0.50,pit,True,0.5,,PTS,5224,5224.0,5.757938287242442,1.1249486151719614,1.046111501209123,,,
eval,season_2024-25,pit_q_s0.50,pit,True,0.5,,AST,5224,5224.0,1.697583148837718,0.23764846945799076,1.039846650349397,,,
eval,season_2024-25,pit_q_s0.50,pit,True,0.5,,REB,5224,5224.0,2.1460177880202984,0.4776939609137656,1.053017212734384,,,
eval,season_2024-25,pit_q_s0.50,pit,True,0.5,,STL,5224,5224.0,0.8428029015442113,0.11678981697128209,1.0243091839327667,,,
eval,season_2024-25,pit_q_s0.50,pit,True,0.5,,BLK,5224,5224.0,0.5983939623059021,0.06112220987721068,1.0274786795244406,,,
eval,season_2024-25,pit_q_s0.50,pit,True,0.5,,FG3M,5224,5224.0,1.1465240651291997,0.1737201804540777,1.040461906127946,,,
eval,season_2024-25,pit_q_s0.50,pit,True,0.5,,TOV,5224,5224.0,1.1035265660299194,0.17840007326422827,1.0343289679212002,,,
eval,season_2024-25,pit_q_s0.50,pit,True,0.5,,FG3A,5224,5224.0,1.8845108926848084,0.46023151626918596,1.0609230769749363,,,
eval,season_2024-25,pit_q_s0.50,pit,True,0.5,,OREB,5224,5224.0,0.9256563227638165,0.08866510555069722,1.0292707285389444,,,
eval,season_2024-25,pit_q_s0.50,pit,True,0.5,,POOLED,5224,5224.0,,,1.0395275452570154,,,
eval,season_2024-25,pit_noq_s0.05,pit,False,0.05,,PTS,5224,5224.0,5.506022328070841,-0.38569445592911883,1.000343004035155,,,
eval,season_2024-25,pit_noq_s0.05,pit,False,0.05,,AST,5224,5224.0,1.6338261502426905,-0.11849257472607151,1.0007925978449512,,,
eval,season_2024-25,pit_noq_s0.05,pit,False,0.05,,REB,5224,5224.0,2.0417863600880986,-0.03529085619957326,1.001872488616444,,,
eval,season_2024-25,pit_noq_s0.05,pit,False,0.05,,STL,5224,5224.0,0.8238598831389069,0.015948048813450525,1.001286591475611,,,
eval,season_2024-25,pit_noq_s0.05,pit,False,0.05,,BLK,5224,5224.0,0.5834203688039931,0.006849907019035643,1.0017681124929965,,,
eval,season_2024-25,pit_noq_s0.05,pit,False,0.05,,FG3M,5224,5224.0,1.1044603162076911,-0.004369302617726933,1.0022893725432904,,,
eval,season_2024-25,pit_noq_s0.05,pit,False,0.05,,TOV,5224,5224.0,1.0686721613682428,1.9162833300481617e-05,1.0016601391761726,,,
eval,season_2024-25,pit_noq_s0.05,pit,False,0.05,,FG3A,5224,5224.0,1.7801076752968938,-0.02664139819876426,1.0021471988055788,,,
eval,season_2024-25,pit_noq_s0.05,pit,False,0.05,,OREB,5224,5224.0,0.9008325657498991,-0.02854768454267584,1.001668295715388,,,
eval,season_2024-25,pit_noq_s0.05,pit,False,0.05,,POOLED,5224,5224.0,,,1.001536422300621,,,
eval,season_2024-25,pit_noq_s0.10,pit,False,0.1,,PTS,5224,5224.0,5.511079754970911,-0.23902461954711934,1.0012618454993663,,,
eval,season_2024-25,pit_noq_s0.10,pit,False,0.1,,AST,5224,5224.0,1.635879315006772,-0.0840452449115928,1.0020502543573921,,,
eval,season_2024-25,pit_noq_s0.10,pit,False,0.1,,REB,5224,5224.0,2.046248177857248,0.014418671287182865,1.0040618324966422,,,
eval,season_2024-25,pit_noq_s0.10,pit,False,0.1,,STL,5224,5224.0,0.8250167777617439,0.025751736529986205,1.002692635266921,,,
eval,season_2024-25,pit_noq_s0.10,pit,False,0.1,,BLK,5224,5224.0,0.584478616479494,0.012125425474746574,1.0035851878525865,,,
eval,season_2024-25,pit_noq_s0.10,pit,False,0.1,,FG3M,5224,5224.0,1.1073119764409822,0.012904879240970902,1.0048772326085085,,,
eval,season_2024-25,pit_noq_s0.10,pit,False,0.1,,TOV,5224,5224.0,1.0706798917289149,0.0172349675422828,1.00354197304927,,,
eval,season_2024-25,pit_noq_s0.10,pit,False,0.1,,FG3A,5224,5224.0,1.785045225381831,0.02060058660482304,1.0049268913237612,,,
eval,season_2024-25,pit_noq_s0.10,pit,False,0.1,,OREB,5224,5224.0,0.9024473251680998,-0.01720364326210137,1.003463805087402,,,
eval,season_2024-25,pit_noq_s0.10,pit,False,0.1,,POOLED,5224,5224.0,,,1.003384628615761,,,
eval,season_2024-25,pit_noq_s0.15,pit,False,0.15,,PTS,5224,5224.0,5.519579123179534,-0.09235478316512001,1.0028060244037758,,,
eval,season_2024-25,pit_noq_s0.15,pit,False,0.15,,AST,5224,5224.0,1.6387292777158298,-0.04959791509711407,1.003795985739483,,,
eval,season_2024-25,pit_noq_s0.15,pit,False,0.15,,REB,5224,5224.0,2.051491374099728,0.06412819877393895,1.0066345865175532,,,
eval,season_2024-25,pit_noq_s0.15,pit,False,0.15,,STL,5224,5224.0,0.8262676413020619,0.035555424246521874,1.0042128851496004,,,
eval,season_2024-25,pit_noq_s0.15,pit,False,0.15,,BLK,5224,5224.0,0.5856078942128115,0.0174009439304575,1.005524226123919,,,
eval,season_2024-25,pit_noq_s0.15,pit,False,0.15,,FG3M,5224,5224.0,1.1103970088147024,0.03017906109966872,1.0076768761237676,,,
eval,season_2024-25,pit_noq_s0.15,pit,False,0.15,,TOV,5224,5224.0,1.0729238377205,0.03445077225126509,1.0056452104456266,,,
eval,season_2024-25,pit_noq_s0.15,pit,False,0.15,,FG3A,5224,5224.0,1.7908203096879456,0.06784257140841027,1.008178090473427,,,
eval,season_2024-25,pit_noq_s0.15,pit,False,0.15,,OREB,5224,5224.0,0.904173223188789,-0.005859601981526909,1.0053828934892777,,,
eval,season_2024-25,pit_noq_s0.15,pit,False,0.15,,POOLED,5224,5224.0,,,1.0055396420518254,,,
eval,season_2024-25,pit_noq_s0.20,pit,False,0.2,,PTS,5224,5224.0,5.531392640337143,0.05431505321687944,1.0049523232266873,,,
eval,season_2024-25,pit_noq_s0.20,pit,False,0.2,,AST,5224,5224.0,1.6422355165539009,-0.015150585282635336,1.0059437160074167,,,
eval,season_2024-25,pit_noq_s0.20,pit,False,0.2,,REB,5224,5224.0,2.0573948821939863,0.11383772626069508,1.0095313451900454,,,
eval,season_2024-25,pit_noq_s0.20,pit,False,0.2,,STL,5224,5224.0,0.8276248867259829,0.04535911196305756,1.0058624273498298,,,
eval,season_2024-25,pit_noq_s0.20,pit,False,0.2,,BLK,5224,5224.0,0.5867551547510657,0.022676462386168425,1.007494141960592,,,
eval,season_2024-25,pit_noq_s0.20,pit,False,0.2,,FG3M,5224,5224.0,1.1137534562931595,0.047453242958366566,1.0107228267910657,,,
eval,season_2024-25,pit_noq_s0.20,pit,False,0.2,,TOV,5224,5224.0,1.0754639728103004,0.05166657696024741,1.0080260641438443,,,
eval,season_2024-25,pit_noq_s0.20,pit,False,0.2,,FG3A,5224,5224.0,1.797667187604191,0.11508455621199756,1.0120326772602544,,,
eval,season_2024-25,pit_noq_s0.20,pit,False,0.2,,OREB,5224,5224.0,0.906025981271096,0.005484439299047575,1.0074430421797642,,,
eval,season_2024-25,pit_noq_s0.20,pit,False,0.2,,POOLED,5224,5224.0,,,1.0080009515677222,,,
eval,season_2024-25,pit_noq_s0.35,pit,False,0.35,,PTS,5224,5224.0,5.589266211603897,0.49432456236287775,1.015466886860052,,,
eval,season_2024-25,pit_noq_s0.35,pit,False,0.35,,AST,5224,5224.0,1.6567697268427581,0.08819140416080085,1.0148465788184016,,,
eval,season_2024-25,pit_noq_s0.35,pit,False,0.35,,REB,5224,5224.0,2.0814770044011004,0.2629663087209635,1.0213480642055284,,,
eval,season_2024-25,pit_noq_s0.35,pit,False,0.35,,STL,5224,5224.0,0.8322879682570306,0.0747701751126646,1.0115297514999104,,,
eval,season_2024-25,pit_noq_s0.35,pit,False,0.35,,BLK,5224,5224.0,0.5903175788408876,0.03850301775330122,1.01361103990791,,,
eval,season_2024-25,pit_noq_s0.35,pit,False,0.35,,FG3M,5224,5224.0,1.1250237894373274,0.09927578853446006,1.020950568765724,,,
eval,season_2024-25,pit_noq_s0.35,pit,False,0.35,,TOV,5224,5224.0,1.0848387689896017,0.10331399108719432,1.0168130055325715,,,
eval,season_2024-25,pit_noq_s0.35,pit,False,0.35,,FG3A,5224,5224.0,1.8252547266271415,0.25681051062275934,1.0275636338071263,,,
eval,season_2024-25,pit_noq_s0.35,pit,False,0.35,,OREB,5224,5224.0,0.9123719968385978,0.03951656314077098,1.0144994063030919,,,
eval,season_2024-25,pit_noq_s0.35,pit,False,0.35,,POOLED,5224,5224.0,,,1.017403215077813,,,
eval,season_2024-25,pit_noq_s0.50,pit,False,0.5,,PTS,5224,5224.0,5.679044526226778,0.9343340715088763,1.031777955649076,,,
eval,season_2024-25,pit_noq_s0.50,pit,False,0.5,,AST,5224,5224.0,1.6764538996055487,0.19153339360423707,1.0269040271538783,,,
eval,season_2024-25,pit_noq_s0.50,pit,False,0.5,,REB,5224,5224.0,2.1147734801086173,0.4120948911812319,1.0376861217179743,,,
eval,season_2024-25,pit_noq_s0.50,pit,False,0.5,,STL,5224,5224.0,0.8379211771964631,0.10418123826227162,1.018376129984252,,,
eval,season_2024-25,pit_noq_s0.50,pit,False,0.5,,BLK,5224,5224.0,0.5941911744824427,0.054329573120434,1.0202622382580062,,,
eval,season_2024-25,pit_noq_s0.50,pit,False,0.5,,FG3M,5224,5224.0,1.1381176299030193,0.15109833411055354,1.032833129824688,,,
eval,season_2024-25,pit_noq_s0.50,pit,False,0.5,,TOV,5224,5224.0,1.0963522758474422,0.15496140521414126,1.0276045478769187,,,
eval,season_2024-25,pit_noq_s0.50,pit,False,0.5,,FG3A,5224,5224.0,1.8606150132425001,0.39853646503352114,1.0474704139824513,,,
eval,season_2024-25,pit_noq_s0.50,pit,False,0.5,,OREB,5224,5224.0,0.9198170080720313,0.07354868698249441,1.0227777834369907,,,
eval,season_2024-25,pit_noq_s0.50,pit,False,0.5,,POOLED,5224,5224.0,,,1.0295213719871372,,,
eval,season_2024-25,prod_prev_q_s0.05,prod_prev,True,0.05,,PTS,5224,5031.0,5.506540628500636,-0.37458295595645086,1.000437169691965,,,
eval,season_2024-25,prod_prev_q_s0.05,prod_prev,True,0.05,,AST,5224,5031.0,1.6342277631183086,-0.11576585889903275,1.0010386039411678,,,
eval,season_2024-25,prod_prev_q_s0.05,prod_prev,True,0.05,,REB,5224,5031.0,2.0425797818286964,-0.031423840536335255,1.0022618081991945,,,
eval,season_2024-25,prod_prev_q_s0.05,prod_prev,True,0.05,,STL,5224,5031.0,0.8240900704011295,0.016679355931438534,1.0015663519347728,,,
eval,season_2024-25,prod_prev_q_s0.05,prod_prev,True,0.05,,BLK,5224,5031.0,0.5837018328076893,0.007246749638720628,1.0022514032363339,,,
eval,season_2024-25,prod_prev_q_s0.05,prod_prev,True,0.05,,FG3M,5224,5031.0,1.1047464301549148,-0.003044180179144623,1.0025490187835677,,,
eval,season_2024-25,prod_prev_q_s0.05,prod_prev,True,0.05,,TOV,5224,5031.0,1.068742138767848,0.0014335667254477056,1.001725728581756,,,
eval,season_2024-25,prod_prev_q_s0.05,prod_prev,True,0.05,,FG3A,5224,5031.0,1.7804401544168915,-0.02302967169764803,1.002334374572186,,,
eval,season_2024-25,prod_prev_q_s0.05,prod_prev,True,0.05,,OREB,5224,5031.0,0.9010245567604962,-0.02764078054348521,1.001881777460708,,,
eval,season_2024-25,prod_prev_q_s0.05,prod_prev,True,0.05,,POOLED,5224,5031.0,,,1.0017829151557391,,,
eval,season_2024-25,prod_prev_q_s0.10,prod_prev,True,0.1,,PTS,5224,5031.0,5.514068999594118,-0.21680161960178315,1.001804936276701,,,
eval,season_2024-25,prod_prev_q_s0.10,prod_prev,True,0.1,,AST,5224,5031.0,1.6372558862829578,-0.07859181325751524,1.0028934666804463,,,
eval,season_2024-25,prod_prev_q_s0.10,prod_prev,True,0.1,,REB,5224,5031.0,2.0480054960693357,0.022152702613659016,1.0049241209342823,,,
eval,season_2024-25,prod_prev_q_s0.10,prod_prev,True,0.1,,STL,5224,5031.0,0.8254593890939047,0.027214350765962243,1.0032305675066113,,,
eval,season_2024-25,prod_prev_q_s0.10,prod_prev,True,0.1,,BLK,5224,5031.0,0.5850863910501463,0.012919110714116553,1.0046287736048491,,,
eval,season_2024-25,prod_prev_q_s0.10,prod_prev,True,0.1,,FG3M,5224,5031.0,1.107986376864675,0.015555124118135553,1.0054892458855693,,,
eval,season_2024-25,prod_prev_q_s0.10,prod_prev,True,0.1,,TOV,5224,5031.0,1.0709147477470273,0.020063775326577278,1.003762102215438,,,
eval,season_2024-25,prod_prev_q_s0.10,prod_prev,True,0.1,,FG3A,5224,5031.0,1.7859147653167946,0.02782403960705555,1.0054164162115904,,,
eval,season_2024-25,prod_prev_q_s0.10,prod_prev,True,0.1,,OREB,5224,5031.0,0.902861942011506,-0.015389835263720071,1.0039248325443346,,,
eval,season_2024-25,prod_prev_q_s0.10,prod_prev,True,0.1,,POOLED,5224,5031.0,,,1.0040082735399802,,,
eval,season_2024-25,prod_prev_q_s0.15,prod_prev,True,0.15,,PTS,5224,5031.0,5.526729067710608,-0.05902028324711586,1.0041050378411958,,,
eval,season_2024-25,prod_prev_q_s0.15,prod_prev,True,0.15,,AST,5224,5031.0,1.641322976802045,-0.041417767615997775,1.0053847440330967,,,
eval,season_2024-25,prod_prev_q_s0.15,prod_prev,True,0.15,,REB,5224,5031.0,2.054604516137711,0.07572924576365313,1.0081621564053624,,,
eval,season_2024-25,prod_prev_q_s0.15,prod_prev,True,0.15,,STL,5224,5031.0,0.826944931850235,0.03774934560048592,1.00503603719074,,,
eval,season_2024-25,prod_prev_q_s0.15,prod_prev,True,0.15,,BLK,5224,5031.0,0.5865298398731189,0.018591471789512464,1.007107262667262,,,
eval,season_2024-25,prod_prev_q_s0.15,prod_prev,True,0.15,,FG3M,5224,5031.0,1.1115660632059086,0.03415442841541568,1.0087377841301812,,,
eval,season_2024-25,prod_prev_q_s0.15,prod_prev,True,0.15,,TOV,5224,5031.0,1.0735406250069777,0.0386939839277068,1.006223321546064,,,
eval,season_2024-25,prod_prev_q_s0.15,prod_prev,True,0.15,,FG3A,5224,5031.0,1.7928695765744744,0.07867775091175896,1.0093317662304835,,,
eval,season_2024-25,prod_prev_q_s0.15,prod_prev,True,0.15,,OREB,5224,5031.0,0.9049594300761886,-0.0031388899839549706,1.0062571053494203,,,
eval,season_2024-25,prod_prev_q_s0.15,prod_prev,True,0.15,,POOLED,5224,5031.0,,,1.0067050239326452,,,
eval,season_2024-25,prod_prev_q_s0.20,prod_prev,True,0.2,,PTS,5224,5031.0,5.543400625648231,0.09876105310755186,1.0071339533369148,,,
eval,season_2024-25,prod_prev_q_s0.20,prod_prev,True,0.2,,AST,5224,5031.0,1.6462982484612336,-0.004243721974480214,1.0084323235127397,,,
eval,season_2024-25,prod_prev_q_s0.20,prod_prev,True,0.2,,REB,5224,5031.0,2.062443284004644,0.12930578891364738,1.0120085166436548,,,
eval,season_2024-25,prod_prev_q_s0.20,prod_prev,True,0.2,,STL,5224,5031.0,0.8285949582020256,0.04828434043500963,1.007041413706143,,,
eval,season_2024-25,prod_prev_q_s0.20,prod_prev,True,0.2,,BLK,5224,5031.0,0.5880037352860195,0.024263832864908394,1.0096380303688084,,,
eval,season_2024-25,prod_prev_q_s0.20,prod_prev,True,0.2,,FG3M,5224,5031.0,1.1154101160588015,0.05275373271269585,1.0122262329819955,,,
eval,season_2024-25,prod_prev_q_s0.20,prod_prev,True,0.2,,TOV,5224,5031.0,1.0765419239681864,0.057324192528836374,1.0090364214319492,,,
eval,season_2024-25,prod_prev_q_s0.20,prod_prev,True,0.2,,FG3A,5224,5031.0,1.8014703394150526,0.12953146221646258,1.014173737594288,,,
eval,season_2024-25,prod_prev_q_s0.20,prod_prev,True,0.2,,OREB,5224,5031.0,0.9072377955584139,0.009112055295810169,1.008790502293943,,,
eval,season_2024-25,prod_prev_q_s0.20,prod_prev,True,0.2,,POOLED,5224,5031.0,,,1.0098312368744928,,,
eval,season_2024-25,prod_prev_q_s0.35,prod_prev,True,0.35,,PTS,5224,5031.0,5.624076385646952,0.5721050621715543,1.0217912553421205,,,
eval,season_2024-25,prod_prev_q_s0.35,prod_prev,True,0.35,,AST,5224,5031.0,1.66641135906353,0.10727841495007226,1.0207525157237807,,,
eval,season_2024-25,prod_prev_q_s0.35,prod_prev,True,0.35,,REB,5224,5031.0,2.095503518381298,0.2900354183636299,1.0282306542466075,,,
eval,season_2024-25,prod_prev_q_s0.35,prod_prev,True,0.35,,STL,5224,5031.0,0.8348744549600348,0.0798893249385807,1.0146732647450034,,,
eval,season_2024-25,prod_prev_q_s0.35,prod_prev,True,0.35,,BLK,5224,5031.0,0.5927358110416073,0.041280916091096145,1.0177632910750243,,,
eval,season_2024-25,prod_prev_q_s0.35,prod_prev,True,0.35,,FG3M,5224,5031.0,1.1288476093096838,0.10855164560453628,1.0244206563409322,,,
eval,season_2024-25,prod_prev_q_s0.35,prod_prev,True,0.35,,TOV,5224,5031.0,1.0877173669398417,0.11321481833222498,1.019511098481655,,,
eval,season_2024-25,prod_prev_q_s0.35,prod_prev,True,0.35,,FG3A,5224,5031.0,1.8346348410185118,0.282092596130573,1.0328443567050936,,,
eval,season_2024-25,prod_prev_q_s0.35,prod_prev,True,0.35,,OREB,5224,5031.0,0.9152375771722504,0.045864891135105515,1.0176857486692295,,,
eval,season_2024-25,prod_prev_q_s0.35,prod_prev,True,0.35,,POOLED,5224,5031.0,,,1.0219636490366053,,,
eval,season_2024-25,prod_prev_q_s0.50,prod_prev,True,0.5,,PTS,5224,5031.0,5.744705621329489,1.045449071235557,1.043707369154796,,,
eval,season_2024-25,prod_prev_q_s0.50,prod_prev,True,0.5,,AST,5224,5031.0,1.6935311785656497,0.21880055187462483,1.0373646348336267,,,
eval,season_2024-25,prod_prev_q_s0.50,prod_prev,True,0.5,,REB,5224,5031.0,2.141125829373319,0.45076504781361243,1.0506168054833303,,,
eval,season_2024-25,prod_prev_q_s0.50,prod_prev,True,0.5,,STL,5224,5031.0,0.8426156629044372,0.11149430944215179,1.0240816215240989,,,
eval,season_2024-25,prod_prev_q_s0.50,prod_prev,True,0.5,,BLK,5224,5031.0,0.597732333444079,0.0582979993172839,1.0263426226921462,,,
eval,season_2024-25,prod_prev_q_s0.50,prod_prev,True,0.5,,FG3M,5224,5031.0,1.14474939066916,0.16434955849637678,1.0388514024956115,,,
eval,season_2024-25,prod_prev_q_s0.50,prod_prev,True,0.5,,TOV,5224,5031.0,1.1013049714318932,0.16910544413561363,1.032246680354728,,,
eval,season_2024-25,prod_prev_q_s0.50,prod_prev,True,0.5,,FG3A,5224,5031.0,1.8793865476262537,0.4346537300446836,1.0580382244924664,,,
eval,season_2024-25,prod_prev_q_s0.50,prod_prev,True,0.5,,OREB,5224,5031.0,0.9248073648691576,0.08261772697440088,1.0283267415653283,,,
eval,season_2024-25,prod_prev_q_s0.50,prod_prev,True,0.5,,POOLED,5224,5031.0,,,1.037730678066237,,,
eval,season_2024-25,prod_prev_noq_s0.05,prod_prev,False,0.05,,PTS,5224,5031.0,5.505668763113936,-0.3941789140219092,1.0002787677843665,,,
eval,season_2024-25,prod_prev_noq_s0.05,prod_prev,False,0.05,,AST,5224,5031.0,1.6337470014891475,-0.12050510552254906,1.0007441156446495,,,
eval,season_2024-25,prod_prev_noq_s0.05,prod_prev,False,0.05,,REB,5224,5031.0,2.0415596853106424,-0.03818075987671811,1.0017612628644086,,,
eval,season_2024-25,prod_prev_noq_s0.05,prod_prev,False,0.05,,STL,5224,5031.0,0.823855001669704,0.015388810857488002,1.0012806587317555,,,
eval,season_2024-25,prod_prev_noq_s0.05,prod_prev,False,0.05,,BLK,5224,5031.0,0.5833718571616033,0.006546964251267984,1.0016848150645397,,,
eval,season_2024-25,prod_prev_noq_s0.05,prod_prev,False,0.05,,FG3M,5224,5031.0,1.1043659274328586,-0.00536577884646247,1.002203715444965,,,
eval,season_2024-25,prod_prev_noq_s0.05,prod_prev,False,0.05,,TOV,5224,5031.0,1.0685270184850293,-0.0009770217273813273,1.0015240976043458,,,
eval,season_2024-25,prod_prev_noq_s0.05,prod_prev,False,0.05,,FG3A,5224,5031.0,1.7799335202041693,-0.029362952795185113,1.0020491547149017,,,
eval,season_2024-25,prod_prev_noq_s0.05,prod_prev,False,0.05,,OREB,5224,5031.0,0.9007876569365529,-0.02919908360026827,1.001618359982337,,,
eval,season_2024-25,prod_prev_noq_s0.05,prod_prev,False,0.05,,POOLED,5224,5031.0,,,1.0014605497595854,,,
eval,season_2024-25,prod_prev_noq_s0.10,prod_prev,False,0.1,,PTS,5224,5031.0,5.51008823051893,-0.25599353573269973,1.001081703740076,,,
eval,season_2024-25,prod_prev_noq_s0.10,prod_prev,False,0.1,,AST,5224,5031.0,1.6356088676492497,-0.0880703065045478,1.0018845930883062,,,
eval,season_2024-25,prod_prev_noq_s0.10,prod_prev,False,0.1,,REB,5224,5031.0,2.045718368064063,0.008638863932893226,1.003801863154909,,,
eval,season_2024-25,prod_prev_noq_s0.10,prod_prev,False,0.1,,STL,5224,5031.0,0.8250017466044804,0.024633260618061172,1.0026743669951794,,,
eval,season_2024-25,prod_prev_noq_s0.10,prod_prev,False,0.1,,BLK,5224,5031.0,0.584377240221755,0.011519539939211265,1.0034111186774308,,,
eval,season_2024-25,prod_prev_noq_s0.10,prod_prev,False,0.1,,FG3M,5224,5031.0,1.1070808393368206,0.010911926783499845,1.0046674774369537,,,
eval,season_2024-25,prod_prev_noq_s0.10,prod_prev,False,0.1,,TOV,5224,5031.0,1.0703704997945742,0.015242598420919214,1.0032519818066659,,,
eval,season_2024-25,prod_prev_noq_s0.10,prod_prev,False,0.1,,FG3A,5224,5031.0,1.7846055160666108,0.01515747741198137,1.0046793481753036,,,
eval,season_2024-25,prod_prev_noq_s0.10,prod_prev,False,0.1,,OREB,5224,5031.0,0.9023403799662769,-0.018506441377286187,1.0033448888513359,,,
eval,season_2024-25,prod_prev_noq_s0.10,prod_prev,False,0.1,,POOLED,5224,5031.0,,,1.0031997046584624,,,
eval,season_2024-25,prod_prev_noq_s0.15,prod_prev,False,0.15,,PTS,5224,5031.0,5.517690900895996,-0.11780815744349074,1.002462969138313,,,
eval,season_2024-25,prod_prev_noq_s0.15,prod_prev,False,0.15,,AST,5224,5031.0,1.6381923401667426,-0.055635507486546644,1.0034670871448854,,,
eval,season_2024-25,prod_prev_noq_s0.15,prod_prev,False,0.15,,REB,5224,5031.0,2.0505694657318463,0.05545848774250446,1.0061822205654336,,,
eval,season_2024-25,prod_prev_noq_s0.15,prod_prev,False,0.15,,STL,5224,5031.0,0.8262344826246021,0.03387771037863433,1.0041725854095462,,,
eval,season_2024-25,prod_prev_noq_s0.15,prod_prev,False,0.15,,BLK,5224,5031.0,0.5854465343827665,0.01649211562715453,1.0052471615217562,,,
eval,season_2024-25,prod_prev_noq_s0.15,prod_prev,False,0.15,,FG3M,5224,5031.0,1.1100028947654519,0.027189632413462117,1.0073192206088186,,,
eval,season_2024-25,prod_prev_noq_s0.15,prod_prev,False,0.15,,TOV,5224,5031.0,1.0724408268284957,0.0314622185692197,1.00519248717389,,,
eval,season_2024-25,prod_prev_noq_s0.15,prod_prev,False,0.15,,FG3A,5224,5031.0,1.7900344232441898,0.05967790761914774,1.007735659990643,,,
eval,season_2024-25,prod_prev_noq_s0.15,prod_prev,False,0.15,,OREB,5224,5031.0,0.90401649291345,-0.00781379915430415,1.0052086194301963,,,
eval,season_2024-25,prod_prev_noq_s0.15,prod_prev,False,0.15,,POOLED,5224,5031.0,,,1.005220890109276,,,
eval,season_2024-25,prod_prev_noq_s0.20,prod_prev,False,0.2,,PTS,5224,5031.0,5.528431621509823,0.020377220845718587,1.004414360557407,,,
eval,season_2024-25,prod_prev_noq_s0.20,prod_prev,False,0.2,,AST,5224,5031.0,1.6413762468278177,-0.023200708468545394,1.005417374339248,,,
eval,season_2024-25,prod_prev_noq_s0.20,prod_prev,False,0.2,,REB,5224,5031.0,2.0561245436105042,0.1022781115521158,1.0089080100052792,,,
eval,season_2024-25,prod_prev_noq_s0.20,prod_prev,False,0.2,,STL,5224,5031.0,0.82756741086593,0.0431221601392075,1.0057925734715403,,,
eval,season_2024-25,prod_prev_noq_s0.20,prod_prev,False,0.2,,BLK,5224,5031.0,0.5865371338556212,0.02146469131509781,1.0071197868770334,,,
eval,season_2024-25,prod_prev_noq_s0.20,prod_prev,False,0.2,,FG3M,5224,5031.0,1.1131803092872004,0.04346733804342443,1.010202700223775,,,
eval,season_2024-25,prod_prev_noq_s0.20,prod_prev,False,0.2,,TOV,5224,5031.0,1.0747864369679148,0.04768183871752023,1.0073910137788082,,,
eval,season_2024-25,prod_prev_noq_s0.20,prod_prev,False,0.2,,FG3A,5224,5031.0,1.796542282381194,0.1041983378263142,1.0113993893789692,,,
eval,season_2024-25,prod_prev_noq_s0.20,prod_prev,False,0.2,,OREB,5224,5031.0,0.9057890933841123,0.002878843068677919,1.00717963797453,,,
eval,season_2024-25,prod_prev_noq_s0.20,prod_prev,False,0.2,,POOLED,5224,5031.0,,,1.0075360940673987,,,
eval,season_2024-25,prod_prev_noq_s0.35,prod_prev,False,0.35,,PTS,5224,5031.0,5.581886678267347,0.4349333557133461,1.0141261613586992,,,
eval,season_2024-25,prod_prev_noq_s0.35,prod_prev,False,0.35,,AST,5224,5031.0,1.6548311516189413,0.07410368858545825,1.0136591135950832,,,
eval,season_2024-25,prod_prev_noq_s0.35,prod_prev,False,0.35,,REB,5224,5031.0,2.0788378555496223,0.2427369829809497,1.0200530753274828,,,
eval,season_2024-25,prod_prev_noq_s0.35,prod_prev,False,0.35,,STL,5224,5031.0,0.8320525045907954,0.070855509420927,1.0112435783088056,,,
eval,season_2024-25,prod_prev_noq_s0.35,prod_prev,False,0.35,,BLK,5224,5031.0,0.5899075958996667,0.036382418378927625,1.0129070743641233,,,
eval,season_2024-25,prod_prev_noq_s0.35,prod_prev,False,0.35,,FG3M,5224,5031.0,1.1238054537607662,0.09230045493331132,1.019844938366073,,,
eval,season_2024-25,prod_prev_noq_s0.35,prod_prev,False,0.35,,TOV,5224,5031.0,1.0833420021086517,0.09634069916242176,1.0154100947274776,,,
eval,season_2024-25,prod_prev_noq_s0.35,prod_prev,False,0.35,,FG3A,5224,5031.0,1.8222884092566036,0.23775962844781343,1.025893686148956,,,
eval,season_2024-25,prod_prev_noq_s0.35,prod_prev,False,0.35,,OREB,5224,5031.0,0.9118447486484883,0.03495676973762409,1.0139131399800418,,,
eval,season_2024-25,prod_prev_noq_s0.35,prod_prev,False,0.35,,POOLED,5224,5031.0,,,1.0163389846863047,,,
eval,season_2024-25,prod_prev_noq_s0.50,prod_prev,False,0.5,,PTS,5224,5031.0,5.664216954652817,0.849489490580974,1.0290840585656547,,,
eval,season_2024-25,prod_prev_noq_s0.50,prod_prev,False,0.5,,AST,5224,5031.0,1.6729495872229596,0.17140808563946192,1.0247574769272763,,,
eval,season_2024-25,prod_prev_noq_s0.50,prod_prev,False,0.5,,REB,5224,5031.0,2.109748853322539,0.3831958544097836,1.0352206162953992,,,
eval,season_2024-25,prod_prev_noq_s0.50,prod_prev,False,0.5,,STL,5224,5031.0,0.8374493097332281,0.09858885870264648,1.017802641004438,,,
eval,season_2024-25,prod_prev_noq_s0.50,prod_prev,False,0.5,,BLK,5224,5031.0,0.5935499681719535,0.05130014544275746,1.019161248183398,,,
eval,season_2024-25,prod_prev_noq_s0.50,prod_prev,False,0.5,,FG3M,5224,5031.0,1.1360333485921996,0.14113357182319825,1.0309416603200179,,,
eval,season_2024-25,prod_prev_noq_s0.50,prod_prev,False,0.5,,TOV,5224,5031.0,1.0940692328850847,0.1449995596073233,1.0254646651195234,,,
eval,season_2024-25,prod_prev_noq_s0.50,prod_prev,False,0.5,,FG3A,5224,5031.0,1.8551452967687327,0.37132091906931275,1.044391127758076,,,
eval,season_2024-25,prod_prev_noq_s0.50,prod_prev,False,0.5,,OREB,5224,5031.0,0.918930541543855,0.06703469640657028,1.0217920892577976,,,
eval,season_2024-25,prod_prev_noq_s0.50,prod_prev,False,0.5,,POOLED,5224,5031.0,,,1.0276239537146203,,,
eval,season_2024-25,loso_perstat_pit_q,pit,True,per_stat_loso,,PTS,5224,5224.0,5.5044798843574405,-0.6649493249097645,1.0000627703771925,,,
eval,season_2024-25,loso_perstat_pit_q,pit,True,per_stat_loso,,AST,5224,5224.0,1.632101037509873,-0.18418697446043356,0.99973588807617,,,
eval,season_2024-25,loso_perstat_pit_q,pit,True,per_stat_loso,,REB,5224,5224.0,2.033180470096636,-0.18628536571434648,0.9976497136038155,,,
eval,season_2024-25,loso_perstat_pit_q,pit,True,per_stat_loso,,STL,5224,5224.0,0.817456599796408,-0.09343654919001566,0.993504295136778,,,
eval,season_2024-25,loso_perstat_pit_q,pit,True,per_stat_loso,,BLK,5224,5224.0,0.56172648249032,-0.14848612114766796,0.964518395638515,,,
eval,season_2024-25,loso_perstat_pit_q,pit,True,per_stat_loso,,FG3M,5224,5224.0,1.0932758646174274,-0.1388616834347262,0.9921395674283929,,,
eval,season_2024-25,loso_perstat_pit_q,pit,True,per_stat_loso,,TOV,5224,5224.0,1.062956513799271,-0.1541143424736189,0.9963028962850615,,,
eval,season_2024-25,loso_perstat_pit_q,pit,True,per_stat_loso,,FG3A,5224,5224.0,1.7733022267486236,-0.137977170914936,0.9983159355095947,,,
eval,season_2024-25,loso_perstat_pit_q,pit,True,per_stat_loso,,OREB,5224,5224.0,0.8911133010782429,-0.18644651358955047,0.990861093967347,,,
eval,season_2024-25,loso_perstat_pit_q,pit,True,per_stat_loso,,POOLED,5224,5224.0,,,0.992565617335874,,,
eval,season_2024-25,loso_uniform_pit_q,pit,True,uniform_loso,,PTS,5224,5224.0,5.525829102638219,-1.0627044227057039,1.0039415307374466,,,
eval,season_2024-25,loso_uniform_pit_q,pit,True,uniform_loso,,AST,5224,5224.0,1.6344290206888887,-0.2779281842200834,1.0011618833285536,,,
eval,season_2024-25,loso_uniform_pit_q,pit,True,uniform_loso,,REB,5224,5224.0,2.0333105881025886,-0.26506257395835975,0.9977135604650668,,,
eval,season_2024-25,loso_uniform_pit_q,pit,True,uniform_loso,,STL,5224,5224.0,0.8196771211780772,-0.02926218478288267,0.9962030286605894,,,
eval,season_2024-25,loso_uniform_pit_q,pit,True,uniform_loso,,BLK,5224,5224.0,0.5781829142180747,-0.017480914257118806,0.9927750857230211,,,
eval,season_2024-25,loso_uniform_pit_q,pit,True,uniform_loso,,FG3M,5224,5224.0,1.0957311958510563,-0.08415985725418557,0.994367761927938,,,
eval,season_2024-25,loso_uniform_pit_q,pit,True,uniform_loso,,TOV,5224,5224.0,1.0629595497756994,-0.07978759072045306,0.9963057418879339,,,
eval,season_2024-25,loso_uniform_pit_q,pit,True,uniform_loso,,FG3A,5224,5224.0,1.7741826872349866,-0.24480015076924352,0.9988116083401276,,,
eval,season_2024-25,loso_uniform_pit_q,pit,True,uniform_loso,,OREB,5224,5224.0,0.894774432206925,-0.08102991186291353,0.994932038022311,,,
eval,season_2024-25,loso_uniform_pit_q,pit,True,uniform_loso,,POOLED,5224,5224.0,,,0.9973569154547766,,,
eval,season_2024-25,loso_perstat_pit_noq,pit,False,per_stat_loso,,PTS,5224,5224.0,5.504114087132803,-0.6497001614167178,0.9999963117483024,,,
eval,season_2024-25,loso_perstat_pit_noq,pit,False,per_stat_loso,,AST,5224,5224.0,1.6320518135466684,-0.18738723435502902,0.9997057361667979,,,
eval,season_2024-25,loso_perstat_pit_noq,pit,False,per_stat_loso,,REB,5224,5224.0,2.0332349997849763,-0.19436134415719283,0.9976764704651742,,,
eval,season_2024-25,loso_perstat_pit_noq,pit,False,per_stat_loso,,STL,5224,5224.0,0.8174404240053187,-0.107578416414899,0.9934846357225309,,,
eval,season_2024-25,loso_perstat_pit_noq,pit,False,per_stat_loso,,BLK,5224,5224.0,0.5623128721009583,-0.18623406845998436,0.9655252621190921,,,
eval,season_2024-25,loso_perstat_pit_noq,pit,False,per_stat_loso,,FG3M,5224,5224.0,1.0914012951583116,-0.15638210297426783,0.9904384098409322,,,
eval,season_2024-25,loso_perstat_pit_noq,pit,False,per_stat_loso,,TOV,5224,5224.0,1.0613441247582194,-0.16525256237292965,0.9947916135085008,,,
eval,season_2024-25,loso_perstat_pit_noq,pit,False,per_stat_loso,,FG3A,5224,5224.0,1.7724169962054144,-0.14947055868809114,0.9978175772802105,,,
eval,season_2024-25,loso_perstat_pit_noq,pit,False,per_stat_loso,,OREB,5224,5224.0,0.8893729353354296,-0.20778353677575248,0.9889259183822213,,,
eval,season_2024-25,loso_perstat_pit_noq,pit,False,per_stat_loso,,POOLED,5224,5224.0,,,0.9920402150259736,,,
eval,season_2024-25,loso_uniform_pit_noq,pit,False,uniform_loso,,PTS,5224,5224.0,5.526946179620945,-1.119043637839116,1.0041444830827255,,,
eval,season_2024-25,loso_uniform_pit_noq,pit,False,uniform_loso,,AST,5224,5224.0,1.6347472178217102,-0.29072922379846516,1.0013567935000771,,,
eval,season_2024-25,loso_uniform_pit_noq,pit,False,uniform_loso,,REB,5224,5224.0,2.0328034068464667,-0.28383849363335384,0.9974646945909562,,,
eval,season_2024-25,loso_uniform_pit_noq,pit,False,uniform_loso,,STL,5224,5224.0,0.819592880658779,-0.03307038976922786,0.9961006460781157,,,
eval,season_2024-25,loso_uniform_pit_noq,pit,False,uniform_loso,,BLK,5224,5224.0,0.5784142882936449,-0.019527685259519003,0.9931723690256918,,,
eval,season_2024-25,loso_uniform_pit_noq,pit,False,uniform_loso,,FG3M,5224,5224.0,1.094691003175691,-0.09074021191121609,0.9934237949527407,,,
eval,season_2024-25,loso_uniform_pit_noq,pit,False,uniform_loso,,TOV,5224,5224.0,1.062031474413558,-0.08605986071161104,0.9954358623027686,,,
eval,season_2024-25,loso_uniform_pit_noq,pit,False,uniform_loso,,FG3A,5224,5224.0,1.7727996121501717,-0.2628513222167006,0.9980329785745131,,,
eval,season_2024-25,loso_uniform_pit_noq,pit,False,uniform_loso,,OREB,5224,5224.0,0.8943259207184979,-0.08526789094554821,0.9944333218842598,,,
eval,season_2024-25,loso_uniform_pit_noq,pit,False,uniform_loso,,POOLED,5224,5224.0,,,0.99706277155465,,,
eval,season_2024-25,loso_perstat_prod_prev_q,prod_prev,True,per_stat_loso,,PTS,5224,5031.0,5.505400390879776,-0.6901456286657859,1.00023000948465,,,
eval,season_2024-25,loso_perstat_prod_prev_q,prod_prev,True,per_stat_loso,,AST,5224,5031.0,1.6322250897911645,-0.19011395018206775,0.9998118757232302,,,
eval,season_2024-25,loso_perstat_prod_prev_q,prod_prev,True,per_stat_loso,,REB,5224,5031.0,2.033433722305572,-0.18143816135631888,0.997773980483923,,,
eval,season_2024-25,loso_perstat_prod_prev_q,prod_prev,True,per_stat_loso,,STL,5224,5031.0,0.8170098693690724,-0.09288459034760786,0.9929613567123567,,,
eval,season_2024-25,loso_perstat_prod_prev_q,prod_prev,True,per_stat_loso,,BLK,5224,5031.0,0.5623622579133134,-0.14704147161204834,0.9656100605503302,,,
eval,season_2024-25,loso_perstat_prod_prev_q,prod_prev,True,per_stat_loso,,FG3M,5224,5031.0,1.093108453798055,-0.14067903197901774,0.9919876433776658,,,
eval,season_2024-25,loso_perstat_prod_prev_q,prod_prev,True,per_stat_loso,,TOV,5224,5031.0,1.0634847443729265,-0.14760810208358863,0.9967980036987772,,,
eval,season_2024-25,loso_perstat_prod_prev_q,prod_prev,True,per_stat_loso,,FG3A,5224,5031.0,1.7733503040859018,-0.1349078365679957,0.9983430016076449,,,
eval,season_2024-25,loso_perstat_prod_prev_q,prod_prev,True,per_stat_loso,,OREB,5224,5031.0,0.8910797487674311,-0.17710231295661968,0.990823785940011,,,
eval,season_2024-25,loso_perstat_prod_prev_q,prod_prev,True,per_stat_loso,,POOLED,5224,5031.0,,,0.9927044130642876,,,
eval,season_2024-25,loso_uniform_prod_prev_q,prod_prev,True,uniform_loso,,PTS,5224,5031.0,5.525798556355984,-1.0372645686460542,1.0039359810396955,,,
eval,season_2024-25,loso_uniform_prod_prev_q,prod_prev,True,uniform_loso,,AST,5224,5031.0,1.6345728255113414,-0.2718968505934063,1.0012499703026934,,,
eval,season_2024-25,loso_uniform_prod_prev_q,prod_prev,True,uniform_loso,,REB,5224,5031.0,2.03351097841598,-0.25644532176631074,0.997811888843538,,,
eval,season_2024-25,loso_uniform_prod_prev_q,prod_prev,True,uniform_loso,,STL,5224,5031.0,0.8196013687547762,-0.027567622373560974,0.9961109621729798,,,
eval,season_2024-25,loso_uniform_prod_prev_q,prod_prev,True,uniform_loso,,BLK,5224,5031.0,0.5783374258882128,-0.01657716687794223,0.9930403916198134,,,
eval,season_2024-25,loso_uniform_prod_prev_q,prod_prev,True,uniform_loso,,FG3M,5224,5031.0,1.095812562298103,-0.08116125822772124,0.9944416013624199,,,
eval,season_2024-25,loso_uniform_prod_prev_q,prod_prev,True,uniform_loso,,TOV,5224,5031.0,1.063241462624364,-0.07681330939929636,0.9965699771449535,,,
eval,season_2024-25,loso_uniform_prod_prev_q,prod_prev,True,uniform_loso,,FG3A,5224,5031.0,1.774035552729926,-0.23661525917740275,0.998728776029397,,,
eval,season_2024-25,loso_uniform_prod_prev_q,prod_prev,True,uniform_loso,,OREB,5224,5031.0,0.8948193984658123,-0.0790947507184987,0.9949820376311359,,,
eval,season_2024-25,loso_uniform_prod_prev_q,prod_prev,True,uniform_loso,,POOLED,5224,5031.0,,,0.997430176238514,,,
eval,season_2024-25,loso_perstat_prod_prev_noq,prod_prev,False,per_stat_loso,,PTS,5224,5031.0,5.504554144621187,-0.6705496706003274,1.0000762621015065,,,
eval,season_2024-25,loso_perstat_prod_prev_noq,prod_prev,False,per_stat_loso,,AST,5224,5031.0,1.6321097276276288,-0.1918616633621517,0.9997412111673221,,,
eval,season_2024-25,loso_perstat_prod_prev_noq,prod_prev,False,per_stat_loso,,REB,5224,5031.0,2.033220077769064,-0.1973674808293965,0.9976691484664042,,,
eval,season_2024-25,loso_perstat_prod_prev_noq,prod_prev,False,per_stat_loso,,STL,5224,5031.0,0.8169955943619259,-0.10663792598207775,0.9929440074354452,,,
eval,season_2024-25,loso_perstat_prod_prev_noq,prod_prev,False,per_stat_loso,,BLK,5224,5031.0,0.5629082332172761,-0.1744547907898672,0.9665475332183477,,,
eval,season_2024-25,loso_perstat_prod_prev_noq,prod_prev,False,per_stat_loso,,FG3M,5224,5031.0,1.090964731105127,-0.1551206706421156,0.9900422312688999,,,
eval,season_2024-25,loso_perstat_prod_prev_noq,prod_prev,False,per_stat_loso,,TOV,5224,5031.0,1.0618541504706684,-0.15668537515106623,0.995269657612748,,,
eval,season_2024-25,loso_perstat_prod_prev_noq,prod_prev,False,per_stat_loso,,FG3A,5224,5031.0,1.7725221483344304,-0.14511607133381782,0.9978767747731511,,,
eval,season_2024-25,loso_perstat_prod_prev_noq,prod_prev,False,per_stat_loso,,OREB,5224,5031.0,0.8890891704198113,-0.20241988761257765,0.988610389914204,,,
eval,season_2024-25,loso_perstat_prod_prev_noq,prod_prev,False,per_stat_loso,,POOLED,5224,5031.0,,,0.9920863573286699,,,
eval,season_2024-25,loso_uniform_prod_prev_noq,prod_prev,False,uniform_loso,,PTS,5224,5031.0,5.528128250261111,-1.112742881125797,1.0043592435803603,,,
eval,season_2024-25,loso_uniform_prod_prev_noq,prod_prev,False,uniform_loso,,AST,5224,5031.0,1.635030536435927,-0.28916606041615533,1.0015303389974959,,,
eval,season_2024-25,loso_uniform_prod_prev_noq,prod_prev,False,uniform_loso,,REB,5224,5031.0,2.0331973932216405,-0.2816428036866968,0.9976580175153777,,,
eval,season_2024-25,loso_uniform_prod_prev_noq,prod_prev,False,uniform_loso,,STL,5224,5031.0,0.8194466746225675,-0.03268232789749243,0.9959229530666613,,,
eval,season_2024-25,loso_uniform_prod_prev_noq,prod_prev,False,uniform_loso,,BLK,5224,5031.0,0.5784153146155636,-0.019310429326037038,0.9931741312825931,,,
eval,season_2024-25,loso_uniform_prod_prev_noq,prod_prev,False,uniform_loso,,FG3M,5224,5031.0,1.0944889915817497,-0.09000984812226642,0.9932404709611345,,,
eval,season_2024-25,loso_uniform_prod_prev_noq,prod_prev,False,uniform_loso,,TOV,5224,5031.0,1.062330385463604,-0.08531904649854397,0.995716029874091,,,
eval,season_2024-25,loso_uniform_prod_prev_noq,prod_prev,False,uniform_loso,,FG3A,5224,5031.0,1.7728413965953898,-0.2608691898724505,0.9980565019631878,,,
eval,season_2024-25,loso_uniform_prod_prev_noq,prod_prev,False,uniform_loso,,OREB,5224,5031.0,0.8941604686806534,-0.08480082315977495,0.9942493497821495,,,
eval,season_2024-25,loso_uniform_prod_prev_noq,prod_prev,False,uniform_loso,,POOLED,5224,5031.0,,,0.9971007818914501,,,
eval,season_2024-25,loso_const_perstat,,,const_loso,,PTS,5224,5224.0,5.50376085930317,-0.6853580307050056,0.9999321367473398,,,
eval,season_2024-25,loso_const_perstat,,,const_loso,,AST,5224,5224.0,1.6310579434856758,-0.22495001916030594,0.999096945690459,,,
eval,season_2024-25,loso_const_perstat,,,const_loso,,REB,5224,5224.0,2.0328327927467313,-0.18896270373082646,0.9974791137905374,,,
eval,season_2024-25,loso_const_perstat,,,const_loso,,STL,5224,5224.0,0.8159041710332852,-0.14721795156685671,0.9916175348556322,,,
eval,season_2024-25,loso_const_perstat,,,const_loso,,BLK,5224,5224.0,0.5553211616453836,-0.1646329969183833,0.9535200717611741,,,
eval,season_2024-25,loso_const_perstat,,,const_loso,,FG3M,5224,5224.0,1.0895065103750219,-0.20198296451270262,0.9887189069998804,,,
eval,season_2024-25,loso_const_perstat,,,const_loso,,TOV,5224,5224.0,1.0579465055493578,-0.1969279730939329,0.9916070449825848,,,
eval,season_2024-25,loso_const_perstat,,,const_loso,,FG3A,5224,5224.0,1.7728523247900734,-0.17242485776190639,0.9980626542088312,,,
eval,season_2024-25,loso_const_perstat,,,const_loso,,OREB,5224,5224.0,0.8896351228340925,-0.25292178179068553,0.9892174541402842,,,
eval,season_2024-25,loso_const_perstat,,,const_loso,,POOLED,5224,5224.0,,,0.9899168736863025,,,
eval,season_2024-25,loso_constw_pit_q,pit,True,const_plus_w_loso,,PTS,5224,5224.0,5.5044798843574405,-0.6649493249097645,1.0000627703771925,,,
eval,season_2024-25,loso_constw_pit_q,pit,True,const_plus_w_loso,,AST,5224,5224.0,1.6309477844348694,-0.2154905897367536,0.9990294682770169,,,
eval,season_2024-25,loso_constw_pit_q,pit,True,const_plus_w_loso,,REB,5224,5224.0,2.0322080476888424,-0.21102032203915017,0.9971725612059316,,,
eval,season_2024-25,loso_constw_pit_q,pit,True,const_plus_w_loso,,STL,5224,5224.0,0.8170330995892984,-0.1452289036350842,0.992989589799688,,,
eval,season_2024-25,loso_constw_pit_q,pit,True,const_plus_w_loso,,BLK,5224,5224.0,0.5521694519462352,-0.20965114983168107,0.9481083953006588,,,
eval,season_2024-25,loso_constw_pit_q,pit,True,const_plus_w_loso,,FG3M,5224,5224.0,1.0896869659362218,-0.19915207310175276,0.9888826690550243,,,
eval,season_2024-25,loso_constw_pit_q,pit,True,const_plus_w_loso,,TOV,5224,5224.0,1.058357469593998,-0.20031400126538598,0.9919922391675101,,,
eval,season_2024-25,loso_constw_pit_q,pit,True,const_plus_w_loso,,FG3A,5224,5224.0,1.7737808187706583,-0.20943629612538014,0.9985853684550894,,,
eval,season_2024-25,loso_constw_pit_q,pit,True,const_plus_w_loso,,OREB,5224,5224.0,0.8901543987577981,-0.2519088763854914,0.9897948558121156,,,
eval,season_2024-25,loso_constw_pit_q,pit,True,const_plus_w_loso,,POOLED,5224,5224.0,,,0.9896242130500251,,,
eval,season_2025-26,reference,,,,,PTS,6002,0.0,5.38048916983773,-0.27064336892365143,1.0000000000000042,,,
eval,season_2025-26,reference,,,,,AST,6002,0.0,1.604441485668155,-0.08020346407130773,1.0000000000000024,,,
eval,season_2025-26,reference,,,,,REB,6002,0.0,2.06147880257452,-0.070932381491087,1.000000000000001,,,
eval,season_2025-26,reference,,,,,STL,6002,0.0,0.8300365235758844,0.002391292301347789,1.0000000000000004,,,
eval,season_2025-26,reference,,,,,BLK,6002,0.0,0.5916848683753322,-0.018954661698567996,1.0000000000000004,,,
eval,season_2025-26,reference,,,,,FG3M,6002,0.0,1.0674128664740854,-0.023854295171593803,1.0000000000000009,,,
eval,season_2025-26,reference,,,,,TOV,6002,0.0,1.051866775190816,0.031235651106162818,0.9999999999999964,,,
eval,season_2025-26,reference,,,,,FG3A,6002,0.0,1.7290729096778326,-0.04258832841075358,0.9999999999999981,,,
eval,season_2025-26,reference,,,,,OREB,6002,0.0,0.9263928969730294,-0.007628770479876885,0.9999999999999993,,,
eval,season_2025-26,reference,,,,,POOLED,6002,0.0,,,1.0000000000000002,,,
eval,season_2025-26,pit_q_s0.05,pit,True,0.05,,PTS,6002,6002.0,5.392073837568232,-0.09213842035669792,1.0021530881979035,,,
eval,season_2025-26,pit_q_s0.05,pit,True,0.05,,AST,6002,6002.0,1.606669277536307,-0.03955632690160557,1.0013885154977953,,,
eval,season_2025-26,pit_q_s0.05,pit,True,0.05,,REB,6002,6002.0,2.065133690665724,-0.010110252073311673,1.0017729447844148,,,
eval,season_2025-26,pit_q_s0.05,pit,True,0.05,,STL,6002,6002.0,0.8313480370531692,0.013820036533045267,1.001580067189857,,,
eval,season_2025-26,pit_q_s0.05,pit,True,0.05,,BLK,6002,6002.0,0.5930604179379628,-0.012458650367633798,1.0023248009813195,,,
eval,season_2025-26,pit_q_s0.05,pit,True,0.05,,FG3M,6002,6002.0,1.0695239277274413,-0.004099600791386893,1.001977736375176,,,
eval,season_2025-26,pit_q_s0.05,pit,True,0.05,,TOV,6002,6002.0,1.0552109626164559,0.05205479593445,1.0031792880091963,,,
eval,season_2025-26,pit_q_s0.05,pit,True,0.05,,FG3A,6002,6002.0,1.732878997782721,0.011202060194942482,1.0022012305459083,,,
eval,season_2025-26,pit_q_s0.05,pit,True,0.05,,OREB,6002,6002.0,0.9285272551137376,0.006574603823590436,1.0023039448463837,,,
eval,season_2025-26,pit_q_s0.05,pit,True,0.05,,POOLED,6002,6002.0,,,1.0020979573808837,,,
eval,season_2025-26,pit_q_s0.10,pit,True,0.1,,PTS,6002,6002.0,5.409399345778384,0.08636652821025545,1.005373150103664,,,
eval,season_2025-26,pit_q_s0.10,pit,True,0.1,,AST,6002,6002.0,1.609611585040336,0.0010908102680965682,1.0032223670469553,,,
eval,season_2025-26,pit_q_s0.10,pit,True,0.1,,REB,6002,6002.0,2.070737641155367,0.050711877344463564,1.0044913576454368,,,
eval,season_2025-26,pit_q_s0.10,pit,True,0.1,,STL,6002,6002.0,0.8328973912610375,0.025248780764742736,1.003446676867698,,,
eval,season_2025-26,pit_q_s0.10,pit,True,0.1,,BLK,6002,6002.0,0.5945252752546837,-0.005962639036699607,1.0048005400022328,,,
eval,season_2025-26,pit_q_s0.10,pit,True,0.1,,FG3M,6002,6002.0,1.0721881761828271,0.01565509358881999,1.0044737232037653,,,
eval,season_2025-26,pit_q_s0.10,pit,True,0.1,,TOV,6002,6002.0,1.0588936134163702,0.07287394076273716,1.0066803500132189,,,
eval,season_2025-26,pit_q_s0.10,pit,True,0.1,,FG3A,6002,6002.0,1.738458089110067,0.06499244880063855,1.0054278679514908,,,
eval,season_2025-26,pit_q_s0.10,pit,True,0.1,,OREB,6002,6002.0,0.9309118330218394,0.02077797812705775,1.0048779908217937,,,
eval,season_2025-26,pit_q_s0.10,pit,True,0.1,,POOLED,6002,6002.0,,,1.0047548915173616,,,
eval,season_2025-26,pit_q_s0.15,pit,True,0.15,,PTS,6002,6002.0,5.432769204627812,0.264871476777209,1.0097165951161429,,,
eval,season_2025-26,pit_q_s0.15,pit,True,0.15,,AST,6002,6002.0,1.6133512178087952,0.04173794743779872,1.0055531673920373,,,
eval,season_2025-26,pit_q_s0.15,pit,True,0.15,,REB,6002,6002.0,2.0783944874362636,0.11153400676223886,1.008205606984957,,,
eval,season_2025-26,pit_q_s0.15,pit,True,0.15,,STL,6002,6002.0,0.8346632031269117,0.036677524996440204,1.0055740674291,,,
eval,season_2025-26,pit_q_s0.15,pit,True,0.15,,BLK,6002,6002.0,0.5960774290819939,0.0005333722942345889,1.0074238178825212,,,
eval,season_2025-26,pit_q_s0.15,pit,True,0.15,,FG3M,6002,6002.0,1.0752273566970556,0.03540978796902689,1.0073209631140987,,,
eval,season_2025-26,pit_q_s0.15,pit,True,0.15,,TOV,6002,6002.0,1.062842889060483,0.09369308559102435,1.010434889786943,,,
eval,season_2025-26,pit_q_s0.15,pit,True,0.15,,FG3A,6002,6002.0,1.745405706552464,0.11878283740633469,1.0094459850612496,,,
eval,season_2025-26,pit_q_s0.15,pit,True,0.15,,OREB,6002,6002.0,0.9335450766660873,0.034981352430525074,1.0077204604184973,,,
eval,season_2025-26,pit_q_s0.15,pit,True,0.15,,POOLED,6002,6002.0,,,1.0079328392428386,,,
eval,season_2025-26,pit_q_s0.20,pit,True,0.2,,PTS,6002,6002.0,5.461407300669537,0.4433764253441628,1.0150391773457041,,,
eval,season_2025-26,pit_q_s0.20,pit,True,0.2,,AST,6002,6002.0,1.618092136256308,0.08238508460750091,1.0085080389095475,,,
eval,season_2025-26,pit_q_s0.20,pit,True,0.2,,REB,6002,6002.0,2.0876854258610327,0.1723561361800142,1.0127125359008233,,,
eval,season_2025-26,pit_q_s0.20,pit,True,0.2,,STL,6002,6002.0,0.8365158157687773,0.04810626922813768,1.0078060326369493,,,
eval,season_2025-26,pit_q_s0.20,pit,True,0.2,,BLK,6002,6002.0,0.5976853205062193,0.007029383625168787,1.0101412972539987,,,
eval,season_2025-26,pit_q_s0.20,pit,True,0.2,,FG3M,6002,6002.0,1.0786494560227982,0.05516448234923381,1.0105269384524385,,,
eval,season_2025-26,pit_q_s0.20,pit,True,0.2,,TOV,6002,6002.0,1.067131629685917,0.11451223041931154,1.0145121557740315,,,
eval,season_2025-26,pit_q_s0.20,pit,True,0.2,,FG3A,6002,6002.0,1.7536850645402953,0.1725732260120308,1.0142343071392201,,,
eval,season_2025-26,pit_q_s0.20,pit,True,0.2,,OREB,6002,6002.0,0.9363987428526371,0.0491847267339924,1.0108008663627506,,,
eval,season_2025-26,pit_q_s0.20,pit,True,0.2,,POOLED,6002,6002.0,,,1.0115868166417181,,,
eval,season_2025-26,pit_q_s0.35,pit,True,0.35,,PTS,6002,6002.0,5.57848728228101,0.978891271045023,1.036799277202016,,,
eval,season_2025-26,pit_q_s0.35,pit,True,0.35,,AST,6002,6002.0,1.6385521603195008,0.2043264961166073,1.0212601549860478,,,
eval,season_2025-26,pit_q_s0.35,pit,True,0.35,,REB,6002,6002.0,2.1254496611798586,0.35482252443334006,1.0310315383914934,,,
eval,season_2025-26,pit_q_s0.35,pit,True,0.35,,STL,6002,6002.0,0.8428521871875686,0.0823925019232301,1.0154398791470927,,,
eval,season_2025-26,pit_q_s0.35,pit,True,0.35,,BLK,6002,6002.0,0.6029847696957403,0.02651741761797137,1.0190978372515018,,,
eval,season_2025-26,pit_q_s0.35,pit,True,0.35,,FG3M,6002,6002.0,1.0912678935899323,0.1144285654898545,1.0223484537849412,,,
eval,season_2025-26,pit_q_s0.35,pit,True,0.35,,TOV,6002,6002.0,1.0817684581719766,0.17696966490417307,1.0284272530385157,,,
eval,season_2025-26,pit_q_s0.35,pit,True,0.35,,FG3A,6002,6002.0,1.788186095720262,0.333944391829119,1.0341877926093008,,,
eval,season_2025-26,pit_q_s0.35,pit,True,0.35,,OREB,6002,6002.0,0.9463504215454954,0.09179484964439437,1.0215432616524545,,,
eval,season_2025-26,pit_q_s0.35,pit,True,0.35,,POOLED,6002,6002.0,,,1.0255706053403737,,,
eval,season_2025-26,pit_q_s0.50,pit,True,0.5,,PTS,6002,6002.0,5.741414137621703,1.5144061167458835,1.0670803260430841,,,
eval,season_2025-26,pit_q_s0.50,pit,True,0.5,,AST,6002,6002.0,1.6685526741945458,0.3262679076257137,1.0399585706920913,,,
eval,season_2025-26,pit_q_s0.50,pit,True,0.5,,REB,6002,6002.0,2.1779769140482372,0.5372889126866659,1.0565119133547376,,,
eval,season_2025-26,pit_q_s0.50,pit,True,0.5,,STL,6002,6002.0,0.850413213159294,0.1166787346183225,1.0245491481454636,,,
eval,season_2025-26,pit_q_s0.50,pit,True,0.5,,BLK,6002,6002.0,0.6088194877364631,0.04600545161077394,1.0289590291672996,,,
eval,season_2025-26,pit_q_s0.50,pit,True,0.5,,FG3M,6002,6002.0,1.1066216231616024,0.1736926486304752,1.0367325127127553,,,
eval,season_2025-26,pit_q_s0.50,pit,True,0.5,,TOV,6002,6002.0,1.0998056295177452,0.2394270993890346,1.0455750247632156,,,
eval,season_2025-26,pit_q_s0.50,pit,True,0.5,,FG3A,6002,6002.0,1.8356893775266856,0.49531555764620727,1.0616610596650402,,,
eval,season_2025-26,pit_q_s0.50,pit,True,0.5,,OREB,6002,6002.0,0.9579989393675974,0.1344049725547963,1.034117319441718,,,
eval,season_2025-26,pit_q_s0.50,pit,True,0.5,,POOLED,6002,6002.0,,,1.0439049893317118,,,
eval,season_2025-26,pit_noq_s0.05,pit,False,0.05,,PTS,6002,6002.0,5.388439874771215,-0.1204233559103917,1.0014776918385189,,,
eval,season_2025-26,pit_noq_s0.05,pit,False,0.05,,AST,6002,6002.0,1.6063189947447696,-0.04604598416755898,1.0011701947957528,,,
eval,season_2025-26,pit_noq_s0.05,pit,False,0.05,,REB,6002,6002.0,2.0646145988303184,-0.019728947252577705,1.0015211392190326,,,
eval,season_2025-26,pit_noq_s0.05,pit,False,0.05,,STL,6002,6002.0,0.8312146686089807,0.012013996419946429,1.0014193893878562,,,
eval,season_2025-26,pit_noq_s0.05,pit,False,0.05,,BLK,6002,6002.0,0.5926893894417208,-0.013457962782165832,1.0016977298560077,,,
eval,season_2025-26,pit_noq_s0.05,pit,False,0.05,,FG3M,6002,6002.0,1.069231080276165,-0.007247654400117303,1.0017033838163172,,,
eval,season_2025-26,pit_noq_s0.05,pit,False,0.05,,TOV,6002,6002.0,1.0544759730023083,0.048726100970052574,1.0024805401910477,,,
eval,season_2025-26,pit_noq_s0.05,pit,False,0.05,,FG3A,6002,6002.0,1.7322029862680333,0.002624230325484872,1.0018102629291559,,,
eval,season_2025-26,pit_noq_s0.05,pit,False,0.05,,OREB,6002,6002.0,0.9281747069087842,0.004337607744227099,1.0019233847124436,,,
eval,season_2025-26,pit_noq_s0.05,pit,False,0.05,,POOLED,6002,6002.0,,,1.0016893018606814,,,
eval,season_2025-26,pit_noq_s0.10,pit,False,0.1,,PTS,6002,6002.0,5.39985628896239,0.02979665710286805,1.003599508987631,,,
eval,season_2025-26,pit_noq_s0.10,pit,False,0.1,,AST,6002,6002.0,1.6086503518673518,-0.011888504263810233,1.0026232593938744,,,
eval,season_2025-26,pit_noq_s0.10,pit,False,0.1,,REB,6002,6002.0,2.068890882819392,0.03147448698593154,1.0035955161099002,,,
eval,season_2025-26,pit_noq_s0.10,pit,False,0.1,,STL,6002,6002.0,0.8325438554594838,0.02163670053854505,1.0030207488615055,,,
eval,season_2025-26,pit_noq_s0.10,pit,False,0.1,,BLK,6002,6002.0,0.5937717821128674,-0.007961263865763669,1.0035270696431122,,,
eval,season_2025-26,pit_noq_s0.10,pit,False,0.1,,FG3M,6002,6002.0,1.0713503999726366,0.009358986371359188,1.0036888570694849,,,
eval,season_2025-26,pit_noq_s0.10,pit,False,0.1,,TOV,6002,6002.0,1.0572793844808417,0.06621655083394233,1.0051457175164031,,,
eval,season_2025-26,pit_noq_s0.10,pit,False,0.1,,FG3A,6002,6002.0,1.7368149375615733,0.04783678906172332,1.0044775601077343,,,
eval,season_2025-26,pit_noq_s0.10,pit,False,0.1,,OREB,6002,6002.0,0.9301157377583043,0.01630398596833107,1.0040186413318135,,,
eval,season_2025-26,pit_noq_s0.10,pit,False,0.1,,POOLED,6002,6002.0,,,1.003744097669051,,,
eval,season_2025-26,pit_noq_s0.15,pit,False,0.15,,PTS,6002,6002.0,5.414402187255537,0.18001667011612768,1.0063029617470363,,,
eval,season_2025-26,pit_noq_s0.15,pit,False,0.15,,AST,6002,6002.0,1.6113826021703632,0.022268975639938477,1.0043261886234023,,,
eval,season_2025-26,pit_noq_s0.15,pit,False,0.15,,REB,6002,6002.0,2.0742841261097698,0.08267792122444079,1.006211717296952,,,
eval,season_2025-26,pit_noq_s0.15,pit,False,0.15,,STL,6002,6002.0,0.8339838854842171,0.03125940465714367,1.0047556484518627,,,
eval,season_2025-26,pit_noq_s0.15,pit,False,0.15,,BLK,6002,6002.0,0.5948994921677232,-0.0024645649493615033,1.00543299983523,,,
eval,season_2025-26,pit_noq_s0.15,pit,False,0.15,,FG3M,6002,6002.0,1.0737560723261161,0.02596562714283567,1.0059425982684513,,,
eval,season_2025-26,pit_noq_s0.15,pit,False,0.15,,TOV,6002,6002.0,1.0602707701006098,0.08370700069783209,1.007989600116674,,,
eval,season_2025-26,pit_noq_s0.15,pit,False,0.15,,FG3A,6002,6002.0,1.7422744434916133,0.09304934779796176,1.0076350359431847,,,
eval,season_2025-26,pit_noq_s0.15,pit,False,0.15,,OREB,6002,6002.0,0.932197784785691,0.028270364192435053,1.0062661186540056,,,
eval,season_2025-26,pit_noq_s0.15,pit,False,0.15,,POOLED,6002,6002.0,,,1.0060958743263109,,,
eval,season_2025-26,pit_noq_s0.20,pit,False,0.2,,PTS,6002,6002.0,5.4332843751626605,0.33023668312938737,1.009812343015374,,,
eval,season_2025-26,pit_noq_s0.20,pit,False,0.2,,AST,6002,6002.0,1.6146062593655144,0.056426455543687214,1.0063353969516253,,,
eval,season_2025-26,pit_noq_s0.20,pit,False,0.2,,REB,6002,6002.0,2.0807963478953075,0.13388135546295,1.00937072226824,,,
eval,season_2025-26,pit_noq_s0.20,pit,False,0.2,,STL,6002,6002.0,0.8355424673890451,0.0408821087757423,1.0066333753476786,,,
eval,season_2025-26,pit_noq_s0.20,pit,False,0.2,,BLK,6002,6002.0,0.5960832406372676,0.003032133967040657,1.0074336399273025,,,
eval,season_2025-26,pit_noq_s0.20,pit,False,0.2,,FG3M,6002,6002.0,1.0763783372204552,0.042572267914312144,1.0083992530237955,,,
eval,season_2025-26,pit_noq_s0.20,pit,False,0.2,,TOV,6002,6002.0,1.0634293383179871,0.10119745056172183,1.0109924216639221,,,
eval,season_2025-26,pit_noq_s0.20,pit,False,0.2,,FG3A,6002,6002.0,1.7484926678435149,0.13826190653420012,1.0112313124894758,,,
eval,season_2025-26,pit_noq_s0.20,pit,False,0.2,,OREB,6002,6002.0,0.9344994119288209,0.040236742416539024,1.0087506229616816,,,
eval,season_2025-26,pit_noq_s0.20,pit,False,0.2,,POOLED,6002,6002.0,,,1.0087732319610105,,,
eval,season_2025-26,pit_noq_s0.35,pit,False,0.35,,PTS,6002,6002.0,5.50950070854672,0.7808967221691667,1.0239776597697166,,,
eval,season_2025-26,pit_noq_s0.35,pit,False,0.35,,AST,6002,6002.0,1.627767931375245,0.15889889525493342,1.0145386702571952,,,
eval,season_2025-26,pit_noq_s0.35,pit,False,0.35,,REB,6002,6002.0,2.106511587105578,0.2874916581784777,1.0218448933235793,,,
eval,season_2025-26,pit_noq_s0.35,pit,False,0.35,,STL,6002,6002.0,0.8406910679661916,0.06975022113153818,1.0128362356205807,,,
eval,season_2025-26,pit_noq_s0.35,pit,False,0.35,,BLK,6002,6002.0,0.5999158047455663,0.01952223071624715,1.0139110138017136,,,
eval,season_2025-26,pit_noq_s0.35,pit,False,0.35,,FG3M,6002,6002.0,1.0856311451782334,0.09239219022874162,1.0170676963678809,,,
eval,season_2025-26,pit_noq_s0.35,pit,False,0.35,,TOV,6002,6002.0,1.0739831730996139,0.1536688001533911,1.0210258546333322,,,
eval,season_2025-26,pit_noq_s0.35,pit,False,0.35,,FG3A,6002,6002.0,1.772477363863238,0.2738995827429155,1.025102732188135,,,
eval,season_2025-26,pit_noq_s0.35,pit,False,0.35,,OREB,6002,6002.0,0.9423285808029134,0.07613587708885097,1.0172018631424666,,,
eval,season_2025-26,pit_noq_s0.35,pit,False,0.35,,POOLED,6002,6002.0,,,1.0186118465671778,,,
eval,season_2025-26,pit_noq_s0.50,pit,False,0.5,,PTS,6002,6002.0,5.614041207388123,1.2315567612089457,1.043407212648931,,,
eval,season_2025-26,pit_noq_s0.50,pit,False,0.5,,AST,6002,6002.0,1.6468595781509914,0.26137133496617965,1.0264379180305077,,,
eval,season_2025-26,pit_noq_s0.50,pit,False,0.5,,REB,6002,6002.0,2.14182193323891,0.4411019608940056,1.0389735419855175,,,
eval,season_2025-26,pit_noq_s0.50,pit,False,0.5,,STL,6002,6002.0,0.8464402228074107,0.09861833348733406,1.019762623409459,,,
eval,season_2025-26,pit_noq_s0.50,pit,False,0.5,,BLK,6002,6002.0,0.6041026794837989,0.036012327465453645,1.020987204121958,,,
eval,season_2025-26,pit_noq_s0.50,pit,False,0.5,,FG3M,6002,6002.0,1.0965793628864324,0.1422121125431711,1.0273244752133182,,,
eval,season_2025-26,pit_noq_s0.50,pit,False,0.5,,TOV,6002,6002.0,1.0866141407319814,0.20614014974506034,1.0330339985639894,,,
eval,season_2025-26,pit_noq_s0.50,pit,False,0.5,,FG3A,6002,6002.0,1.8046188286523615,0.4095372589516309,1.0436915751508717,,,
eval,season_2025-26,pit_noq_s0.50,pit,False,0.5,,OREB,6002,6002.0,0.9512347300530731,0.1120350117611629,1.0268156558207788,,,
eval,season_2025-26,pit_noq_s0.50,pit,False,0.5,,POOLED,6002,6002.0,,,1.031159356105037,,,
eval,season_2025-26,prod_prev_q_s0.05,prod_prev,True,0.05,,PTS,6002,5862.0,5.391987772295411,-0.10172768646651587,1.0021370923896964,,,
eval,season_2025-26,prod_prev_q_s0.05,prod_prev,True,0.05,,AST,6002,5862.0,1.6065471554603652,-0.041724434805135976,1.001312400490154,,,
eval,season_2025-26,prod_prev_q_s0.05,prod_prev,True,0.05,,REB,6002,5862.0,2.064918351180584,-0.013414401402743152,1.0016684860410745,,,
eval,season_2025-26,prod_prev_q_s0.05,prod_prev,True,0.05,,STL,6002,5862.0,0.8313164479904135,0.013207379831111303,1.0015420097527943,,,
eval,season_2025-26,prod_prev_q_s0.05,prod_prev,True,0.05,,BLK,6002,5862.0,0.5930030936478762,-0.012816140572228605,1.0022279178376892,,,
eval,season_2025-26,prod_prev_q_s0.05,prod_prev,True,0.05,,FG3M,6002,5862.0,1.0694333881095826,-0.005173273047130707,1.0018929148213964,,,
eval,season_2025-26,prod_prev_q_s0.05,prod_prev,True,0.05,,TOV,6002,5862.0,1.0550503492679308,0.05094693704794978,1.003026594386474,,,
eval,season_2025-26,prod_prev_q_s0.05,prod_prev,True,0.05,,FG3A,6002,5862.0,1.7326367520090655,0.008281825879380372,1.0020611290080843,,,
eval,season_2025-26,prod_prev_q_s0.05,prod_prev,True,0.05,,OREB,6002,5862.0,0.9284707561495369,0.005809134418177752,1.0022429567231097,,,
eval,season_2025-26,prod_prev_q_s0.05,prod_prev,True,0.05,,POOLED,6002,5862.0,,,1.0020123890500525,,,
eval,season_2025-26,prod_prev_q_s0.10,prod_prev,True,0.1,,PTS,6002,5862.0,5.408819922865764,0.06718799599061995,1.0052654604690732,,,
eval,season_2025-26,prod_prev_q_s0.10,prod_prev,True,0.1,,AST,6002,5862.0,1.6093018013411786,-0.0032454055389641726,1.0030292882080418,,,
eval,season_2025-26,prod_prev_q_s0.10,prod_prev,True,0.1,,REB,6002,5862.0,2.0701923111653424,0.04410357868560073,1.004226824248662,,,
eval,season_2025-26,prod_prev_q_s0.10,prod_prev,True,0.1,,STL,6002,5862.0,0.8328202318101512,0.024023467360874837,1.0033537177644603,,,
eval,season_2025-26,prod_prev_q_s0.10,prod_prev,True,0.1,,BLK,6002,5862.0,0.594399017405625,-0.006677619445889204,1.0045871530190482,,,
eval,season_2025-26,prod_prev_q_s0.10,prod_prev,True,0.1,,FG3M,6002,5862.0,1.0719825682630568,0.013507749077332402,1.0042811005305445,,,
eval,season_2025-26,prod_prev_q_s0.10,prod_prev,True,0.1,,TOV,6002,5862.0,1.0585410884102375,0.07065822298973677,1.006345207755238,,,
eval,season_2025-26,prod_prev_q_s0.10,prod_prev,True,0.1,,FG3A,6002,5862.0,1.7378835739778025,0.05915198016951437,1.0050956002205877,,,
eval,season_2025-26,prod_prev_q_s0.10,prod_prev,True,0.1,,OREB,6002,5862.0,0.9307900738387637,0.019247039316232405,1.0047465571898286,,,
eval,season_2025-26,prod_prev_q_s0.10,prod_prev,True,0.1,,POOLED,6002,5862.0,,,1.0045478788228315,,,
eval,season_2025-26,prod_prev_q_s0.15,prod_prev,True,0.15,,PTS,6002,5862.0,5.431629271564498,0.23610367844775562,1.009504730910616,,,
eval,season_2025-26,prod_prev_q_s0.15,prod_prev,True,0.15,,AST,6002,5862.0,1.6128418270612976,0.035233623727207584,1.0052356794985566,,,
eval,season_2025-26,prod_prev_q_s0.15,prod_prev,True,0.15,,REB,6002,5862.0,2.077434011745116,0.10162155877394453,1.0077396911142975,,,
eval,season_2025-26,prod_prev_q_s0.15,prod_prev,True,0.15,,STL,6002,5862.0,0.8345388389288645,0.034839554890638356,1.005424237639067,,,
eval,season_2025-26,prod_prev_q_s0.15,prod_prev,True,0.15,,BLK,6002,5862.0,0.5958814761969666,-0.0005390983195498091,1.0070926400959987,,,
eval,season_2025-26,prod_prev_q_s0.15,prod_prev,True,0.15,,FG3M,6002,5862.0,1.0748769694652651,0.03218877120179548,1.0069927047214975,,,
eval,season_2025-26,prod_prev_q_s0.15,prod_prev,True,0.15,,TOV,6002,5862.0,1.062279148206201,0.09036950893152376,1.009898946578565,,,
eval,season_2025-26,prod_prev_q_s0.15,prod_prev,True,0.15,,FG3A,6002,5862.0,1.7444044679872943,0.11002213445964831,1.008866924132375,,,
eval,season_2025-26,prod_prev_q_s0.15,prod_prev,True,0.15,,OREB,6002,5862.0,0.9333343231283844,0.03268494421428703,1.0074929613321035,,,
eval,season_2025-26,prod_prev_q_s0.15,prod_prev,True,0.15,,POOLED,6002,5862.0,,,1.0075831684470087,,,
eval,season_2025-26,prod_prev_q_s0.20,prod_prev,True,0.2,,PTS,6002,5862.0,5.459490490248042,0.4050193609048915,1.014682925272521,,,
eval,season_2025-26,prod_prev_q_s0.20,prod_prev,True,0.2,,AST,6002,5862.0,1.6172525666898248,0.0737126529933794,1.0079847605139296,,,
eval,season_2025-26,prod_prev_q_s0.20,prod_prev,True,0.2,,REB,6002,5862.0,2.0862686983605894,0.15913953886228846,1.012025297449148,,,
eval,season_2025-26,prod_prev_q_s0.20,prod_prev,True,0.2,,STL,6002,5862.0,0.8363450739188659,0.04565564242040188,1.0076003286166302,,,
eval,season_2025-26,prod_prev_q_s0.20,prod_prev,True,0.2,,BLK,6002,5862.0,0.5974117195854399,0.005599422806789585,1.009678887387864,,,
eval,season_2025-26,prod_prev_q_s0.20,prod_prev,True,0.2,,FG3M,6002,5862.0,1.0781103372812715,0.05086979332625861,1.010021867960542,,,
eval,season_2025-26,prod_prev_q_s0.20,prod_prev,True,0.2,,TOV,6002,5862.0,1.0663439848913012,0.11008079487331075,1.0137633491635432,,,
eval,season_2025-26,prod_prev_q_s0.20,prod_prev,True,0.2,,FG3A,6002,5862.0,1.7521901349158524,0.16089228874978234,1.0133697226465272,,,
eval,season_2025-26,prod_prev_q_s0.20,prod_prev,True,0.2,,OREB,6002,5862.0,0.9360807298025314,0.04612284911234169,1.0104575853950912,,,
eval,season_2025-26,prod_prev_q_s0.20,prod_prev,True,0.2,,POOLED,6002,5862.0,,,1.0110649693784217,,,
eval,season_2025-26,prod_prev_q_s0.35,prod_prev,True,0.35,,PTS,6002,5862.0,5.570919436169033,0.9117664082762984,1.035392742243373,,,
eval,season_2025-26,prod_prev_q_s0.35,prod_prev,True,0.35,,AST,6002,5862.0,1.6363503173389433,0.18914974079189473,1.0198878126474673,,,
eval,season_2025-26,prod_prev_q_s0.35,prod_prev,True,0.35,,REB,6002,5862.0,2.122116609681527,0.33169347912731995,1.0294147128902227,,,
eval,season_2025-26,prod_prev_q_s0.35,prod_prev,True,0.35,,STL,6002,5862.0,0.8424200254969088,0.07810390500969244,1.0149192253223693,,,
eval,season_2025-26,prod_prev_q_s0.35,prod_prev,True,0.35,,BLK,6002,5862.0,0.6024445134434789,0.024014986185807767,1.0181847561822752,,,
eval,season_2025-26,prod_prev_q_s0.35,prod_prev,True,0.35,,FG3M,6002,5862.0,1.0900677814912447,0.10691285969964791,1.0212241352233224,,,
eval,season_2025-26,prod_prev_q_s0.35,prod_prev,True,0.35,,TOV,6002,5862.0,1.080244069329125,0.1692146526986717,1.0269780306856422,,,
eval,season_2025-26,prod_prev_q_s0.35,prod_prev,True,0.35,,FG3A,6002,5862.0,1.7841275207187182,0.31350275162018426,1.0318405376272652,,,
eval,season_2025-26,prod_prev_q_s0.35,prod_prev,True,0.35,,OREB,6002,5862.0,0.9455495211983221,0.08643656380650562,1.020678725288035,,,
eval,season_2025-26,prod_prev_q_s0.35,prod_prev,True,0.35,,POOLED,6002,5862.0,,,1.0242800753455523,,,
eval,season_2025-26,prod_prev_q_s0.50,prod_prev,True,0.5,,PTS,6002,5862.0,5.726436326457438,1.418513455647706,1.064296599379674,,,
eval,season_2025-26,prod_prev_q_s0.50,prod_prev,True,0.5,,AST,6002,5862.0,1.6641236833814603,0.30458682859041003,1.037198114263703,,,
eval,season_2025-26,prod_prev_q_s0.50,prod_prev,True,0.5,,REB,6002,5862.0,2.1715152340820376,0.5042474193923514,1.0533774256471127,,,
eval,season_2025-26,prod_prev_q_s0.50,prod_prev,True,0.5,,STL,6002,5862.0,0.8496865961146945,0.11055216759898302,1.023673744444589,,,
eval,season_2025-26,prod_prev_q_s0.50,prod_prev,True,0.5,,BLK,6002,5862.0,0.608030339930343,0.042430549564825955,1.0276252992575134,,,
eval,season_2025-26,prod_prev_q_s0.50,prod_prev,True,0.5,,FG3M,6002,5862.0,1.104730057390649,0.1629559260730372,1.034960409499121,,,
eval,season_2025-26,prod_prev_q_s0.50,prod_prev,True,0.5,,TOV,6002,5862.0,1.0972347080316767,0.22834851052403266,1.043130873520201,,,
eval,season_2025-26,prod_prev_q_s0.50,prod_prev,True,0.5,,FG3A,6002,5862.0,1.8283190547407497,0.4661132144905862,1.057398473197643,,,
eval,season_2025-26,prod_prev_q_s0.50,prod_prev,True,0.5,,OREB,6002,5862.0,0.9566925573539302,0.12675027850066953,1.0327071380619428,,,
eval,season_2025-26,prod_prev_q_s0.50,prod_prev,True,0.5,,POOLED,6002,5862.0,,,1.0415964530301667,,,
eval,season_2025-26,prod_prev_noq_s0.05,prod_prev,False,0.05,,PTS,6002,5862.0,5.38840555169869,-0.1291367283188529,1.0014713126652797,,,
eval,season_2025-26,prod_prev_noq_s0.05,prod_prev,False,0.05,,AST,6002,5862.0,1.6062091552748197,-0.04800786344384927,1.001101735166074,,,
eval,season_2025-26,prod_prev_noq_s0.05,prod_prev,False,0.05,,REB,6002,5862.0,2.064451740153412,-0.022739880740480032,1.0014421383208896,,,
eval,season_2025-26,prod_prev_noq_s0.05,prod_prev,False,0.05,,STL,6002,5862.0,0.831178710245892,0.01145662041344261,1.0013760679651629,,,
eval,season_2025-26,prod_prev_noq_s0.05,prod_prev,False,0.05,,BLK,6002,5862.0,0.5926452261822659,-0.013783973163452177,1.0016230900235306,,,
eval,season_2025-26,prod_prev_noq_s0.05,prod_prev,False,0.05,,FG3M,6002,5862.0,1.0691486667410428,-0.008224600914438931,1.001626175139421,,,
eval,season_2025-26,prod_prev_noq_s0.05,prod_prev,False,0.05,,TOV,6002,5862.0,1.0543524862061318,0.047722663999590444,1.0023631424377495,,,
eval,season_2025-26,prod_prev_noq_s0.05,prod_prev,False,0.05,,FG3A,6002,5862.0,1.7320123805999854,-3.3735658780081886e-05,1.0017000271681413,,,
eval,season_2025-26,prod_prev_noq_s0.05,prod_prev,False,0.05,,OREB,6002,5862.0,0.9281358243142607,0.003636135783309373,1.0018814126780609,,,
eval,season_2025-26,prod_prev_noq_s0.05,prod_prev,False,0.05,,POOLED,6002,5862.0,,,1.001620566840479,,,
eval,season_2025-26,prod_prev_noq_s0.10,prod_prev,False,0.1,,PTS,6002,5862.0,5.399498271361425,0.012369912285945655,1.0035329690152115,,,
eval,season_2025-26,prod_prev_noq_s0.10,prod_prev,False,0.1,,AST,6002,5862.0,1.608376095203212,-0.0158122628163908,1.0024523234846563,,,
eval,season_2025-26,prod_prev_noq_s0.10,prod_prev,False,0.1,,REB,6002,5862.0,2.06847549798724,0.025452620010126922,1.0033940176362641,,,
eval,season_2025-26,prod_prev_noq_s0.10,prod_prev,False,0.1,,STL,6002,5862.0,0.8324621631610636,0.02052194852553743,1.002922328736487,,,
eval,season_2025-26,prod_prev_noq_s0.10,prod_prev,False,0.1,,BLK,6002,5862.0,0.5936630177195975,-0.008613284628336356,1.0033432481545408,,,
eval,season_2025-26,prod_prev_noq_s0.10,prod_prev,False,0.1,,FG3M,6002,5862.0,1.0711770101172289,0.007405093342715942,1.0035264177164906,,,
eval,season_2025-26,prod_prev_noq_s0.10,prod_prev,False,0.1,,TOV,6002,5862.0,1.057005545151919,0.06420967689301807,1.0048853810029004,,,
eval,season_2025-26,prod_prev_noq_s0.10,prod_prev,False,0.1,,FG3A,6002,5862.0,1.7363205401857362,0.042520857093193414,1.004191628049537,,,
eval,season_2025-26,prod_prev_noq_s0.10,prod_prev,False,0.1,,OREB,6002,5862.0,0.9300261252648409,0.014901042046495635,1.0039219086239568,,,
eval,season_2025-26,prod_prev_noq_s0.10,prod_prev,False,0.1,,POOLED,6002,5862.0,,,1.0035744691577828,,,
eval,season_2025-26,prod_prev_noq_s0.15,prod_prev,False,0.15,,PTS,6002,5862.0,5.413497994692431,0.15387655289074426,1.0061349114946214,,,
eval,season_2025-26,prod_prev_noq_s0.15,prod_prev,False,0.15,,AST,6002,5862.0,1.6109060210541402,0.016383337811067666,1.0040291499838008,,,
eval,season_2025-26,prod_prev_noq_s0.15,prod_prev,False,0.15,,REB,6002,5862.0,2.073571047938998,0.07364512076073389,1.0058658111591439,,,
eval,season_2025-26,prod_prev_noq_s0.15,prod_prev,False,0.15,,STL,6002,5862.0,0.8338597777177184,0.02958727663763225,1.0046061276019076,,,
eval,season_2025-26,prod_prev_noq_s0.15,prod_prev,False,0.15,,BLK,6002,5862.0,0.5947306735150487,-0.003442596093220541,1.0051476813123175,,,
eval,season_2025-26,prod_prev_noq_s0.15,prod_prev,False,0.15,,FG3M,6002,5862.0,1.0734588609476676,0.02303478759987082,1.0056641573879042,,,
eval,season_2025-26,prod_prev_noq_s0.15,prod_prev,False,0.15,,TOV,6002,5862.0,1.059828028512211,0.0806966897864457,1.007568689789586,,,
eval,season_2025-26,prod_prev_noq_s0.15,prod_prev,False,0.15,,FG3A,6002,5862.0,1.7414336620000421,0.08507544984516693,1.0071487744981844,,,
eval,season_2025-26,prod_prev_noq_s0.15,prod_prev,False,0.15,,OREB,6002,5862.0,0.932039241578135,0.026165948309681896,1.0060949783008422,,,
eval,season_2025-26,prod_prev_noq_s0.15,prod_prev,False,0.15,,POOLED,6002,5862.0,,,1.0058066979475897,,,
eval,season_2025-26,prod_prev_noq_s0.20,prod_prev,False,0.2,,PTS,6002,5862.0,5.431449715855838,0.29538319349554265,1.0094713592778533,,,
eval,season_2025-26,prod_prev_noq_s0.20,prod_prev,False,0.2,,AST,6002,5862.0,1.6139289902227278,0.04857893843852609,1.0059132755163245,,,
eval,season_2025-26,prod_prev_noq_s0.20,prod_prev,False,0.2,,REB,6002,5862.0,2.079727298443895,0.12183762151134077,1.0088521384971736,,,
eval,season_2025-26,prod_prev_noq_s0.20,prod_prev,False,0.2,,STL,6002,5862.0,0.8353520033076999,0.038652604749727065,1.0064039106483125,,,
eval,season_2025-26,prod_prev_noq_s0.20,prod_prev,False,0.2,,BLK,6002,5862.0,0.5958499180111341,0.001728092441895274,1.0070393039579306,,,
eval,season_2025-26,prod_prev_noq_s0.20,prod_prev,False,0.2,,FG3M,6002,5862.0,1.0759130782147117,0.038664481857025666,1.007963377627914,,,
eval,season_2025-26,prod_prev_noq_s0.20,prod_prev,False,0.2,,TOV,6002,5862.0,1.0628104227427047,0.09718370267987332,1.0104040243593584,,,
eval,season_2025-26,prod_prev_noq_s0.20,prod_prev,False,0.2,,FG3A,6002,5862.0,1.747285877850478,0.12763004259714036,1.0105333719999323,,,
eval,season_2025-26,prod_prev_noq_s0.20,prod_prev,False,0.2,,OREB,6002,5862.0,0.9342235116994224,0.03743085457286814,1.0084528009141465,,,
eval,season_2025-26,prod_prev_noq_s0.20,prod_prev,False,0.2,,POOLED,6002,5862.0,,,1.0083370625332162,,,
eval,season_2025-26,prod_prev_noq_s0.35,prod_prev,False,0.35,,PTS,6002,5862.0,5.50356193864649,0.7199031153099381,1.0228738995514965,,,
eval,season_2025-26,prod_prev_noq_s0.35,prod_prev,False,0.35,,AST,6002,5862.0,1.6261022054474839,0.14516574032090146,1.0135004735123216,,,
eval,season_2025-26,prod_prev_noq_s0.35,prod_prev,False,0.35,,REB,6002,5862.0,2.103646874065736,0.2664151237631616,1.020455253499845,,,
eval,season_2025-26,prod_prev_noq_s0.35,prod_prev,False,0.35,,STL,6002,5862.0,0.8402928805144403,0.06584858908601152,1.0123565128126781,,,
eval,season_2025-26,prod_prev_noq_s0.35,prod_prev,False,0.35,,BLK,6002,5862.0,0.5994600636656554,0.017240158047242722,1.0131407708831102,,,
eval,season_2025-26,prod_prev_noq_s0.35,prod_prev,False,0.35,,FG3M,6002,5862.0,1.0846128010155418,0.08555356462849026,1.0161136661189711,,,
eval,season_2025-26,prod_prev_noq_s0.35,prod_prev,False,0.35,,TOV,6002,5862.0,1.0727385556247968,0.1466447413601562,1.0198426083285983,,,
eval,season_2025-26,prod_prev_noq_s0.35,prod_prev,False,0.35,,FG3A,6002,5862.0,1.7692561444714934,0.25529382085306085,1.023239757310838,,,
eval,season_2025-26,prod_prev_noq_s0.35,prod_prev,False,0.35,,OREB,6002,5862.0,0.9416682893057143,0.07122557336242691,1.0164891077884948,,,
eval,season_2025-26,prod_prev_noq_s0.35,prod_prev,False,0.35,,POOLED,6002,5862.0,,,1.017556894422928,,,
eval,season_2025-26,prod_prev_noq_s0.50,prod_prev,False,0.5,,PTS,6002,5862.0,5.600602512194914,1.1444230371243338,1.0409095410118345,,,
eval,season_2025-26,prod_prev_noq_s0.50,prod_prev,False,0.5,,AST,6002,5862.0,1.6435621968765641,0.24175254220327683,1.0243827597066413,,,
eval,season_2025-26,prod_prev_noq_s0.50,prod_prev,False,0.5,,REB,6002,5862.0,2.1365074025746695,0.41099262601498243,1.036395523401187,,,
eval,season_2025-26,prod_prev_noq_s0.50,prod_prev,False,0.5,,STL,6002,5862.0,0.8457822397039014,0.09304457342229598,1.0189699075652519,,,
eval,season_2025-26,prod_prev_noq_s0.50,prod_prev,False,0.5,,BLK,6002,5862.0,0.6034027657504583,0.03275222365259017,1.0198042877238043,,,
eval,season_2025-26,prod_prev_noq_s0.50,prod_prev,False,0.5,,FG3M,6002,5862.0,1.094902723538688,0.13244264739995487,1.025753724662706,,,
eval,season_2025-26,prod_prev_noq_s0.50,prod_prev,False,0.5,,TOV,6002,5862.0,1.0844614786934945,0.1961057800404391,1.0309874827035599,,,
eval,season_2025-26,prod_prev_noq_s0.50,prod_prev,False,0.5,,FG3A,6002,5862.0,1.7987010686032243,0.38295759910898136,1.0402690705149973,,,
eval,season_2025-26,prod_prev_noq_s0.50,prod_prev,False,0.5,,OREB,6002,5862.0,0.950206360046286,0.10502029215198568,1.0257055760585665,,,
eval,season_2025-26,prod_prev_noq_s0.50,prod_prev,False,0.5,,POOLED,6002,5862.0,,,1.0292419859276165,,,
eval,season_2025-26,loso_perstat_pit_q,pit,True,per_stat_loso,,PTS,6002,6002.0,5.378872628468985,-0.3063443586370422,0.9996995549442261,,,
eval,season_2025-26,loso_perstat_pit_q,pit,True,per_stat_loso,,AST,6002,6002.0,1.6040872326313962,-0.08833289150524817,0.9997792047638264,,,
eval,season_2025-26,loso_perstat_pit_q,pit,True,per_stat_loso,,REB,6002,6002.0,2.060491908918521,-0.21690549209374768,0.9995212690740434,,,
eval,season_2025-26,loso_perstat_pit_q,pit,True,per_stat_loso,,STL,6002,6002.0,0.8254898372585293,-0.10503890347660845,0.9945223057200338,,,
eval,season_2025-26,loso_perstat_pit_q,pit,True,per_stat_loso,,BLK,6002,6002.0,0.5754077612241535,-0.20863819256184649,0.9724902426592846,,,
eval,season_2025-26,loso_perstat_pit_q,pit,True,per_stat_loso,,FG3M,6002,6002.0,1.0638231479092424,-0.17003903358512487,0.9966369914795015,,,
eval,season_2025-26,loso_perstat_pit_q,pit,True,per_stat_loso,,TOV,6002,6002.0,1.0408080564201203,-0.08118773096658795,0.9894865784987902,,,
eval,season_2025-26,loso_perstat_pit_q,pit,True,per_stat_loso,,FG3A,6002,6002.0,1.727143374387931,-0.11789487245872812,0.9988840636626107,,,
eval,season_2025-26,loso_perstat_pit_q,pit,True,per_stat_loso,,OREB,6002,6002.0,0.9171406081234581,-0.1667065626787109,0.990012564992884,,,
eval,season_2025-26,loso_perstat_pit_q,pit,True,per_stat_loso,,POOLED,6002,6002.0,,,0.9934480861994669,,,
eval,season_2025-26,loso_uniform_pit_q,pit,True,uniform_loso,,PTS,6002,6002.0,5.391162173529763,-0.8775601940512935,1.00198364932168,,,
eval,season_2025-26,loso_uniform_pit_q,pit,True,uniform_loso,,AST,6002,6002.0,1.6040444506545655,-0.21840373044829503,0.9997525400476539,,,
eval,season_2025-26,loso_uniform_pit_q,pit,True,uniform_loso,,REB,6002,6002.0,2.0627892718686187,-0.277727621511523,1.0006356938002294,,,
eval,season_2025-26,loso_uniform_pit_q,pit,True,uniform_loso,,STL,6002,6002.0,0.8269442861926106,-0.036466438086423615,0.9962745767259112,,,
eval,season_2025-26,loso_uniform_pit_q,pit,True,uniform_loso,,BLK,6002,6002.0,0.5874397799969391,-0.04104110022374426,0.9928254234554803,,,
eval,season_2025-26,loso_uniform_pit_q,pit,True,uniform_loso,,FG3M,6002,6002.0,1.0634080521765377,-0.09102025606429727,0.9962481112760279,,,
eval,season_2025-26,loso_uniform_pit_q,pit,True,uniform_loso,,TOV,6002,6002.0,1.0433701763349637,-0.0395494413100136,0.9919223621695679,,,
eval,season_2025-26,loso_uniform_pit_q,pit,True,uniform_loso,,FG3A,6002,6002.0,1.7307932420329648,-0.22547564967012032,1.000994944947376,,,
eval,season_2025-26,loso_uniform_pit_q,pit,True,uniform_loso,,OREB,6002,6002.0,0.9206046779047617,-0.05592024311166577,0.9937518745154662,,,
eval,season_2025-26,loso_uniform_pit_q,pit,True,uniform_loso,,POOLED,6002,6002.0,,,0.9971543529177102,,,
eval,season_2025-26,loso_perstat_pit_noq,pit,False,per_stat_loso,,PTS,6002,6002.0,5.3792804817695865,-0.3006873715263034,0.9997753572156791,,,
eval,season_2025-26,loso_perstat_pit_noq,pit,False,per_stat_loso,,AST,6002,6002.0,1.604122019088913,-0.08703496005205746,0.9998008861138958,,,
eval,season_2025-26,loso_perstat_pit_noq,pit,False,per_stat_loso,,REB,6002,6002.0,2.05926523225709,-0.21430199735891295,0.9989262221301217,,,
eval,season_2025-26,loso_perstat_pit_noq,pit,False,per_stat_loso,,STL,6002,6002.0,0.8233080428797496,-0.10153391217951742,0.9918937534614171,,,
eval,season_2025-26,loso_perstat_pit_noq,pit,False,per_stat_loso,,BLK,6002,6002.0,0.5740025173439413,-0.21903450225560675,0.9701152556428501,,,
eval,season_2025-26,loso_perstat_pit_noq,pit,False,per_stat_loso,,FG3M,6002,6002.0,1.0613703494202091,-0.1699927339605869,0.9943391004140364,,,
eval,season_2025-26,loso_perstat_pit_noq,pit,False,per_stat_loso,,TOV,6002,6002.0,1.040149400525153,-0.08070322802273161,0.9888604004404065,,,
eval,season_2025-26,loso_perstat_pit_noq,pit,False,per_stat_loso,,FG3A,6002,6002.0,1.726408487200726,-0.12397093413598277,0.9984590456179164,,,
eval,season_2025-26,loso_perstat_pit_noq,pit,False,per_stat_loso,,OREB,6002,6002.0,0.9141542776235432,-0.17515806561733258,0.9867889538127113,,,
eval,season_2025-26,loso_perstat_pit_noq,pit,False,per_stat_loso,,POOLED,6002,6002.0,,,0.9921065527610038,,,
eval,season_2025-26,loso_uniform_pit_noq,pit,False,uniform_loso,,PTS,6002,6002.0,5.383342652715203,-0.8414794183740384,1.00053033893154,,,
eval,season_2025-26,loso_uniform_pit_noq,pit,False,uniform_loso,,AST,6002,6002.0,1.6029585236575221,-0.21000188770555295,0.9990757144938749,,,
eval,season_2025-26,loso_uniform_pit_noq,pit,False,uniform_loso,,REB,6002,6002.0,2.060349732668846,-0.2655054315974222,0.9994523009869122,,,
eval,season_2025-26,loso_uniform_pit_noq,pit,False,uniform_loso,,STL,6002,6002.0,0.8264849723417526,-0.034174983349327,0.9957212108946352,,,
eval,season_2025-26,loso_uniform_pit_noq,pit,False,uniform_loso,,BLK,6002,6002.0,0.5881881613828087,-0.03984211758089622,0.994090254492861,,,
eval,season_2025-26,loso_uniform_pit_noq,pit,False,uniform_loso,,FG3M,6002,6002.0,1.0627010169271645,-0.08695953010320445,0.9955857291073468,,,
eval,season_2025-26,loso_uniform_pit_noq,pit,False,uniform_loso,,TOV,6002,6002.0,1.0437631854200229,-0.03522805837661826,0.9922959922663906,,,
eval,season_2025-26,loso_uniform_pit_noq,pit,False,uniform_loso,,FG3A,6002,6002.0,1.7276802004538465,-0.2143960516084597,0.9991945341250827,,,
eval,season_2025-26,loso_uniform_pit_noq,pit,False,uniform_loso,,OREB,6002,6002.0,0.9206113179807265,-0.05310100773147201,0.9937590421826475,,,
eval,season_2025-26,loso_uniform_pit_noq,pit,False,uniform_loso,,POOLED,6002,6002.0,,,0.9966339019423657,,,
eval,season_2025-26,loso_perstat_prod_prev_q,prod_prev,True,per_stat_loso,,PTS,6002,5862.0,5.37885090956702,-0.3044265054150786,0.9996955183406239,,,
eval,season_2025-26,loso_perstat_prod_prev_q,prod_prev,True,per_stat_loso,,AST,6002,5862.0,1.6041084877828784,-0.08789926992454206,0.9997924524588481,,,
eval,season_2025-26,loso_perstat_prod_prev_q,prod_prev,True,per_stat_loso,,REB,6002,5862.0,2.0605923856421726,-0.2089755337031122,0.99957000919377,,,
eval,season_2025-26,loso_perstat_prod_prev_q,prod_prev,True,per_stat_loso,,STL,6002,5862.0,0.8254240071367304,-0.10360636549033472,0.9944429958102537,,,
eval,season_2025-26,loso_perstat_prod_prev_q,prod_prev,True,per_stat_loso,,BLK,6002,5862.0,0.5756279975737534,-0.19942718281294622,0.9728624616585716,,,
eval,season_2025-26,loso_perstat_prod_prev_q,prod_prev,True,per_stat_loso,,FG3M,6002,5862.0,1.063983540455178,-0.1733024721672986,0.9967872543730578,,,
eval,season_2025-26,loso_perstat_prod_prev_q,prod_prev,True,per_stat_loso,,TOV,6002,5862.0,1.0415499647882978,-0.0712630357911295,0.9901919039123083,,,
eval,season_2025-26,loso_perstat_prod_prev_q,prod_prev,True,per_stat_loso,,FG3A,6002,5862.0,1.7272892312905557,-0.11380654441694119,0.9989684192162767,,,
eval,season_2025-26,loso_perstat_prod_prev_q,prod_prev,True,per_stat_loso,,OREB,6002,5862.0,0.916946868656016,-0.15544572435847795,0.9898034318399043,,,
eval,season_2025-26,loso_perstat_prod_prev_q,prod_prev,True,per_stat_loso,,POOLED,6002,5862.0,,,0.9935682718670683,,,
eval,season_2025-26,loso_uniform_prod_prev_q,prod_prev,True,uniform_loso,,PTS,6002,5862.0,5.389494784747792,-0.844956689277913,1.0016737539331124,,,
eval,season_2025-26,loso_uniform_prod_prev_q,prod_prev,True,uniform_loso,,AST,6002,5862.0,1.604086386231809,-0.21103216357629181,0.9997786772284849,,,
eval,season_2025-26,loso_uniform_prod_prev_q,prod_prev,True,uniform_loso,,REB,6002,5862.0,2.0628218677066243,-0.2664935137914561,1.000651505671768,,,
eval,season_2025-26,loso_uniform_prod_prev_q,prod_prev,True,uniform_loso,,STL,6002,5862.0,0.8269615084683318,-0.034383405299848194,0.9962953255426584,,,
eval,season_2025-26,loso_uniform_prod_prev_q,prod_prev,True,uniform_loso,,BLK,6002,5862.0,0.5875991698300252,-0.03982563352812194,0.9930948064355181,,,
eval,season_2025-26,loso_uniform_prod_prev_q,prod_prev,True,uniform_loso,,FG3M,6002,5862.0,1.0634243864557342,-0.08736977039476834,0.9962634139575953,,,
eval,season_2025-26,loso_uniform_prod_prev_q,prod_prev,True,uniform_loso,,TOV,6002,5862.0,1.0437619243093692,-0.035782721095912934,0.9922947933401735,,,
eval,season_2025-26,loso_uniform_prod_prev_q,prod_prev,True,uniform_loso,,FG3A,6002,5862.0,1.730882524724936,-0.21554685299720913,1.0010465811111675,,,
eval,season_2025-26,loso_uniform_prod_prev_q,prod_prev,True,uniform_loso,,OREB,6002,5862.0,0.9207053173605568,-0.053317647133262674,0.9938605103395576,,,
eval,season_2025-26,loso_uniform_prod_prev_q,prod_prev,True,uniform_loso,,POOLED,6002,5862.0,,,0.9972177075066707,,,
eval,season_2025-26,loso_perstat_prod_prev_noq,prod_prev,False,per_stat_loso,,PTS,6002,5862.0,5.379261813081323,-0.29894469704461124,0.9997718875147514,,,
eval,season_2025-26,loso_perstat_prod_prev_noq,prod_prev,False,per_stat_loso,,AST,6002,5862.0,1.6041415333212756,-0.08664258419679942,0.9998130487465234,,,
eval,season_2025-26,loso_perstat_prod_prev_noq,prod_prev,False,per_stat_loso,,REB,6002,5862.0,2.0592909459972923,-0.2058713835927864,0.9989386955740254,,,
eval,season_2025-26,loso_perstat_prod_prev_noq,prod_prev,False,per_stat_loso,,STL,6002,5862.0,0.8230690825653917,-0.10276651379895212,0.9916058621366735,,,
eval,season_2025-26,loso_perstat_prod_prev_noq,prod_prev,False,per_stat_loso,,BLK,6002,5862.0,0.5741411780355352,-0.20509944896273746,0.9703496045319381,,,
eval,season_2025-26,loso_perstat_prod_prev_noq,prod_prev,False,per_stat_loso,,FG3M,6002,5862.0,1.061393090674443,-0.1770252988917115,0.9943604054356904,,,
eval,season_2025-26,loso_perstat_prod_prev_noq,prod_prev,False,per_stat_loso,,TOV,6002,5862.0,1.0404483433673084,-0.07757863399045954,0.9891446026314122,,,
eval,season_2025-26,loso_perstat_prod_prev_noq,prod_prev,False,per_stat_loso,,FG3A,6002,5862.0,1.7265586298438773,-0.11918659536430584,0.9985458798065219,,,
eval,season_2025-26,loso_perstat_prod_prev_noq,prod_prev,False,per_stat_loso,,OREB,6002,5862.0,0.9138391318963217,-0.16759043941712173,0.9864487679927949,,,
eval,season_2025-26,loso_perstat_prod_prev_noq,prod_prev,False,per_stat_loso,,POOLED,6002,5862.0,,,0.9921087504855922,,,
eval,season_2025-26,loso_uniform_prod_prev_noq,prod_prev,False,uniform_loso,,PTS,6002,5862.0,5.382183271594214,-0.8083686032218859,1.0003148601740532,,,
eval,season_2025-26,loso_uniform_prod_prev_noq,prod_prev,False,uniform_loso,,AST,6002,5862.0,1.6030902268238005,-0.20254674645564988,0.9991578011062286,,,
eval,season_2025-26,loso_uniform_prod_prev_noq,prod_prev,False,uniform_loso,,REB,6002,5862.0,2.0602296359850105,-0.2540638843433934,0.999394043446895,,,
eval,season_2025-26,loso_uniform_prod_prev_noq,prod_prev,False,uniform_loso,,STL,6002,5862.0,0.8265383955031037,-0.03205695452461252,0.9957855733170512,,,
eval,season_2025-26,loso_uniform_prod_prev_noq,prod_prev,False,uniform_loso,,BLK,6002,5862.0,0.588322552615342,-0.038603278132008104,0.9943173876167861,,,
eval,season_2025-26,loso_uniform_prod_prev_noq,prod_prev,False,uniform_loso,,FG3M,6002,5862.0,1.0627309965833136,-0.0832471333487823,0.9956138153868838,,,
eval,season_2025-26,loso_uniform_prod_prev_noq,prod_prev,False,uniform_loso,,TOV,6002,5862.0,1.0440940100205605,-0.031414997888862164,0.9926105041497777,,,
eval,season_2025-26,loso_uniform_prod_prev_noq,prod_prev,False,uniform_loso,,FG3A,6002,5862.0,1.7277816347152848,-0.20429578086825284,0.9992531980835951,,,
eval,season_2025-26,loso_uniform_prod_prev_noq,prod_prev,False,uniform_loso,,OREB,6002,5862.0,0.9207068619626982,-0.05043541427998465,0.9938621776689881,,,
eval,season_2025-26,loso_uniform_prod_prev_noq,prod_prev,False,uniform_loso,,POOLED,6002,5862.0,,,0.9967010401055842,,,
eval,season_2025-26,loso_const_perstat,,,const_loso,,PTS,6002,6002.0,5.38048916983773,-0.27064336892365143,1.0000000000000042,,,
eval,season_2025-26,loso_const_perstat,,,const_loso,,AST,6002,6002.0,1.6027841956849616,-0.11512618784445672,0.9989670611250124,,,
eval,season_2025-26,loso_const_perstat,,,const_loso,,REB,6002,6002.0,2.0588876529369773,-0.2275414976838087,0.9987430626818455,,,
eval,season_2025-26,loso_const_perstat,,,const_loso,,STL,6002,6002.0,0.8198204709539365,-0.11577636920600354,0.9876920444681933,,,
eval,season_2025-26,loso_const_perstat,,,const_loso,,BLK,6002,6002.0,0.5687738933886438,-0.18596069904371273,0.9612784165841559,,,
eval,season_2025-26,loso_const_perstat,,,const_loso,,FG3M,6002,6002.0,1.0590599952334334,-0.19317829584437107,0.9921746575266208,,,
eval,season_2025-26,loso_const_perstat,,,const_loso,,TOV,6002,6002.0,1.0360473706879008,-0.1294429350342115,0.9849606386701879,,,
eval,season_2025-26,loso_const_perstat,,,const_loso,,FG3A,6002,6002.0,1.7251952151066712,-0.13479220995983285,0.9977573562401789,,,
eval,season_2025-26,loso_const_perstat,,,const_loso,,OREB,6002,6002.0,0.9124201340872994,-0.20255611788620223,0.9849170228621286,,,
eval,season_2025-26,loso_const_perstat,,,const_loso,,POOLED,6002,6002.0,,,0.9896100289064809,,,
eval,season_2025-26,loso_constw_pit_q,pit,True,const_plus_w_loso,,PTS,6002,6002.0,5.38048916983773,-0.27064336892365143,1.0000000000000042,,,
eval,season_2025-26,loso_constw_pit_q,pit,True,const_plus_w_loso,,AST,6002,6002.0,1.6024542946721116,-0.11818155607655922,0.9987614437710629,,,
eval,season_2025-26,loso_constw_pit_q,pit,True,const_plus_w_loso,,REB,6002,6002.0,2.059538233920828,-0.2468652831482052,0.9990586521426918,,,
eval,season_2025-26,loso_constw_pit_q,pit,True,const_plus_w_loso,,STL,6002,6002.0,0.820553931806534,-0.12488219441865592,0.988575693358049,,,
eval,season_2025-26,loso_constw_pit_q,pit,True,const_plus_w_loso,,BLK,6002,6002.0,0.5667941220733042,-0.25325937643219093,0.9579324271543843,,,
eval,season_2025-26,loso_constw_pit_q,pit,True,const_plus_w_loso,,FG3M,6002,6002.0,1.0592659615575692,-0.19062731328588395,0.9923676159690425,,,
eval,season_2025-26,loso_constw_pit_q,pit,True,const_plus_w_loso,,TOV,6002,6002.0,1.0370589691665746,-0.11731654271929735,0.9859223559736842,,,
eval,season_2025-26,loso_constw_pit_q,pit,True,const_plus_w_loso,,FG3A,6002,6002.0,1.7251114740903954,-0.1558780422932657,0.9977089250746641,,,
eval,season_2025-26,loso_constw_pit_q,pit,True,const_plus_w_loso,,OREB,6002,6002.0,0.9124201340872994,-0.20255611788620223,0.9849170228621286,,,
eval,season_2025-26,loso_constw_pit_q,pit,True,const_plus_w_loso,,POOLED,6002,6002.0,,,0.9894715707006346,,,
eval,untreated,reference,,,,,PTS,13813,0.0,5.503252287864167,-0.29329150423595146,1.0,,,
eval,untreated,reference,,,,,AST,13813,0.0,1.6647010511396092,-0.1337992988118021,1.0,,,
eval,untreated,reference,,,,,REB,13813,0.0,2.065494843924157,-0.04228020345458721,1.0,,,
eval,untreated,reference,,,,,STL,13813,0.0,0.8146705225561884,-0.009617431179334633,1.0,,,
eval,untreated,reference,,,,,BLK,13813,0.0,0.5933836359261702,0.016371615557636526,1.0,,,
eval,untreated,reference,,,,,FG3M,13813,0.0,1.0874535143804234,-0.02882520946025166,1.0,,,
eval,untreated,reference,,,,,TOV,13813,0.0,1.0765307571698257,0.010840818822015123,1.0,,,
eval,untreated,reference,,,,,FG3A,13813,0.0,1.739314167964052,-0.09063901214234593,1.0,,,
eval,untreated,reference,,,,,OREB,13813,0.0,0.905183618055212,-0.0033287830628826835,1.0,,,
mean_effect,all_cases,ols_pit_q,pit,True,,fit_all_seasons,PTS,29914,,,,,0.0020507681367890264,-0.03188643115986721,0.032793713584481604
mean_effect,all_cases,ols_pit_q,pit,True,,fit_all_seasons,AST,29914,,,,,0.042465898282266386,-0.011657943912154632,0.09798791918962647
mean_effect,all_cases,ols_pit_q,pit,True,,fit_all_seasons,REB,29914,,,,,0.025046901411207727,-0.011160252511335548,0.0628037103773544
mean_effect,all_cases,ols_pit_q,pit,True,,fit_all_seasons,STL,29914,,,,,0.04624764040697289,-0.04427452790860721,0.14185335328117135
mean_effect,all_cases,ols_pit_q,pit,True,,fit_all_seasons,BLK,29914,,,,,0.19770540123439148,0.05896965424284207,0.35592001617839725
mean_effect,all_cases,ols_pit_q,pit,True,,fit_all_seasons,FG3M,29914,,,,,0.011170339088504446,-0.05708514333102224,0.07278718935486847
mean_effect,all_cases,ols_pit_q,pit,True,,fit_all_seasons,TOV,29914,,,,,0.03993070576531219,-0.02663632231587822,0.10156492930227419
mean_effect,all_cases,ols_pit_q,pit,True,,fit_all_seasons,FG3A,29914,,,,,0.005706831718404086,-0.03607463731111379,0.047481619368788634
mean_effect,all_cases,ols_pit_q,pit,True,,fit_all_seasons,OREB,29914,,,,,-0.012256930309525698,-0.0901923209983809,0.07588843840617274
mean_effect,all_cases,ols_prod_prev_q,prod_prev,True,,fit_all_seasons,PTS,29914,,,,,-0.0037014381973812256,-0.03870714901312196,0.02780490001015664
mean_effect,all_cases,ols_prod_prev_q,prod_prev,True,,fit_all_seasons,AST,29914,,,,,0.03942840094639468,-0.014605422580329609,0.0974641512530315
mean_effect,all_cases,ols_prod_prev_q,prod_prev,True,,fit_all_seasons,REB,29914,,,,,0.02362845798525252,-0.0132358779746684,0.0642132619316271
mean_effect,all_cases,ols_prod_prev_q,prod_prev,True,,fit_all_seasons,STL,29914,,,,,0.030688057586982603,-0.06341410340246698,0.1284432489903514
mean_effect,all_cases,ols_prod_prev_q,prod_prev,True,,fit_all_seasons,BLK,29914,,,,,0.18816312405648555,0.052815882043822926,0.344149606392583
mean_effect,all_cases,ols_prod_prev_q,prod_prev,True,,fit_all_seasons,FG3M,29914,,,,,-0.00020698628487317124,-0.06738188758434298,0.06091988835973875
mean_effect,all_cases,ols_prod_prev_q,prod_prev,True,,fit_all_seasons,TOV,29914,,,,,0.04787713286857993,-0.018514298032067764,0.11143340108355855
mean_effect,all_cases,ols_prod_prev_q,prod_prev,True,,fit_all_seasons,FG3A,29914,,,,,0.011103749623569312,-0.03248839522445224,0.05323237727329747
mean_effect,all_cases,ols_prod_prev_q,prod_prev,True,,fit_all_seasons,OREB,29914,,,,,-0.026751298193618378,-0.10751625767334165,0.0619269669756338
mean_effect,all_cases,ols_pit_noq,pit,False,,fit_all_seasons,PTS,29914,,,,,0.007432615878151401,-0.03702490380527005,0.051798092182356655
mean_effect,all_cases,ols_pit_noq,pit,False,,fit_all_seasons,AST,29914,,,,,0.062314355233033907,-0.006376418417251318,0.13577643031718248
mean_effect,all_cases,ols_pit_noq,pit,False,,fit_all_seasons,REB,29914,,,,,0.04175272987432336,-0.004429935351102212,0.09154796740428285
mean_effect,all_cases,ols_pit_noq,pit,False,,fit_all_seasons,STL,29914,,,,,0.0588995884108665,-0.058486631300726545,0.18248182032758725
mean_effect,all_cases,ols_pit_noq,pit,False,,fit_all_seasons,BLK,29914,,,,,0.4696141635007942,0.2909269455712122,0.6716009951735211
mean_effect,all_cases,ols_pit_noq,pit,False,,fit_all_seasons,FG3M,29914,,,,,0.01073963686668679,-0.07748307637018668,0.0929023008821752
mean_effect,all_cases,ols_pit_noq,pit,False,,fit_all_seasons,TOV,29914,,,,,0.05769341747242649,-0.020824898830095483,0.13633378475819688
mean_effect,all_cases,ols_pit_noq,pit,False,,fit_all_seasons,FG3A,29914,,,,,-0.0030311764090401585,-0.05524384220080377,0.049211328589660853
mean_effect,all_cases,ols_pit_noq,pit,False,,fit_all_seasons,OREB,29914,,,,,0.005382587571297852,-0.10171201532736143,0.13408836909440902
fit,all_treated,loso_perstat_pit_q,pit,True,,held_out_2023-24,PTS,11226,,,,,-0.05,,
fit,all_treated,loso_perstat_pit_q,pit,True,,held_out_2023-24,AST,11226,,,,,-0.07,,
fit,all_treated,loso_perstat_pit_q,pit,True,,held_out_2023-24,REB,11226,,,,,-0.1,,
fit,all_treated,loso_perstat_pit_q,pit,True,,held_out_2023-24,STL,11226,,,,,-0.43,,
fit,all_treated,loso_perstat_pit_q,pit,True,,held_out_2023-24,BLK,11226,,,,,-1.27,,
fit,all_treated,loso_perstat_pit_q,pit,True,,held_out_2023-24,FG3M,11226,,,,,-0.3,,
fit,all_treated,loso_perstat_pit_q,pit,True,,held_out_2023-24,TOV,11226,,,,,-0.32,,
fit,all_treated,loso_perstat_pit_q,pit,True,,held_out_2023-24,FG3A,11226,,,,,-0.08,,
fit,all_treated,loso_perstat_pit_q,pit,True,,held_out_2023-24,OREB,11226,,,,,-0.45,,
fit,all_treated,loso_uniform_pit_q,pit,True,,held_out_2023-24,UNIFORM,11226,,,,,-0.16,,
fit,all_treated,loso_const_perstat,pit,True,,held_out_2023-24,PTS,11226,,,,,0.99,,
fit,all_treated,loso_const_perstat,pit,True,,held_out_2023-24,AST,11226,,,,,0.97,,
fit,all_treated,loso_const_perstat,pit,True,,held_out_2023-24,REB,11226,,,,,0.97,,
fit,all_treated,loso_const_perstat,pit,True,,held_out_2023-24,STL,11226,,,,,0.85,,
fit,all_treated,loso_const_perstat,pit,True,,held_out_2023-24,BLK,11226,,,,,0.7,,
fit,all_treated,loso_const_perstat,pit,True,,held_out_2023-24,FG3M,11226,,,,,0.89,,
fit,all_treated,loso_const_perstat,pit,True,,held_out_2023-24,TOV,11226,,,,,0.9,,
fit,all_treated,loso_const_perstat,pit,True,,held_out_2023-24,FG3A,11226,,,,,0.97,,
fit,all_treated,loso_const_perstat,pit,True,,held_out_2023-24,OREB,11226,,,,,0.85,,
fit,all_treated,loso_constw_pit_q_c,pit,True,,held_out_2023-24,PTS,11226,,,,,0.99,,
fit,all_treated,loso_constw_pit_q_c,pit,True,,held_out_2023-24,AST,11226,,,,,0.96,,
fit,all_treated,loso_constw_pit_q_c,pit,True,,held_out_2023-24,REB,11226,,,,,0.97,,
fit,all_treated,loso_constw_pit_q_c,pit,True,,held_out_2023-24,STL,11226,,,,,0.82,,
fit,all_treated,loso_constw_pit_q_c,pit,True,,held_out_2023-24,BLK,11226,,,,,0.7,,
fit,all_treated,loso_constw_pit_q_c,pit,True,,held_out_2023-24,FG3M,11226,,,,,0.88,,
fit,all_treated,loso_constw_pit_q_c,pit,True,,held_out_2023-24,TOV,11226,,,,,0.89,,
fit,all_treated,loso_constw_pit_q_c,pit,True,,held_out_2023-24,FG3A,11226,,,,,0.97,,
fit,all_treated,loso_constw_pit_q_c,pit,True,,held_out_2023-24,OREB,11226,,,,,0.87,,
fit,all_treated,loso_constw_pit_q_s,pit,True,,held_out_2023-24,PTS,11226,,,,,-0.02,,
fit,all_treated,loso_constw_pit_q_s,pit,True,,held_out_2023-24,AST,11226,,,,,0.04,,
fit,all_treated,loso_constw_pit_q_s,pit,True,,held_out_2023-24,REB,11226,,,,,0.0,,
fit,all_treated,loso_constw_pit_q_s,pit,True,,held_out_2023-24,STL,11226,,,,,0.18,,
fit,all_treated,loso_constw_pit_q_s,pit,True,,held_out_2023-24,BLK,11226,,,,,-0.84,,
fit,all_treated,loso_constw_pit_q_s,pit,True,,held_out_2023-24,FG3M,11226,,,,,0.06,,
fit,all_treated,loso_constw_pit_q_s,pit,True,,held_out_2023-24,TOV,11226,,,,,0.02,,
fit,all_treated,loso_constw_pit_q_s,pit,True,,held_out_2023-24,FG3A,11226,,,,,0.0,,
fit,all_treated,loso_constw_pit_q_s,pit,True,,held_out_2023-24,OREB,11226,,,,,-0.08,,
fit,all_treated,loso_perstat_pit_q,pit,True,,held_out_2024-25,PTS,10877,,,,,-0.04,,
fit,all_treated,loso_perstat_pit_q,pit,True,,held_out_2024-25,AST,10877,,,,,-0.04,,
fit,all_treated,loso_perstat_pit_q,pit,True,,held_out_2024-25,REB,10877,,,,,-0.09,,
fit,all_treated,loso_perstat_pit_q,pit,True,,held_out_2024-25,STL,10877,,,,,-0.45,,
fit,all_treated,loso_perstat_pit_q,pit,True,,held_out_2024-25,BLK,10877,,,,,-1.26,,
fit,all_treated,loso_perstat_pit_q,pit,True,,held_out_2024-25,FG3M,10877,,,,,-0.3,,
fit,all_treated,loso_perstat_pit_q,pit,True,,held_out_2024-25,TOV,10877,,,,,-0.35,,
fit,all_treated,loso_perstat_pit_q,pit,True,,held_out_2024-25,FG3A,10877,,,,,-0.06,,
fit,all_treated,loso_perstat_pit_q,pit,True,,held_out_2024-25,OREB,10877,,,,,-0.57,,
fit,all_treated,loso_uniform_pit_q,pit,True,,held_out_2024-25,UNIFORM,10877,,,,,-0.16,,
fit,all_treated,loso_const_perstat,pit,True,,held_out_2024-25,PTS,10877,,,,,0.99,,
fit,all_treated,loso_const_perstat,pit,True,,held_out_2024-25,AST,10877,,,,,0.98,,
fit,all_treated,loso_const_perstat,pit,True,,held_out_2024-25,REB,10877,,,,,0.98,,
fit,all_treated,loso_const_perstat,pit,True,,held_out_2024-25,STL,10877,,,,,0.85,,
fit,all_treated,loso_const_perstat,pit,True,,held_out_2024-25,BLK,10877,,,,,0.7,,
fit,all_treated,loso_const_perstat,pit,True,,held_out_2024-25,FG3M,10877,,,,,0.9,,
fit,all_treated,loso_const_perstat,pit,True,,held_out_2024-25,TOV,10877,,,,,0.9,,
fit,all_treated,loso_const_perstat,pit,True,,held_out_2024-25,FG3A,10877,,,,,0.98,,
fit,all_treated,loso_const_perstat,pit,True,,held_out_2024-25,OREB,10877,,,,,0.82,,
fit,all_treated,loso_constw_pit_q_c,pit,True,,held_out_2024-25,PTS,10877,,,,,1.0,,
fit,all_treated,loso_constw_pit_q_c,pit,True,,held_out_2024-25,AST,10877,,,,,0.97,,
fit,all_treated,loso_constw_pit_q_c,pit,True,,held_out_2024-25,REB,10877,,,,,0.98,,
fit,all_treated,loso_constw_pit_q_c,pit,True,,held_out_2024-25,STL,10877,,,,,0.8,,
fit,all_treated,loso_constw_pit_q_c,pit,True,,held_out_2024-25,BLK,10877,,,,,0.7,,
fit,all_treated,loso_constw_pit_q_c,pit,True,,held_out_2024-25,FG3M,10877,,,,,0.89,,
fit,all_treated,loso_constw_pit_q_c,pit,True,,held_out_2024-25,TOV,10877,,,,,0.91,,
fit,all_treated,loso_constw_pit_q_c,pit,True,,held_out_2024-25,FG3A,10877,,,,,0.96,,
fit,all_treated,loso_constw_pit_q_c,pit,True,,held_out_2024-25,OREB,10877,,,,,0.8,,
fit,all_treated,loso_constw_pit_q_s,pit,True,,held_out_2024-25,PTS,10877,,,,,-0.04,,
fit,all_treated,loso_constw_pit_q_s,pit,True,,held_out_2024-25,AST,10877,,,,,0.06,,
fit,all_treated,loso_constw_pit_q_s,pit,True,,held_out_2024-25,REB,10877,,,,,-0.02,,
fit,all_treated,loso_constw_pit_q_s,pit,True,,held_out_2024-25,STL,10877,,,,,0.3,,
fit,all_treated,loso_constw_pit_q_s,pit,True,,held_out_2024-25,BLK,10877,,,,,-0.54,,
fit,all_treated,loso_constw_pit_q_s,pit,True,,held_out_2024-25,FG3M,10877,,,,,0.06,,
fit,all_treated,loso_constw_pit_q_s,pit,True,,held_out_2024-25,TOV,10877,,,,,-0.06,,
fit,all_treated,loso_constw_pit_q_s,pit,True,,held_out_2024-25,FG3A,10877,,,,,0.06,,
fit,all_treated,loso_constw_pit_q_s,pit,True,,held_out_2024-25,OREB,10877,,,,,0.12,,
fit,all_treated,loso_perstat_pit_q,pit,True,,held_out_2025-26,PTS,10099,,,,,-0.01,,
fit,all_treated,loso_perstat_pit_q,pit,True,,held_out_2025-26,AST,10099,,,,,-0.01,,
fit,all_treated,loso_perstat_pit_q,pit,True,,held_out_2025-26,REB,10099,,,,,-0.12,,
fit,all_treated,loso_perstat_pit_q,pit,True,,held_out_2025-26,STL,10099,,,,,-0.47,,
fit,all_treated,loso_perstat_pit_q,pit,True,,held_out_2025-26,BLK,10099,,,,,-1.46,,
fit,all_treated,loso_perstat_pit_q,pit,True,,held_out_2025-26,FG3M,10099,,,,,-0.37,,
fit,all_treated,loso_perstat_pit_q,pit,True,,held_out_2025-26,TOV,10099,,,,,-0.27,,
fit,all_treated,loso_perstat_pit_q,pit,True,,held_out_2025-26,FG3A,10099,,,,,-0.07,,
fit,all_treated,loso_perstat_pit_q,pit,True,,held_out_2025-26,OREB,10099,,,,,-0.56,,
fit,all_treated,loso_uniform_pit_q,pit,True,,held_out_2025-26,UNIFORM,10099,,,,,-0.17,,
fit,all_treated,loso_const_perstat,pit,True,,held_out_2025-26,PTS,10099,,,,,1.0,,
fit,all_treated,loso_const_perstat,pit,True,,held_out_2025-26,AST,10099,,,,,0.99,,
fit,all_treated,loso_const_perstat,pit,True,,held_out_2025-26,REB,10099,,,,,0.97,,
fit,all_treated,loso_const_perstat,pit,True,,held_out_2025-26,STL,10099,,,,,0.88,,
fit,all_treated,loso_const_perstat,pit,True,,held_out_2025-26,BLK,10099,,,,,0.7,,
fit,all_treated,loso_const_perstat,pit,True,,held_out_2025-26,FG3M,10099,,,,,0.9,,
fit,all_treated,loso_const_perstat,pit,True,,held_out_2025-26,TOV,10099,,,,,0.91,,
fit,all_treated,loso_const_perstat,pit,True,,held_out_2025-26,FG3A,10099,,,,,0.98,,
fit,all_treated,loso_const_perstat,pit,True,,held_out_2025-26,OREB,10099,,,,,0.84,,
fit,all_treated,loso_constw_pit_q_c,pit,True,,held_out_2025-26,PTS,10099,,,,,1.0,,
fit,all_treated,loso_constw_pit_q_c,pit,True,,held_out_2025-26,AST,10099,,,,,0.98,,
fit,all_treated,loso_constw_pit_q_c,pit,True,,held_out_2025-26,REB,10099,,,,,0.98,,
fit,all_treated,loso_constw_pit_q_c,pit,True,,held_out_2025-26,STL,10099,,,,,0.9,,
fit,all_treated,loso_constw_pit_q_c,pit,True,,held_out_2025-26,BLK,10099,,,,,0.7,,
fit,all_treated,loso_constw_pit_q_c,pit,True,,held_out_2025-26,FG3M,10099,,,,,0.91,,
fit,all_treated,loso_constw_pit_q_c,pit,True,,held_out_2025-26,TOV,10099,,,,,0.9,,
fit,all_treated,loso_constw_pit_q_c,pit,True,,held_out_2025-26,FG3A,10099,,,,,0.98,,
fit,all_treated,loso_constw_pit_q_c,pit,True,,held_out_2025-26,OREB,10099,,,,,0.84,,
fit,all_treated,loso_constw_pit_q_s,pit,True,,held_out_2025-26,PTS,10099,,,,,0.0,,
fit,all_treated,loso_constw_pit_q_s,pit,True,,held_out_2025-26,AST,10099,,,,,0.04,,
fit,all_treated,loso_constw_pit_q_s,pit,True,,held_out_2025-26,REB,10099,,,,,-0.06,,
fit,all_treated,loso_constw_pit_q_s,pit,True,,held_out_2025-26,STL,10099,,,,,-0.14,,
fit,all_treated,loso_constw_pit_q_s,pit,True,,held_out_2025-26,BLK,10099,,,,,-0.74,,
fit,all_treated,loso_constw_pit_q_s,pit,True,,held_out_2025-26,FG3M,10099,,,,,-0.04,,
fit,all_treated,loso_constw_pit_q_s,pit,True,,held_out_2025-26,TOV,10099,,,,,0.08,,
fit,all_treated,loso_constw_pit_q_s,pit,True,,held_out_2025-26,FG3A,10099,,,,,-0.02,,
fit,all_treated,loso_constw_pit_q_s,pit,True,,held_out_2025-26,OREB,10099,,,,,0.0,,
fit,all_treated,loso_perstat_pit_q,pit,True,,fit_all_seasons,PTS,16101,,,,,-0.04,,
fit,all_treated,loso_perstat_pit_q,pit,True,,fit_all_seasons,AST,16101,,,,,-0.04,,
fit,all_treated,loso_perstat_pit_q,pit,True,,fit_all_seasons,REB,16101,,,,,-0.1,,
fit,all_treated,loso_perstat_pit_q,pit,True,,fit_all_seasons,STL,16101,,,,,-0.45,,
fit,all_treated,loso_perstat_pit_q,pit,True,,fit_all_seasons,BLK,16101,,,,,-1.33,,
fit,all_treated,loso_perstat_pit_q,pit,True,,fit_all_seasons,FG3M,16101,,,,,-0.32,,
fit,all_treated,loso_perstat_pit_q,pit,True,,fit_all_seasons,TOV,16101,,,,,-0.32,,
fit,all_treated,loso_perstat_pit_q,pit,True,,fit_all_seasons,FG3A,16101,,,,,-0.07,,
fit,all_treated,loso_perstat_pit_q,pit,True,,fit_all_seasons,OREB,16101,,,,,-0.51,,
fit,all_treated,loso_uniform_pit_q,pit,True,,fit_all_seasons,UNIFORM,16101,,,,,-0.16,,
fit,all_treated,loso_const_perstat,pit,True,,fit_all_seasons,PTS,16101,,,,,0.99,,
fit,all_treated,loso_const_perstat,pit,True,,fit_all_seasons,AST,16101,,,,,0.98,,
fit,all_treated,loso_const_perstat,pit,True,,fit_all_seasons,REB,16101,,,,,0.97,,
fit,all_treated,loso_const_perstat,pit,True,,fit_all_seasons,STL,16101,,,,,0.86,,
fit,all_treated,loso_const_perstat,pit,True,,fit_all_seasons,BLK,16101,,,,,0.7,,
fit,all_treated,loso_const_perstat,pit,True,,fit_all_seasons,FG3M,16101,,,,,0.9,,
fit,all_treated,loso_const_perstat,pit,True,,fit_all_seasons,TOV,16101,,,,,0.9,,
fit,all_treated,loso_const_perstat,pit,True,,fit_all_seasons,FG3A,16101,,,,,0.97,,
fit,all_treated,loso_const_perstat,pit,True,,fit_all_seasons,OREB,16101,,,,,0.84,,
fit,all_treated,loso_constw_pit_q_c,pit,True,,fit_all_seasons,PTS,16101,,,,,1.0,,
fit,all_treated,loso_constw_pit_q_c,pit,True,,fit_all_seasons,AST,16101,,,,,0.97,,
fit,all_treated,loso_constw_pit_q_c,pit,True,,fit_all_seasons,REB,16101,,,,,0.98,,
fit,all_treated,loso_constw_pit_q_c,pit,True,,fit_all_seasons,STL,16101,,,,,0.84,,
fit,all_treated,loso_constw_pit_q_c,pit,True,,fit_all_seasons,BLK,16101,,,,,0.7,,
fit,all_treated,loso_constw_pit_q_c,pit,True,,fit_all_seasons,FG3M,16101,,,,,0.9,,
fit,all_treated,loso_constw_pit_q_c,pit,True,,fit_all_seasons,TOV,16101,,,,,0.9,,
fit,all_treated,loso_constw_pit_q_c,pit,True,,fit_all_seasons,FG3A,16101,,,,,0.97,,
fit,all_treated,loso_constw_pit_q_c,pit,True,,fit_all_seasons,OREB,16101,,,,,0.84,,
fit,all_treated,loso_constw_pit_q_s,pit,True,,fit_all_seasons,PTS,16101,,,,,-0.04,,
fit,all_treated,loso_constw_pit_q_s,pit,True,,fit_all_seasons,AST,16101,,,,,0.06,,
fit,all_treated,loso_constw_pit_q_s,pit,True,,fit_all_seasons,REB,16101,,,,,-0.04,,
fit,all_treated,loso_constw_pit_q_s,pit,True,,fit_all_seasons,STL,16101,,,,,0.12,,
fit,all_treated,loso_constw_pit_q_s,pit,True,,fit_all_seasons,BLK,16101,,,,,-0.7,,
fit,all_treated,loso_constw_pit_q_s,pit,True,,fit_all_seasons,FG3M,16101,,,,,0.0,,
fit,all_treated,loso_constw_pit_q_s,pit,True,,fit_all_seasons,TOV,16101,,,,,0.02,,
fit,all_treated,loso_constw_pit_q_s,pit,True,,fit_all_seasons,FG3A,16101,,,,,0.02,,
fit,all_treated,loso_constw_pit_q_s,pit,True,,fit_all_seasons,OREB,16101,,,,,0.0,,
fit,all_treated,loso_perstat_pit_noq,pit,False,,held_out_2023-24,PTS,11226,,,,,-0.06,,
fit,all_treated,loso_perstat_pit_noq,pit,False,,held_out_2023-24,AST,11226,,,,,-0.09,,
fit,all_treated,loso_perstat_pit_noq,pit,False,,held_out_2023-24,REB,11226,,,,,-0.14,,
fit,all_treated,loso_perstat_pit_noq,pit,False,,held_out_2023-24,STL,11226,,,,,-0.6,,
fit,all_treated,loso_perstat_pit_noq,pit,False,,held_out_2023-24,BLK,11226,,,,,-1.84,,
fit,all_treated,loso_perstat_pit_noq,pit,False,,held_out_2023-24,FG3M,11226,,,,,-0.43,,
fit,all_treated,loso_perstat_pit_noq,pit,False,,held_out_2023-24,TOV,11226,,,,,-0.43,,
fit,all_treated,loso_perstat_pit_noq,pit,False,,held_out_2023-24,FG3A,11226,,,,,-0.12,,
fit,all_treated,loso_perstat_pit_noq,pit,False,,held_out_2023-24,OREB,11226,,,,,-0.68,,
fit,all_treated,loso_uniform_pit_noq,pit,False,,held_out_2023-24,UNIFORM,11226,,,,,-0.22,,
fit,all_treated,loso_perstat_pit_noq,pit,False,,held_out_2024-25,PTS,10877,,,,,-0.04,,
fit,all_treated,loso_perstat_pit_noq,pit,False,,held_out_2024-25,AST,10877,,,,,-0.05,,
fit,all_treated,loso_perstat_pit_noq,pit,False,,held_out_2024-25,REB,10877,,,,,-0.11,,
fit,all_treated,loso_perstat_pit_noq,pit,False,,held_out_2024-25,STL,10877,,,,,-0.58,,
fit,all_treated,loso_perstat_pit_noq,pit,False,,held_out_2024-25,BLK,10877,,,,,-1.78,,
fit,all_treated,loso_perstat_pit_noq,pit,False,,held_out_2024-25,FG3M,10877,,,,,-0.39,,
fit,all_treated,loso_perstat_pit_noq,pit,False,,held_out_2024-25,TOV,10877,,,,,-0.43,,
fit,all_treated,loso_perstat_pit_noq,pit,False,,held_out_2024-25,FG3A,10877,,,,,-0.08,,
fit,all_treated,loso_perstat_pit_noq,pit,False,,held_out_2024-25,OREB,10877,,,,,-0.74,,
fit,all_treated,loso_uniform_pit_noq,pit,False,,held_out_2024-25,UNIFORM,10877,,,,,-0.2,,
fit,all_treated,loso_perstat_pit_noq,pit,False,,held_out_2025-26,PTS,10099,,,,,-0.01,,
fit,all_treated,loso_perstat_pit_noq,pit,False,,held_out_2025-26,AST,10099,,,,,-0.01,,
fit,all_treated,loso_perstat_pit_noq,pit,False,,held_out_2025-26,REB,10099,,,,,-0.14,,
fit,all_treated,loso_perstat_pit_noq,pit,False,,held_out_2025-26,STL,10099,,,,,-0.54,,
fit,all_treated,loso_perstat_pit_noq,pit,False,,held_out_2025-26,BLK,10099,,,,,-1.82,,
fit,all_treated,loso_perstat_pit_noq,pit,False,,held_out_2025-26,FG3M,10099,,,,,-0.44,,
fit,all_treated,loso_perstat_pit_noq,pit,False,,held_out_2025-26,TOV,10099,,,,,-0.32,,
fit,all_treated,loso_perstat_pit_noq,pit,False,,held_out_2025-26,FG3A,10099,,,,,-0.09,,
fit,all_treated,loso_perstat_pit_noq,pit,False,,held_out_2025-26,OREB,10099,,,,,-0.7,,
fit,all_treated,loso_uniform_pit_noq,pit,False,,held_out_2025-26,UNIFORM,10099,,,,,-0.19,,
fit,all_treated,loso_perstat_pit_noq,pit,False,,fit_all_seasons,PTS,16101,,,,,-0.04,,
fit,all_treated,loso_perstat_pit_noq,pit,False,,fit_all_seasons,AST,16101,,,,,-0.05,,
fit,all_treated,loso_perstat_pit_noq,pit,False,,fit_all_seasons,REB,16101,,,,,-0.13,,
fit,all_treated,loso_perstat_pit_noq,pit,False,,fit_all_seasons,STL,16101,,,,,-0.57,,
fit,all_treated,loso_perstat_pit_noq,pit,False,,fit_all_seasons,BLK,16101,,,,,-1.81,,
fit,all_treated,loso_perstat_pit_noq,pit,False,,fit_all_seasons,FG3M,16101,,,,,-0.42,,
fit,all_treated,loso_perstat_pit_noq,pit,False,,fit_all_seasons,TOV,16101,,,,,-0.4,,
fit,all_treated,loso_perstat_pit_noq,pit,False,,fit_all_seasons,FG3A,16101,,,,,-0.1,,
fit,all_treated,loso_perstat_pit_noq,pit,False,,fit_all_seasons,OREB,16101,,,,,-0.7,,
fit,all_treated,loso_uniform_pit_noq,pit,False,,fit_all_seasons,UNIFORM,16101,,,,,-0.2,,
fit,all_treated,loso_const_perstat,pit,False,,fit_all_seasons,PTS,16101,,,,,0.99,,
fit,all_treated,loso_const_perstat,pit,False,,fit_all_seasons,AST,16101,,,,,0.98,,
fit,all_treated,loso_const_perstat,pit,False,,fit_all_seasons,REB,16101,,,,,0.97,,
fit,all_treated,loso_const_perstat,pit,False,,fit_all_seasons,STL,16101,,,,,0.86,,
fit,all_treated,loso_const_perstat,pit,False,,fit_all_seasons,BLK,16101,,,,,0.7,,
fit,all_treated,loso_const_perstat,pit,False,,fit_all_seasons,FG3M,16101,,,,,0.9,,
fit,all_treated,loso_const_perstat,pit,False,,fit_all_seasons,TOV,16101,,,,,0.9,,
fit,all_treated,loso_const_perstat,pit,False,,fit_all_seasons,FG3A,16101,,,,,0.97,,
fit,all_treated,loso_const_perstat,pit,False,,fit_all_seasons,OREB,16101,,,,,0.84,,
fit,all_treated,loso_constw_pit_noq_c,pit,False,,fit_all_seasons,PTS,16101,,,,,1.0,,
fit,all_treated,loso_constw_pit_noq_c,pit,False,,fit_all_seasons,AST,16101,,,,,0.96,,
fit,all_treated,loso_constw_pit_noq_c,pit,False,,fit_all_seasons,REB,16101,,,,,0.98,,
fit,all_treated,loso_constw_pit_noq_c,pit,False,,fit_all_seasons,STL,16101,,,,,0.83,,
fit,all_treated,loso_constw_pit_noq_c,pit,False,,fit_all_seasons,BLK,16101,,,,,0.7,,
fit,all_treated,loso_constw_pit_noq_c,pit,False,,fit_all_seasons,FG3M,16101,,,,,0.9,,
fit,all_treated,loso_constw_pit_noq_c,pit,False,,fit_all_seasons,TOV,16101,,,,,0.9,,
fit,all_treated,loso_constw_pit_noq_c,pit,False,,fit_all_seasons,FG3A,16101,,,,,0.98,,
fit,all_treated,loso_constw_pit_noq_c,pit,False,,fit_all_seasons,OREB,16101,,,,,0.85,,
fit,all_treated,loso_constw_pit_noq_s,pit,False,,fit_all_seasons,PTS,16101,,,,,-0.04,,
fit,all_treated,loso_constw_pit_noq_s,pit,False,,fit_all_seasons,AST,16101,,,,,0.12,,
fit,all_treated,loso_constw_pit_noq_s,pit,False,,fit_all_seasons,REB,16101,,,,,-0.06,,
fit,all_treated,loso_constw_pit_noq_s,pit,False,,fit_all_seasons,STL,16101,,,,,0.2,,
fit,all_treated,loso_constw_pit_noq_s,pit,False,,fit_all_seasons,BLK,16101,,,,,-0.7,,
fit,all_treated,loso_constw_pit_noq_s,pit,False,,fit_all_seasons,FG3M,16101,,,,,-0.02,,
fit,all_treated,loso_constw_pit_noq_s,pit,False,,fit_all_seasons,TOV,16101,,,,,0.02,,
fit,all_treated,loso_constw_pit_noq_s,pit,False,,fit_all_seasons,FG3A,16101,,,,,-0.02,,
fit,all_treated,loso_constw_pit_noq_s,pit,False,,fit_all_seasons,OREB,16101,,,,,-0.06,,
fit,all_treated,loso_perstat_prod_prev_q,prod_prev,True,,held_out_2023-24,PTS,11226,,,,,-0.05,,
fit,all_treated,loso_perstat_prod_prev_q,prod_prev,True,,held_out_2023-24,AST,11226,,,,,-0.07,,
fit,all_treated,loso_perstat_prod_prev_q,prod_prev,True,,held_out_2023-24,REB,11226,,,,,-0.1,,
fit,all_treated,loso_perstat_prod_prev_q,prod_prev,True,,held_out_2023-24,STL,11226,,,,,-0.45,,
fit,all_treated,loso_perstat_prod_prev_q,prod_prev,True,,held_out_2023-24,BLK,11226,,,,,-1.3,,
fit,all_treated,loso_perstat_prod_prev_q,prod_prev,True,,held_out_2023-24,FG3M,11226,,,,,-0.32,,
fit,all_treated,loso_perstat_prod_prev_q,prod_prev,True,,held_out_2023-24,TOV,11226,,,,,-0.32,,
fit,all_treated,loso_perstat_prod_prev_q,prod_prev,True,,held_out_2023-24,FG3A,11226,,,,,-0.08,,
fit,all_treated,loso_perstat_prod_prev_q,prod_prev,True,,held_out_2023-24,OREB,11226,,,,,-0.46,,
fit,all_treated,loso_uniform_prod_prev_q,prod_prev,True,,held_out_2023-24,UNIFORM,11226,,,,,-0.17,,
fit,all_treated,loso_perstat_prod_prev_q,prod_prev,True,,held_out_2024-25,PTS,10877,,,,,-0.05,,
fit,all_treated,loso_perstat_prod_prev_q,prod_prev,True,,held_out_2024-25,AST,10877,,,,,-0.05,,
fit,all_treated,loso_perstat_prod_prev_q,prod_prev,True,,held_out_2024-25,REB,10877,,,,,-0.09,,
fit,all_treated,loso_perstat_prod_prev_q,prod_prev,True,,held_out_2024-25,STL,10877,,,,,-0.47,,
fit,all_treated,loso_perstat_prod_prev_q,prod_prev,True,,held_out_2024-25,BLK,10877,,,,,-1.31,,
fit,all_treated,loso_perstat_prod_prev_q,prod_prev,True,,held_out_2024-25,FG3M,10877,,,,,-0.32,,
fit,all_treated,loso_perstat_prod_prev_q,prod_prev,True,,held_out_2024-25,TOV,10877,,,,,-0.35,,
fit,all_treated,loso_perstat_prod_prev_q,prod_prev,True,,held_out_2024-25,FG3A,10877,,,,,-0.06,,
fit,all_treated,loso_perstat_prod_prev_q,prod_prev,True,,held_out_2024-25,OREB,10877,,,,,-0.56,,
fit,all_treated,loso_uniform_prod_prev_q,prod_prev,True,,held_out_2024-25,UNIFORM,10877,,,,,-0.16,,
fit,all_treated,loso_perstat_prod_prev_q,prod_prev,True,,held_out_2025-26,PTS,10099,,,,,-0.01,,
fit,all_treated,loso_perstat_prod_prev_q,prod_prev,True,,held_out_2025-26,AST,10099,,,,,-0.01,,
fit,all_treated,loso_perstat_prod_prev_q,prod_prev,True,,held_out_2025-26,REB,10099,,,,,-0.12,,
fit,all_treated,loso_perstat_prod_prev_q,prod_prev,True,,held_out_2025-26,STL,10099,,,,,-0.49,,
fit,all_treated,loso_perstat_prod_prev_q,prod_prev,True,,held_out_2025-26,BLK,10099,,,,,-1.47,,
fit,all_treated,loso_perstat_prod_prev_q,prod_prev,True,,held_out_2025-26,FG3M,10099,,,,,-0.4,,
fit,all_treated,loso_perstat_prod_prev_q,prod_prev,True,,held_out_2025-26,TOV,10099,,,,,-0.26,,
fit,all_treated,loso_perstat_prod_prev_q,prod_prev,True,,held_out_2025-26,FG3A,10099,,,,,-0.07,,
fit,all_treated,loso_perstat_prod_prev_q,prod_prev,True,,held_out_2025-26,OREB,10099,,,,,-0.55,,
fit,all_treated,loso_uniform_prod_prev_q,prod_prev,True,,held_out_2025-26,UNIFORM,10099,,,,,-0.17,,
fit,all_treated,loso_perstat_prod_prev_q,prod_prev,True,,fit_all_seasons,PTS,16101,,,,,-0.04,,
fit,all_treated,loso_perstat_prod_prev_q,prod_prev,True,,fit_all_seasons,AST,16101,,,,,-0.05,,
fit,all_treated,loso_perstat_prod_prev_q,prod_prev,True,,fit_all_seasons,REB,16101,,,,,-0.1,,
fit,all_treated,loso_perstat_prod_prev_q,prod_prev,True,,fit_all_seasons,STL,16101,,,,,-0.47,,
fit,all_treated,loso_perstat_prod_prev_q,prod_prev,True,,fit_all_seasons,BLK,16101,,,,,-1.31,,
fit,all_treated,loso_perstat_prod_prev_q,prod_prev,True,,fit_all_seasons,FG3M,16101,,,,,-0.34,,
fit,all_treated,loso_perstat_prod_prev_q,prod_prev,True,,fit_all_seasons,TOV,16101,,,,,-0.31,,
fit,all_treated,loso_perstat_prod_prev_q,prod_prev,True,,fit_all_seasons,FG3A,16101,,,,,-0.07,,
fit,all_treated,loso_perstat_prod_prev_q,prod_prev,True,,fit_all_seasons,OREB,16101,,,,,-0.52,,
fit,all_treated,loso_uniform_prod_prev_q,prod_prev,True,,fit_all_seasons,UNIFORM,16101,,,,,-0.17,,
fit,all_treated,loso_const_perstat,prod_prev,True,,fit_all_seasons,PTS,16101,,,,,0.99,,
fit,all_treated,loso_const_perstat,prod_prev,True,,fit_all_seasons,AST,16101,,,,,0.98,,
fit,all_treated,loso_const_perstat,prod_prev,True,,fit_all_seasons,REB,16101,,,,,0.97,,
fit,all_treated,loso_const_perstat,prod_prev,True,,fit_all_seasons,STL,16101,,,,,0.86,,
fit,all_treated,loso_const_perstat,prod_prev,True,,fit_all_seasons,BLK,16101,,,,,0.7,,
fit,all_treated,loso_const_perstat,prod_prev,True,,fit_all_seasons,FG3M,16101,,,,,0.9,,
fit,all_treated,loso_const_perstat,prod_prev,True,,fit_all_seasons,TOV,16101,,,,,0.9,,
fit,all_treated,loso_const_perstat,prod_prev,True,,fit_all_seasons,FG3A,16101,,,,,0.97,,
fit,all_treated,loso_const_perstat,prod_prev,True,,fit_all_seasons,OREB,16101,,,,,0.84,,
fit,all_treated,loso_constw_prod_prev_q_c,prod_prev,True,,fit_all_seasons,PTS,16101,,,,,1.0,,
fit,all_treated,loso_constw_prod_prev_q_c,prod_prev,True,,fit_all_seasons,AST,16101,,,,,0.97,,
fit,all_treated,loso_constw_prod_prev_q_c,prod_prev,True,,fit_all_seasons,REB,16101,,,,,0.97,,
fit,all_treated,loso_constw_prod_prev_q_c,prod_prev,True,,fit_all_seasons,STL,16101,,,,,0.85,,
fit,all_treated,loso_constw_prod_prev_q_c,prod_prev,True,,fit_all_seasons,BLK,16101,,,,,0.7,,
fit,all_treated,loso_constw_prod_prev_q_c,prod_prev,True,,fit_all_seasons,FG3M,16101,,,,,0.9,,
fit,all_treated,loso_constw_prod_prev_q_c,prod_prev,True,,fit_all_seasons,TOV,16101,,,,,0.9,,
fit,all_treated,loso_constw_prod_prev_q_c,prod_prev,True,,fit_all_seasons,FG3A,16101,,,,,0.97,,
fit,all_treated,loso_constw_prod_prev_q_c,prod_prev,True,,fit_all_seasons,OREB,16101,,,,,0.84,,
fit,all_treated,loso_constw_prod_prev_q_s,prod_prev,True,,fit_all_seasons,PTS,16101,,,,,-0.04,,
fit,all_treated,loso_constw_prod_prev_q_s,prod_prev,True,,fit_all_seasons,AST,16101,,,,,0.06,,
fit,all_treated,loso_constw_prod_prev_q_s,prod_prev,True,,fit_all_seasons,REB,16101,,,,,0.0,,
fit,all_treated,loso_constw_prod_prev_q_s,prod_prev,True,,fit_all_seasons,STL,16101,,,,,0.06,,
fit,all_treated,loso_constw_prod_prev_q_s,prod_prev,True,,fit_all_seasons,BLK,16101,,,,,-0.7,,
fit,all_treated,loso_constw_prod_prev_q_s,prod_prev,True,,fit_all_seasons,FG3M,16101,,,,,-0.02,,
fit,all_treated,loso_constw_prod_prev_q_s,prod_prev,True,,fit_all_seasons,TOV,16101,,,,,0.02,,
fit,all_treated,loso_constw_prod_prev_q_s,prod_prev,True,,fit_all_seasons,FG3A,16101,,,,,0.02,,
fit,all_treated,loso_constw_prod_prev_q_s,prod_prev,True,,fit_all_seasons,OREB,16101,,,,,-0.02,,
fit,all_treated,loso_perstat_prod_prev_noq,prod_prev,False,,held_out_2023-24,PTS,11226,,,,,-0.06,,
fit,all_treated,loso_perstat_prod_prev_noq,prod_prev,False,,held_out_2023-24,AST,11226,,,,,-0.09,,
fit,all_treated,loso_perstat_prod_prev_noq,prod_prev,False,,held_out_2023-24,REB,11226,,,,,-0.14,,
fit,all_treated,loso_perstat_prod_prev_noq,prod_prev,False,,held_out_2023-24,STL,11226,,,,,-0.63,,
fit,all_treated,loso_perstat_prod_prev_noq,prod_prev,False,,held_out_2023-24,BLK,11226,,,,,-1.84,,
fit,all_treated,loso_perstat_prod_prev_noq,prod_prev,False,,held_out_2023-24,FG3M,11226,,,,,-0.45,,
fit,all_treated,loso_perstat_prod_prev_noq,prod_prev,False,,held_out_2023-24,TOV,11226,,,,,-0.43,,
fit,all_treated,loso_perstat_prod_prev_noq,prod_prev,False,,held_out_2023-24,FG3A,11226,,,,,-0.12,,
fit,all_treated,loso_perstat_prod_prev_noq,prod_prev,False,,held_out_2023-24,OREB,11226,,,,,-0.69,,
fit,all_treated,loso_uniform_prod_prev_noq,prod_prev,False,,held_out_2023-24,UNIFORM,11226,,,,,-0.23,,
fit,all_treated,loso_perstat_prod_prev_noq,prod_prev,False,,held_out_2024-25,PTS,10877,,,,,-0.05,,
fit,all_treated,loso_perstat_prod_prev_noq,prod_prev,False,,held_out_2024-25,AST,10877,,,,,-0.06,,
fit,all_treated,loso_perstat_prod_prev_noq,prod_prev,False,,held_out_2024-25,REB,10877,,,,,-0.12,,
fit,all_treated,loso_perstat_prod_prev_noq,prod_prev,False,,held_out_2024-25,STL,10877,,,,,-0.61,,
fit,all_treated,loso_perstat_prod_prev_noq,prod_prev,False,,held_out_2024-25,BLK,10877,,,,,-1.77,,
fit,all_treated,loso_perstat_prod_prev_noq,prod_prev,False,,held_out_2024-25,FG3M,10877,,,,,-0.41,,
fit,all_treated,loso_perstat_prod_prev_noq,prod_prev,False,,held_out_2024-25,TOV,10877,,,,,-0.43,,
fit,all_treated,loso_perstat_prod_prev_noq,prod_prev,False,,held_out_2024-25,FG3A,10877,,,,,-0.08,,
fit,all_treated,loso_perstat_prod_prev_noq,prod_prev,False,,held_out_2024-25,OREB,10877,,,,,-0.76,,
fit,all_treated,loso_uniform_prod_prev_noq,prod_prev,False,,held_out_2024-25,UNIFORM,10877,,,,,-0.21,,
fit,all_treated,loso_perstat_prod_prev_noq,prod_prev,False,,held_out_2025-26,PTS,10099,,,,,-0.01,,
fit,all_treated,loso_perstat_prod_prev_noq,prod_prev,False,,held_out_2025-26,AST,10099,,,,,-0.01,,
fit,all_treated,loso_perstat_prod_prev_noq,prod_prev,False,,held_out_2025-26,REB,10099,,,,,-0.14,,
fit,all_treated,loso_perstat_prod_prev_noq,prod_prev,False,,held_out_2025-26,STL,10099,,,,,-0.58,,
fit,all_treated,loso_perstat_prod_prev_noq,prod_prev,False,,held_out_2025-26,BLK,10099,,,,,-1.8,,
fit,all_treated,loso_perstat_prod_prev_noq,prod_prev,False,,held_out_2025-26,FG3M,10099,,,,,-0.49,,
fit,all_treated,loso_perstat_prod_prev_noq,prod_prev,False,,held_out_2025-26,TOV,10099,,,,,-0.33,,
fit,all_treated,loso_perstat_prod_prev_noq,prod_prev,False,,held_out_2025-26,FG3A,10099,,,,,-0.09,,
fit,all_treated,loso_perstat_prod_prev_noq,prod_prev,False,,held_out_2025-26,OREB,10099,,,,,-0.71,,
fit,all_treated,loso_uniform_prod_prev_noq,prod_prev,False,,held_out_2025-26,UNIFORM,10099,,,,,-0.19,,
fit,all_treated,loso_perstat_prod_prev_noq,prod_prev,False,,fit_all_seasons,PTS,16101,,,,,-0.04,,
fit,all_treated,loso_perstat_prod_prev_noq,prod_prev,False,,fit_all_seasons,AST,16101,,,,,-0.06,,
fit,all_treated,loso_perstat_prod_prev_noq,prod_prev,False,,fit_all_seasons,REB,16101,,,,,-0.13,,
fit,all_treated,loso_perstat_prod_prev_noq,prod_prev,False,,fit_all_seasons,STL,16101,,,,,-0.61,,
fit,all_treated,loso_perstat_prod_prev_noq,prod_prev,False,,fit_all_seasons,BLK,16101,,,,,-1.81,,
fit,all_treated,loso_perstat_prod_prev_noq,prod_prev,False,,fit_all_seasons,FG3M,16101,,,,,-0.44,,
fit,all_treated,loso_perstat_prod_prev_noq,prod_prev,False,,fit_all_seasons,TOV,16101,,,,,-0.39,,
fit,all_treated,loso_perstat_prod_prev_noq,prod_prev,False,,fit_all_seasons,FG3A,16101,,,,,-0.1,,
fit,all_treated,loso_perstat_prod_prev_noq,prod_prev,False,,fit_all_seasons,OREB,16101,,,,,-0.72,,
fit,all_treated,loso_uniform_prod_prev_noq,prod_prev,False,,fit_all_seasons,UNIFORM,16101,,,,,-0.21,,
fit,all_treated,loso_const_perstat,prod_prev,False,,fit_all_seasons,PTS,16101,,,,,0.99,,
fit,all_treated,loso_const_perstat,prod_prev,False,,fit_all_seasons,AST,16101,,,,,0.98,,
fit,all_treated,loso_const_perstat,prod_prev,False,,fit_all_seasons,REB,16101,,,,,0.97,,
fit,all_treated,loso_const_perstat,prod_prev,False,,fit_all_seasons,STL,16101,,,,,0.86,,
fit,all_treated,loso_const_perstat,prod_prev,False,,fit_all_seasons,BLK,16101,,,,,0.7,,
fit,all_treated,loso_const_perstat,prod_prev,False,,fit_all_seasons,FG3M,16101,,,,,0.9,,
fit,all_treated,loso_const_perstat,prod_prev,False,,fit_all_seasons,TOV,16101,,,,,0.9,,
fit,all_treated,loso_const_perstat,prod_prev,False,,fit_all_seasons,FG3A,16101,,,,,0.97,,
fit,all_treated,loso_const_perstat,prod_prev,False,,fit_all_seasons,OREB,16101,,,,,0.84,,
fit,all_treated,loso_constw_prod_prev_noq_c,prod_prev,False,,fit_all_seasons,PTS,16101,,,,,1.0,,
fit,all_treated,loso_constw_prod_prev_noq_c,prod_prev,False,,fit_all_seasons,AST,16101,,,,,0.96,,
fit,all_treated,loso_constw_prod_prev_noq_c,prod_prev,False,,fit_all_seasons,REB,16101,,,,,0.98,,
fit,all_treated,loso_constw_prod_prev_noq_c,prod_prev,False,,fit_all_seasons,STL,16101,,,,,0.85,,
fit,all_treated,loso_constw_prod_prev_noq_c,prod_prev,False,,fit_all_seasons,BLK,16101,,,,,0.7,,
fit,all_treated,loso_constw_prod_prev_noq_c,prod_prev,False,,fit_all_seasons,FG3M,16101,,,,,0.92,,
fit,all_treated,loso_constw_prod_prev_noq_c,prod_prev,False,,fit_all_seasons,TOV,16101,,,,,0.89,,
fit,all_treated,loso_constw_prod_prev_noq_c,prod_prev,False,,fit_all_seasons,FG3A,16101,,,,,0.97,,
fit,all_treated,loso_constw_prod_prev_noq_c,prod_prev,False,,fit_all_seasons,OREB,16101,,,,,0.85,,
fit,all_treated,loso_constw_prod_prev_noq_s,prod_prev,False,,fit_all_seasons,PTS,16101,,,,,-0.04,,
fit,all_treated,loso_constw_prod_prev_noq_s,prod_prev,False,,fit_all_seasons,AST,16101,,,,,0.12,,
fit,all_treated,loso_constw_prod_prev_noq_s,prod_prev,False,,fit_all_seasons,REB,16101,,,,,-0.06,,
fit,all_treated,loso_constw_prod_prev_noq_s,prod_prev,False,,fit_all_seasons,STL,16101,,,,,0.08,,
fit,all_treated,loso_constw_prod_prev_noq_s,prod_prev,False,,fit_all_seasons,BLK,16101,,,,,-0.66,,
fit,all_treated,loso_constw_prod_prev_noq_s,prod_prev,False,,fit_all_seasons,FG3M,16101,,,,,-0.12,,
fit,all_treated,loso_constw_prod_prev_noq_s,prod_prev,False,,fit_all_seasons,TOV,16101,,,,,0.08,,
fit,all_treated,loso_constw_prod_prev_noq_s,prod_prev,False,,fit_all_seasons,FG3A,16101,,,,,0.02,,
fit,all_treated,loso_constw_prod_prev_noq_s,prod_prev,False,,fit_all_seasons,OREB,16101,,,,,-0.08,,
