subset,config,min_sample,k,cap,n_cases,n_moved,stat,mae,bias,rel_mae_vs_no_adjustment
all_treated,no_adjustment,,,,14709,0,PTS,5.589826342951238,-0.9811151019579102,0.9999999999999908
all_treated,no_adjustment,,,,14709,0,AST,1.6779351410132193,-0.2693013864366746,0.9999999999999954
all_treated,no_adjustment,,,,14709,0,REB,2.0707689423904747,-0.19295079658092465,1.0000000000000024
all_treated,no_adjustment,,,,14709,0,STL,0.8166961308860845,-0.02436668992313823,1.000000000000001
all_treated,no_adjustment,,,,14709,0,BLK,0.5914879546380537,-0.01110428688512275,1.0000000000000078
all_treated,no_adjustment,,,,14709,0,FG3M,1.1097734380692177,-0.09754379806867876,1.0000000000000042
all_treated,no_adjustment,,,,14709,0,TOV,1.0765830126638907,-0.053500535482011384,1.0000000000000024
all_treated,no_adjustment,,,,14709,0,FG3A,1.795281744041356,-0.2581278121816635,0.9999999999999981
all_treated,no_adjustment,,,,14709,0,OREB,0.9103546078042234,-0.035198631807387706,0.9999999999999967
all_treated,no_adjustment,,,,14709,0,POOLED,,,0.9999999999999999
all_treated,m3_k0_capnone,3.0,0.0,none,14709,12180,PTS,5.7564354228071295,-0.011645242475404997,1.0298057702751235
all_treated,m3_k0_capnone,3.0,0.0,none,14709,12180,AST,1.716129618341129,-0.07537581294137619,1.022762785279554
all_treated,m3_k0_capnone,3.0,0.0,none,14709,12180,REB,2.142936134578833,0.008254073849245794,1.0348504319873826
all_treated,m3_k0_capnone,3.0,0.0,none,14709,12180,STL,0.8451764461944485,-0.0020142466529138622,1.0348725973238846
all_treated,m3_k0_capnone,3.0,0.0,none,14709,12180,BLK,0.603366904171877,-0.0015356626815627979,1.0200831638931633
all_treated,m3_k0_capnone,3.0,0.0,none,14709,12180,FG3M,1.1544142990562307,-0.006271404366778697,1.0402252022400933
all_treated,m3_k0_capnone,3.0,0.0,none,14709,12180,TOV,1.10922361450193,0.017877069883881307,1.030318704135296
all_treated,m3_k0_capnone,3.0,0.0,none,14709,12180,FG3A,1.8654312233673456,0.025392285744006742,1.0390743567458514
all_treated,m3_k0_capnone,3.0,0.0,none,14709,12180,OREB,0.940916937097897,0.0074177940687826715,1.0335718949864898
all_treated,m3_k0_capnone,3.0,0.0,none,14709,12180,POOLED,,,1.0317294340963155
all_treated,m3_k0_cap0.75-1.35,3.0,0.0,0.75-1.35,14709,12180,PTS,5.722449737257623,-0.054651787012511194,1.0237258523198258
all_treated,m3_k0_cap0.75-1.35,3.0,0.0,0.75-1.35,14709,12180,AST,1.7020810188357545,-0.08860921955864474,1.0143902331099324
all_treated,m3_k0_cap0.75-1.35,3.0,0.0,0.75-1.35,14709,12180,REB,2.129697374013456,0.0014164138521105662,1.0284572703485497
all_treated,m3_k0_cap0.75-1.35,3.0,0.0,0.75-1.35,14709,12180,STL,0.8313538864643687,-0.0020431902014851457,1.0179476246108599
all_treated,m3_k0_cap0.75-1.35,3.0,0.0,0.75-1.35,14709,12180,BLK,0.5988681289362482,-0.0007032973793003921,1.012477302775701
all_treated,m3_k0_cap0.75-1.35,3.0,0.0,0.75-1.35,14709,12180,FG3M,1.1393777215963712,-0.016288886893331536,1.0266759705284205
all_treated,m3_k0_cap0.75-1.35,3.0,0.0,0.75-1.35,14709,12180,TOV,1.0959804456178808,0.013801989584317786,1.018017591514839
all_treated,m3_k0_cap0.75-1.35,3.0,0.0,0.75-1.35,14709,12180,FG3A,1.853136025948611,0.017052399365448088,1.0322257395527321
all_treated,m3_k0_cap0.75-1.35,3.0,0.0,0.75-1.35,14709,12180,OREB,0.9292467831200226,0.0050117685939848585,1.0207525453859834
all_treated,m3_k0_cap0.75-1.35,3.0,0.0,0.75-1.35,14709,12180,POOLED,,,1.0216300144607604
all_treated,m3_k0_cap0.85-1.20,3.0,0.0,0.85-1.20,14709,12180,PTS,5.664139098141328,-0.14838268422355824,1.0132942869117476
all_treated,m3_k0_cap0.85-1.20,3.0,0.0,0.85-1.20,14709,12180,AST,1.6882755805809626,-0.1169210982973002,1.0061625978948696
all_treated,m3_k0_cap0.85-1.20,3.0,0.0,0.85-1.20,14709,12180,REB,2.109816373187839,-0.021297148292701365,1.0188564885236755
all_treated,m3_k0_cap0.85-1.20,3.0,0.0,0.85-1.20,14709,12180,STL,0.8253125135283614,-0.0060196843826439235,1.010550291983053
all_treated,m3_k0_cap0.85-1.20,3.0,0.0,0.85-1.20,14709,12180,BLK,0.596484244228415,-0.0018053450402930405,1.0084469845094701
all_treated,m3_k0_cap0.85-1.20,3.0,0.0,0.85-1.20,14709,12180,FG3M,1.1300076386373452,-0.028201187653312254,1.0182327310007848
all_treated,m3_k0_cap0.85-1.20,3.0,0.0,0.85-1.20,14709,12180,TOV,1.087493441514204,0.005892455654926812,1.0101343126558529
all_treated,m3_k0_cap0.85-1.20,3.0,0.0,0.85-1.20,14709,12180,FG3A,1.8362602534796149,-0.007351129452330064,1.0228256704410132
all_treated,m3_k0_cap0.85-1.20,3.0,0.0,0.85-1.20,14709,12180,OREB,0.9217036367506295,-0.0009709905049277932,1.0124666024086777
all_treated,m3_k0_cap0.85-1.20,3.0,0.0,0.85-1.20,14709,12180,POOLED,,,1.013441107369905
all_treated,m3_k3_capnone,3.0,3.0,none,14709,12180,PTS,5.634014719372428,-0.216193147934041,1.0079051429704717
all_treated,m3_k3_capnone,3.0,3.0,none,14709,12180,AST,1.6878032173078663,-0.1133619050888437,1.005881083275174
all_treated,m3_k3_capnone,3.0,3.0,none,14709,12180,REB,2.099503087251251,-0.03413720053504681,1.0138760748592313
all_treated,m3_k3_capnone,3.0,3.0,none,14709,12180,STL,0.8316022624605565,-0.007350949102588386,1.0182517475114035
all_treated,m3_k3_capnone,3.0,3.0,none,14709,12180,BLK,0.5980802003573853,-0.0035642285199901725,1.011145190138944
all_treated,m3_k3_capnone,3.0,3.0,none,14709,12180,FG3M,1.1345875987644267,-0.025086764127422837,1.0223596635529368
all_treated,m3_k3_capnone,3.0,3.0,none,14709,12180,TOV,1.0914439556943427,0.005429192642635177,1.0138038059821164
all_treated,m3_k3_capnone,3.0,3.0,none,14709,12180,FG3A,1.825914446712168,-0.032556240776378996,1.0170628943186664
all_treated,m3_k3_capnone,3.0,3.0,none,14709,12180,OREB,0.9266462522460314,-0.0006725603978953236,1.0178959323126846
all_treated,m3_k3_capnone,3.0,3.0,none,14709,12180,POOLED,,,1.0142423927690698
all_treated,m3_k3_cap0.75-1.35,3.0,3.0,0.75-1.35,14709,12180,PTS,5.63122065633136,-0.2254364977459686,1.0074052950557701
all_treated,m3_k3_cap0.75-1.35,3.0,3.0,0.75-1.35,14709,12180,AST,1.686502808862246,-0.11712240988599161,1.0051060780834744
all_treated,m3_k3_cap0.75-1.35,3.0,3.0,0.75-1.35,14709,12180,REB,2.0985683797011596,-0.03501809808740718,1.013424692992835
all_treated,m3_k3_cap0.75-1.35,3.0,3.0,0.75-1.35,14709,12180,STL,0.8281326439237874,-0.006737201913550568,1.0140033882924064
all_treated,m3_k3_cap0.75-1.35,3.0,3.0,0.75-1.35,14709,12180,BLK,0.5974389786600334,-0.0029710230597399007,1.0100611077120343
all_treated,m3_k3_cap0.75-1.35,3.0,3.0,0.75-1.35,14709,12180,FG3M,1.1315554774421333,-0.027961805102806356,1.0196274650534227
all_treated,m3_k3_cap0.75-1.35,3.0,3.0,0.75-1.35,14709,12180,TOV,1.089065631461372,0.003427598022854607,1.011594664462146
all_treated,m3_k3_cap0.75-1.35,3.0,3.0,0.75-1.35,14709,12180,FG3A,1.8248527073568108,-0.033779761089622086,1.0164714888978286
all_treated,m3_k3_cap0.75-1.35,3.0,3.0,0.75-1.35,14709,12180,OREB,0.9244804995908609,-0.0015560968746694708,1.015516911394238
all_treated,m3_k3_cap0.75-1.35,3.0,3.0,0.75-1.35,14709,12180,POOLED,,,1.0125790102160173
all_treated,m3_k3_cap0.85-1.20,3.0,3.0,0.85-1.20,14709,12180,PTS,5.617835678597584,-0.26689618135776416,1.005010770268671
all_treated,m3_k3_cap0.85-1.20,3.0,3.0,0.85-1.20,14709,12180,AST,1.6821075974458335,-0.13240499927946106,1.0024866613319077
all_treated,m3_k3_cap0.85-1.20,3.0,3.0,0.85-1.20,14709,12180,REB,2.0930126105081284,-0.04547551493798284,1.0107417431574865
all_treated,m3_k3_cap0.85-1.20,3.0,3.0,0.85-1.20,14709,12180,STL,0.824042815822732,-0.008457201911327504,1.0089956161891909
all_treated,m3_k3_cap0.85-1.20,3.0,3.0,0.85-1.20,14709,12180,BLK,0.595962594300321,-0.003079951503612193,1.0075650562740706
all_treated,m3_k3_cap0.85-1.20,3.0,3.0,0.85-1.20,14709,12180,FG3M,1.126359322530643,-0.03527791799487186,1.0149452887341457
all_treated,m3_k3_cap0.85-1.20,3.0,3.0,0.85-1.20,14709,12180,TOV,1.0847807625488965,-0.0008310237687704677,1.0076146008144082
all_treated,m3_k3_cap0.85-1.20,3.0,3.0,0.85-1.20,14709,12180,FG3A,1.8213999704137955,-0.043221541318593334,1.0145482604382983
all_treated,m3_k3_cap0.85-1.20,3.0,3.0,0.85-1.20,14709,12180,OREB,0.9201957455698934,-0.004629390305399989,1.01081022458864
all_treated,m3_k3_cap0.85-1.20,3.0,3.0,0.85-1.20,14709,12180,POOLED,,,1.00919091353298
all_treated,m3_k5_capnone,3.0,5.0,none,14709,12180,PTS,5.603663332358561,-0.3024288402018072,1.0024753880636597
all_treated,m3_k5_capnone,3.0,5.0,none,14709,12180,AST,1.6816000300757665,-0.12947200364628306,1.0021841661056854
all_treated,m3_k5_capnone,3.0,5.0,none,14709,12180,REB,2.0880248669948207,-0.052553573912907575,1.0083330999664457
all_treated,m3_k5_capnone,3.0,5.0,none,14709,12180,STL,0.827692953531032,-0.009398553461201284,1.013465011317021
all_treated,m3_k5_capnone,3.0,5.0,none,14709,12180,BLK,0.5968066494199722,-0.004248722991384339,1.0089920593314157
all_treated,m3_k5_capnone,3.0,5.0,none,14709,12180,FG3M,1.12906367137084,-0.03269681097906827,1.0173821364252402
all_treated,m3_k5_capnone,3.0,5.0,none,14709,12180,TOV,1.087105831464609,-0.00023277813617561408,1.0097742753479673
all_treated,m3_k5_capnone,3.0,5.0,none,14709,12180,FG3A,1.8160319692271292,-0.0576980497907322,1.0115581998506034
all_treated,m3_k5_capnone,3.0,5.0,none,14709,12180,OREB,0.9228963675912925,-0.004154982427463162,1.0137767850896222
all_treated,m3_k5_capnone,3.0,5.0,none,14709,12180,POOLED,,,1.0097712357219621
all_treated,m3_k5_cap0.75-1.35,3.0,5.0,0.75-1.35,14709,12180,PTS,5.602681707087632,-0.30609483692535927,1.0022997788030665
all_treated,m3_k5_cap0.75-1.35,3.0,5.0,0.75-1.35,14709,12180,AST,1.6813933120648772,-0.13117692579773063,1.002060968250276
all_treated,m3_k5_cap0.75-1.35,3.0,5.0,0.75-1.35,14709,12180,REB,2.0878657807317094,-0.05291599258042841,1.0082562752373054
all_treated,m3_k5_cap0.75-1.35,3.0,5.0,0.75-1.35,14709,12180,STL,0.8261775485593482,-0.008979473591575573,1.011609480337537
all_treated,m3_k5_cap0.75-1.35,3.0,5.0,0.75-1.35,14709,12180,BLK,0.5965964713104113,-0.003862771587573633,1.0086367213944165
all_treated,m3_k5_cap0.75-1.35,3.0,5.0,0.75-1.35,14709,12180,FG3M,1.1278470800896094,-0.03413712954233639,1.0162858844881357
all_treated,m3_k5_cap0.75-1.35,3.0,5.0,0.75-1.35,14709,12180,TOV,1.0861148273739467,-0.0016175341728584896,1.0088537665910902
all_treated,m3_k5_cap0.75-1.35,3.0,5.0,0.75-1.35,14709,12180,FG3A,1.815532926107533,-0.05811271746690934,1.011280225030633
all_treated,m3_k5_cap0.75-1.35,3.0,5.0,0.75-1.35,14709,12180,OREB,0.921974100822636,-0.004737101679996589,1.0127636999019929
all_treated,m3_k5_cap0.75-1.35,3.0,5.0,0.75-1.35,14709,12180,POOLED,,,1.0091163111149393
all_treated,m3_k5_cap0.85-1.20,3.0,5.0,0.85-1.20,14709,12180,PTS,5.597319772838399,-0.3320871964272607,1.0013405478859927
all_treated,m3_k5_cap0.85-1.20,3.0,5.0,0.85-1.20,14709,12180,AST,1.6794127156094127,-0.14184795665030236,1.0008805910074055
all_treated,m3_k5_cap0.85-1.20,3.0,5.0,0.85-1.20,14709,12180,REB,2.0852479764838687,-0.05896331761531931,1.006992105105017
all_treated,m3_k5_cap0.85-1.20,3.0,5.0,0.85-1.20,14709,12180,STL,0.8233561975676673,-0.00996993776808576,1.008154889474446
all_treated,m3_k5_cap0.85-1.20,3.0,5.0,0.85-1.20,14709,12180,BLK,0.5955719270279749,-0.0038078671530796418,1.0069045740625857
all_treated,m3_k5_cap0.85-1.20,3.0,5.0,0.85-1.20,14709,12180,FG3M,1.1242877230171124,-0.03939478913572549,1.0130786018569262
all_treated,m3_k5_cap0.85-1.20,3.0,5.0,0.85-1.20,14709,12180,TOV,1.0834048997021315,-0.004606735882634292,1.0063366103291593
all_treated,m3_k5_cap0.85-1.20,3.0,5.0,0.85-1.20,14709,12180,FG3A,1.8140972700564464,-0.06296489534079339,1.010480542164224
all_treated,m3_k5_cap0.85-1.20,3.0,5.0,0.85-1.20,14709,12180,OREB,0.919222597228358,-0.0068811025710853865,1.009741247364608
all_treated,m3_k5_cap0.85-1.20,3.0,5.0,0.85-1.20,14709,12180,POOLED,,,1.007101078805596
all_treated,m3_k10_capnone,3.0,10.0,none,14709,12180,PTS,5.570537389001091,-0.4480992702524639,0.9965492749207636
all_treated,m3_k10_capnone,3.0,10.0,none,14709,12180,AST,1.675333400253518,-0.1573450280992769,0.9984494390181627
all_treated,m3_k10_capnone,3.0,10.0,none,14709,12180,REB,2.0745536609117616,-0.08352932382628366,1.0018276875047791
all_treated,m3_k10_capnone,3.0,10.0,none,14709,12180,STL,0.8230805736208636,-0.012609997093125144,1.007817402940128
all_treated,m3_k10_capnone,3.0,10.0,none,14709,12180,BLK,0.5951355277310983,-0.005328987265425332,1.0061667749350556
all_treated,m3_k10_capnone,3.0,10.0,none,14709,12180,FG3M,1.121636295369092,-0.0455192293861918,1.010689440648821
all_treated,m3_k10_capnone,3.0,10.0,none,14709,12180,TOV,1.0817213094931755,-0.010040010283985804,1.00477278274768
all_treated,m3_k10_capnone,3.0,10.0,none,14709,12180,FG3A,1.8039871138355845,-0.10083479904411911,1.0048490270806345
all_treated,m3_k10_capnone,3.0,10.0,none,14709,12180,OREB,0.9180001038580113,-0.010120999733418132,1.0083983713469917
all_treated,m3_k10_capnone,3.0,10.0,none,14709,12180,POOLED,,,1.0043911334603353
all_treated,m3_k10_cap0.75-1.35,3.0,10.0,0.75-1.35,14709,12180,PTS,5.570392557828509,-0.44870046584714945,0.9965233651404419
all_treated,m3_k10_cap0.75-1.35,3.0,10.0,0.75-1.35,14709,12180,AST,1.6752956883955443,-0.157459390381422,0.9984269638598255
all_treated,m3_k10_cap0.75-1.35,3.0,10.0,0.75-1.35,14709,12180,REB,2.074558057310894,-0.08352592122536043,1.001829810580436
all_treated,m3_k10_cap0.75-1.35,3.0,10.0,0.75-1.35,14709,12180,STL,0.8228976900994011,-0.012504727143776284,1.007593472013378
all_treated,m3_k10_cap0.75-1.35,3.0,10.0,0.75-1.35,14709,12180,BLK,0.5950745970188202,-0.005221734582029671,1.0060637623347135
all_treated,m3_k10_cap0.75-1.35,3.0,10.0,0.75-1.35,14709,12180,FG3M,1.1215262491036835,-0.04578019353427627,1.0105902796294333
all_treated,m3_k10_cap0.75-1.35,3.0,10.0,0.75-1.35,14709,12180,TOV,1.0815824013546094,-0.010620596829902816,1.0046437558756858
all_treated,m3_k10_cap0.75-1.35,3.0,10.0,0.75-1.35,14709,12180,FG3A,1.8037926288087518,-0.1009828845098009,1.004740695879987
all_treated,m3_k10_cap0.75-1.35,3.0,10.0,0.75-1.35,14709,12180,OREB,0.9178000427764993,-0.010382954736107477,1.0081786096411718
all_treated,m3_k10_cap0.75-1.35,3.0,10.0,0.75-1.35,14709,12180,POOLED,,,1.0042878572172302
all_treated,m3_k10_cap0.85-1.20,3.0,10.0,0.85-1.20,14709,12180,PTS,5.569372336366973,-0.456851625917651,0.9963408511589795
all_treated,m3_k10_cap0.85-1.20,3.0,10.0,0.85-1.20,14709,12180,AST,1.6750610301301199,-0.1625503324731072,0.9982871144343688
all_treated,m3_k10_cap0.85-1.20,3.0,10.0,0.85-1.20,14709,12180,REB,2.074190340181324,-0.08498121490735669,1.0016522354188415
all_treated,m3_k10_cap0.85-1.20,3.0,10.0,0.85-1.20,14709,12180,STL,0.8218210135720785,-0.01279553843900396,1.0062751401557817
all_treated,m3_k10_cap0.85-1.20,3.0,10.0,0.85-1.20,14709,12180,BLK,0.5947158308217928,-0.005114690429996304,1.0054572137241897
all_treated,m3_k10_cap0.85-1.20,3.0,10.0,0.85-1.20,14709,12180,FG3M,1.120354088216896,-0.04832997835824,1.0095340632463607
all_treated,m3_k10_cap0.85-1.20,3.0,10.0,0.85-1.20,14709,12180,TOV,1.0806454000476466,-0.012325053032726282,1.0037734084004415
all_treated,m3_k10_cap0.85-1.20,3.0,10.0,0.85-1.20,14709,12180,FG3A,1.8034845696269486,-0.10214744425818136,1.0045691020993306
all_treated,m3_k10_cap0.85-1.20,3.0,10.0,0.85-1.20,14709,12180,OREB,0.9166744087446173,-0.011445864564944739,1.0069421309962217
all_treated,m3_k10_cap0.85-1.20,3.0,10.0,0.85-1.20,14709,12180,POOLED,,,1.0036479177371684
all_treated,m3_k20_capnone,3.0,20.0,none,14709,12180,PTS,5.557018583177426,-0.6059955610116953,0.9941308087656008
all_treated,m3_k20_capnone,3.0,20.0,none,14709,12180,AST,1.672048149718136,-0.18931059964773905,0.9964915263104056
all_treated,m3_k20_capnone,3.0,20.0,none,14709,12180,REB,2.067122651311558,-0.11757475614251955,0.9982391608236587
all_treated,m3_k20_capnone,3.0,20.0,none,14709,12180,STL,0.8198695018987677,-0.016021613925704194,1.0038856202358166
all_treated,m3_k20_capnone,3.0,20.0,none,14709,12180,BLK,0.5937821834296574,-0.006579195480340724,1.0038787413566388
all_treated,m3_k20_capnone,3.0,20.0,none,14709,12180,FG3M,1.1157977209636993,-0.06012133005412986,1.0054283898747545
all_treated,m3_k20_capnone,3.0,20.0,none,14709,12180,TOV,1.0779481280783703,-0.021490020509729056,1.0012680075743574
all_treated,m3_k20_capnone,3.0,20.0,none,14709,12180,FG3A,1.7958371776910087,-0.14828648012485887,1.0003093852268552
all_treated,m3_k20_capnone,3.0,20.0,none,14709,12180,OREB,0.9142553014330331,-0.017027090827093725,1.0042848068163408
all_treated,m3_k20_capnone,3.0,20.0,none,14709,12180,POOLED,,,1.000879605220492
all_treated,m3_k20_cap0.75-1.35,3.0,20.0,0.75-1.35,14709,12180,PTS,5.557018583177426,-0.6059955610116953,0.9941308087656008
all_treated,m3_k20_cap0.75-1.35,3.0,20.0,0.75-1.35,14709,12180,AST,1.6720455739803959,-0.18930802390999882,0.9964899912464588
all_treated,m3_k20_cap0.75-1.35,3.0,20.0,0.75-1.35,14709,12180,REB,2.067122651311558,-0.11757475614251955,0.9982391608236587
all_treated,m3_k20_cap0.75-1.35,3.0,20.0,0.75-1.35,14709,12180,STL,0.819864868762011,-0.016009621304137852,1.0038799472118098
all_treated,m3_k20_cap0.75-1.35,3.0,20.0,0.75-1.35,14709,12180,BLK,0.5937704615966898,-0.006598301280332283,1.0038589238221045
all_treated,m3_k20_cap0.75-1.35,3.0,20.0,0.75-1.35,14709,12180,FG3M,1.115784215648972,-0.0601350827522974,1.0054162204406483
all_treated,m3_k20_cap0.75-1.35,3.0,20.0,0.75-1.35,14709,12180,TOV,1.0779412586217214,-0.0215260144981679,1.0012616267782941
all_treated,m3_k20_cap0.75-1.35,3.0,20.0,0.75-1.35,14709,12180,FG3A,1.7957989264027387,-0.1483358674641905,1.000288078661244
all_treated,m3_k20_cap0.75-1.35,3.0,20.0,0.75-1.35,14709,12180,OREB,0.9142418123622242,-0.01704782805750828,1.0042699894356264
all_treated,m3_k20_cap0.75-1.35,3.0,20.0,0.75-1.35,14709,12180,POOLED,,,1.0008705274650496
all_treated,m3_k20_cap0.85-1.20,3.0,20.0,0.85-1.20,14709,12180,PTS,5.556905848846172,-0.6072607416409261,0.9941106409957386
all_treated,m3_k20_cap0.85-1.20,3.0,20.0,0.85-1.20,14709,12180,AST,1.6718475134801103,-0.189899062049606,0.9963719530127723
all_treated,m3_k20_cap0.85-1.20,3.0,20.0,0.85-1.20,14709,12180,REB,2.0671505676260495,-0.11761596877023893,0.9982526419580915
all_treated,m3_k20_cap0.85-1.20,3.0,20.0,0.85-1.20,14709,12180,STL,0.8196920060618202,-0.01610500722638461,1.0036682862357706
all_treated,m3_k20_cap0.85-1.20,3.0,20.0,0.85-1.20,14709,12180,BLK,0.5936672234325926,-0.006511493505320132,1.003684384064722
all_treated,m3_k20_cap0.85-1.20,3.0,20.0,0.85-1.20,14709,12180,FG3M,1.1156174614956191,-0.0606426209941495,1.0052659608041923
all_treated,m3_k20_cap0.85-1.20,3.0,20.0,0.85-1.20,14709,12180,TOV,1.0777913285622711,-0.02238390342990854,1.001122362032625
all_treated,m3_k20_cap0.85-1.20,3.0,20.0,0.85-1.20,14709,12180,FG3A,1.7957182698767056,-0.1486005008816267,1.0002431517152086
all_treated,m3_k20_cap0.85-1.20,3.0,20.0,0.85-1.20,14709,12180,OREB,0.9139735889048491,-0.01743603882058331,1.003975353197093
all_treated,m3_k20_cap0.85-1.20,3.0,20.0,0.85-1.20,14709,12180,POOLED,,,1.000743859335135
all_treated,m3_k40_capnone,3.0,40.0,none,14709,12180,PTS,5.559262808606395,-0.7453372079964902,0.994532292692163
all_treated,m3_k40_capnone,3.0,40.0,none,14709,12180,AST,1.671882508494133,-0.21850116356424917,0.9963928090120104
all_treated,m3_k40_capnone,3.0,40.0,none,14709,12180,REB,2.0659907202386165,-0.146540078332017,0.9976925372724891
all_treated,m3_k40_capnone,3.0,40.0,none,14709,12180,STL,0.8178156871860182,-0.019124326410976382,1.0013708358073399
all_treated,m3_k40_capnone,3.0,40.0,none,14709,12180,BLK,0.5927463306915949,-0.007933588166966151,1.0021274753672977
all_treated,m3_k40_capnone,3.0,40.0,none,14709,12180,FG3M,1.1123268224834857,-0.07366132455174006,1.002300815938355
all_treated,m3_k40_capnone,3.0,40.0,none,14709,12180,TOV,1.0762001443082483,-0.0329005817264502,0.9996443670844366
all_treated,m3_k40_capnone,3.0,40.0,none,14709,12180,FG3A,1.7931540140759563,-0.18934041361471626,0.998814821142996
all_treated,m3_k40_capnone,3.0,40.0,none,14709,12180,OREB,0.91196684689301,-0.023557890222072952,1.001771001184552
all_treated,m3_k40_capnone,3.0,40.0,none,14709,12180,POOLED,,,0.99940521727796
all_treated,m3_k40_cap0.75-1.35,3.0,40.0,0.75-1.35,14709,12180,PTS,5.559262808606395,-0.7453372079964902,0.994532292692163
all_treated,m3_k40_cap0.75-1.35,3.0,40.0,0.75-1.35,14709,12180,AST,1.671882508494133,-0.21850116356424917,0.9963928090120104
all_treated,m3_k40_cap0.75-1.35,3.0,40.0,0.75-1.35,14709,12180,REB,2.0659907202386165,-0.146540078332017,0.9976925372724891
all_treated,m3_k40_cap0.75-1.35,3.0,40.0,0.75-1.35,14709,12180,STL,0.817815070505816,-0.019123709730774218,1.0013700807159676
all_treated,m3_k40_cap0.75-1.35,3.0,40.0,0.75-1.35,14709,12180,BLK,0.5927371429977001,-0.007949110371762361,1.0021119421787978
all_treated,m3_k40_cap0.75-1.35,3.0,40.0,0.75-1.35,14709,12180,FG3M,1.1123276003212035,-0.07366173225788297,1.0023015168361158
all_treated,m3_k40_cap0.75-1.35,3.0,40.0,0.75-1.35,14709,12180,TOV,1.0762001443082483,-0.0329005817264502,0.9996443670844366
all_treated,m3_k40_cap0.75-1.35,3.0,40.0,0.75-1.35,14709,12180,FG3A,1.7931487353479465,-0.18934324779107356,0.9988118808089637
all_treated,m3_k40_cap0.75-1.35,3.0,40.0,0.75-1.35,14709,12180,OREB,0.9119694377353624,-0.023554830446599416,1.0017738471550455
all_treated,m3_k40_cap0.75-1.35,3.0,40.0,0.75-1.35,14709,12180,POOLED,,,0.9994034748617766
all_treated,m3_k40_cap0.85-1.20,3.0,40.0,0.85-1.20,14709,12180,PTS,5.559262660649076,-0.7453370600391719,0.9945322662231264
all_treated,m3_k40_cap0.85-1.20,3.0,40.0,0.85-1.20,14709,12180,AST,1.6718588285919274,-0.21846918176364455,0.996378696486665
all_treated,m3_k40_cap0.85-1.20,3.0,40.0,0.85-1.20,14709,12180,REB,2.0659907202386165,-0.146540078332017,0.9976925372724891
all_treated,m3_k40_cap0.85-1.20,3.0,40.0,0.85-1.20,14709,12180,STL,0.8178070170503388,-0.019119690021341174,1.0013602196976858
all_treated,m3_k40_cap0.85-1.20,3.0,40.0,0.85-1.20,14709,12180,BLK,0.5927527594973311,-0.007930426775010576,1.0021383442373832
all_treated,m3_k40_cap0.85-1.20,3.0,40.0,0.85-1.20,14709,12180,FG3M,1.112313751604777,-0.07368108891026545,1.002289037967951
all_treated,m3_k40_cap0.85-1.20,3.0,40.0,0.85-1.20,14709,12180,TOV,1.076190696160341,-0.032979463566965225,0.9996355910329884
all_treated,m3_k40_cap0.85-1.20,3.0,40.0,0.85-1.20,14709,12180,FG3A,1.7931372499437657,-0.18937189064144744,0.9988054832592648
all_treated,m3_k40_cap0.85-1.20,3.0,40.0,0.85-1.20,14709,12180,OREB,0.9119448139584898,-0.02360667413391365,1.0017467985998325
all_treated,m3_k40_cap0.85-1.20,3.0,40.0,0.85-1.20,14709,12180,POOLED,,,0.9993976638641542
all_treated,m3_k80_capnone,3.0,80.0,none,14709,12180,PTS,5.568869510648589,-0.8455881654006657,0.996250897430986
all_treated,m3_k80_capnone,3.0,80.0,none,14709,12180,AST,1.6735904330485138,-0.24015146537349555,0.997410681820461
all_treated,m3_k80_capnone,3.0,80.0,none,14709,12180,REB,2.0670893923424702,-0.16664319836309582,0.9982230996550722
all_treated,m3_k80_capnone,3.0,80.0,none,14709,12180,STL,0.8169439389995281,-0.021403085239315833,1.0003034275590061
all_treated,m3_k80_capnone,3.0,80.0,none,14709,12180,BLK,0.5921049854877661,-0.009209667512932377,1.001043184133977
all_treated,m3_k80_capnone,3.0,80.0,none,14709,12180,FG3M,1.110625604577409,-0.08376011039931304,1.0007678743056587
all_treated,m3_k80_capnone,3.0,80.0,none,14709,12180,TOV,1.0757723600233646,-0.04166176992669771,0.9992470133459402
all_treated,m3_k80_capnone,3.0,80.0,none,14709,12180,FG3A,1.7931762855851539,-0.21857980871348062,0.9988272267218259
all_treated,m3_k80_capnone,3.0,80.0,none,14709,12180,OREB,0.9109039090916472,-0.02854139379132899,1.0006033926589835
all_treated,m3_k80_capnone,3.0,80.0,none,14709,12180,POOLED,,,0.99918631084799
all_treated,m3_k80_cap0.75-1.35,3.0,80.0,0.75-1.35,14709,12180,PTS,5.568869510648589,-0.8455881654006657,0.996250897430986
all_treated,m3_k80_cap0.75-1.35,3.0,80.0,0.75-1.35,14709,12180,AST,1.6735904330485138,-0.24015146537349555,0.997410681820461
all_treated,m3_k80_cap0.75-1.35,3.0,80.0,0.75-1.35,14709,12180,REB,2.0670893923424702,-0.16664319836309582,0.9982230996550722
all_treated,m3_k80_cap0.75-1.35,3.0,80.0,0.75-1.35,14709,12180,STL,0.8169439389995281,-0.021403085239315833,1.0003034275590061
all_treated,m3_k80_cap0.75-1.35,3.0,80.0,0.75-1.35,14709,12180,BLK,0.5921051237933151,-0.009210111800496093,1.0010434179604615
all_treated,m3_k80_cap0.75-1.35,3.0,80.0,0.75-1.35,14709,12180,FG3M,1.1106261560420134,-0.08375955893470885,1.0007683712220432
all_treated,m3_k80_cap0.75-1.35,3.0,80.0,0.75-1.35,14709,12180,TOV,1.0757723600233646,-0.04166176992669771,0.9992470133459402
all_treated,m3_k80_cap0.75-1.35,3.0,80.0,0.75-1.35,14709,12180,FG3A,1.7931788092832002,-0.21857641747820908,0.9988286324610948
all_treated,m3_k80_cap0.75-1.35,3.0,80.0,0.75-1.35,14709,12180,OREB,0.9109039090916472,-0.02854139379132899,1.0006033926589835
all_treated,m3_k80_cap0.75-1.35,3.0,80.0,0.75-1.35,14709,12180,POOLED,,,0.9991865482348943
all_treated,m3_k80_cap0.85-1.20,3.0,80.0,0.85-1.20,14709,12180,PTS,5.568869510648589,-0.8455881654006657,0.996250897430986
all_treated,m3_k80_cap0.85-1.20,3.0,80.0,0.85-1.20,14709,12180,AST,1.6735904330485138,-0.24015146537349555,0.997410681820461
all_treated,m3_k80_cap0.85-1.20,3.0,80.0,0.85-1.20,14709,12180,REB,2.0670893923424702,-0.16664319836309582,0.9982230996550722
all_treated,m3_k80_cap0.85-1.20,3.0,80.0,0.85-1.20,14709,12180,STL,0.8169435904609202,-0.021402496166058705,1.0003030007924345
all_treated,m3_k80_cap0.85-1.20,3.0,80.0,0.85-1.20,14709,12180,BLK,0.5921017993404621,-0.009216076426922161,1.0010377974692461
all_treated,m3_k80_cap0.85-1.20,3.0,80.0,0.85-1.20,14709,12180,FG3M,1.1106288989128623,-0.08375972691381732,1.0007708427813318
all_treated,m3_k80_cap0.85-1.20,3.0,80.0,0.85-1.20,14709,12180,TOV,1.0757723600233646,-0.04166176992669771,0.9992470133459402
all_treated,m3_k80_cap0.85-1.20,3.0,80.0,0.85-1.20,14709,12180,FG3A,1.7931784326310396,-0.21857543805304178,0.9988284226599525
all_treated,m3_k80_cap0.85-1.20,3.0,80.0,0.85-1.20,14709,12180,OREB,0.9109060147087988,-0.028538949027697637,1.000605705622672
all_treated,m3_k80_cap0.85-1.20,3.0,80.0,0.85-1.20,14709,12180,POOLED,,,0.9991863846197884
all_treated,m3_k160_capnone,3.0,160.0,none,14709,12180,PTS,5.577214408346483,-0.9076648764316216,0.9977437698720804
all_treated,m3_k160_capnone,3.0,160.0,none,14709,12180,AST,1.6753387551822763,-0.253512967198359,0.998452630398227
all_treated,m3_k160_capnone,3.0,160.0,none,14709,12180,REB,2.068465524080427,-0.1788220980088135,0.9988876507354877
all_treated,m3_k160_capnone,3.0,160.0,none,14709,12180,STL,0.8166877506033424,-0.0227747956838623,0.9999897387995066
all_treated,m3_k160_capnone,3.0,160.0,none,14709,12180,BLK,0.5917796034174824,-0.010090828416301658,1.000493076447536
all_treated,m3_k160_capnone,3.0,160.0,none,14709,12180,FG3M,1.1100497404860017,-0.09005764532516346,1.0002489719138254
all_treated,m3_k160_capnone,3.0,160.0,none,14709,12180,TOV,1.0759283668491857,-0.04710698021053183,0.9993919225856235
all_treated,m3_k160_capnone,3.0,160.0,none,14709,12180,FG3A,1.7938833816711965,-0.23665696962558957,0.9992210902969386
all_treated,m3_k160_capnone,3.0,160.0,none,14709,12180,OREB,0.9105463553802444,-0.031615657629247514,1.0002106295441076
all_treated,m3_k160_capnone,3.0,160.0,none,14709,12180,POOLED,,,0.9994043867325925
all_treated,m3_k160_cap0.75-1.35,3.0,160.0,0.75-1.35,14709,12180,PTS,5.577214408346483,-0.9076648764316216,0.9977437698720804
all_treated,m3_k160_cap0.75-1.35,3.0,160.0,0.75-1.35,14709,12180,AST,1.6753387551822763,-0.253512967198359,0.998452630398227
all_treated,m3_k160_cap0.75-1.35,3.0,160.0,0.75-1.35,14709,12180,REB,2.068465524080427,-0.1788220980088135,0.9988876507354877
all_treated,m3_k160_cap0.75-1.35,3.0,160.0,0.75-1.35,14709,12180,STL,0.8166877506033424,-0.0227747956838623,0.9999897387995066
all_treated,m3_k160_cap0.75-1.35,3.0,160.0,0.75-1.35,14709,12180,BLK,0.5917796034174824,-0.010090828416301658,1.000493076447536
all_treated,m3_k160_cap0.75-1.35,3.0,160.0,0.75-1.35,14709,12180,FG3M,1.1100497404860017,-0.09005764532516346,1.0002489719138254
all_treated,m3_k160_cap0.75-1.35,3.0,160.0,0.75-1.35,14709,12180,TOV,1.0759283668491857,-0.04710698021053183,0.9993919225856235
all_treated,m3_k160_cap0.75-1.35,3.0,160.0,0.75-1.35,14709,12180,FG3A,1.7938833816711965,-0.23665696962558957,0.9992210902969386
all_treated,m3_k160_cap0.75-1.35,3.0,160.0,0.75-1.35,14709,12180,OREB,0.9105463553802444,-0.031615657629247514,1.0002106295441076
all_treated,m3_k160_cap0.75-1.35,3.0,160.0,0.75-1.35,14709,12180,POOLED,,,0.9994043867325925
all_treated,m3_k160_cap0.85-1.20,3.0,160.0,0.85-1.20,14709,12180,PTS,5.577214408346483,-0.9076648764316216,0.9977437698720804
all_treated,m3_k160_cap0.85-1.20,3.0,160.0,0.85-1.20,14709,12180,AST,1.6753387551822763,-0.253512967198359,0.998452630398227
all_treated,m3_k160_cap0.85-1.20,3.0,160.0,0.85-1.20,14709,12180,REB,2.068465524080427,-0.1788220980088135,0.9988876507354877
all_treated,m3_k160_cap0.85-1.20,3.0,160.0,0.85-1.20,14709,12180,STL,0.8166877506033424,-0.0227747956838623,0.9999897387995066
all_treated,m3_k160_cap0.85-1.20,3.0,160.0,0.85-1.20,14709,12180,BLK,0.5917794287848065,-0.010091135970778403,1.0004927812045399
all_treated,m3_k160_cap0.85-1.20,3.0,160.0,0.85-1.20,14709,12180,FG3M,1.110050253176001,-0.09005713263516424,1.0002494338910017
all_treated,m3_k160_cap0.85-1.20,3.0,160.0,0.85-1.20,14709,12180,TOV,1.0759283668491857,-0.04710698021053183,0.9993919225856235
all_treated,m3_k160_cap0.85-1.20,3.0,160.0,0.85-1.20,14709,12180,FG3A,1.7938848720355247,-0.23665502508479078,0.9992219204531707
all_treated,m3_k160_cap0.85-1.20,3.0,160.0,0.85-1.20,14709,12180,OREB,0.9105463553802444,-0.031615657629247514,1.0002106295441076
all_treated,m3_k160_cap0.85-1.20,3.0,160.0,0.85-1.20,14709,12180,POOLED,,,0.9994044974981938
all_treated,m3_k320_capnone,3.0,320.0,none,14709,12180,PTS,5.582914065134644,-0.9427127320627131,0.998763418147084
all_treated,m3_k320_capnone,3.0,320.0,none,14709,12180,AST,1.6764944306958955,-0.2610495184617843,0.9991413790187019
all_treated,m3_k320_capnone,3.0,320.0,none,14709,12180,REB,2.069490170609614,-0.18560687883772126,0.9993824652501405
all_treated,m3_k320_capnone,3.0,320.0,none,14709,12180,STL,0.8166483928795429,-0.02353933292781944,0.9999415474070033
all_treated,m3_k320_capnone,3.0,320.0,none,14709,12180,BLK,0.5916299732846817,-0.010581042304283127,1.0002401040384998
all_treated,m3_k320_capnone,3.0,320.0,none,14709,12180,FG3M,1.1098781290989366,-0.09362629125881457,1.0000943354977982
all_treated,m3_k320_capnone,3.0,320.0,none,14709,12180,TOV,1.0761826981009992,-0.050165627309278774,0.9996281619176786
all_treated,m3_k320_capnone,3.0,320.0,none,14709,12180,FG3A,1.7944836687966972,-0.24689022585684012,0.9995554596111106
all_treated,m3_k320_capnone,3.0,320.0,none,14709,12180,OREB,0.9104258975765678,-0.0333388794667931,1.0000783098934527
all_treated,m3_k320_capnone,3.0,320.0,none,14709,12180,POOLED,,,0.9996472423090521
all_treated,m3_k320_cap0.75-1.35,3.0,320.0,0.75-1.35,14709,12180,PTS,5.582914065134644,-0.9427127320627131,0.998763418147084
all_treated,m3_k320_cap0.75-1.35,3.0,320.0,0.75-1.35,14709,12180,AST,1.6764944306958955,-0.2610495184617843,0.9991413790187019
all_treated,m3_k320_cap0.75-1.35,3.0,320.0,0.75-1.35,14709,12180,REB,2.069490170609614,-0.18560687883772126,0.9993824652501405
all_treated,m3_k320_cap0.75-1.35,3.0,320.0,0.75-1.35,14709,12180,STL,0.8166483928795429,-0.02353933292781944,0.9999415474070033
all_treated,m3_k320_cap0.75-1.35,3.0,320.0,0.75-1.35,14709,12180,BLK,0.5916299732846817,-0.010581042304283127,1.0002401040384998
all_treated,m3_k320_cap0.75-1.35,3.0,320.0,0.75-1.35,14709,12180,FG3M,1.1098781290989366,-0.09362629125881457,1.0000943354977982
all_treated,m3_k320_cap0.75-1.35,3.0,320.0,0.75-1.35,14709,12180,TOV,1.0761826981009992,-0.050165627309278774,0.9996281619176786
all_treated,m3_k320_cap0.75-1.35,3.0,320.0,0.75-1.35,14709,12180,FG3A,1.7944836687966972,-0.24689022585684012,0.9995554596111106
all_treated,m3_k320_cap0.75-1.35,3.0,320.0,0.75-1.35,14709,12180,OREB,0.9104258975765678,-0.0333388794667931,1.0000783098934527
all_treated,m3_k320_cap0.75-1.35,3.0,320.0,0.75-1.35,14709,12180,POOLED,,,0.9996472423090521
all_treated,m3_k320_cap0.85-1.20,3.0,320.0,0.85-1.20,14709,12180,PTS,5.582914065134644,-0.9427127320627131,0.998763418147084
all_treated,m3_k320_cap0.85-1.20,3.0,320.0,0.85-1.20,14709,12180,AST,1.6764944306958955,-0.2610495184617843,0.9991413790187019
all_treated,m3_k320_cap0.85-1.20,3.0,320.0,0.85-1.20,14709,12180,REB,2.069490170609614,-0.18560687883772126,0.9993824652501405
all_treated,m3_k320_cap0.85-1.20,3.0,320.0,0.85-1.20,14709,12180,STL,0.8166483928795429,-0.02353933292781944,0.9999415474070033
all_treated,m3_k320_cap0.85-1.20,3.0,320.0,0.85-1.20,14709,12180,BLK,0.5916299732846817,-0.010581042304283127,1.0002401040384998
all_treated,m3_k320_cap0.85-1.20,3.0,320.0,0.85-1.20,14709,12180,FG3M,1.1098781290989366,-0.09362629125881457,1.0000943354977982
all_treated,m3_k320_cap0.85-1.20,3.0,320.0,0.85-1.20,14709,12180,TOV,1.0761826981009992,-0.050165627309278774,0.9996281619176786
all_treated,m3_k320_cap0.85-1.20,3.0,320.0,0.85-1.20,14709,12180,FG3A,1.7944836687966972,-0.24689022585684012,0.9995554596111106
all_treated,m3_k320_cap0.85-1.20,3.0,320.0,0.85-1.20,14709,12180,OREB,0.9104258975765678,-0.0333388794667931,1.0000783098934527
all_treated,m3_k320_cap0.85-1.20,3.0,320.0,0.85-1.20,14709,12180,POOLED,,,0.9996472423090521
all_treated,m5_k0_capnone,5.0,0.0,none,14709,10599,PTS,5.684610020747429,-0.17385865434051442,1.0169564619687446
all_treated,m5_k0_capnone,5.0,0.0,none,14709,10599,AST,1.7022724589542482,-0.10200640255533613,1.0145043257907604
all_treated,m5_k0_capnone,5.0,0.0,none,14709,10599,REB,2.113948399400009,-0.024757350781285048,1.0208518952190258
all_treated,m5_k0_capnone,5.0,0.0,none,14709,10599,STL,0.836727706065606,-0.00597962150955094,1.0245275744820646
all_treated,m5_k0_capnone,5.0,0.0,none,14709,10599,BLK,0.5993506757077918,-0.0016667357887975767,1.0132931212006744
all_treated,m5_k0_capnone,5.0,0.0,none,14709,10599,FG3M,1.1393550018732939,-0.02154202895642106,1.0266554981308138
all_treated,m5_k0_capnone,5.0,0.0,none,14709,10599,TOV,1.0985869711962861,0.008743421302723292,1.0204387012181733
all_treated,m5_k0_capnone,5.0,0.0,none,14709,10599,FG3A,1.8404373774662972,-0.018543416589428662,1.0251523938093907
all_treated,m5_k0_capnone,5.0,0.0,none,14709,10599,OREB,0.9325648151841681,0.002207899514079519,1.0243973141779472
all_treated,m5_k0_capnone,5.0,0.0,none,14709,10599,POOLED,,,1.0207530317775106
all_treated,m5_k0_cap0.75-1.35,5.0,0.0,0.75-1.35,14709,10599,PTS,5.670258405792569,-0.19894448978454404,1.0143890092297239
all_treated,m5_k0_cap0.75-1.35,5.0,0.0,0.75-1.35,14709,10599,AST,1.697140007443772,-0.11270013035931303,1.0114455356235927
all_treated,m5_k0_cap0.75-1.35,5.0,0.0,0.75-1.35,14709,10599,REB,2.10865264116785,-0.029931122359425317,1.0182945079008419
all_treated,m5_k0_cap0.75-1.35,5.0,0.0,0.75-1.35,14709,10599,STL,0.8287223512529717,-0.0052396857789183,1.0147254528484666
all_treated,m5_k0_cap0.75-1.35,5.0,0.0,0.75-1.35,14709,10599,BLK,0.5972253682768464,-0.0012092823863806294,1.0096999669964677
all_treated,m5_k0_cap0.75-1.35,5.0,0.0,0.75-1.35,14709,10599,FG3M,1.132460520654913,-0.027353403096205396,1.0204429857549762
all_treated,m5_k0_cap0.75-1.35,5.0,0.0,0.75-1.35,14709,10599,TOV,1.0922125974843229,0.0055685854372813665,1.014517770238415
all_treated,m5_k0_cap0.75-1.35,5.0,0.0,0.75-1.35,14709,10599,FG3A,1.8362245666557326,-0.022747037304286982,1.0228057923221605
all_treated,m5_k0_cap0.75-1.35,5.0,0.0,0.75-1.35,14709,10599,OREB,0.9262505742992315,0.0003257465548229547,1.0174612907527827
all_treated,m5_k0_cap0.75-1.35,5.0,0.0,0.75-1.35,14709,10599,POOLED,,,1.0159758124074918
all_treated,m5_k0_cap0.85-1.20,5.0,0.0,0.85-1.20,14709,10599,PTS,5.638454343368006,-0.2730708423848082,1.0086993758720317
all_treated,m5_k0_cap0.85-1.20,5.0,0.0,0.85-1.20,14709,10599,AST,1.6876990516933301,-0.13753017034723677,1.005819003632171
all_treated,m5_k0_cap0.85-1.20,5.0,0.0,0.85-1.20,14709,10599,REB,2.0975424288697178,-0.04775449253939531,1.0129292486144499
all_treated,m5_k0_cap0.85-1.20,5.0,0.0,0.85-1.20,14709,10599,STL,0.8238330427991568,-0.008419516312484778,1.0087387605293658
all_treated,m5_k0_cap0.85-1.20,5.0,0.0,0.85-1.20,14709,10599,BLK,0.5953680113439267,-0.0023966683415454415,1.0065598237046973
all_treated,m5_k0_cap0.85-1.20,5.0,0.0,0.85-1.20,14709,10599,FG3M,1.1257658884623973,-0.03743348462680699,1.0144105543028747
all_treated,m5_k0_cap0.85-1.20,5.0,0.0,0.85-1.20,14709,10599,TOV,1.0858797296187268,-0.0012482266070310566,1.0086353925758451
all_treated,m5_k0_cap0.85-1.20,5.0,0.0,0.85-1.20,14709,10599,FG3A,1.8267135343427852,-0.04156282490148158,1.017507998622361
all_treated,m5_k0_cap0.85-1.20,5.0,0.0,0.85-1.20,14709,10599,OREB,0.9202806355823591,-0.004961357474905306,1.0109034739793037
all_treated,m5_k0_cap0.85-1.20,5.0,0.0,0.85-1.20,14709,10599,POOLED,,,1.0104670702036778
all_treated,m5_k3_capnone,5.0,3.0,none,14709,10599,PTS,5.620346502955775,-0.31882403675446286,1.0054599477930064
all_treated,m5_k3_capnone,5.0,3.0,none,14709,10599,AST,1.6869015341047415,-0.13104980391891854,1.0053437066024498
all_treated,m5_k3_capnone,5.0,3.0,none,14709,10599,REB,2.091608984777381,-0.05522019021369476,1.0100639148870243
all_treated,m5_k3_capnone,5.0,3.0,none,14709,10599,STL,0.828812146679194,-0.0093595763375236,1.0148354024647637
all_treated,m5_k3_capnone,5.0,3.0,none,14709,10599,BLK,0.5966523019581292,-0.0034602512198630693,1.00873111156294
all_treated,m5_k3_capnone,5.0,3.0,none,14709,10599,FG3M,1.1290780623011845,-0.03462710099962683,1.0173951038741365
all_treated,m5_k3_capnone,5.0,3.0,none,14709,10599,TOV,1.0887840587088773,-0.001029420153329026,1.0113331214606471
all_treated,m5_k3_capnone,5.0,3.0,none,14709,10599,FG3A,1.8194320229367178,-0.061260207803909124,1.0134520829254319
all_treated,m5_k3_capnone,5.0,3.0,none,14709,10599,OREB,0.9244827443319052,-0.004087758542858215,1.015519377181773
all_treated,m5_k3_capnone,5.0,3.0,none,14709,10599,POOLED,,,1.0113481965280193
all_treated,m5_k3_cap0.75-1.35,5.0,3.0,0.75-1.35,14709,10599,PTS,5.617735716043774,-0.32571323423262005,1.0049928873242508
all_treated,m5_k3_cap0.75-1.35,5.0,3.0,0.75-1.35,14709,10599,AST,1.686545946404156,-0.13445836711910292,1.0051317867898812
all_treated,m5_k3_cap0.75-1.35,5.0,3.0,0.75-1.35,14709,10599,REB,2.0909111206118616,-0.05589509799022933,1.0097269076279172
all_treated,m5_k3_cap0.75-1.35,5.0,3.0,0.75-1.35,14709,10599,STL,0.8262891331649798,-0.0084906193520458,1.0117461096191163
all_treated,m5_k3_cap0.75-1.35,5.0,3.0,0.75-1.35,14709,10599,BLK,0.5962112513186012,-0.00287323196643642,1.0079854486359614
all_treated,m5_k3_cap0.75-1.35,5.0,3.0,0.75-1.35,14709,10599,FG3M,1.127077099686343,-0.036719267911107946,1.0155920668341414
all_treated,m5_k3_cap0.75-1.35,5.0,3.0,0.75-1.35,14709,10599,TOV,1.0872770367484428,-0.0027080296997783657,1.0099333018993988
all_treated,m5_k3_cap0.75-1.35,5.0,3.0,0.75-1.35,14709,10599,FG3A,1.8186632471229496,-0.062177572982940695,1.0130238627776362
all_treated,m5_k3_cap0.75-1.35,5.0,3.0,0.75-1.35,14709,10599,OREB,0.9228064156584074,-0.004759707603648127,1.013677975315811
all_treated,m5_k3_cap0.75-1.35,5.0,3.0,0.75-1.35,14709,10599,POOLED,,,1.010201149647124
all_treated,m5_k3_cap0.85-1.20,5.0,3.0,0.85-1.20,14709,10599,PTS,5.6077715950257545,-0.3616752299882079,1.0032103416051725
all_treated,m5_k3_cap0.85-1.20,5.0,3.0,0.85-1.20,14709,10599,AST,1.6833324678119654,-0.14891730900461403,1.0032166480496256
all_treated,m5_k3_cap0.85-1.20,5.0,3.0,0.85-1.20,14709,10599,REB,2.087048144983759,-0.06588376165821994,1.007861428795864
all_treated,m5_k3_cap0.85-1.20,5.0,3.0,0.85-1.20,14709,10599,STL,0.8229353262264737,-0.01023824920677262,1.0076395554043103
all_treated,m5_k3_cap0.85-1.20,5.0,3.0,0.85-1.20,14709,10599,BLK,0.5949641560777909,-0.0034000331278565923,1.0058770451916792
all_treated,m5_k3_cap0.85-1.20,5.0,3.0,0.85-1.20,14709,10599,FG3M,1.1231028755033943,-0.043048260058006486,1.0120109537468944
all_treated,m5_k3_cap0.85-1.20,5.0,3.0,0.85-1.20,14709,10599,TOV,1.0839071265728721,-0.006511101467580952,1.0068031111608025
all_treated,m5_k3_cap0.85-1.20,5.0,3.0,0.85-1.20,14709,10599,FG3A,1.8161056230397454,-0.06961515802165946,1.011599226175781
all_treated,m5_k3_cap0.85-1.20,5.0,3.0,0.85-1.20,14709,10599,OREB,0.9189857026658558,-0.007809467678254183,1.0094810250726884
all_treated,m5_k3_cap0.85-1.20,5.0,3.0,0.85-1.20,14709,10599,POOLED,,,1.0075221483558687
all_treated,m5_k5_capnone,5.0,5.0,none,14709,10599,PTS,5.59970729998108,-0.38659017011000746,1.0017676679781387
all_treated,m5_k5_capnone,5.0,5.0,none,14709,10599,AST,1.6823201007104396,-0.1443312938346443,1.002613307028402
all_treated,m5_k5_capnone,5.0,5.0,none,14709,10599,REB,2.0840787786574615,-0.06978826736292018,1.0064274849764876
all_treated,m5_k5_capnone,5.0,5.0,none,14709,10599,STL,0.8260691761492066,-0.01090299461454218,1.0114767842146548
all_treated,m5_k5_capnone,5.0,5.0,none,14709,10599,BLK,0.5957687170934506,-0.0041943642687762624,1.007237277482719
all_treated,m5_k5_capnone,5.0,5.0,none,14709,10599,FG3M,1.1252469603292565,-0.04064858531396142,1.013942956038815
all_treated,m5_k5_capnone,5.0,5.0,none,14709,10599,TOV,1.0856299752980438,-0.005717432847068289,1.008403404593734
all_treated,m5_k5_capnone,5.0,5.0,none,14709,10599,FG3A,1.8123993838705055,-0.08143301941825534,1.0095347930128296
all_treated,m5_k5_capnone,5.0,5.0,none,14709,10599,OREB,0.9215976515059153,-0.006963893563132883,1.0123501804739663
all_treated,m5_k5_capnone,5.0,5.0,none,14709,10599,POOLED,,,1.0081948728666386
all_treated,m5_k5_cap0.75-1.35,5.0,5.0,0.75-1.35,14709,10599,PTS,5.5986508716096,-0.38978851899954803,1.0015786767095973
all_treated,m5_k5_cap0.75-1.35,5.0,5.0,0.75-1.35,14709,10599,AST,1.6823666074569,-0.14584911987502305,1.0026410236816408
all_treated,m5_k5_cap0.75-1.35,5.0,5.0,0.75-1.35,14709,10599,REB,2.083868977142401,-0.07004951906639212,1.0063261692233074
all_treated,m5_k5_cap0.75-1.35,5.0,5.0,0.75-1.35,14709,10599,STL,0.8248454174353652,-0.010267687350679074,1.009978358218056
all_treated,m5_k5_cap0.75-1.35,5.0,5.0,0.75-1.35,14709,10599,BLK,0.5956554978110986,-0.003658950402175482,1.0070458631327492
all_treated,m5_k5_cap0.75-1.35,5.0,5.0,0.75-1.35,14709,10599,FG3M,1.1243317835542672,-0.041731532638109026,1.0131183041381697
all_treated,m5_k5_cap0.75-1.35,5.0,5.0,0.75-1.35,14709,10599,TOV,1.08489456945085,-0.006902568187740811,1.007720312032786
all_treated,m5_k5_cap0.75-1.35,5.0,5.0,0.75-1.35,14709,10599,FG3A,1.8119425970325989,-0.08182760454077445,1.0092803556024217
all_treated,m5_k5_cap0.75-1.35,5.0,5.0,0.75-1.35,14709,10599,OREB,0.9208945917671615,-0.00737754161518129,1.0115778883004256
all_treated,m5_k5_cap0.75-1.35,5.0,5.0,0.75-1.35,14709,10599,POOLED,,,1.0076963278932394
all_treated,m5_k5_cap0.85-1.20,5.0,5.0,0.85-1.20,14709,10599,PTS,5.593762128063349,-0.41328722744351604,1.0007040979219368
all_treated,m5_k5_cap0.85-1.20,5.0,5.0,0.85-1.20,14709,10599,AST,1.681179805614731,-0.15620702455044996,1.0019337246847007
all_treated,m5_k5_cap0.85-1.20,5.0,5.0,0.85-1.20,14709,10599,REB,2.0818965583069633,-0.07612609877416401,1.005373663709505
all_treated,m5_k5_cap0.85-1.20,5.0,5.0,0.85-1.20,14709,10599,STL,0.8224295095264001,-0.011393653348935266,1.0070202103615895
all_treated,m5_k5_cap0.85-1.20,5.0,5.0,0.85-1.20,14709,10599,BLK,0.5947091616599903,-0.003961668892018779,1.005445938495759
all_treated,m5_k5_cap0.85-1.20,5.0,5.0,0.85-1.20,14709,10599,FG3M,1.1216142651554881,-0.046349677490274924,1.0106695895577351
all_treated,m5_k5_cap0.85-1.20,5.0,5.0,0.85-1.20,14709,10599,TOV,1.082828056061601,-0.009595183795659209,1.005800800611056
all_treated,m5_k5_cap0.85-1.20,5.0,5.0,0.85-1.20,14709,10599,FG3A,1.8107234995511932,-0.0857556785109917,1.0086012992451385
all_treated,m5_k5_cap0.85-1.20,5.0,5.0,0.85-1.20,14709,10599,OREB,0.9182326049754189,-0.00954827304098827,1.0086537675578906
all_treated,m5_k5_cap0.85-1.20,5.0,5.0,0.85-1.20,14709,10599,POOLED,,,1.0060225657939235
all_treated,m5_k10_capnone,5.0,10.0,none,14709,10599,PTS,5.573995994329595,-0.5062947270255822,0.9971680070809971
all_treated,m5_k10_capnone,5.0,10.0,none,14709,10599,AST,1.6769455256628114,-0.16812230788474916,0.9994102183533639
all_treated,m5_k10_capnone,5.0,10.0,none,14709,10599,REB,2.074363110026115,-0.09574046473084637,1.0017356681192524
all_treated,m5_k10_capnone,5.0,10.0,none,14709,10599,STL,0.8224517315293418,-0.013645243782408981,1.00704741999575
all_treated,m5_k10_capnone,5.0,10.0,none,14709,10599,BLK,0.594503779866039,-0.005425037422567185,1.0050987094569581
all_treated,m5_k10_capnone,5.0,10.0,none,14709,10599,FG3M,1.1197358123301573,-0.051252264945607605,1.008976944229515
all_treated,m5_k10_capnone,5.0,10.0,none,14709,10599,TOV,1.0814283849566153,-0.014073100464078574,1.0045006954742282
all_treated,m5_k10_capnone,5.0,10.0,none,14709,10599,FG3A,1.803207913622766,-0.11710234807052548,1.004415000379586
all_treated,m5_k10_capnone,5.0,10.0,none,14709,10599,OREB,0.917574382222685,-0.012268873726605208,1.0079307276050073
all_treated,m5_k10_capnone,5.0,10.0,none,14709,10599,POOLED,,,1.004031487854962
all_treated,m5_k10_cap0.75-1.35,5.0,10.0,0.75-1.35,14709,10599,PTS,5.573837215219954,-0.506887168534439,0.9971396020644725
all_treated,m5_k10_cap0.75-1.35,5.0,10.0,0.75-1.35,14709,10599,AST,1.676933137112734,-0.1682049211098158,0.9994028351418353
all_treated,m5_k10_cap0.75-1.35,5.0,10.0,0.75-1.35,14709,10599,REB,2.0743695044556585,-0.09573758232636882,1.0017387560685704
all_treated,m5_k10_cap0.75-1.35,5.0,10.0,0.75-1.35,14709,10599,STL,0.8222778634422172,-0.013436755555963225,1.0068345279780837
all_treated,m5_k10_cap0.75-1.35,5.0,10.0,0.75-1.35,14709,10599,BLK,0.594610756091647,-0.005031098039701766,1.0052795689736553
all_treated,m5_k10_cap0.75-1.35,5.0,10.0,0.75-1.35,14709,10599,FG3M,1.1196098848249991,-0.051476148793441166,1.008863472866047
all_treated,m5_k10_cap0.75-1.35,5.0,10.0,0.75-1.35,14709,10599,TOV,1.0812673360317586,-0.014598452586013293,1.0043511028065357
all_treated,m5_k10_cap0.75-1.35,5.0,10.0,0.75-1.35,14709,10599,FG3A,1.8030396350981215,-0.1172182144800699,1.0043212666103865
all_treated,m5_k10_cap0.75-1.35,5.0,10.0,0.75-1.35,14709,10599,OREB,0.9174592664348015,-0.012435633654134776,1.0078042760147186
all_treated,m5_k10_cap0.75-1.35,5.0,10.0,0.75-1.35,14709,10599,POOLED,,,1.003970600947145
all_treated,m5_k10_cap0.85-1.20,5.0,10.0,0.85-1.20,14709,10599,PTS,5.573018180239065,-0.5145954657940449,0.9969930796269871
all_treated,m5_k10_cap0.85-1.20,5.0,10.0,0.85-1.20,14709,10599,AST,1.6769475686805857,-0.1731057924370997,0.9994114359318771
all_treated,m5_k10_cap0.85-1.20,5.0,10.0,0.85-1.20,14709,10599,REB,2.074041470147222,-0.09709815380703216,1.0015803442333717
all_treated,m5_k10_cap0.85-1.20,5.0,10.0,0.85-1.20,14709,10599,STL,0.8212103295240194,-0.013721764055738675,1.005527390748182
all_treated,m5_k10_cap0.85-1.20,5.0,10.0,0.85-1.20,14709,10599,BLK,0.5941389028900305,-0.005121055139736199,1.00448182964876
all_treated,m5_k10_cap0.85-1.20,5.0,10.0,0.85-1.20,14709,10599,FG3M,1.11862847474034,-0.05366239539117088,1.0079791391354014
all_treated,m5_k10_cap0.85-1.20,5.0,10.0,0.85-1.20,14709,10599,TOV,1.0805040917863942,-0.016173732205167952,1.0036421521391128
all_treated,m5_k10_cap0.85-1.20,5.0,10.0,0.85-1.20,14709,10599,FG3A,1.8027739713664044,-0.11834105251411772,1.0041732877582654
all_treated,m5_k10_cap0.85-1.20,5.0,10.0,0.85-1.20,14709,10599,OREB,0.9164190997795111,-0.013415626712216003,1.0066616809793627
all_treated,m5_k10_cap0.85-1.20,5.0,10.0,0.85-1.20,14709,10599,POOLED,,,1.00338337113348
all_treated,m5_k20_capnone,5.0,20.0,none,14709,10599,PTS,5.561928089354156,-0.6414888450532792,0.9950091019138166
all_treated,m5_k20_capnone,5.0,20.0,none,14709,10599,AST,1.673883007234783,-0.19609016113134176,0.997585047431573
all_treated,m5_k20_capnone,5.0,20.0,none,14709,10599,REB,2.0682875163227488,-0.1249345172569749,0.9988016885819929
all_treated,m5_k20_capnone,5.0,20.0,none,14709,10599,STL,0.8195984721775345,-0.016709162121757055,1.0035537590808736
all_treated,m5_k20_capnone,5.0,20.0,none,14709,10599,BLK,0.5933829694228218,-0.006765410832080152,1.0032038095956362
all_treated,m5_k20_capnone,5.0,20.0,none,14709,10599,FG3M,1.115030371597821,-0.06371460937395543,1.0047369430086144
all_treated,m5_k20_capnone,5.0,20.0,none,14709,10599,TOV,1.0782098049843258,-0.024117369163434738,1.001511070025536
all_treated,m5_k20_capnone,5.0,20.0,none,14709,10599,FG3A,1.7963499939092171,-0.1578578762221189,1.00059503187809
all_treated,m5_k20_capnone,5.0,20.0,none,14709,10599,OREB,0.9142503902919763,-0.018524716502668306,1.0042794120602592
all_treated,m5_k20_capnone,5.0,20.0,none,14709,10599,POOLED,,,1.0010306515084881
all_treated,m5_k20_cap0.75-1.35,5.0,20.0,0.75-1.35,14709,10599,PTS,5.561928089354156,-0.6414888450532792,0.9950091019138166
all_treated,m5_k20_cap0.75-1.35,5.0,20.0,0.75-1.35,14709,10599,AST,1.6738804314970428,-0.19608758539360152,0.9975835123676261
all_treated,m5_k20_cap0.75-1.35,5.0,20.0,0.75-1.35,14709,10599,REB,2.0682875163227488,-0.1249345172569749,0.9988016885819929
all_treated,m5_k20_cap0.75-1.35,5.0,20.0,0.75-1.35,14709,10599,STL,0.8195918876404418,-0.016694996994214496,1.0035456966732736
all_treated,m5_k20_cap0.75-1.35,5.0,20.0,0.75-1.35,14709,10599,BLK,0.5934045266567864,-0.006742993011569697,1.0032402553656568
all_treated,m5_k20_cap0.75-1.35,5.0,20.0,0.75-1.35,14709,10599,FG3M,1.1150219134366126,-0.06372633783165962,1.0047293214879345
all_treated,m5_k20_cap0.75-1.35,5.0,20.0,0.75-1.35,14709,10599,TOV,1.0781996965552787,-0.02415348461845285,1.0015016806622188
all_treated,m5_k20_cap0.75-1.35,5.0,20.0,0.75-1.35,14709,10599,FG3A,1.7963237754995445,-0.15789131769996853,1.0005804278139871
all_treated,m5_k20_cap0.75-1.35,5.0,20.0,0.75-1.35,14709,10599,OREB,0.9142457855778958,-0.0185438725063279,1.004274353905952
all_treated,m5_k20_cap0.75-1.35,5.0,20.0,0.75-1.35,14709,10599,POOLED,,,1.0010295598636065
all_treated,m5_k20_cap0.85-1.20,5.0,20.0,0.85-1.20,14709,10599,PTS,5.561860527986356,-0.6427677190329344,0.9949970154260342
all_treated,m5_k20_cap0.85-1.20,5.0,20.0,0.85-1.20,14709,10599,AST,1.6737224034511038,-0.19667409779213862,0.9974893322994719
all_treated,m5_k20_cap0.85-1.20,5.0,20.0,0.85-1.20,14709,10599,REB,2.068311577482704,-0.12496945161500793,0.9988133080144957
all_treated,m5_k20_cap0.85-1.20,5.0,20.0,0.85-1.20,14709,10599,STL,0.8194316295091394,-0.01674166019872946,1.0033494693063967
all_treated,m5_k20_cap0.85-1.20,5.0,20.0,0.85-1.20,14709,10599,BLK,0.5934038200748852,-0.00647800684068627,1.0032390607819028
all_treated,m5_k20_cap0.85-1.20,5.0,20.0,0.85-1.20,14709,10599,FG3M,1.1148765435911754,-0.06420843380305509,1.0045983309267528
all_treated,m5_k20_cap0.85-1.20,5.0,20.0,0.85-1.20,14709,10599,TOV,1.0780455461338034,-0.024961279488376842,1.0013584957710753
all_treated,m5_k20_cap0.85-1.20,5.0,20.0,0.85-1.20,14709,10599,FG3A,1.796273214796783,-0.15816198098430465,1.0005522647120513
all_treated,m5_k20_cap0.85-1.20,5.0,20.0,0.85-1.20,14709,10599,OREB,0.914038509155898,-0.01887202660524581,1.0040466663430827
all_treated,m5_k20_cap0.85-1.20,5.0,20.0,0.85-1.20,14709,10599,POOLED,,,1.0009382159534737
all_treated,m5_k40_capnone,5.0,40.0,none,14709,10599,PTS,5.563460285112572,-0.7647732780583291,0.9952832062713425
all_treated,m5_k40_capnone,5.0,40.0,none,14709,10599,AST,1.6733082339576446,-0.22227942742687687,0.9972424994611006
all_treated,m5_k40_capnone,5.0,40.0,none,14709,10599,REB,2.0670584668821377,-0.15053821325835035,0.998208165366799
all_treated,m5_k40_capnone,5.0,40.0,none,14709,10599,STL,0.8177444224904356,-0.01957129470063024,1.0012835760630023
all_treated,m5_k40_capnone,5.0,40.0,none,14709,10599,BLK,0.5925276768279637,-0.008103229685587486,1.0017578078839335
all_treated,m5_k40_capnone,5.0,40.0,none,14709,10599,FG3M,1.1120920031332948,-0.07568488708971152,1.0020892237861772
all_treated,m5_k40_capnone,5.0,40.0,none,14709,10599,TOV,1.0765169980633205,-0.034403820012938346,0.9999386813652166
all_treated,m5_k40_capnone,5.0,40.0,none,14709,10599,FG3A,1.7937992742840554,-0.1945542243422203,0.999174241167313
all_treated,m5_k40_capnone,5.0,40.0,none,14709,10599,OREB,0.9121159357774296,-0.024458685597169842,1.001934771305713
all_treated,m5_k40_capnone,5.0,40.0,none,14709,10599,POOLED,,,0.9996569080745108
all_treated,m5_k40_cap0.75-1.35,5.0,40.0,0.75-1.35,14709,10599,PTS,5.563460285112572,-0.7647732780583291,0.9952832062713425
all_treated,m5_k40_cap0.75-1.35,5.0,40.0,0.75-1.35,14709,10599,AST,1.6733082339576446,-0.22227942742687687,0.9972424994611006
all_treated,m5_k40_cap0.75-1.35,5.0,40.0,0.75-1.35,14709,10599,REB,2.0670584668821377,-0.15053821325835035,0.998208165366799
all_treated,m5_k40_cap0.75-1.35,5.0,40.0,0.75-1.35,14709,10599,STL,0.8177438058102333,-0.019570678020428077,1.00128282097163
all_treated,m5_k40_cap0.75-1.35,5.0,40.0,0.75-1.35,14709,10599,BLK,0.5925206963377598,-0.008115700708797578,1.001746006307673
all_treated,m5_k40_cap0.75-1.35,5.0,40.0,0.75-1.35,14709,10599,FG3M,1.1120938043699795,-0.07568433730028931,1.002090846853213
all_treated,m5_k40_cap0.75-1.35,5.0,40.0,0.75-1.35,14709,10599,TOV,1.0765169980633205,-0.034403820012938346,0.9999386813652166
all_treated,m5_k40_cap0.75-1.35,5.0,40.0,0.75-1.35,14709,10599,FG3A,1.7937967365481082,-0.1945543175265154,0.9991728276087138
all_treated,m5_k40_cap0.75-1.35,5.0,40.0,0.75-1.35,14709,10599,OREB,0.912118467110632,-0.024455685330846272,1.001937551907009
all_treated,m5_k40_cap0.75-1.35,5.0,40.0,0.75-1.35,14709,10599,POOLED,,,0.999655845123633
all_treated,m5_k40_cap0.85-1.20,5.0,40.0,0.85-1.20,14709,10599,PTS,5.563460137155254,-0.7647731301010107,0.995283179802306
all_treated,m5_k40_cap0.85-1.20,5.0,40.0,0.85-1.20,14709,10599,AST,1.6732845540554393,-0.22224744562627227,0.9972283869357553
all_treated,m5_k40_cap0.85-1.20,5.0,40.0,0.85-1.20,14709,10599,REB,2.0670584668821377,-0.15053821325835035,0.998208165366799
all_treated,m5_k40_cap0.85-1.20,5.0,40.0,0.85-1.20,14709,10599,STL,0.8177359016089261,-0.019565203183547188,1.001273142706963
all_treated,m5_k40_cap0.85-1.20,5.0,40.0,0.85-1.20,14709,10599,BLK,0.5925508937547055,-0.008077940499727616,1.0017970596160437
all_treated,m5_k40_cap0.85-1.20,5.0,40.0,0.85-1.20,14709,10599,FG3M,1.1120848355354256,-0.07570583131735857,1.0020827651725328
all_treated,m5_k40_cap0.85-1.20,5.0,40.0,0.85-1.20,14709,10599,TOV,1.0765075723511153,-0.03448274013260831,0.9999299261535011
all_treated,m5_k40_cap0.85-1.20,5.0,40.0,0.85-1.20,14709,10599,FG3A,1.7937939483667296,-0.19457994992255143,0.9991712745480937
all_treated,m5_k40_cap0.85-1.20,5.0,40.0,0.85-1.20,14709,10599,OREB,0.9120959797902222,-0.024507092141416924,1.0019128501916368
all_treated,m5_k40_cap0.85-1.20,5.0,40.0,0.85-1.20,14709,10599,POOLED,,,0.9996540833881812
all_treated,m5_k80_capnone,5.0,80.0,none,14709,10599,PTS,5.571283872994784,-0.8556605708478606,0.9966828182453491
all_treated,m5_k80_capnone,5.0,80.0,none,14709,10599,AST,1.6743990858317213,-0.24210949851061528,0.9978926150987157
all_treated,m5_k80_capnone,5.0,80.0,none,14709,10599,REB,2.067727324532147,-0.16870999216513963,0.9985311650198831
all_treated,m5_k80_capnone,5.0,80.0,none,14709,10599,STL,0.8169484836604458,-0.02164027518227179,1.0003089922491593
all_treated,m5_k80_capnone,5.0,80.0,none,14709,10599,BLK,0.591991031732297,-0.009315719816575344,1.0008505280459272
all_treated,m5_k80_capnone,5.0,80.0,none,14709,10599,FG3M,1.1105649301095377,-0.08482100069704089,1.0007132014636264
all_treated,m5_k80_capnone,5.0,80.0,none,14709,10599,TOV,1.076012961333719,-0.04244103064411111,0.9994704994194935
all_treated,m5_k80_capnone,5.0,80.0,none,14709,10599,FG3A,1.793608727807392,-0.22127893202009566,0.9990681038006874
all_treated,m5_k80_capnone,5.0,80.0,none,14709,10599,OREB,0.9110189930600985,-0.029011752764896974,1.0007298092964834
all_treated,m5_k80_capnone,5.0,80.0,none,14709,10599,POOLED,,,0.9993608591821472
all_treated,m5_k80_cap0.75-1.35,5.0,80.0,0.75-1.35,14709,10599,PTS,5.571283872994784,-0.8556605708478606,0.9966828182453491
all_treated,m5_k80_cap0.75-1.35,5.0,80.0,0.75-1.35,14709,10599,AST,1.6743990858317213,-0.24210949851061528,0.9978926150987157
all_treated,m5_k80_cap0.75-1.35,5.0,80.0,0.75-1.35,14709,10599,REB,2.067727324532147,-0.16870999216513963,0.9985311650198831
all_treated,m5_k80_cap0.75-1.35,5.0,80.0,0.75-1.35,14709,10599,STL,0.8169484836604458,-0.02164027518227179,1.0003089922491593
all_treated,m5_k80_cap0.75-1.35,5.0,80.0,0.75-1.35,14709,10599,BLK,0.5919912612238931,-0.009316072918092196,1.0008509160362393
all_treated,m5_k80_cap0.75-1.35,5.0,80.0,0.75-1.35,14709,10599,FG3M,1.1105654840256287,-0.08482044678094997,1.0007137005890083
all_treated,m5_k80_cap0.75-1.35,5.0,80.0,0.75-1.35,14709,10599,TOV,1.076012961333719,-0.04244103064411111,0.9994704994194935
all_treated,m5_k80_cap0.75-1.35,5.0,80.0,0.75-1.35,14709,10599,FG3A,1.7936112588598982,-0.22127553343036388,0.9990695136365055
all_treated,m5_k80_cap0.75-1.35,5.0,80.0,0.75-1.35,14709,10599,OREB,0.9110189930600985,-0.029011752764896974,1.0007298092964834
all_treated,m5_k80_cap0.75-1.35,5.0,80.0,0.75-1.35,14709,10599,POOLED,,,0.9993611143989819
all_treated,m5_k80_cap0.85-1.20,5.0,80.0,0.85-1.20,14709,10599,PTS,5.571283872994784,-0.8556605708478606,0.9966828182453491
all_treated,m5_k80_cap0.85-1.20,5.0,80.0,0.85-1.20,14709,10599,AST,1.6743990858317213,-0.24210949851061528,0.9978926150987157
all_treated,m5_k80_cap0.85-1.20,5.0,80.0,0.85-1.20,14709,10599,REB,2.067727324532147,-0.16870999216513963,0.9985311650198831
all_treated,m5_k80_cap0.85-1.20,5.0,80.0,0.85-1.20,14709,10599,STL,0.816948135121838,-0.021639686109014657,1.0003085654825876
all_treated,m5_k80_cap0.85-1.20,5.0,80.0,0.85-1.20,14709,10599,BLK,0.5919898634616046,-0.009319868420979016,1.0008485529073243
all_treated,m5_k80_cap0.85-1.20,5.0,80.0,0.85-1.20,14709,10599,FG3M,1.1105685501646616,-0.08482032193131457,1.0007164634403505
all_treated,m5_k80_cap0.85-1.20,5.0,80.0,0.85-1.20,14709,10599,TOV,1.076012961333719,-0.04244103064411111,0.9994704994194935
all_treated,m5_k80_cap0.85-1.20,5.0,80.0,0.85-1.20,14709,10599,FG3A,1.7936117668261942,-0.22127366938674034,0.9990697965816742
all_treated,m5_k80_cap0.85-1.20,5.0,80.0,0.85-1.20,14709,10599,OREB,0.9110210760372668,-0.029009330641248905,1.0007320973907607
all_treated,m5_k80_cap0.85-1.20,5.0,80.0,0.85-1.20,14709,10599,POOLED,,,0.9993613970651265
all_treated,m5_k160_capnone,5.0,160.0,none,14709,10599,PTS,5.578556217831181,-0.9127815028952609,0.9979838148041362
all_treated,m5_k160_capnone,5.0,160.0,none,14709,10599,AST,1.6757767832770356,-0.2545064581636338,0.9987136822613489
all_treated,m5_k160_capnone,5.0,160.0,none,14709,10599,REB,2.0688381344021036,-0.17987277480827168,0.9990675888802266
all_treated,m5_k160_capnone,5.0,160.0,none,14709,10599,STL,0.8167002469789383,-0.022893127892180627,1.0000050399318656
all_treated,m5_k160_capnone,5.0,160.0,none,14709,10599,BLK,0.5917262739480142,-0.010143580074259756,1.0004029148997817
all_treated,m5_k160_capnone,5.0,160.0,none,14709,10599,FG3M,1.1100396481310193,-0.0905972912337209,1.0002398778459407
all_treated,m5_k160_capnone,5.0,160.0,none,14709,10599,TOV,1.0760699700100287,-0.04750091548490522,0.9995234527687838
all_treated,m5_k160_capnone,5.0,160.0,none,14709,10599,FG3A,1.794158628041351,-0.23802829016553476,0.9993744068284903
all_treated,m5_k160_capnone,5.0,160.0,none,14709,10599,OREB,0.9106154652223915,-0.03185213916249708,1.0002865448429972
all_treated,m5_k160_capnone,5.0,160.0,none,14709,10599,POOLED,,,0.9995108136737302
all_treated,m5_k160_cap0.75-1.35,5.0,160.0,0.75-1.35,14709,10599,PTS,5.578556217831181,-0.9127815028952609,0.9979838148041362
all_treated,m5_k160_cap0.75-1.35,5.0,160.0,0.75-1.35,14709,10599,AST,1.6757767832770356,-0.2545064581636338,0.9987136822613489
all_treated,m5_k160_cap0.75-1.35,5.0,160.0,0.75-1.35,14709,10599,REB,2.0688381344021036,-0.17987277480827168,0.9990675888802266
all_treated,m5_k160_cap0.75-1.35,5.0,160.0,0.75-1.35,14709,10599,STL,0.8167002469789383,-0.022893127892180627,1.0000050399318656
all_treated,m5_k160_cap0.75-1.35,5.0,160.0,0.75-1.35,14709,10599,BLK,0.5917262739480142,-0.010143580074259756,1.0004029148997817
all_treated,m5_k160_cap0.75-1.35,5.0,160.0,0.75-1.35,14709,10599,FG3M,1.1100396481310193,-0.0905972912337209,1.0002398778459407
all_treated,m5_k160_cap0.75-1.35,5.0,160.0,0.75-1.35,14709,10599,TOV,1.0760699700100287,-0.04750091548490522,0.9995234527687838
all_treated,m5_k160_cap0.75-1.35,5.0,160.0,0.75-1.35,14709,10599,FG3A,1.794158628041351,-0.23802829016553476,0.9993744068284903
all_treated,m5_k160_cap0.75-1.35,5.0,160.0,0.75-1.35,14709,10599,OREB,0.9106154652223915,-0.03185213916249708,1.0002865448429972
all_treated,m5_k160_cap0.75-1.35,5.0,160.0,0.75-1.35,14709,10599,POOLED,,,0.9995108136737302
all_treated,m5_k160_cap0.85-1.20,5.0,160.0,0.85-1.20,14709,10599,PTS,5.578556217831181,-0.9127815028952609,0.9979838148041362
all_treated,m5_k160_cap0.85-1.20,5.0,160.0,0.85-1.20,14709,10599,AST,1.6757767832770356,-0.2545064581636338,0.9987136822613489
all_treated,m5_k160_cap0.85-1.20,5.0,160.0,0.85-1.20,14709,10599,REB,2.0688381344021036,-0.17987277480827168,0.9990675888802266
all_treated,m5_k160_cap0.85-1.20,5.0,160.0,0.85-1.20,14709,10599,STL,0.8167002469789383,-0.022893127892180627,1.0000050399318656
all_treated,m5_k160_cap0.85-1.20,5.0,160.0,0.85-1.20,14709,10599,BLK,0.5917260981819228,-0.010143888762152236,1.000402617740575
all_treated,m5_k160_cap0.85-1.20,5.0,160.0,0.85-1.20,14709,10599,FG3M,1.1100401614475612,-0.09059677791717914,1.0002403403876852
all_treated,m5_k160_cap0.85-1.20,5.0,160.0,0.85-1.20,14709,10599,TOV,1.0760699700100287,-0.04750091548490522,0.9995234527687838
all_treated,m5_k160_cap0.85-1.20,5.0,160.0,0.85-1.20,14709,10599,FG3A,1.7941601202853068,-0.2380263437451084,0.9993752380317044
all_treated,m5_k160_cap0.85-1.20,5.0,160.0,0.85-1.20,14709,10599,OREB,0.9106154652223915,-0.03185213916249708,1.0002865448429972
all_treated,m5_k160_cap0.85-1.20,5.0,160.0,0.85-1.20,14709,10599,POOLED,,,0.9995109244054802
all_treated,m5_k320_capnone,5.0,320.0,none,14709,10599,PTS,5.583640413719913,-0.9452910739696619,0.9988933593189033
all_treated,m5_k320_capnone,5.0,320.0,none,14709,10599,AST,1.6767173654613374,-0.2615498237044564,0.9992742415829291
all_treated,m5_k320_capnone,5.0,320.0,none,14709,10599,REB,2.069688193635345,-0.18613655657669284,0.9994780930247692
all_treated,m5_k320_capnone,5.0,320.0,none,14709,10599,STL,0.816657431024264,-0.02359835951695462,0.9999526141237163
all_treated,m5_k320_capnone,5.0,320.0,none,14709,10599,BLK,0.5916041407586811,-0.010606984325088834,1.0001964302395694
all_treated,m5_k320_capnone,5.0,320.0,none,14709,10599,FG3M,1.1098774703802938,-0.09389802816320891,1.0000937419364277
all_treated,m5_k320_capnone,5.0,320.0,none,14709,10599,TOV,1.0762586282147601,-0.05036362435017412,0.999698690723045
all_treated,m5_k320_capnone,5.0,320.0,none,14709,10599,FG3A,1.794626737057759,-0.24758125914040602,0.9996351508693417
all_treated,m5_k320_capnone,5.0,320.0,none,14709,10599,OREB,0.9104643361836445,-0.0334572790839088,1.0001205336672956
all_treated,m5_k320_capnone,5.0,320.0,none,14709,10599,POOLED,,,0.9997047617206665
all_treated,m5_k320_cap0.75-1.35,5.0,320.0,0.75-1.35,14709,10599,PTS,5.583640413719913,-0.9452910739696619,0.9988933593189033
all_treated,m5_k320_cap0.75-1.35,5.0,320.0,0.75-1.35,14709,10599,AST,1.6767173654613374,-0.2615498237044564,0.9992742415829291
all_treated,m5_k320_cap0.75-1.35,5.0,320.0,0.75-1.35,14709,10599,REB,2.069688193635345,-0.18613655657669284,0.9994780930247692
all_treated,m5_k320_cap0.75-1.35,5.0,320.0,0.75-1.35,14709,10599,STL,0.816657431024264,-0.02359835951695462,0.9999526141237163
all_treated,m5_k320_cap0.75-1.35,5.0,320.0,0.75-1.35,14709,10599,BLK,0.5916041407586811,-0.010606984325088834,1.0001964302395694
all_treated,m5_k320_cap0.75-1.35,5.0,320.0,0.75-1.35,14709,10599,FG3M,1.1098774703802938,-0.09389802816320891,1.0000937419364277
all_treated,m5_k320_cap0.75-1.35,5.0,320.0,0.75-1.35,14709,10599,TOV,1.0762586282147601,-0.05036362435017412,0.999698690723045
all_treated,m5_k320_cap0.75-1.35,5.0,320.0,0.75-1.35,14709,10599,FG3A,1.794626737057759,-0.24758125914040602,0.9996351508693417
all_treated,m5_k320_cap0.75-1.35,5.0,320.0,0.75-1.35,14709,10599,OREB,0.9104643361836445,-0.0334572790839088,1.0001205336672956
all_treated,m5_k320_cap0.75-1.35,5.0,320.0,0.75-1.35,14709,10599,POOLED,,,0.9997047617206665
all_treated,m5_k320_cap0.85-1.20,5.0,320.0,0.85-1.20,14709,10599,PTS,5.583640413719913,-0.9452910739696619,0.9988933593189033
all_treated,m5_k320_cap0.85-1.20,5.0,320.0,0.85-1.20,14709,10599,AST,1.6767173654613374,-0.2615498237044564,0.9992742415829291
all_treated,m5_k320_cap0.85-1.20,5.0,320.0,0.85-1.20,14709,10599,REB,2.069688193635345,-0.18613655657669284,0.9994780930247692
all_treated,m5_k320_cap0.85-1.20,5.0,320.0,0.85-1.20,14709,10599,STL,0.816657431024264,-0.02359835951695462,0.9999526141237163
all_treated,m5_k320_cap0.85-1.20,5.0,320.0,0.85-1.20,14709,10599,BLK,0.5916041407586811,-0.010606984325088834,1.0001964302395694
all_treated,m5_k320_cap0.85-1.20,5.0,320.0,0.85-1.20,14709,10599,FG3M,1.1098774703802938,-0.09389802816320891,1.0000937419364277
all_treated,m5_k320_cap0.85-1.20,5.0,320.0,0.85-1.20,14709,10599,TOV,1.0762586282147601,-0.05036362435017412,0.999698690723045
all_treated,m5_k320_cap0.85-1.20,5.0,320.0,0.85-1.20,14709,10599,FG3A,1.794626737057759,-0.24758125914040602,0.9996351508693417
all_treated,m5_k320_cap0.85-1.20,5.0,320.0,0.85-1.20,14709,10599,OREB,0.9104643361836445,-0.0334572790839088,1.0001205336672956
all_treated,m5_k320_cap0.85-1.20,5.0,320.0,0.85-1.20,14709,10599,POOLED,,,0.9997047617206665
all_treated,m8_k0_capnone,8.0,0.0,none,14709,8498,PTS,5.652898478971972,-0.3655650378249352,1.0112833802252579
all_treated,m8_k0_capnone,8.0,0.0,none,14709,8498,AST,1.6908407377465942,-0.14132967009248984,1.0076913561304726
all_treated,m8_k0_capnone,8.0,0.0,none,14709,8498,REB,2.09243965137489,-0.06761959496074046,1.0104650540873015
all_treated,m8_k0_capnone,8.0,0.0,none,14709,8498,STL,0.8266761094033436,-0.009295553941211083,1.0122199409790666
all_treated,m8_k0_capnone,8.0,0.0,none,14709,8498,BLK,0.5956909713268951,-0.0038350971491657527,1.0071058364855763
all_treated,m8_k0_capnone,8.0,0.0,none,14709,8498,FG3M,1.1282530014029926,-0.03844685428146102,1.0166516540222212
all_treated,m8_k0_capnone,8.0,0.0,none,14709,8498,TOV,1.0891305250552465,-0.004893258948422167,1.0116549418333391
all_treated,m8_k0_capnone,8.0,0.0,none,14709,8498,FG3A,1.8216304727951504,-0.07348266195172563,1.014676653868533
all_treated,m8_k0_capnone,8.0,0.0,none,14709,8498,OREB,0.9260672895631354,-0.005154625801763135,1.0172599574102317
all_treated,m8_k0_capnone,8.0,0.0,none,14709,8498,POOLED,,,1.0121120861157777
all_treated,m8_k0_cap0.75-1.35,8.0,0.0,0.75-1.35,14709,8498,PTS,5.648342568755325,-0.37846468100077574,1.0104683441334137
all_treated,m8_k0_cap0.75-1.35,8.0,0.0,0.75-1.35,14709,8498,AST,1.6886614948981995,-0.1478735490624872,1.0063925914791292
all_treated,m8_k0_cap0.75-1.35,8.0,0.0,0.75-1.35,14709,8498,REB,2.0909189390697662,-0.06996671335614994,1.009730683258189
all_treated,m8_k0_cap0.75-1.35,8.0,0.0,0.75-1.35,14709,8498,STL,0.8238814429718382,-0.00933212019490811,1.008798023908793
all_treated,m8_k0_cap0.75-1.35,8.0,0.0,0.75-1.35,14709,8498,BLK,0.595087198966442,-0.0031811263137236593,1.0060850678364115
all_treated,m8_k0_cap0.75-1.35,8.0,0.0,0.75-1.35,14709,8498,FG3M,1.1253809092896327,-0.04150740557637335,1.0140636554138236
all_treated,m8_k0_cap0.75-1.35,8.0,0.0,0.75-1.35,14709,8498,TOV,1.0868585352507178,-0.0068910117069438896,1.009544570614582
all_treated,m8_k0_cap0.75-1.35,8.0,0.0,0.75-1.35,14709,8498,FG3A,1.8203871232142057,-0.07511616442143325,1.013984088712634
all_treated,m8_k0_cap0.75-1.35,8.0,0.0,0.75-1.35,14709,8498,OREB,0.9227967159563703,-0.0064872964120818236,1.013667320454558
all_treated,m8_k0_cap0.75-1.35,8.0,0.0,0.75-1.35,14709,8498,POOLED,,,1.0103038162012814
all_treated,m8_k0_cap0.85-1.20,8.0,0.0,0.85-1.20,14709,8498,PTS,5.631562633500947,-0.4270494371032967,1.0074664735519534
all_treated,m8_k0_cap0.85-1.20,8.0,0.0,0.85-1.20,14709,8498,AST,1.6831555555192819,-0.1653517031211708,1.003111213525752
all_treated,m8_k0_cap0.85-1.20,8.0,0.0,0.85-1.20,14709,8498,REB,2.0860280849527792,-0.08291455691594768,1.0073688291580685
all_treated,m8_k0_cap0.85-1.20,8.0,0.0,0.85-1.20,14709,8498,STL,0.8213002372520565,-0.011752475202529422,1.0056374778719444
all_treated,m8_k0_cap0.85-1.20,8.0,0.0,0.85-1.20,14709,8498,BLK,0.5939286910652156,-0.004156561133579403,1.0041264347110164
all_treated,m8_k0_cap0.85-1.20,8.0,0.0,0.85-1.20,14709,8498,FG3M,1.1209175288359308,-0.04857044306506591,1.0100417710358127
all_treated,m8_k0_cap0.85-1.20,8.0,0.0,0.85-1.20,14709,8498,TOV,1.0831266996647104,-0.011667478519552979,1.00607820012377
all_treated,m8_k0_cap0.85-1.20,8.0,0.0,0.85-1.20,14709,8498,FG3A,1.8158217779364878,-0.08746821661203719,1.0114411200154527
all_treated,m8_k0_cap0.85-1.20,8.0,0.0,0.85-1.20,14709,8498,OREB,0.9186266549513588,-0.010771132152792337,1.0090866208356812
all_treated,m8_k0_cap0.85-1.20,8.0,0.0,0.85-1.20,14709,8498,POOLED,,,1.0071509045366056
all_treated,m8_k3_capnone,8.0,3.0,none,14709,8498,PTS,5.618450131109698,-0.4596393536067701,1.005120693632013
all_treated,m8_k3_capnone,8.0,3.0,none,14709,8498,AST,1.6836719532710231,-0.1597882302849838,1.0034189713997719
all_treated,m8_k3_capnone,8.0,3.0,none,14709,8498,REB,2.082439808521437,-0.08732418979527658,1.0056360059744254
all_treated,m8_k3_capnone,8.0,3.0,none,14709,8498,STL,0.8234681870583109,-0.011706237499926327,1.0082920145157048
all_treated,m8_k3_capnone,8.0,3.0,none,14709,8498,BLK,0.5946101567072337,-0.004950354636215219,1.0052785556234956
all_treated,m8_k3_capnone,8.0,3.0,none,14709,8498,FG3M,1.1232965920018496,-0.047010060188580165,1.0121855087432658
all_treated,m8_k3_capnone,8.0,3.0,none,14709,8498,TOV,1.084747496486023,-0.011370118899577472,1.007583701141571
all_treated,m8_k3_capnone,8.0,3.0,none,14709,8498,FG3A,1.8122150027435573,-0.1020060624097773,1.0094320898423885
all_treated,m8_k3_capnone,8.0,3.0,none,14709,8498,OREB,0.9218336050374749,-0.009644741647387193,1.0126093690687588
all_treated,m8_k3_capnone,8.0,3.0,none,14709,8498,POOLED,,,1.007728545549044
all_treated,m8_k3_cap0.75-1.35,8.0,3.0,0.75-1.35,14709,8498,PTS,5.6173684792015415,-0.46405894858225,1.0049271899627048
all_treated,m8_k3_cap0.75-1.35,8.0,3.0,0.75-1.35,14709,8498,AST,1.6834123261388028,-0.16226158775371788,1.0032642412639792
all_treated,m8_k3_cap0.75-1.35,8.0,3.0,0.75-1.35,14709,8498,REB,2.08228880823957,-0.08774995244125752,1.0055630860658948
all_treated,m8_k3_cap0.75-1.35,8.0,3.0,0.75-1.35,14709,8498,STL,0.8224071914702089,-0.011440208871409578,1.0069928831154484
all_treated,m8_k3_cap0.75-1.35,8.0,3.0,0.75-1.35,14709,8498,BLK,0.5945831456106841,-0.004293883750602422,1.0052328892724942
all_treated,m8_k3_cap0.75-1.35,8.0,3.0,0.75-1.35,14709,8498,FG3M,1.1222827585155113,-0.048188879362050255,1.0112719587775159
all_treated,m8_k3_cap0.75-1.35,8.0,3.0,0.75-1.35,14709,8498,TOV,1.0839407397930556,-0.012701132108840161,1.0068343332958243
all_treated,m8_k3_cap0.75-1.35,8.0,3.0,0.75-1.35,14709,8498,FG3A,1.8118100173974938,-0.102556940892649,1.0092065066728344
all_treated,m8_k3_cap0.75-1.35,8.0,3.0,0.75-1.35,14709,8498,OREB,0.9205289600901957,-0.010238072666430516,1.011176251758103
all_treated,m8_k3_cap0.75-1.35,8.0,3.0,0.75-1.35,14709,8498,POOLED,,,1.0071632600205334
all_treated,m8_k3_cap0.85-1.20,8.0,3.0,0.85-1.20,14709,8498,PTS,5.611070800085601,-0.4903812218427138,1.0038005576257483
all_treated,m8_k3_cap0.85-1.20,8.0,3.0,0.85-1.20,14709,8498,AST,1.6811324847098064,-0.17342532433721666,1.00190552281696
all_treated,m8_k3_cap0.85-1.20,8.0,3.0,0.85-1.20,14709,8498,REB,2.080521726536797,-0.09504164239426473,1.004709740399655
all_treated,m8_k3_cap0.85-1.20,8.0,3.0,0.85-1.20,14709,8498,STL,0.8206507396254725,-0.013017970729083858,1.0048422033481392
all_treated,m8_k3_cap0.85-1.20,8.0,3.0,0.85-1.20,14709,8498,BLK,0.5936992248632407,-0.004850913081891897,1.0037384873315716
all_treated,m8_k3_cap0.85-1.20,8.0,3.0,0.85-1.20,14709,8498,FG3M,1.119394156293376,-0.052829202730482056,1.0086690831607046
all_treated,m8_k3_cap0.85-1.20,8.0,3.0,0.85-1.20,14709,8498,TOV,1.0818294946762996,-0.015415595015757478,1.0048732721496596
all_treated,m8_k3_cap0.85-1.20,8.0,3.0,0.85-1.20,14709,8498,FG3A,1.8099889776782232,-0.10758990448796837,1.0081921590779153
all_treated,m8_k3_cap0.85-1.20,8.0,3.0,0.85-1.20,14709,8498,OREB,0.9176273949479488,-0.012765607329560943,1.0079889606548642
all_treated,m8_k3_cap0.85-1.20,8.0,3.0,0.85-1.20,14709,8498,POOLED,,,1.0054133318405798
all_treated,m8_k5_capnone,8.0,5.0,none,14709,8498,PTS,5.604949596947266,-0.5069810661655048,1.00270549621189
all_treated,m8_k5_capnone,8.0,5.0,none,14709,8498,AST,1.6810269807238698,-0.16909532122978457,1.0018426455439606
all_treated,m8_k5_capnone,8.0,5.0,none,14709,8498,REB,2.0784175779665564,-0.09744721743924108,1.0036936209634557
all_treated,m8_k5_capnone,8.0,5.0,none,14709,8498,STL,0.8221226836581345,-0.012891640957149071,1.0066445187712145
all_treated,m8_k5_capnone,8.0,5.0,none,14709,8498,BLK,0.59417429348514,-0.005448637640306336,1.004541662811603
all_treated,m8_k5_capnone,8.0,5.0,none,14709,8498,FG3M,1.121151130090396,-0.0513204481238902,1.0102522655804216
all_treated,m8_k5_capnone,8.0,5.0,none,14709,8498,TOV,1.0829312605564834,-0.014713643880475993,1.0058966636273474
all_treated,m8_k5_capnone,8.0,5.0,none,14709,8498,FG3A,1.8084617673072756,-0.11633708374955563,1.0073414790239257
all_treated,m8_k5_capnone,8.0,5.0,none,14709,8498,OREB,0.9200381485186797,-0.011871267694170897,1.0106371084755752
all_treated,m8_k5_capnone,8.0,5.0,none,14709,8498,POOLED,,,1.0059506067788215
all_treated,m8_k5_cap0.75-1.35,8.0,5.0,0.75-1.35,14709,8498,PTS,5.6044929556777765,-0.5094583357442382,1.0026238047171148
all_treated,m8_k5_cap0.75-1.35,8.0,5.0,0.75-1.35,14709,8498,AST,1.681066356320432,-0.17017789209330553,1.00186611224157
all_treated,m8_k5_cap0.75-1.35,8.0,5.0,0.75-1.35,14709,8498,REB,2.078390303111019,-0.09767334248094854,1.0036804495975062
all_treated,m8_k5_cap0.75-1.35,8.0,5.0,0.75-1.35,14709,8498,STL,0.8215851509628479,-0.012600493379980772,1.0059863392170842
all_treated,m8_k5_cap0.75-1.35,8.0,5.0,0.75-1.35,14709,8498,BLK,0.5943097305215891,-0.004857806278887991,1.0047706396409486
all_treated,m8_k5_cap0.75-1.35,8.0,5.0,0.75-1.35,14709,8498,FG3M,1.1206584133311548,-0.0519179123859542,1.009808285987525
all_treated,m8_k5_cap0.75-1.35,8.0,5.0,0.75-1.35,14709,8498,TOV,1.0824569381841314,-0.015711101119042257,1.0054560823003411
all_treated,m8_k5_cap0.75-1.35,8.0,5.0,0.75-1.35,14709,8498,FG3A,1.8081917029613284,-0.11657834722678856,1.0071910489608764
all_treated,m8_k5_cap0.75-1.35,8.0,5.0,0.75-1.35,14709,8498,OREB,0.9192795477009144,-0.012256562730163463,1.0098038059237322
all_treated,m8_k5_cap0.75-1.35,8.0,5.0,0.75-1.35,14709,8498,POOLED,,,1.0056873965096331
all_treated,m8_k5_cap0.85-1.20,8.0,5.0,0.85-1.20,14709,8498,PTS,5.601488264145839,-0.5274033237778618,1.0020862761164764
all_treated,m8_k5_cap0.85-1.20,8.0,5.0,0.85-1.20,14709,8498,AST,1.6798819263163736,-0.17865415593477357,1.0011602267903938
all_treated,m8_k5_cap0.85-1.20,8.0,5.0,0.85-1.20,14709,8498,REB,2.0776074011479837,-0.10222567241540846,1.0033023765315021
all_treated,m8_k5_cap0.85-1.20,8.0,5.0,0.85-1.20,14709,8498,STL,0.8202932998651641,-0.013807254684636665,1.004404537799362
all_treated,m8_k5_cap0.85-1.20,8.0,5.0,0.85-1.20,14709,8498,BLK,0.5935977836351466,-0.005234052933674653,1.003566985566745
all_treated,m8_k5_cap0.85-1.20,8.0,5.0,0.85-1.20,14709,8498,FG3M,1.1184837784476163,-0.05539570513132711,1.007848755502346
all_treated,m8_k5_cap0.85-1.20,8.0,5.0,0.85-1.20,14709,8498,TOV,1.0810304587892543,-0.01775005958111977,1.0041310758882973
all_treated,m8_k5_cap0.85-1.20,8.0,5.0,0.85-1.20,14709,8498,FG3A,1.8071575140488572,-0.11939654195473276,1.0066149895674672
all_treated,m8_k5_cap0.85-1.20,8.0,5.0,0.85-1.20,14709,8498,OREB,0.9170681888657444,-0.014037249139313434,1.0073746878457739
all_treated,m8_k5_cap0.85-1.20,8.0,5.0,0.85-1.20,14709,8498,POOLED,,,1.004498879067596
all_treated,m8_k10_capnone,8.0,10.0,none,14709,8498,PTS,5.5864510498259765,-0.5941948517937482,0.9993961720958346
all_treated,m8_k10_capnone,8.0,10.0,none,14709,8498,AST,1.6774088050331954,-0.1866672279461687,0.9996863192341787
all_treated,m8_k10_capnone,8.0,10.0,none,14709,8498,REB,2.0724597149143538,-0.1160654340290971,1.0008164950175138
all_treated,m8_k10_capnone,8.0,10.0,none,14709,8498,STL,0.8202344984825544,-0.015076922433823643,1.0043325387039996
all_treated,m8_k10_capnone,8.0,10.0,none,14709,8498,BLK,0.593497868924782,-0.006356373432268631,1.0033980646114133
all_treated,m8_k10_capnone,8.0,10.0,none,14709,8498,FG3M,1.1175757311794785,-0.059304458957290966,1.0070305278921075
all_treated,m8_k10_capnone,8.0,10.0,none,14709,8498,TOV,1.0802580879215573,-0.02094860140147649,1.0034136478231954
all_treated,m8_k10_capnone,8.0,10.0,none,14709,8498,FG3A,1.8027110289724597,-0.14272220314274883,1.0041382278607571
all_treated,m8_k10_capnone,8.0,10.0,none,14709,8498,OREB,0.9170504338760816,-0.016110890834684196,1.0073551844681772
all_treated,m8_k10_capnone,8.0,10.0,none,14709,8498,POOLED,,,1.003285241967464
all_treated,m8_k10_cap0.75-1.35,8.0,10.0,0.75-1.35,14709,8498,PTS,5.586379813403321,-0.5946987613438898,0.9993834281538434
all_treated,m8_k10_cap0.75-1.35,8.0,10.0,0.75-1.35,14709,8498,AST,1.677408330296914,-0.18669318623452072,0.9996860363053159
all_treated,m8_k10_cap0.75-1.35,8.0,10.0,0.75-1.35,14709,8498,REB,2.072465707915422,-0.11606215019614458,1.0008193891120434
all_treated,m8_k10_cap0.75-1.35,8.0,10.0,0.75-1.35,14709,8498,STL,0.8201150125964788,-0.014905771986522992,1.0041862347341914
all_treated,m8_k10_cap0.75-1.35,8.0,10.0,0.75-1.35,14709,8498,BLK,0.5937140484566561,-0.00591092277980964,1.0037635488620713
all_treated,m8_k10_cap0.75-1.35,8.0,10.0,0.75-1.35,14709,8498,FG3M,1.1175284651103348,-0.05943247463979993,1.0069879371546449
all_treated,m8_k10_cap0.75-1.35,8.0,10.0,0.75-1.35,14709,8498,TOV,1.0801268766381775,-0.021382838883595816,1.0032917702885917
all_treated,m8_k10_cap0.75-1.35,8.0,10.0,0.75-1.35,14709,8498,FG3A,1.8026045787080138,-0.1428035075736455,1.00407893339915
all_treated,m8_k10_cap0.75-1.35,8.0,10.0,0.75-1.35,14709,8498,OREB,0.9168662609992544,-0.01625210506906401,1.0071528755269707
all_treated,m8_k10_cap0.75-1.35,8.0,10.0,0.75-1.35,14709,8498,POOLED,,,1.0032611281707582
all_treated,m8_k10_cap0.85-1.20,8.0,10.0,0.85-1.20,14709,8498,PTS,5.585975436894225,-0.6011884677958665,0.9993110866383318
all_treated,m8_k10_cap0.85-1.20,8.0,10.0,0.85-1.20,14709,8498,AST,1.6772004783392753,-0.19107728442300995,0.9995621626509903
all_treated,m8_k10_cap0.85-1.20,8.0,10.0,0.85-1.20,14709,8498,REB,2.0724498113497485,-0.11719364784465446,1.0008117124633606
all_treated,m8_k10_cap0.85-1.20,8.0,10.0,0.85-1.20,14709,8498,STL,0.8195150969175325,-0.015457507696788279,1.0034516706089822
all_treated,m8_k10_cap0.85-1.20,8.0,10.0,0.85-1.20,14709,8498,BLK,0.5933343753213252,-0.006061118502636246,1.0031216539048642
all_treated,m8_k10_cap0.85-1.20,8.0,10.0,0.85-1.20,14709,8498,FG3M,1.1166173868659284,-0.0610723766434187,1.006166978377697
all_treated,m8_k10_cap0.85-1.20,8.0,10.0,0.85-1.20,14709,8498,TOV,1.0795288166374266,-0.022833474098580164,1.0027362534415711
all_treated,m8_k10_cap0.85-1.20,8.0,10.0,0.85-1.20,14709,8498,FG3A,1.8023551335001906,-0.14367539022613438,1.0039399885184084
all_treated,m8_k10_cap0.85-1.20,8.0,10.0,0.85-1.20,14709,8498,OREB,0.9157961004098084,-0.017067342893291457,1.0059773329633679
all_treated,m8_k10_cap0.85-1.20,8.0,10.0,0.85-1.20,14709,8498,POOLED,,,1.0027865377297305
all_treated,m8_k20_capnone,8.0,20.0,none,14709,8498,PTS,5.57495456827222,-0.6985864461217343,0.9973394925411553
all_treated,m8_k20_capnone,8.0,20.0,none,14709,8498,AST,1.675101724270796,-0.20827932898120863,0.9983113669454947
all_treated,m8_k20_capnone,8.0,20.0,none,14709,8498,REB,2.0685979042346387,-0.13786492762700397,0.9989515787534823
all_treated,m8_k20_capnone,8.0,20.0,none,14709,8498,STL,0.8185169351716013,-0.01769541565079475,1.0022294758315338
all_treated,m8_k20_capnone,8.0,20.0,none,14709,8498,BLK,0.592836373797838,-0.00739959200723097,1.0022797068802762
all_treated,m8_k20_capnone,8.0,20.0,none,14709,8498,FG3M,1.114138026325379,-0.06912089872766151,1.0039328642283596
all_treated,m8_k20_capnone,8.0,20.0,none,14709,8498,TOV,1.0779716941771578,-0.02895902449523073,1.0012898972925772
all_treated,m8_k20_capnone,8.0,20.0,none,14709,8498,FG3A,1.7974804246394076,-0.1741811522571694,1.0012246994686744
all_treated,m8_k20_capnone,8.0,20.0,none,14709,8498,OREB,0.9142838484862315,-0.02115866043170284,1.004316164984854
all_treated,m8_k20_capnone,8.0,20.0,none,14709,8498,POOLED,,,1.0010972496584898
all_treated,m8_k20_cap0.75-1.35,8.0,20.0,0.75-1.35,14709,8498,PTS,5.57495456827222,-0.6985864461217343,0.9973394925411553
all_treated,m8_k20_cap0.75-1.35,8.0,20.0,0.75-1.35,14709,8498,AST,1.6750991485330557,-0.20827675324346842,0.9983098318815479
all_treated,m8_k20_cap0.75-1.35,8.0,20.0,0.75-1.35,14709,8498,REB,2.0685979042346387,-0.13786492762700397,0.9989515787534823
all_treated,m8_k20_cap0.75-1.35,8.0,20.0,0.75-1.35,14709,8498,STL,0.8185124662954681,-0.01767655952452165,1.002224003935728
all_treated,m8_k20_cap0.75-1.35,8.0,20.0,0.75-1.35,14709,8498,BLK,0.5929348457122575,-0.007281753596768616,1.0024461885704736
all_treated,m8_k20_cap0.75-1.35,8.0,20.0,0.75-1.35,14709,8498,FG3M,1.1141406646242418,-0.06912166744058501,1.0039352415594185
all_treated,m8_k20_cap0.75-1.35,8.0,20.0,0.75-1.35,14709,8498,TOV,1.077959732877255,-0.028988195139530798,1.0012787868628545
all_treated,m8_k20_cap0.75-1.35,8.0,20.0,0.75-1.35,14709,8498,FG3A,1.7974774825012876,-0.174185204366819,1.0012230606517423
all_treated,m8_k20_cap0.75-1.35,8.0,20.0,0.75-1.35,14709,8498,OREB,0.9142672245629181,-0.021177937981143924,1.0042979040531568
all_treated,m8_k20_cap0.75-1.35,8.0,20.0,0.75-1.35,14709,8498,POOLED,,,1.0011117876455067
all_treated,m8_k20_cap0.85-1.20,8.0,20.0,0.85-1.20,14709,8498,PTS,5.574951328459118,-0.6998580698800455,0.9973389129501441
all_treated,m8_k20_cap0.85-1.20,8.0,20.0,0.85-1.20,14709,8498,AST,1.6749990216475144,-0.20882009944122606,0.9982501592022565
all_treated,m8_k20_cap0.85-1.20,8.0,20.0,0.85-1.20,14709,8498,REB,2.0686269733933336,-0.13789784671859276,0.9989656166106762
all_treated,m8_k20_cap0.85-1.20,8.0,20.0,0.85-1.20,14709,8498,STL,0.8183915857779795,-0.017740903678382932,1.0020759923155953
all_treated,m8_k20_cap0.85-1.20,8.0,20.0,0.85-1.20,14709,8498,BLK,0.5929162559706898,-0.007079128451003607,1.0024147597959363
all_treated,m8_k20_cap0.85-1.20,8.0,20.0,0.85-1.20,14709,8498,FG3M,1.113982703311226,-0.06947985534413384,1.0037929050179253
all_treated,m8_k20_cap0.85-1.20,8.0,20.0,0.85-1.20,14709,8498,TOV,1.077827959201264,-0.02971110553236275,1.0011563869415843
all_treated,m8_k20_cap0.85-1.20,8.0,20.0,0.85-1.20,14709,8498,FG3A,1.7974116460054477,-0.1744358294425399,1.00118638869423
all_treated,m8_k20_cap0.85-1.20,8.0,20.0,0.85-1.20,14709,8498,OREB,0.9140108967835697,-0.02146477627801991,1.004016334896313
all_treated,m8_k20_cap0.85-1.20,8.0,20.0,0.85-1.20,14709,8498,POOLED,,,1.0010219396027402
all_treated,m8_k40_capnone,8.0,40.0,none,14709,8498,PTS,5.57378384229067,-0.797802365233243,0.997130053837746
all_treated,m8_k40_capnone,8.0,40.0,none,14709,8498,AST,1.6746291605141466,-0.22939658827015885,0.9980297328434972
all_treated,m8_k40_capnone,8.0,40.0,none,14709,8498,REB,2.067929994326567,-0.15787498573062464,0.9986290367767321
all_treated,m8_k40_capnone,8.0,40.0,none,14709,8498,STL,0.8172668305523886,-0.020159681928320954,1.0006987907065088
all_treated,m8_k40_capnone,8.0,40.0,none,14709,8498,BLK,0.5922468275096795,-0.008517153469621109,1.0012829895616298
all_treated,m8_k40_capnone,8.0,40.0,none,14709,8498,FG3M,1.1117426723037138,-0.07883278389537786,1.0017744470780692
all_treated,m8_k40_capnone,8.0,40.0,none,14709,8498,TOV,1.0766471307339127,-0.03728694592879139,1.0000595570144342
all_treated,m8_k40_capnone,8.0,40.0,none,14709,8498,FG3A,1.7950241914671194,-0.20385744908696332,0.9998565391894088
all_treated,m8_k40_capnone,8.0,40.0,none,14709,8498,OREB,0.9122895647091824,-0.026081675022890445,1.0021254980074448
all_treated,m8_k40_capnone,8.0,40.0,none,14709,8498,POOLED,,,0.9999540716683856
all_treated,m8_k40_cap0.75-1.35,8.0,40.0,0.75-1.35,14709,8498,PTS,5.57378384229067,-0.797802365233243,0.997130053837746
all_treated,m8_k40_cap0.75-1.35,8.0,40.0,0.75-1.35,14709,8498,AST,1.6746291605141466,-0.22939658827015885,0.9980297328434972
all_treated,m8_k40_cap0.75-1.35,8.0,40.0,0.75-1.35,14709,8498,REB,2.067929994326567,-0.15787498573062464,0.9986290367767321
all_treated,m8_k40_cap0.75-1.35,8.0,40.0,0.75-1.35,14709,8498,STL,0.8172662138721863,-0.02015906524811879,1.0006980356151365
all_treated,m8_k40_cap0.75-1.35,8.0,40.0,0.75-1.35,14709,8498,BLK,0.5922493819325133,-0.008520054296067033,1.0012873082004352
all_treated,m8_k40_cap0.75-1.35,8.0,40.0,0.75-1.35,14709,8498,FG3M,1.1117467031668316,-0.07883117032712715,1.001778079227641
all_treated,m8_k40_cap0.75-1.35,8.0,40.0,0.75-1.35,14709,8498,TOV,1.0766471307339127,-0.03728694592879139,1.0000595570144342
all_treated,m8_k40_cap0.75-1.35,8.0,40.0,0.75-1.35,14709,8498,FG3A,1.795027221839531,-0.2038504260372891,0.9998582271542207
all_treated,m8_k40_cap0.75-1.35,8.0,40.0,0.75-1.35,14709,8498,OREB,0.912292096042385,-0.02607867475656688,1.002128278608741
all_treated,m8_k40_cap0.75-1.35,8.0,40.0,0.75-1.35,14709,8498,POOLED,,,0.9999553676976203
all_treated,m8_k40_cap0.85-1.20,8.0,40.0,0.85-1.20,14709,8498,PTS,5.573783694333351,-0.7978022172759245,0.9971300273687094
all_treated,m8_k40_cap0.85-1.20,8.0,40.0,0.85-1.20,14709,8498,AST,1.6746021164110014,-0.22936117741290848,0.9980136153533249
all_treated,m8_k40_cap0.85-1.20,8.0,40.0,0.85-1.20,14709,8498,REB,2.067929994326567,-0.15787498573062464,0.9986290367767321
all_treated,m8_k40_cap0.85-1.20,8.0,40.0,0.85-1.20,14709,8498,STL,0.8172618997153386,-0.020149261863160614,1.000692753164682
all_treated,m8_k40_cap0.85-1.20,8.0,40.0,0.85-1.20,14709,8498,BLK,0.5923149201410283,-0.008432171869212211,1.0013981104712186
all_treated,m8_k40_cap0.85-1.20,8.0,40.0,0.85-1.20,14709,8498,FG3M,1.111741321054093,-0.07884537457995291,1.0017732294875463
all_treated,m8_k40_cap0.85-1.20,8.0,40.0,0.85-1.20,14709,8498,TOV,1.0766417939901292,-0.03735503427892004,1.0000545999013077
all_treated,m8_k40_cap0.85-1.20,8.0,40.0,0.85-1.20,14709,8498,FG3A,1.7950297246215168,-0.20386623072899307,0.9998596212429168
all_treated,m8_k40_cap0.85-1.20,8.0,40.0,0.85-1.20,14709,8498,OREB,0.91226714974377,-0.02611667203360154,1.0021008757720868
all_treated,m8_k40_cap0.85-1.20,8.0,40.0,0.85-1.20,14709,8498,POOLED,,,0.9999613188376139
all_treated,m8_k80_capnone,8.0,80.0,none,14709,8498,PTS,5.577513042264007,-0.8732622217934526,0.997797194415027
all_treated,m8_k80_capnone,8.0,80.0,none,14709,8498,AST,1.6752304345350968,-0.24590335302555727,0.9983880744779582
all_treated,m8_k80_capnone,8.0,80.0,none,14709,8498,REB,2.068411719783586,-0.17260762426356874,0.9988616679733651
all_treated,m8_k80_capnone,8.0,80.0,none,14709,8498,STL,0.8167635829542924,-0.021953327232794296,1.0000825913894507
all_treated,m8_k80_capnone,8.0,80.0,none,14709,8498,BLK,0.5918426537552536,-0.009563668217399906,1.0005996725959052
all_treated,m8_k80_capnone,8.0,80.0,none,14709,8498,FG3M,1.110484928945441,-0.08650183398892228,1.0006411136289817
all_treated,m8_k80_capnone,8.0,80.0,none,14709,8498,TOV,1.076209503387083,-0.04398078637256133,0.9996530604027638
all_treated,m8_k80_capnone,8.0,80.0,none,14709,8498,FG3A,1.794485112771096,-0.22622786725732127,0.9995562639274267
all_treated,m8_k80_capnone,8.0,80.0,none,14709,8498,OREB,0.9111746815524548,-0.029889896881853478,1.0009008289090846
all_treated,m8_k80_capnone,8.0,80.0,none,14709,8498,POOLED,,,0.9996089408577736
all_treated,m8_k80_cap0.75-1.35,8.0,80.0,0.75-1.35,14709,8498,PTS,5.577513042264007,-0.8732622217934526,0.997797194415027
all_treated,m8_k80_cap0.75-1.35,8.0,80.0,0.75-1.35,14709,8498,AST,1.6752304345350968,-0.24590335302555727,0.9983880744779582
all_treated,m8_k80_cap0.75-1.35,8.0,80.0,0.75-1.35,14709,8498,REB,2.068411719783586,-0.17260762426356874,0.9988616679733651
all_treated,m8_k80_cap0.75-1.35,8.0,80.0,0.75-1.35,14709,8498,STL,0.8167635829542924,-0.021953327232794296,1.0000825913894507
all_treated,m8_k80_cap0.75-1.35,8.0,80.0,0.75-1.35,14709,8498,BLK,0.5918429158298907,-0.009563988735875687,1.0006001156727844
all_treated,m8_k80_cap0.75-1.35,8.0,80.0,0.75-1.35,14709,8498,FG3M,1.110485734500106,-0.08650102843425704,1.0006418395020629
all_treated,m8_k80_cap0.75-1.35,8.0,80.0,0.75-1.35,14709,8498,TOV,1.076209503387083,-0.04398078637256133,0.9996530604027638
all_treated,m8_k80_cap0.75-1.35,8.0,80.0,0.75-1.35,14709,8498,FG3A,1.7944876432912442,-0.22622446919994738,0.9995576734667131
all_treated,m8_k80_cap0.75-1.35,8.0,80.0,0.75-1.35,14709,8498,OREB,0.9111746815524548,-0.029889896881853478,1.0009008289090846
all_treated,m8_k80_cap0.75-1.35,8.0,80.0,0.75-1.35,14709,8498,POOLED,,,0.9996092273565789
all_treated,m8_k80_cap0.85-1.20,8.0,80.0,0.85-1.20,14709,8498,PTS,5.577513042264007,-0.8732622217934526,0.997797194415027
all_treated,m8_k80_cap0.85-1.20,8.0,80.0,0.85-1.20,14709,8498,AST,1.6752304345350968,-0.24590335302555727,0.9983880744779582
all_treated,m8_k80_cap0.85-1.20,8.0,80.0,0.85-1.20,14709,8498,REB,2.068411719783586,-0.17260762426356874,0.9988616679733651
all_treated,m8_k80_cap0.85-1.20,8.0,80.0,0.85-1.20,14709,8498,STL,0.8167632344156844,-0.021952738159537164,1.0000821646228788
all_treated,m8_k80_cap0.85-1.20,8.0,80.0,0.85-1.20,14709,8498,BLK,0.5918454219214387,-0.009563893884002193,1.0006043526002288
all_treated,m8_k80_cap0.85-1.20,8.0,80.0,0.85-1.20,14709,8498,FG3M,1.1104896041201349,-0.08650067443297775,1.0006453263579347
all_treated,m8_k80_cap0.85-1.20,8.0,80.0,0.85-1.20,14709,8498,TOV,1.076209503387083,-0.04398078637256133,0.9996530604027638
all_treated,m8_k80_cap0.85-1.20,8.0,80.0,0.85-1.20,14709,8498,FG3A,1.7944907861584127,-0.22621928370142794,0.9995594240928635
all_treated,m8_k80_cap0.85-1.20,8.0,80.0,0.85-1.20,14709,8498,OREB,0.9111767645296232,-0.02988747475820541,1.0009031170033618
all_treated,m8_k80_cap0.85-1.20,8.0,80.0,0.85-1.20,14709,8498,POOLED,,,0.9996104868829313
all_treated,m8_k160_capnone,8.0,160.0,none,14709,8498,PTS,5.582060173402578,-0.9218526051097423,0.9986106599611088
all_treated,m8_k160_capnone,8.0,160.0,none,14709,8498,AST,1.676225931329562,-0.2564625778832082,0.9989813612922889
all_treated,m8_k160_capnone,8.0,160.0,none,14709,8498,REB,2.0692691159039796,-0.18188385220635672,0.9992757151916916
all_treated,m8_k160_capnone,8.0,160.0,none,14709,8498,STL,0.8166238843606142,-0.023053578624526613,0.9999115380583583
all_treated,m8_k160_capnone,8.0,160.0,none,14709,8498,BLK,0.5916564660064338,-0.010269964506927307,1.0002848939983702
all_treated,m8_k160_capnone,8.0,160.0,none,14709,8498,FG3M,1.11004006633246,-0.09146798997575195,1.0002402546809113
all_treated,m8_k160_capnone,8.0,160.0,none,14709,8498,TOV,1.0762102871519796,-0.04829312084616432,0.9996537884143406
all_treated,m8_k160_capnone,8.0,160.0,none,14709,8498,FG3A,1.7946604672717417,-0.2405825254919107,0.9996539391258895
all_treated,m8_k160_capnone,8.0,160.0,none,14709,8498,OREB,0.9107109057816681,-0.03230388118505212,1.0003913837249654
all_treated,m8_k160_capnone,8.0,160.0,none,14709,8498,POOLED,,,0.9996670593831027
all_treated,m8_k160_cap0.75-1.35,8.0,160.0,0.75-1.35,14709,8498,PTS,5.582060173402578,-0.9218526051097423,0.9986106599611088
all_treated,m8_k160_cap0.75-1.35,8.0,160.0,0.75-1.35,14709,8498,AST,1.676225931329562,-0.2564625778832082,0.9989813612922889
all_treated,m8_k160_cap0.75-1.35,8.0,160.0,0.75-1.35,14709,8498,REB,2.0692691159039796,-0.18188385220635672,0.9992757151916916
all_treated,m8_k160_cap0.75-1.35,8.0,160.0,0.75-1.35,14709,8498,STL,0.8166238843606142,-0.023053578624526613,0.9999115380583583
all_treated,m8_k160_cap0.75-1.35,8.0,160.0,0.75-1.35,14709,8498,BLK,0.5916564660064338,-0.010269964506927307,1.0002848939983702
all_treated,m8_k160_cap0.75-1.35,8.0,160.0,0.75-1.35,14709,8498,FG3M,1.11004006633246,-0.09146798997575195,1.0002402546809113
all_treated,m8_k160_cap0.75-1.35,8.0,160.0,0.75-1.35,14709,8498,TOV,1.0762102871519796,-0.04829312084616432,0.9996537884143406
all_treated,m8_k160_cap0.75-1.35,8.0,160.0,0.75-1.35,14709,8498,FG3A,1.7946604672717417,-0.2405825254919107,0.9996539391258895
all_treated,m8_k160_cap0.75-1.35,8.0,160.0,0.75-1.35,14709,8498,OREB,0.9107109057816681,-0.03230388118505212,1.0003913837249654
all_treated,m8_k160_cap0.75-1.35,8.0,160.0,0.75-1.35,14709,8498,POOLED,,,0.9996670593831027
all_treated,m8_k160_cap0.85-1.20,8.0,160.0,0.85-1.20,14709,8498,PTS,5.582060173402578,-0.9218526051097423,0.9986106599611088
all_treated,m8_k160_cap0.85-1.20,8.0,160.0,0.85-1.20,14709,8498,AST,1.676225931329562,-0.2564625778832082,0.9989813612922889
all_treated,m8_k160_cap0.85-1.20,8.0,160.0,0.85-1.20,14709,8498,REB,2.0692691159039796,-0.18188385220635672,0.9992757151916916
all_treated,m8_k160_cap0.85-1.20,8.0,160.0,0.85-1.20,14709,8498,STL,0.8166238843606142,-0.023053578624526613,0.9999115380583583
all_treated,m8_k160_cap0.85-1.20,8.0,160.0,0.85-1.20,14709,8498,BLK,0.5916563367103873,-0.0102702267247747,1.0002846754038148
all_treated,m8_k160_cap0.85-1.20,8.0,160.0,0.85-1.20,14709,8498,FG3M,1.1100406515672365,-0.09146740474097552,1.000240782027085
all_treated,m8_k160_cap0.85-1.20,8.0,160.0,0.85-1.20,14709,8498,TOV,1.0762102871519796,-0.04829312084616432,0.9996537884143406
all_treated,m8_k160_cap0.85-1.20,8.0,160.0,0.85-1.20,14709,8498,FG3A,1.7946619595156974,-0.24058057907148434,0.9996547703291034
all_treated,m8_k160_cap0.85-1.20,8.0,160.0,0.85-1.20,14709,8498,OREB,0.9107109057816681,-0.03230388118505212,1.0003913837249654
all_treated,m8_k160_cap0.85-1.20,8.0,160.0,0.85-1.20,14709,8498,POOLED,,,0.9996671860447507
all_treated,m8_k320_capnone,8.0,320.0,none,14709,8498,PTS,5.585467694099537,-0.9498966109706645,0.9992202532629215
all_treated,m8_k320_capnone,8.0,320.0,none,14709,8498,AST,1.676954204158166,-0.2625432148881775,0.9994153904813815
all_treated,m8_k320_capnone,8.0,320.0,none,14709,8498,REB,2.0699303406750404,-0.1871583167376018,0.9995950288328831
all_treated,m8_k320_capnone,8.0,320.0,none,14709,8498,STL,0.8166236792700402,-0.02367955959788811,0.9999112869361034
all_treated,m8_k320_capnone,8.0,320.0,none,14709,8498,BLK,0.5915703325908589,-0.010670317347075516,1.0001392724097993
all_treated,m8_k320_capnone,8.0,320.0,none,14709,8498,FG3M,1.1098840570093986,-0.09433999239215457,1.000099677047937
all_treated,m8_k320_capnone,8.0,320.0,none,14709,8498,TOV,1.0763372485067166,-0.050765480265278405,0.9997717183400812
all_treated,m8_k320_capnone,8.0,320.0,none,14709,8498,FG3A,1.7948945654709736,-0.24887896069577173,0.9997843354829008
all_treated,m8_k320_capnone,8.0,320.0,none,14709,8498,OREB,0.9105174337561432,-0.03368636543526826,1.0001788599195534
all_treated,m8_k320_capnone,8.0,320.0,none,14709,8498,POOLED,,,0.9997906469681734
all_treated,m8_k320_cap0.75-1.35,8.0,320.0,0.75-1.35,14709,8498,PTS,5.585467694099537,-0.9498966109706645,0.9992202532629215
all_treated,m8_k320_cap0.75-1.35,8.0,320.0,0.75-1.35,14709,8498,AST,1.676954204158166,-0.2625432148881775,0.9994153904813815
all_treated,m8_k320_cap0.75-1.35,8.0,320.0,0.75-1.35,14709,8498,REB,2.0699303406750404,-0.1871583167376018,0.9995950288328831
all_treated,m8_k320_cap0.75-1.35,8.0,320.0,0.75-1.35,14709,8498,STL,0.8166236792700402,-0.02367955959788811,0.9999112869361034
all_treated,m8_k320_cap0.75-1.35,8.0,320.0,0.75-1.35,14709,8498,BLK,0.5915703325908589,-0.010670317347075516,1.0001392724097993
all_treated,m8_k320_cap0.75-1.35,8.0,320.0,0.75-1.35,14709,8498,FG3M,1.1098840570093986,-0.09433999239215457,1.000099677047937
all_treated,m8_k320_cap0.75-1.35,8.0,320.0,0.75-1.35,14709,8498,TOV,1.0763372485067166,-0.050765480265278405,0.9997717183400812
all_treated,m8_k320_cap0.75-1.35,8.0,320.0,0.75-1.35,14709,8498,FG3A,1.7948945654709736,-0.24887896069577173,0.9997843354829008
all_treated,m8_k320_cap0.75-1.35,8.0,320.0,0.75-1.35,14709,8498,OREB,0.9105174337561432,-0.03368636543526826,1.0001788599195534
all_treated,m8_k320_cap0.75-1.35,8.0,320.0,0.75-1.35,14709,8498,POOLED,,,0.9997906469681734
all_treated,m8_k320_cap0.85-1.20,8.0,320.0,0.85-1.20,14709,8498,PTS,5.585467694099537,-0.9498966109706645,0.9992202532629215
all_treated,m8_k320_cap0.85-1.20,8.0,320.0,0.85-1.20,14709,8498,AST,1.676954204158166,-0.2625432148881775,0.9994153904813815
all_treated,m8_k320_cap0.85-1.20,8.0,320.0,0.85-1.20,14709,8498,REB,2.0699303406750404,-0.1871583167376018,0.9995950288328831
all_treated,m8_k320_cap0.85-1.20,8.0,320.0,0.85-1.20,14709,8498,STL,0.8166236792700402,-0.02367955959788811,0.9999112869361034
all_treated,m8_k320_cap0.85-1.20,8.0,320.0,0.85-1.20,14709,8498,BLK,0.5915703325908589,-0.010670317347075516,1.0001392724097993
all_treated,m8_k320_cap0.85-1.20,8.0,320.0,0.85-1.20,14709,8498,FG3M,1.1098840570093986,-0.09433999239215457,1.000099677047937
all_treated,m8_k320_cap0.85-1.20,8.0,320.0,0.85-1.20,14709,8498,TOV,1.0763372485067166,-0.050765480265278405,0.9997717183400812
all_treated,m8_k320_cap0.85-1.20,8.0,320.0,0.85-1.20,14709,8498,FG3A,1.7948945654709736,-0.24887896069577173,0.9997843354829008
all_treated,m8_k320_cap0.85-1.20,8.0,320.0,0.85-1.20,14709,8498,OREB,0.9105174337561432,-0.03368636543526826,1.0001788599195534
all_treated,m8_k320_cap0.85-1.20,8.0,320.0,0.85-1.20,14709,8498,POOLED,,,0.9997906469681734
all_treated,m12_k0_capnone,12.0,0.0,none,14709,6293,PTS,5.623409300820453,-0.5775530556739925,1.0060078714093705
all_treated,m12_k0_capnone,12.0,0.0,none,14709,6293,AST,1.6867978287908205,-0.1833528686428742,1.005281901285077
all_treated,m12_k0_capnone,12.0,0.0,none,14709,6293,REB,2.084193337416066,-0.11608030116095636,1.0064828068215566
all_treated,m12_k0_capnone,12.0,0.0,none,14709,6293,STL,0.822671339846552,-0.013810525417757024,1.0073163184377836
all_treated,m12_k0_capnone,12.0,0.0,none,14709,6293,BLK,0.5942638177661799,-0.005647591885519783,1.0046930171719717
all_treated,m12_k0_capnone,12.0,0.0,none,14709,6293,FG3M,1.1202355438698022,-0.05669178425627261,1.009427244734557
all_treated,m12_k0_capnone,12.0,0.0,none,14709,6293,TOV,1.083412238021893,-0.021042405575702503,1.0063434266356355
all_treated,m12_k0_capnone,12.0,0.0,none,14709,6293,FG3A,1.8141657735659662,-0.13517877508836482,1.0105186996900537
all_treated,m12_k0_capnone,12.0,0.0,none,14709,6293,OREB,0.9183731765572849,-0.016119518797513686,1.0088081816517624
all_treated,m12_k0_capnone,12.0,0.0,none,14709,6293,POOLED,,,1.0072088297597521
all_treated,m12_k0_cap0.75-1.35,12.0,0.0,0.75-1.35,14709,6293,PTS,5.622882941482792,-0.5826541741271387,1.0059137076008071
all_treated,m12_k0_cap0.75-1.35,12.0,0.0,0.75-1.35,14709,6293,AST,1.6859756262662349,-0.1863163992366491,1.0047918927594262
all_treated,m12_k0_cap0.75-1.35,12.0,0.0,0.75-1.35,14709,6293,REB,2.0836008269893274,-0.11662490776245289,1.0061966761893022
all_treated,m12_k0_cap0.75-1.35,12.0,0.0,0.75-1.35,14709,6293,STL,0.8217442229325392,-0.01417069940431487,1.0061811141935724
all_treated,m12_k0_cap0.75-1.35,12.0,0.0,0.75-1.35,14709,6293,BLK,0.5942412267893816,-0.005251979359441546,1.0046548237030748
all_treated,m12_k0_cap0.75-1.35,12.0,0.0,0.75-1.35,14709,6293,FG3M,1.1190872979620017,-0.05794867239870602,1.0083925777760485
all_treated,m12_k0_cap0.75-1.35,12.0,0.0,0.75-1.35,14709,6293,TOV,1.0822388913072463,-0.02240739550285594,1.0052535462447652
all_treated,m12_k0_cap0.75-1.35,12.0,0.0,0.75-1.35,14709,6293,FG3A,1.8135986617045285,-0.13583593525733084,1.0102028095166478
all_treated,m12_k0_cap0.75-1.35,12.0,0.0,0.75-1.35,14709,6293,OREB,0.9173258807488859,-0.016395091740466435,1.007657755433868
all_treated,m12_k0_cap0.75-1.35,12.0,0.0,0.75-1.35,14709,6293,POOLED,,,1.0065827670463903
all_treated,m12_k0_cap0.85-1.20,12.0,0.0,0.85-1.20,14709,6293,PTS,5.6152515941059615,-0.609452498182274,1.0045484867677033
all_treated,m12_k0_cap0.85-1.20,12.0,0.0,0.85-1.20,14709,6293,AST,1.6834052535143469,-0.19710708366024432,1.0032600261877922
all_treated,m12_k0_cap0.85-1.20,12.0,0.0,0.85-1.20,14709,6293,REB,2.0813154301049432,-0.12360331618295302,1.0050930296947078
all_treated,m12_k0_cap0.85-1.20,12.0,0.0,0.85-1.20,14709,6293,STL,0.8202039446878844,-0.0153711853076996,1.0042951272439542
all_treated,m12_k0_cap0.85-1.20,12.0,0.0,0.85-1.20,14709,6293,BLK,0.593358852049826,-0.005985994717528299,1.0031630355227126
all_treated,m12_k0_cap0.85-1.20,12.0,0.0,0.85-1.20,14709,6293,FG3M,1.1166195617480406,-0.062223284398255745,1.0061689381309562
all_treated,m12_k0_cap0.85-1.20,12.0,0.0,0.85-1.20,14709,6293,TOV,1.0802460142911914,-0.025304577897818342,1.0034024330536664
all_treated,m12_k0_cap0.85-1.20,12.0,0.0,0.85-1.20,14709,6293,FG3A,1.8107646094334247,-0.14261093075651288,1.0086241980922792
all_treated,m12_k0_cap0.85-1.20,12.0,0.0,0.85-1.20,14709,6293,OREB,0.9151580221363123,-0.018774221285667192,1.0052764211779757
all_treated,m12_k0_cap0.85-1.20,12.0,0.0,0.85-1.20,14709,6293,POOLED,,,1.0048701884301943
all_treated,m12_k3_capnone,12.0,3.0,none,14709,6293,PTS,5.6092193564398,-0.630314921432291,1.0034693409595747
all_treated,m12_k3_capnone,12.0,3.0,none,14709,6293,AST,1.6836697185331886,-0.19399136017447993,1.0034176395617407
all_treated,m12_k3_capnone,12.0,3.0,none,14709,6293,REB,2.0794079208998784,-0.1266394655337144,1.0041718698462976
all_treated,m12_k3_capnone,12.0,3.0,none,14709,6293,STL,0.8211001816239504,-0.015324097579777825,1.0053925206344354
all_treated,m12_k3_capnone,12.0,3.0,none,14709,6293,BLK,0.5937316228351768,-0.00639186223028315,1.003793261011546
all_treated,m12_k3_capnone,12.0,3.0,none,14709,6293,FG3M,1.1178734657433347,-0.06178404097164419,1.0072988119883408
all_treated,m12_k3_capnone,12.0,3.0,none,14709,6293,TOV,1.0814802412610998,-0.024819614692954135,1.0045488629670034
all_treated,m12_k3_capnone,12.0,3.0,none,14709,6293,FG3A,1.8094578630299123,-0.15156174764226082,1.0078963199150242
all_treated,m12_k3_capnone,12.0,3.0,none,14709,6293,OREB,0.9165087636989254,-0.01864111797020748,1.0067601743781391
all_treated,m12_k3_capnone,12.0,3.0,none,14709,6293,POOLED,,,1.0051943112513446
all_treated,m12_k3_cap0.75-1.35,12.0,3.0,0.75-1.35,14709,6293,PTS,5.609171011390619,-0.6326778970782005,1.0034606922026699
all_treated,m12_k3_cap0.75-1.35,12.0,3.0,0.75-1.35,14709,6293,AST,1.6834172472331412,-0.19496138258218673,1.0032671740914871
all_treated,m12_k3_cap0.75-1.35,12.0,3.0,0.75-1.35,14709,6293,REB,2.0793424963108307,-0.1267201302727394,1.0041402755009758
all_treated,m12_k3_cap0.75-1.35,12.0,3.0,0.75-1.35,14709,6293,STL,0.8207544690714098,-0.01545884374768806,1.0049692144138396
all_treated,m12_k3_cap0.75-1.35,12.0,3.0,0.75-1.35,14709,6293,BLK,0.5938807546719864,-0.005942907098365847,1.0040453909757157
all_treated,m12_k3_cap0.75-1.35,12.0,3.0,0.75-1.35,14709,6293,FG3M,1.1173300268025914,-0.06228865579794788,1.0068091274075954
all_treated,m12_k3_cap0.75-1.35,12.0,3.0,0.75-1.35,14709,6293,TOV,1.0809730356874991,-0.025731550813720694,1.0040777375938232
all_treated,m12_k3_cap0.75-1.35,12.0,3.0,0.75-1.35,14709,6293,FG3A,1.8092107924040548,-0.15185579958694218,1.0077586977135633
all_treated,m12_k3_cap0.75-1.35,12.0,3.0,0.75-1.35,14709,6293,OREB,0.9160821495552823,-0.01868398884340408,1.0062915502398244
all_treated,m12_k3_cap0.75-1.35,12.0,3.0,0.75-1.35,14709,6293,POOLED,,,1.0049799844599439
all_treated,m12_k3_cap0.85-1.20,12.0,3.0,0.85-1.20,14709,6293,PTS,5.605454422075296,-0.6475296392183166,1.0027958076271393
all_treated,m12_k3_cap0.85-1.20,12.0,3.0,0.85-1.20,14709,6293,AST,1.6820832034848228,-0.20242350264873224,1.0024721232485132
all_treated,m12_k3_cap0.85-1.20,12.0,3.0,0.85-1.20,14709,6293,REB,2.0781815879264034,-0.13058934791689827,1.0035796584467684
all_treated,m12_k3_cap0.85-1.20,12.0,3.0,0.85-1.20,14709,6293,STL,0.8197309351226314,-0.016310289301835264,1.0037159527537558
all_treated,m12_k3_cap0.85-1.20,12.0,3.0,0.85-1.20,14709,6293,BLK,0.5932069643639909,-0.006434148819659781,1.0029062463782439
all_treated,m12_k3_cap0.85-1.20,12.0,3.0,0.85-1.20,14709,6293,FG3M,1.1157085208736883,-0.06514929287900134,1.0053480130275971
all_treated,m12_k3_cap0.85-1.20,12.0,3.0,0.85-1.20,14709,6293,TOV,1.0795801618365795,-0.027578989292486086,1.0027839461866255
all_treated,m12_k3_cap0.85-1.20,12.0,3.0,0.85-1.20,14709,6293,FG3A,1.8076638943000887,-0.15493190249811392,1.006897051284472
all_treated,m12_k3_cap0.85-1.20,12.0,3.0,0.85-1.20,14709,6293,OREB,0.9145704394070514,-0.020173534341203222,1.0046309773869257
all_treated,m12_k3_cap0.85-1.20,12.0,3.0,0.85-1.20,14709,6293,POOLED,,,1.0039033084822266
all_treated,m12_k5_capnone,12.0,5.0,none,14709,6293,PTS,5.602768880561159,-0.658261274843193,1.0023153738266288
all_treated,m12_k5_capnone,12.0,5.0,none,14709,6293,AST,1.682278238954422,-0.19972722629784326,1.0025883586528694
all_treated,m12_k5_capnone,12.0,5.0,none,14709,6293,REB,2.077335933703481,-0.13226493465944253,1.0031712815363312
all_treated,m12_k5_capnone,12.0,5.0,none,14709,6293,STL,0.8203837812771431,-0.01611438644049633,1.0045153273679142
all_treated,m12_k5_capnone,12.0,5.0,none,14709,6293,BLK,0.5934578391353856,-0.006762533263902593,1.0033303881877729
all_treated,m12_k5_capnone,12.0,5.0,none,14709,6293,FG3M,1.1167344065717302,-0.06454670354573021,1.0062724230583748
all_treated,m12_k5_capnone,12.0,5.0,none,14709,6293,TOV,1.0805807673132704,-0.026872700080133028,1.0037133733324384
all_treated,m12_k5_capnone,12.0,5.0,none,14709,6293,FG3A,1.8071817076813521,-0.16026344033804632,1.0066284657990254
all_treated,m12_k5_capnone,12.0,5.0,none,14709,6293,OREB,0.9155937474451823,-0.019999656082797038,1.00575505368572
all_treated,m12_k5_capnone,12.0,5.0,none,14709,6293,POOLED,,,1.0042544494941195
all_treated,m12_k5_cap0.75-1.35,12.0,5.0,0.75-1.35,14709,6293,PTS,5.602717333998496,-0.6597105215577227,1.0023061523303782
all_treated,m12_k5_cap0.75-1.35,12.0,5.0,0.75-1.35,14709,6293,AST,1.6822008609852404,-0.20004356845762017,1.0025422436587375
all_treated,m12_k5_cap0.75-1.35,12.0,5.0,0.75-1.35,14709,6293,REB,2.077315548488381,-0.13229456718142613,1.003161437263181
all_treated,m12_k5_cap0.75-1.35,12.0,5.0,0.75-1.35,14709,6293,STL,0.820187883411244,-0.016149935688237624,1.004275461084127
all_treated,m12_k5_cap0.75-1.35,12.0,5.0,0.75-1.35,14709,6293,BLK,0.5936540536156751,-0.006333774887396156,1.0036621184939454
all_treated,m12_k5_cap0.75-1.35,12.0,5.0,0.75-1.35,14709,6293,FG3M,1.1164016136949952,-0.06482069792473079,1.00597254844855
all_treated,m12_k5_cap0.75-1.35,12.0,5.0,0.75-1.35,14709,6293,TOV,1.0802646631480806,-0.027534966031797416,1.0034197553192696
all_treated,m12_k5_cap0.75-1.35,12.0,5.0,0.75-1.35,14709,6293,FG3A,1.8070311579106684,-0.16043409351831184,1.0065446072229642
all_treated,m12_k5_cap0.75-1.35,12.0,5.0,0.75-1.35,14709,6293,OREB,0.915385295147217,-0.019986545578858258,1.0055260744547936
all_treated,m12_k5_cap0.75-1.35,12.0,5.0,0.75-1.35,14709,6293,POOLED,,,1.0041567109195497
all_treated,m12_k5_cap0.85-1.20,12.0,5.0,0.85-1.20,14709,6293,PTS,5.6005511755378965,-0.6699441387091192,1.0019186343060784
all_treated,m12_k5_cap0.85-1.20,12.0,5.0,0.85-1.20,14709,6293,AST,1.6812623597634369,-0.20588043370649917,1.0019829245296101
all_treated,m12_k5_cap0.85-1.20,12.0,5.0,0.85-1.20,14709,6293,REB,2.0766614615230368,-0.13470815674732145,1.0028455705568795
all_treated,m12_k5_cap0.85-1.20,12.0,5.0,0.85-1.20,14709,6293,STL,0.8194570391665364,-0.016867049255462126,1.0033805820500916
all_treated,m12_k5_cap0.85-1.20,12.0,5.0,0.85-1.20,14709,6293,BLK,0.593116916494703,-0.00669071385827904,1.0027540068126166
all_treated,m12_k5_cap0.85-1.20,12.0,5.0,0.85-1.20,14709,6293,FG3M,1.115149824375904,-0.06694056890606241,1.0048445800937935
all_treated,m12_k5_cap0.85-1.20,12.0,5.0,0.85-1.20,14709,6293,TOV,1.0792324506790993,-0.028999106803888525,1.0024609695527849
all_treated,m12_k5_cap0.85-1.20,12.0,5.0,0.85-1.20,14709,6293,FG3A,1.8060385114651316,-0.1621911855787269,1.0059916876331387
all_treated,m12_k5_cap0.85-1.20,12.0,5.0,0.85-1.20,14709,6293,OREB,0.9142183686650783,-0.02105366984220922,1.0042442371661866
all_treated,m12_k5_cap0.85-1.20,12.0,5.0,0.85-1.20,14709,6293,POOLED,,,1.0033803547445754
all_treated,m12_k10_capnone,12.0,10.0,none,14709,6293,PTS,5.593153067449175,-0.7114600137559239,1.0005951391499095
all_treated,m12_k10_capnone,12.0,10.0,none,14709,6293,AST,1.679965676663761,-0.21090379007502527,1.00121013953454
all_treated,m12_k10_capnone,12.0,10.0,none,14709,6293,REB,2.0740618559526856,-0.14295712817088826,1.0015901887916159
all_treated,m12_k10_capnone,12.0,10.0,none,14709,6293,STL,0.8192293509076506,-0.017593829923796454,1.0031017901588668
all_treated,m12_k10_capnone,12.0,10.0,none,14709,6293,BLK,0.5929923916752744,-0.0074462696236174365,1.0025434787393868
all_treated,m12_k10_capnone,12.0,10.0,none,14709,6293,FG3M,1.114774988393263,-0.06986667669284931,1.0045068210794013
all_treated,m12_k10_capnone,12.0,10.0,none,14709,6293,TOV,1.0791003469077587,-0.03093377786676684,1.0023382630175837
all_treated,m12_k10_capnone,12.0,10.0,none,14709,6293,FG3A,1.8032904001250332,-0.17679958828555403,1.004460946650995
all_treated,m12_k10_capnone,12.0,10.0,none,14709,6293,OREB,0.9141551974195758,-0.022597530427846,1.0041748452556487
all_treated,m12_k10_capnone,12.0,10.0,none,14709,6293,POOLED,,,1.0027246235975498
all_treated,m12_k10_cap0.75-1.35,12.0,10.0,0.75-1.35,14709,6293,PTS,5.593113354947843,-0.7118348084863516,1.000588034725032
all_treated,m12_k10_cap0.75-1.35,12.0,10.0,0.75-1.35,14709,6293,AST,1.6799397968996468,-0.21082046954954362,1.0011947159561898
all_treated,m12_k10_cap0.75-1.35,12.0,10.0,0.75-1.35,14709,6293,REB,2.074055162348842,-0.1429411577330239,1.0015869563673185
all_treated,m12_k10_cap0.75-1.35,12.0,10.0,0.75-1.35,14709,6293,STL,0.8191651252979631,-0.01752937010938395,1.0030231493924193
all_treated,m12_k10_cap0.75-1.35,12.0,10.0,0.75-1.35,14709,6293,BLK,0.593161228571823,-0.007131339371010238,1.0028289230924368
all_treated,m12_k10_cap0.75-1.35,12.0,10.0,0.75-1.35,14709,6293,FG3M,1.1146893862165135,-0.06989071750657713,1.0044296862572717
all_treated,m12_k10_cap0.75-1.35,12.0,10.0,0.75-1.35,14709,6293,TOV,1.0790294966446952,-0.03115405209460244,1.0022724527064137
all_treated,m12_k10_cap0.75-1.35,12.0,10.0,0.75-1.35,14709,6293,FG3A,1.8032567880807142,-0.17685219432155258,1.0044422242167974
all_treated,m12_k10_cap0.75-1.35,12.0,10.0,0.75-1.35,14709,6293,OREB,0.9141431659081258,-0.022542683686749696,1.0041616289646047
all_treated,m12_k10_cap0.75-1.35,12.0,10.0,0.75-1.35,14709,6293,POOLED,,,1.0027253079642762
all_treated,m12_k10_cap0.85-1.20,12.0,10.0,0.85-1.20,14709,6293,PTS,5.5926494745862225,-0.715764055737819,1.0005050481824884
all_treated,m12_k10_cap0.85-1.20,12.0,10.0,0.85-1.20,14709,6293,AST,1.6796327777784121,-0.21376059600724348,1.001011741588629
all_treated,m12_k10_cap0.85-1.20,12.0,10.0,0.85-1.20,14709,6293,REB,2.073877104838096,-0.1436060276745725,1.0015009701874502
all_treated,m12_k10_cap0.85-1.20,12.0,10.0,0.85-1.20,14709,6293,STL,0.8188778008587859,-0.018008971440881573,1.0026713362414674
all_treated,m12_k10_cap0.85-1.20,12.0,10.0,0.85-1.20,14709,6293,BLK,0.5929050329946521,-0.007240057845107787,1.002395785654621
all_treated,m12_k10_cap0.85-1.20,12.0,10.0,0.85-1.20,14709,6293,FG3M,1.1140235715338271,-0.07088346345313022,1.00382973075298
all_treated,m12_k10_cap0.85-1.20,12.0,10.0,0.85-1.20,14709,6293,TOV,1.0784917203677895,-0.03223753712630023,1.001772931284861
all_treated,m12_k10_cap0.85-1.20,12.0,10.0,0.85-1.20,14709,6293,FG3A,1.8028934377385262,-0.17735331958356743,1.0042398323953499
all_treated,m12_k10_cap0.85-1.20,12.0,10.0,0.85-1.20,14709,6293,OREB,0.9135408794496364,-0.02298348701297608,1.003500033523305
all_treated,m12_k10_cap0.85-1.20,12.0,10.0,0.85-1.20,14709,6293,POOLED,,,1.0023808233123503
all_treated,m12_k20_capnone,12.0,20.0,none,14709,6293,PTS,5.585718876600769,-0.7785577544338421,0.9992651889167005
all_treated,m12_k20_capnone,12.0,20.0,none,14709,6293,AST,1.6779281667448709,-0.2252018737183574,0.9999958435411563
all_treated,m12_k20_capnone,12.0,20.0,none,14709,6293,REB,2.0714267041536023,-0.1559613217347424,1.0003176413117212
all_treated,m12_k20_capnone,12.0,20.0,none,14709,6293,STL,0.8180499520525188,-0.01942410079803129,1.0016576803969506
all_treated,m12_k20_capnone,12.0,20.0,none,14709,6293,BLK,0.5924621745118194,-0.008250454492851993,1.0016470662946406
all_treated,m12_k20_capnone,12.0,20.0,none,14709,6293,FG3M,1.1128202478232765,-0.07655924363318063,1.0027454340224293
all_treated,m12_k20_capnone,12.0,20.0,none,14709,6293,TOV,1.0777569953955122,-0.036252538236151544,1.001090471164615
all_treated,m12_k20_capnone,12.0,20.0,none,14709,6293,FG3A,1.799301187936094,-0.19732118803612927,1.0022388930918924
all_treated,m12_k20_capnone,12.0,20.0,none,14709,6293,OREB,0.9127176884484145,-0.02576609936948286,1.002595780395826
all_treated,m12_k20_capnone,12.0,20.0,none,14709,6293,POOLED,,,1.0012837776817702
all_treated,m12_k20_cap0.75-1.35,12.0,20.0,0.75-1.35,14709,6293,PTS,5.585718876600769,-0.7785577544338421,0.9992651889167005
all_treated,m12_k20_cap0.75-1.35,12.0,20.0,0.75-1.35,14709,6293,AST,1.6779255910071307,-0.2251992979806172,0.9999943084772095
all_treated,m12_k20_cap0.75-1.35,12.0,20.0,0.75-1.35,14709,6293,REB,2.0714267041536023,-0.1559613217347424,1.0003176413117212
all_treated,m12_k20_cap0.75-1.35,12.0,20.0,0.75-1.35,14709,6293,STL,0.818049087278379,-0.019400753217522694,1.0016566215280431
all_treated,m12_k20_cap0.75-1.35,12.0,20.0,0.75-1.35,14709,6293,BLK,0.5925375646506467,-0.008153216475535047,1.0017745247462222
all_treated,m12_k20_cap0.75-1.35,12.0,20.0,0.75-1.35,14709,6293,FG3M,1.1128293982559503,-0.07653749290220518,1.0027536793384189
all_treated,m12_k20_cap0.75-1.35,12.0,20.0,0.75-1.35,14709,6293,TOV,1.077753454501508,-0.03625892205000223,1.0010871821530267
all_treated,m12_k20_cap0.75-1.35,12.0,20.0,0.75-1.35,14709,6293,FG3A,1.7993182310755007,-0.19730798240116523,1.002248386387005
all_treated,m12_k20_cap0.75-1.35,12.0,20.0,0.75-1.35,14709,6293,OREB,0.9127294519672271,-0.02575210318240389,1.002608702304181
all_treated,m12_k20_cap0.75-1.35,12.0,20.0,0.75-1.35,14709,6293,POOLED,,,1.0013006927958363
all_treated,m12_k20_cap0.85-1.20,12.0,20.0,0.85-1.20,14709,6293,PTS,5.5856297320477335,-0.7795050284586875,0.9992492412740429
all_treated,m12_k20_cap0.85-1.20,12.0,20.0,0.85-1.20,14709,6293,AST,1.6778148089919631,-0.2255517187857475,0.9999282856540027
all_treated,m12_k20_cap0.85-1.20,12.0,20.0,0.85-1.20,14709,6293,REB,2.071403286689943,-0.15595222992359245,1.0003063327281414
all_treated,m12_k20_cap0.85-1.20,12.0,20.0,0.85-1.20,14709,6293,STL,0.8179760674673271,-0.019527585174728686,1.0015672127402573
all_treated,m12_k20_cap0.85-1.20,12.0,20.0,0.85-1.20,14709,6293,BLK,0.5925504833552444,-0.007962734554903417,1.0017963657735778
all_treated,m12_k20_cap0.85-1.20,12.0,20.0,0.85-1.20,14709,6293,FG3M,1.1126413492231009,-0.07677809761822535,1.0025842312092794
all_treated,m12_k20_cap0.85-1.20,12.0,20.0,0.85-1.20,14709,6293,TOV,1.0776005407028462,-0.0367506597974351,1.0009451459172112
all_treated,m12_k20_cap0.85-1.20,12.0,20.0,0.85-1.20,14709,6293,FG3A,1.7992293820255876,-0.19745074326915046,1.0021988960770813
all_treated,m12_k20_cap0.85-1.20,12.0,20.0,0.85-1.20,14709,6293,OREB,0.9125801832157384,-0.025865645109117416,1.0024447346038925
all_treated,m12_k20_cap0.85-1.20,12.0,20.0,0.85-1.20,14709,6293,POOLED,,,1.0012244939974986
all_treated,m12_k40_capnone,12.0,40.0,none,14709,6293,PTS,5.583040595242223,-0.8460785297177738,0.9987860539321364
all_treated,m12_k40_capnone,12.0,40.0,none,14709,6293,AST,1.6770348100830688,-0.2398555191062696,0.9994634292421968
all_treated,m12_k40_capnone,12.0,40.0,none,14709,6293,REB,2.0701185634100487,-0.16868409004437146,0.9996859239255973
all_treated,m12_k40_capnone,12.0,40.0,none,14709,6293,STL,0.8171901628445807,-0.021178168724169288,1.0006049152675194
all_treated,m12_k40_capnone,12.0,40.0,none,14709,6293,BLK,0.5920272179727243,-0.009112191881807032,1.0009117063677233
all_treated,m12_k40_capnone,12.0,40.0,none,14709,6293,FG3M,1.1112421424696894,-0.08342371978717686,1.001323427242079
all_treated,m12_k40_capnone,12.0,40.0,none,14709,6293,TOV,1.0768769851155764,-0.041859324001661195,1.0002730606448647
all_treated,m12_k40_capnone,12.0,40.0,none,14709,6293,FG3A,1.7968850942100425,-0.21768612275646515,1.000893091111746
all_treated,m12_k40_capnone,12.0,40.0,none,14709,6293,OREB,0.9115598619256072,-0.028938577682191213,1.0013239391672746
all_treated,m12_k40_capnone,12.0,40.0,none,14709,6293,POOLED,,,1.0003628385445709
all_treated,m12_k40_cap0.75-1.35,12.0,40.0,0.75-1.35,14709,6293,PTS,5.583040595242223,-0.8460785297177738,0.9987860539321364
all_treated,m12_k40_cap0.75-1.35,12.0,40.0,0.75-1.35,14709,6293,AST,1.6770348100830688,-0.2398555191062696,0.9994634292421968
all_treated,m12_k40_cap0.75-1.35,12.0,40.0,0.75-1.35,14709,6293,REB,2.0701185634100487,-0.16868409004437146,0.9996859239255973
all_treated,m12_k40_cap0.75-1.35,12.0,40.0,0.75-1.35,14709,6293,STL,0.8171895461643787,-0.021177552043967127,1.0006041601761475
all_treated,m12_k40_cap0.75-1.35,12.0,40.0,0.75-1.35,14709,6293,BLK,0.5920322708953957,-0.009109818112643572,1.0009202490990363
all_treated,m12_k40_cap0.75-1.35,12.0,40.0,0.75-1.35,14709,6293,FG3M,1.1112496203565039,-0.08341798641889633,1.001330165452382
all_treated,m12_k40_cap0.75-1.35,12.0,40.0,0.75-1.35,14709,6293,TOV,1.0768769851155764,-0.041859324001661195,1.0002730606448647
all_treated,m12_k40_cap0.75-1.35,12.0,40.0,0.75-1.35,14709,6293,FG3A,1.7968935260056809,-0.21767340138230193,1.0008977877537446
all_treated,m12_k40_cap0.75-1.35,12.0,40.0,0.75-1.35,14709,6293,OREB,0.911562967377806,-0.028935003296871417,1.001327350422814
all_treated,m12_k40_cap0.75-1.35,12.0,40.0,0.75-1.35,14709,6293,POOLED,,,1.0003653534054355
all_treated,m12_k40_cap0.85-1.20,12.0,40.0,0.85-1.20,14709,6293,PTS,5.583040447284906,-0.8460783817604554,0.9987860274630999
all_treated,m12_k40_cap0.85-1.20,12.0,40.0,0.85-1.20,14709,6293,AST,1.6770047896145621,-0.23981960982612238,0.9994455379257967
all_treated,m12_k40_cap0.85-1.20,12.0,40.0,0.85-1.20,14709,6293,REB,2.0701185634100487,-0.16868409004437146,0.9996859239255973
all_treated,m12_k40_cap0.85-1.20,12.0,40.0,0.85-1.20,14709,6293,STL,0.8171874230154192,-0.021165004653208308,1.0006015604957044
all_treated,m12_k40_cap0.85-1.20,12.0,40.0,0.85-1.20,14709,6293,BLK,0.592094069590032,-0.009021368321097978,1.0010247291550574
all_treated,m12_k40_cap0.85-1.20,12.0,40.0,0.85-1.20,14709,6293,FG3M,1.1112416544395125,-0.08341354787013122,1.0013229874854943
all_treated,m12_k40_cap0.85-1.20,12.0,40.0,0.85-1.20,14709,6293,TOV,1.0768690899445854,-0.04189368481401955,1.000265727098916
all_treated,m12_k40_cap0.85-1.20,12.0,40.0,0.85-1.20,14709,6293,FG3A,1.7968962384755303,-0.21768083538497535,1.0008992986418592
all_treated,m12_k40_cap0.85-1.20,12.0,40.0,0.85-1.20,14709,6293,OREB,0.9115584549275355,-0.02893971784065841,1.0013223936178153
all_treated,m12_k40_cap0.85-1.20,12.0,40.0,0.85-1.20,14709,6293,POOLED,,,1.000372687312149
all_treated,m12_k80_capnone,12.0,80.0,none,14709,6293,PTS,5.583643157894913,-0.8998474219153966,0.9988938502420253
all_treated,m12_k80_capnone,12.0,80.0,none,14709,6293,AST,1.6769341957720638,-0.25168112725343905,0.9994034660716632
all_treated,m12_k80_capnone,12.0,80.0,none,14709,6293,REB,2.069882834029459,-0.17857516864281206,0.9995720872846452
all_treated,m12_k80_capnone,12.0,80.0,none,14709,6293,STL,0.8168016028312319,-0.02250896720804777,1.0001291446612266
all_treated,m12_k80_capnone,12.0,80.0,none,14709,6293,BLK,0.5917442953833982,-0.009910819015911126,1.0004333828666148
all_treated,m12_k80_capnone,12.0,80.0,none,14709,6293,FG3M,1.1103086928331563,-0.08903599563616175,1.000482309943257
all_treated,m12_k80_capnone,12.0,80.0,none,14709,6293,TOV,1.0764796783975932,-0.046513184875878376,0.999904016443619
all_treated,m12_k80_capnone,12.0,80.0,none,14709,6293,FG3A,1.795794726729089,-0.2338391932600823,1.0002857393773608
all_treated,m12_k80_capnone,12.0,80.0,none,14709,6293,OREB,0.9108923995543476,-0.03148466274245057,1.000590749742475
all_treated,m12_k80_capnone,12.0,80.0,none,14709,6293,POOLED,,,0.9999660829592096
all_treated,m12_k80_cap0.75-1.35,12.0,80.0,0.75-1.35,14709,6293,PTS,5.583643157894913,-0.8998474219153966,0.9988938502420253
all_treated,m12_k80_cap0.75-1.35,12.0,80.0,0.75-1.35,14709,6293,AST,1.6769341957720638,-0.25168112725343905,0.9994034660716632
all_treated,m12_k80_cap0.75-1.35,12.0,80.0,0.75-1.35,14709,6293,REB,2.069882834029459,-0.17857516864281206,0.9995720872846452
all_treated,m12_k80_cap0.75-1.35,12.0,80.0,0.75-1.35,14709,6293,STL,0.8168016028312319,-0.02250896720804777,1.0001291446612266
all_treated,m12_k80_cap0.75-1.35,12.0,80.0,0.75-1.35,14709,6293,BLK,0.5917445729186326,-0.009911124073789673,1.000433852081976
all_treated,m12_k80_cap0.75-1.35,12.0,80.0,0.75-1.35,14709,6293,FG3M,1.1103103920989486,-0.08903429637036928,1.0004838411258696
all_treated,m12_k80_cap0.75-1.35,12.0,80.0,0.75-1.35,14709,6293,TOV,1.0764796783975932,-0.046513184875878376,0.999904016443619
all_treated,m12_k80_cap0.75-1.35,12.0,80.0,0.75-1.35,14709,6293,FG3A,1.7957974940370902,-0.2338355584148557,1.0002872808111833
all_treated,m12_k80_cap0.75-1.35,12.0,80.0,0.75-1.35,14709,6293,OREB,0.9108923995543476,-0.03148466274245057,1.000590749742475
all_treated,m12_k80_cap0.75-1.35,12.0,80.0,0.75-1.35,14709,6293,POOLED,,,0.999966476496076
all_treated,m12_k80_cap0.85-1.20,12.0,80.0,0.85-1.20,14709,6293,PTS,5.583643157894913,-0.8998474219153966,0.9988938502420253
all_treated,m12_k80_cap0.85-1.20,12.0,80.0,0.85-1.20,14709,6293,AST,1.6769341957720638,-0.25168112725343905,0.9994034660716632
all_treated,m12_k80_cap0.85-1.20,12.0,80.0,0.85-1.20,14709,6293,REB,2.069882834029459,-0.17857516864281206,0.9995720872846452
all_treated,m12_k80_cap0.85-1.20,12.0,80.0,0.85-1.20,14709,6293,STL,0.8168012542926241,-0.02250837813479064,1.000128717894655
all_treated,m12_k80_cap0.85-1.20,12.0,80.0,0.85-1.20,14709,6293,BLK,0.5917484522097723,-0.009908001792336817,1.0004404106113751
all_treated,m12_k80_cap0.85-1.20,12.0,80.0,0.85-1.20,14709,6293,FG3M,1.1103151287252566,-0.08903264064579512,1.0004881092279394
all_treated,m12_k80_cap0.85-1.20,12.0,80.0,0.85-1.20,14709,6293,TOV,1.0764796783975932,-0.046513184875878376,0.999904016443619
all_treated,m12_k80_cap0.85-1.20,12.0,80.0,0.85-1.20,14709,6293,FG3A,1.7958040082629823,-0.23382700087652375,1.0002909093368528
all_treated,m12_k80_cap0.85-1.20,12.0,80.0,0.85-1.20,14709,6293,OREB,0.9108948347358221,-0.031481888414496464,1.0005934247236896
all_treated,m12_k80_cap0.85-1.20,12.0,80.0,0.85-1.20,14709,6293,POOLED,,,0.9999683324262738
all_treated,m12_k160_capnone,12.0,160.0,none,14709,6293,PTS,5.585703032615974,-0.9358292196861523,0.9992623544843187
all_treated,m12_k160_capnone,12.0,160.0,none,14709,6293,AST,1.6771985692101832,-0.2594976676545745,0.9995610248661942
all_treated,m12_k160_capnone,12.0,160.0,none,14709,6293,REB,2.070088052705152,-0.18502432144733455,0.9996711899278672
all_treated,m12_k160_capnone,12.0,160.0,none,14709,6293,STL,0.8166804144129493,-0.023343822462787246,0.9999807560333153
all_treated,m12_k160_capnone,12.0,160.0,none,14709,6293,BLK,0.5916053051295974,-0.010451943705881154,1.00019839878501
all_treated,m12_k160_capnone,12.0,160.0,none,14709,6293,FG3M,1.1099716520281624,-0.09279945157379245,1.0001786075897565
all_treated,m12_k160_capnone,12.0,160.0,none,14709,6293,TOV,1.0764173302063649,-0.04961914717564131,0.9998461034071927
all_treated,m12_k160_capnone,12.0,160.0,none,14709,6293,FG3A,1.7954315171210775,-0.24458775595037305,1.00008342594705
all_treated,m12_k160_capnone,12.0,160.0,none,14709,6293,OREB,0.9105985157658172,-0.03314888152256532,1.0002679263217868
all_treated,m12_k160_capnone,12.0,160.0,none,14709,6293,POOLED,,,0.9998944208180546
all_treated,m12_k160_cap0.75-1.35,12.0,160.0,0.75-1.35,14709,6293,PTS,5.585703032615974,-0.9358292196861523,0.9992623544843187
all_treated,m12_k160_cap0.75-1.35,12.0,160.0,0.75-1.35,14709,6293,AST,1.6771985692101832,-0.2594976676545745,0.9995610248661942
all_treated,m12_k160_cap0.75-1.35,12.0,160.0,0.75-1.35,14709,6293,REB,2.070088052705152,-0.18502432144733455,0.9996711899278672
all_treated,m12_k160_cap0.75-1.35,12.0,160.0,0.75-1.35,14709,6293,STL,0.8166804144129493,-0.023343822462787246,0.9999807560333153
all_treated,m12_k160_cap0.75-1.35,12.0,160.0,0.75-1.35,14709,6293,BLK,0.5916053051295974,-0.010451943705881154,1.00019839878501
all_treated,m12_k160_cap0.75-1.35,12.0,160.0,0.75-1.35,14709,6293,FG3M,1.1099716520281624,-0.09279945157379245,1.0001786075897565
all_treated,m12_k160_cap0.75-1.35,12.0,160.0,0.75-1.35,14709,6293,TOV,1.0764173302063649,-0.04961914717564131,0.9998461034071927
all_treated,m12_k160_cap0.75-1.35,12.0,160.0,0.75-1.35,14709,6293,FG3A,1.7954315171210775,-0.24458775595037305,1.00008342594705
all_treated,m12_k160_cap0.75-1.35,12.0,160.0,0.75-1.35,14709,6293,OREB,0.9105985157658172,-0.03314888152256532,1.0002679263217868
all_treated,m12_k160_cap0.75-1.35,12.0,160.0,0.75-1.35,14709,6293,POOLED,,,0.9998944208180546
all_treated,m12_k160_cap0.85-1.20,12.0,160.0,0.85-1.20,14709,6293,PTS,5.585703032615974,-0.9358292196861523,0.9992623544843187
all_treated,m12_k160_cap0.85-1.20,12.0,160.0,0.85-1.20,14709,6293,AST,1.6771985692101832,-0.2594976676545745,0.9995610248661942
all_treated,m12_k160_cap0.85-1.20,12.0,160.0,0.85-1.20,14709,6293,REB,2.070088052705152,-0.18502432144733455,0.9996711899278672
all_treated,m12_k160_cap0.85-1.20,12.0,160.0,0.85-1.20,14709,6293,STL,0.8166804144129493,-0.023343822462787246,0.9999807560333153
all_treated,m12_k160_cap0.85-1.20,12.0,160.0,0.85-1.20,14709,6293,BLK,0.591605175833551,-0.01045220592372855,1.0001981801904547
all_treated,m12_k160_cap0.85-1.20,12.0,160.0,0.85-1.20,14709,6293,FG3M,1.1099726589812884,-0.09279844462066643,1.000179514939934
all_treated,m12_k160_cap0.85-1.20,12.0,160.0,0.85-1.20,14709,6293,TOV,1.0764173302063649,-0.04961914717564131,0.9998461034071927
all_treated,m12_k160_cap0.85-1.20,12.0,160.0,0.85-1.20,14709,6293,FG3A,1.7954330217302712,-0.24458579716470857,1.0000842640378949
all_treated,m12_k160_cap0.85-1.20,12.0,160.0,0.85-1.20,14709,6293,OREB,0.9105985157658172,-0.03314888152256532,1.0002679263217868
all_treated,m12_k160_cap0.85-1.20,12.0,160.0,0.85-1.20,14709,6293,POOLED,,,0.9998945904676622
all_treated,m12_k320_capnone,12.0,320.0,none,14709,6293,PTS,5.587397844403361,-0.9570684528358149,0.9995655502695552
all_treated,m12_k320_capnone,12.0,320.0,none,14709,6293,AST,1.6774754100902134,-0.2640999427808601,0.9997260138894667
all_treated,m12_k320_capnone,12.0,320.0,none,14709,6293,REB,2.0703653611371458,-0.18877084296985838,0.9998051056083262
all_treated,m12_k320_capnone,12.0,320.0,none,14709,6293,STL,0.8166636751901971,-0.023827894368448628,0.999960259765341
all_treated,m12_k320_capnone,12.0,320.0,none,14709,6293,BLK,0.5915436763922988,-0.01076302614560152,1.0000942060676177
all_treated,m12_k320_capnone,12.0,320.0,none,14709,6293,FG3M,1.1098559631590685,-0.09502316389766277,1.000074362105836
all_treated,m12_k320_capnone,12.0,320.0,none,14709,6293,TOV,1.0764649972850031,-0.05144430838247067,0.9998903796757921
all_treated,m12_k320_capnone,12.0,320.0,none,14709,6293,FG3A,1.795314677540613,-0.25093501753289776,1.0000183444739874
all_treated,m12_k320_capnone,12.0,320.0,none,14709,6293,OREB,0.9104672418527503,-0.034119856281670746,1.0001237254664923
all_treated,m12_k320_capnone,12.0,320.0,none,14709,6293,POOLED,,,0.9999175497024905
all_treated,m12_k320_cap0.75-1.35,12.0,320.0,0.75-1.35,14709,6293,PTS,5.587397844403361,-0.9570684528358149,0.9995655502695552
all_treated,m12_k320_cap0.75-1.35,12.0,320.0,0.75-1.35,14709,6293,AST,1.6774754100902134,-0.2640999427808601,0.9997260138894667
all_treated,m12_k320_cap0.75-1.35,12.0,320.0,0.75-1.35,14709,6293,REB,2.0703653611371458,-0.18877084296985838,0.9998051056083262
all_treated,m12_k320_cap0.75-1.35,12.0,320.0,0.75-1.35,14709,6293,STL,0.8166636751901971,-0.023827894368448628,0.999960259765341
all_treated,m12_k320_cap0.75-1.35,12.0,320.0,0.75-1.35,14709,6293,BLK,0.5915436763922988,-0.01076302614560152,1.0000942060676177
all_treated,m12_k320_cap0.75-1.35,12.0,320.0,0.75-1.35,14709,6293,FG3M,1.1098559631590685,-0.09502316389766277,1.000074362105836
all_treated,m12_k320_cap0.75-1.35,12.0,320.0,0.75-1.35,14709,6293,TOV,1.0764649972850031,-0.05144430838247067,0.9998903796757921
all_treated,m12_k320_cap0.75-1.35,12.0,320.0,0.75-1.35,14709,6293,FG3A,1.795314677540613,-0.25093501753289776,1.0000183444739874
all_treated,m12_k320_cap0.75-1.35,12.0,320.0,0.75-1.35,14709,6293,OREB,0.9104672418527503,-0.034119856281670746,1.0001237254664923
all_treated,m12_k320_cap0.75-1.35,12.0,320.0,0.75-1.35,14709,6293,POOLED,,,0.9999175497024905
all_treated,m12_k320_cap0.85-1.20,12.0,320.0,0.85-1.20,14709,6293,PTS,5.587397844403361,-0.9570684528358149,0.9995655502695552
all_treated,m12_k320_cap0.85-1.20,12.0,320.0,0.85-1.20,14709,6293,AST,1.6774754100902134,-0.2640999427808601,0.9997260138894667
all_treated,m12_k320_cap0.85-1.20,12.0,320.0,0.85-1.20,14709,6293,REB,2.0703653611371458,-0.18877084296985838,0.9998051056083262
all_treated,m12_k320_cap0.85-1.20,12.0,320.0,0.85-1.20,14709,6293,STL,0.8166636751901971,-0.023827894368448628,0.999960259765341
all_treated,m12_k320_cap0.85-1.20,12.0,320.0,0.85-1.20,14709,6293,BLK,0.5915436763922988,-0.01076302614560152,1.0000942060676177
all_treated,m12_k320_cap0.85-1.20,12.0,320.0,0.85-1.20,14709,6293,FG3M,1.1098559631590685,-0.09502316389766277,1.000074362105836
all_treated,m12_k320_cap0.85-1.20,12.0,320.0,0.85-1.20,14709,6293,TOV,1.0764649972850031,-0.05144430838247067,0.9998903796757921
all_treated,m12_k320_cap0.85-1.20,12.0,320.0,0.85-1.20,14709,6293,FG3A,1.795314677540613,-0.25093501753289776,1.0000183444739874
all_treated,m12_k320_cap0.85-1.20,12.0,320.0,0.85-1.20,14709,6293,OREB,0.9104672418527503,-0.034119856281670746,1.0001237254664923
all_treated,m12_k320_cap0.85-1.20,12.0,320.0,0.85-1.20,14709,6293,POOLED,,,0.9999175497024905
single_out,no_adjustment,,,,9474,0,PTS,5.466040704395292,-0.47265090613739286,1.0000000000000018
single_out,no_adjustment,,,,9474,0,AST,1.650304940211698,-0.16595412629371206,0.9999999999999989
single_out,no_adjustment,,,,9474,0,REB,2.0627774083401946,-0.06751081481513137,1.000000000000004
single_out,no_adjustment,,,,9474,0,STL,0.818964803479966,-0.016025697186344456,0.999999999999998
single_out,no_adjustment,,,,9474,0,BLK,0.5908820404499074,-0.005537623936232293,1.0000000000000018
single_out,no_adjustment,,,,9474,0,FG3M,1.095682287607878,-0.0639839147322104,1.0000000000000029
single_out,no_adjustment,,,,9474,0,TOV,1.0723730832946867,0.012985841814672903,1.0000000000000027
single_out,no_adjustment,,,,9474,0,FG3A,1.766000893314349,-0.12887677754608143,0.9999999999999997
single_out,no_adjustment,,,,9474,0,OREB,0.9096705258377513,-0.002065774325977283,0.9999999999999939
single_out,no_adjustment,,,,9474,0,POOLED,,,1.0000000000000004
single_out,m3_k0_capnone,3.0,0.0,none,9474,7231,PTS,5.657320190522096,0.2410087773156068,1.0349941569174568
single_out,m3_k0_capnone,3.0,0.0,none,9474,7231,AST,1.6933412592451582,-0.008034387177611782,1.0260777980995062
single_out,m3_k0_capnone,3.0,0.0,none,9474,7231,REB,2.137220760532326,0.06908524712936537,1.0360888925247833
single_out,m3_k0_capnone,3.0,0.0,none,9474,7231,STL,0.8503624174378253,0.011225192193210486,1.0383381725618024
single_out,m3_k0_capnone,3.0,0.0,none,9474,7231,BLK,0.6041092268404489,0.0066206083665913,1.0223854940327364
single_out,m3_k0_capnone,3.0,0.0,none,9474,7231,FG3M,1.1419691416933864,0.014910635292272142,1.0422447771667152
single_out,m3_k0_capnone,3.0,0.0,none,9474,7231,TOV,1.1075042885882018,0.05826840886960685,1.0327602453295297
single_out,m3_k0_capnone,3.0,0.0,none,9474,7231,FG3A,1.831107590327765,0.0790361739927399,1.0368667407020538
single_out,m3_k0_capnone,3.0,0.0,none,9474,7231,OREB,0.9388966010694845,0.02860023212670086,1.0321281985088084
single_out,m3_k0_capnone,3.0,0.0,none,9474,7231,POOLED,,,1.0335427195381548
single_out,m3_k0_cap0.75-1.35,3.0,0.0,0.75-1.35,9474,7231,PTS,5.610739338214921,0.18791903714464697,1.0264722935018185
single_out,m3_k0_cap0.75-1.35,3.0,0.0,0.75-1.35,9474,7231,AST,1.6763638667929037,-0.02725823683543314,1.0157903705831852
single_out,m3_k0_cap0.75-1.35,3.0,0.0,0.75-1.35,9474,7231,REB,2.122371520818671,0.05939148172924916,1.0288902293759545
single_out,m3_k0_cap0.75-1.35,3.0,0.0,0.75-1.35,9474,7231,STL,0.8323310217894319,0.00842904926244258,1.0163208702653252
single_out,m3_k0_cap0.75-1.35,3.0,0.0,0.75-1.35,9474,7231,BLK,0.5971783469046075,0.005163717409547417,1.0106557756433194
single_out,m3_k0_cap0.75-1.35,3.0,0.0,0.75-1.35,9474,7231,FG3M,1.1218764250787572,-0.00025207271483254715,1.0239066906229453
single_out,m3_k0_cap0.75-1.35,3.0,0.0,0.75-1.35,9474,7231,TOV,1.0904232974145278,0.05091186025071342,1.0168320283313972
single_out,m3_k0_cap0.75-1.35,3.0,0.0,0.75-1.35,9474,7231,FG3A,1.8146497164871156,0.06608175161598166,1.0275474510556244
single_out,m3_k0_cap0.75-1.35,3.0,0.0,0.75-1.35,9474,7231,OREB,0.9256861515737925,0.024718093248098393,1.0176059631274588
single_out,m3_k0_cap0.75-1.35,3.0,0.0,0.75-1.35,9474,7231,POOLED,,,1.020446852500781
single_out,m3_k0_cap0.85-1.20,3.0,0.0,0.85-1.20,9474,7231,PTS,5.548277507439186,0.07873526483043394,1.0150450403667461
single_out,m3_k0_cap0.85-1.20,3.0,0.0,0.85-1.20,9474,7231,AST,1.6623748900706556,-0.06054955135034326,1.007313769452455
single_out,m3_k0_cap0.85-1.20,3.0,0.0,0.85-1.20,9474,7231,REB,2.1017001697731126,0.03540276787876549,1.0188691039932638
single_out,m3_k0_cap0.85-1.20,3.0,0.0,0.85-1.20,9474,7231,STL,0.8252907572514335,0.002022520421185839,1.0077243292319589
single_out,m3_k0_cap0.85-1.20,3.0,0.0,0.85-1.20,9474,7231,BLK,0.5940301368212557,0.0021157676555137984,1.0053277915994066
single_out,m3_k0_cap0.85-1.20,3.0,0.0,0.85-1.20,9474,7231,FG3M,1.110699964798329,-0.01655194946182924,1.0137062334221367
single_out,m3_k0_cap0.85-1.20,3.0,0.0,0.85-1.20,9474,7231,TOV,1.080825698358328,0.04230179207536072,1.007882158919613
single_out,m3_k0_cap0.85-1.20,3.0,0.0,0.85-1.20,9474,7231,FG3A,1.7956130545315214,0.035280665199609595,1.0167679197271509
single_out,m3_k0_cap0.85-1.20,3.0,0.0,0.85-1.20,9474,7231,OREB,0.9176009087504553,0.01777369267485334,1.0087178628827125
single_out,m3_k0_cap0.85-1.20,3.0,0.0,0.85-1.20,9474,7231,POOLED,,,1.011261578843938
single_out,m3_k3_capnone,3.0,3.0,none,9474,7231,PTS,5.532397896796037,0.037167547419992675,1.0121399008879308
single_out,m3_k3_capnone,3.0,3.0,none,9474,7231,AST,1.6628857095723732,-0.0508400916599355,1.0076232998242491
single_out,m3_k3_capnone,3.0,3.0,none,9474,7231,REB,2.093243543842643,0.030597079658028534,1.0147694731284513
single_out,m3_k3_capnone,3.0,3.0,none,9474,7231,STL,0.8333358809247552,0.003423868428586208,1.0175478572262464
single_out,m3_k3_capnone,3.0,3.0,none,9474,7231,BLK,0.596861925312666,0.0031822444077106633,1.0101202684349764
single_out,m3_k3_capnone,3.0,3.0,none,9474,7231,FG3M,1.1177907650353585,-0.007775496498361835,1.0201778176735443
single_out,m3_k3_capnone,3.0,3.0,none,9474,7231,TOV,1.0868130449600333,0.045681674452631146,1.0134654271822872
single_out,m3_k3_capnone,3.0,3.0,none,9474,7231,FG3A,1.790775213581444,0.02203516245086586,1.0140284868263
single_out,m3_k3_capnone,3.0,3.0,none,9474,7231,OREB,0.9234217264674439,0.020551183169795102,1.0151166826220108
single_out,m3_k3_capnone,3.0,3.0,none,9474,7231,POOLED,,,1.0138876904228886
single_out,m3_k3_cap0.75-1.35,3.0,3.0,0.75-1.35,9474,7231,PTS,5.527505612865863,0.026181077609302883,1.011244868414748
single_out,m3_k3_cap0.75-1.35,3.0,3.0,0.75-1.35,9474,7231,AST,1.6612528093210719,-0.05632026894552514,1.0066338461714643
single_out,m3_k3_cap0.75-1.35,3.0,3.0,0.75-1.35,9474,7231,REB,2.0922217339498674,0.029135204916002983,1.0142741167760674
single_out,m3_k3_cap0.75-1.35,3.0,3.0,0.75-1.35,9474,7231,STL,0.8288346588890337,0.0029202080399434584,1.0120516234240187
single_out,m3_k3_cap0.75-1.35,3.0,3.0,0.75-1.35,9474,7231,BLK,0.5954169640472913,0.002619519139922745,1.0076748374242883
single_out,m3_k3_cap0.75-1.35,3.0,3.0,0.75-1.35,9474,7231,FG3M,1.113611349486629,-0.012047030448789119,1.016363376575063
single_out,m3_k3_cap0.75-1.35,3.0,3.0,0.75-1.35,9474,7231,TOV,1.083933629654499,0.042464684531821985,1.0107803399207833
single_out,m3_k3_cap0.75-1.35,3.0,3.0,0.75-1.35,9474,7231,FG3A,1.7890630769885145,0.020267745047469646,1.0130589875472162
single_out,m3_k3_cap0.75-1.35,3.0,3.0,0.75-1.35,9474,7231,OREB,0.9210193465188126,0.01875270038887979,1.0124757484811373
single_out,m3_k3_cap0.75-1.35,3.0,3.0,0.75-1.35,9474,7231,POOLED,,,1.011617527192754
single_out,m3_k3_cap0.85-1.20,3.0,3.0,0.85-1.20,9474,7231,PTS,5.513128355719726,-0.01829678360344644,1.008614581169617
single_out,m3_k3_cap0.85-1.20,3.0,3.0,0.85-1.20,9474,7231,AST,1.657180054353845,-0.07318650381559186,1.0041659659221909
single_out,m3_k3_cap0.85-1.20,3.0,3.0,0.85-1.20,9474,7231,REB,2.0872344254733184,0.018277827223020907,1.0118563530094173
single_out,m3_k3_cap0.85-1.20,3.0,3.0,0.85-1.20,9474,7231,STL,0.8243766425233572,-0.0003618472940667085,1.0066081460648777
single_out,m3_k3_cap0.85-1.20,3.0,3.0,0.85-1.20,9474,7231,BLK,0.5934828411264832,0.0010362838556192432,1.0044015564842628
single_out,m3_k3_cap0.85-1.20,3.0,3.0,0.85-1.20,9474,7231,FG3M,1.1077950512062473,-0.022089247585253696,1.0110549962661324
single_out,m3_k3_cap0.85-1.20,3.0,3.0,0.85-1.20,9474,7231,TOV,1.0789853258608741,0.037851166456187066,1.0061659908003988
single_out,m3_k3_cap0.85-1.20,3.0,3.0,0.85-1.20,9474,7231,FG3A,1.784174273289525,0.00837183766765135,1.010290696932247
single_out,m3_k3_cap0.85-1.20,3.0,3.0,0.85-1.20,9474,7231,OREB,0.9166036813148278,0.01514539835865153,1.007621611649653
single_out,m3_k3_cap0.85-1.20,3.0,3.0,0.85-1.20,9474,7231,POOLED,,,1.0078644331443107
single_out,m3_k5_capnone,3.0,5.0,none,9474,7231,PTS,5.506465560871595,-0.03694918270431565,1.0073956376584987
single_out,m3_k5_capnone,3.0,5.0,none,9474,7231,AST,1.6570188560842962,-0.06695308537323433,1.004068288053319
single_out,m3_k5_capnone,3.0,5.0,none,9474,7231,REB,2.083197235129227,0.01632634983598644,1.0098991906283634
single_out,m3_k5_capnone,3.0,5.0,none,9474,7231,STL,0.8287634154060516,0.0005617598185046355,1.0119646313058233
single_out,m3_k5_capnone,3.0,5.0,none,9474,7231,BLK,0.5952330393872447,0.0019038441431596398,1.0073635660579991
single_out,m3_k5_capnone,3.0,5.0,none,9474,7231,FG3M,1.1117737997708377,-0.015980709096428,1.0146862939603543
single_out,m3_k5_capnone,3.0,5.0,none,9474,7231,TOV,1.0821691158083773,0.041011369445593276,1.0091349108498666
single_out,m3_k5_capnone,3.0,5.0,none,9474,7231,FG3A,1.7818765437226602,0.0008626043962077381,1.0089896049704232
single_out,m3_k5_capnone,3.0,5.0,none,9474,7231,OREB,0.9196190827462085,0.017470370014093496,1.0109364397612965
single_out,m3_k5_capnone,3.0,5.0,none,9474,7231,POOLED,,,1.0093820625828827
single_out,m3_k5_cap0.75-1.35,3.0,5.0,0.75-1.35,9474,7231,PTS,5.504446317514525,-0.04109675052904749,1.0070262215735715
single_out,m3_k5_cap0.75-1.35,3.0,5.0,0.75-1.35,9474,7231,AST,1.6566431853334427,-0.06957590788522121,1.0038406508805153
single_out,m3_k5_cap0.75-1.35,3.0,5.0,0.75-1.35,9474,7231,REB,2.0830458410863164,0.015710189415269086,1.0098257973275164
single_out,m3_k5_cap0.75-1.35,3.0,5.0,0.75-1.35,9474,7231,STL,0.8267575568301311,0.0003268560674263726,1.009515370278491
single_out,m3_k5_cap0.75-1.35,3.0,5.0,0.75-1.35,9474,7231,BLK,0.5944966372786045,0.0015301766443720749,1.0061172900532664
single_out,m3_k5_cap0.75-1.35,3.0,5.0,0.75-1.35,9474,7231,FG3M,1.110028807936305,-0.01788539697824664,1.0130936864551783
single_out,m3_k5_cap0.75-1.35,3.0,5.0,0.75-1.35,9474,7231,TOV,1.0809897026357798,0.038882985446144526,1.0080350947588341
single_out,m3_k5_cap0.75-1.35,3.0,5.0,0.75-1.35,9474,7231,FG3A,1.7811267310772523,0.00025290738729264497,1.0085650227132756
single_out,m3_k5_cap0.75-1.35,3.0,5.0,0.75-1.35,9474,7231,OREB,0.9185241116211452,0.01618307520451494,1.0097327389773727
single_out,m3_k5_cap0.75-1.35,3.0,5.0,0.75-1.35,9474,7231,POOLED,,,1.0084168747797801
single_out,m3_k5_cap0.85-1.20,3.0,5.0,0.85-1.20,9474,7231,PTS,5.498058565042559,-0.06841029409623296,1.0058575964539618
single_out,m3_k5_cap0.85-1.20,3.0,5.0,0.85-1.20,9474,7231,AST,1.6549872194241586,-0.08117971386463382,1.0028372206241218
single_out,m3_k5_cap0.85-1.20,3.0,5.0,0.85-1.20,9474,7231,REB,2.0807568123018183,0.009649488350740242,1.0087161144430505
single_out,m3_k5_cap0.85-1.20,3.0,5.0,0.85-1.20,9474,7231,STL,0.8237839090253881,-0.0018525263785560922,1.005884386636572
single_out,m3_k5_cap0.85-1.20,3.0,5.0,0.85-1.20,9474,7231,BLK,0.5931204338935664,0.0004132680379931268,1.0037882238592928
single_out,m3_k5_cap0.85-1.20,3.0,5.0,0.85-1.20,9474,7231,FG3M,1.1060601036212885,-0.02505778112318699,1.0094715558796434
single_out,m3_k5_cap0.85-1.20,3.0,5.0,0.85-1.20,9474,7231,TOV,1.077971892311849,0.03562026543667185,1.0052209525811333
single_out,m3_k5_cap0.85-1.20,3.0,5.0,0.85-1.20,9474,7231,FG3A,1.7788542688897497,-0.0057033909377002204,1.0072782384335477
single_out,m3_k5_cap0.85-1.20,3.0,5.0,0.85-1.20,9474,7231,OREB,0.9158166847918346,0.013631134404304787,1.0067564670718747
single_out,m3_k5_cap0.85-1.20,3.0,5.0,0.85-1.20,9474,7231,POOLED,,,1.0062011951092442
single_out,m3_k10_capnone,3.0,10.0,none,9474,7231,PTS,5.480334236950182,-0.14736821723414784,1.0026149700172204
single_out,m3_k10_capnone,3.0,10.0,none,9474,7231,AST,1.6514798337573264,-0.09141113070926322,1.000711925121836
single_out,m3_k10_capnone,3.0,10.0,none,9474,7231,REB,2.072483351347513,-0.005123116500743478,1.0047052788963482
single_out,m3_k10_capnone,3.0,10.0,none,9474,7231,STL,0.8237161380359893,-0.003720656737581492,1.0058016346195002
single_out,m3_k10_capnone,3.0,10.0,none,9474,7231,BLK,0.5932901193844529,-1.85074625761618e-05,1.004075397066922
single_out,m3_k10_capnone,3.0,10.0,none,9474,7231,FG3M,1.10451846740037,-0.028171090779437812,1.008064545619138
single_out,m3_k10_capnone,3.0,10.0,none,9474,7231,TOV,1.0771987290284242,0.033972987535653754,1.0044999690955636
single_out,m3_k10_capnone,3.0,10.0,none,9474,7231,FG3A,1.773035126412687,-0.031173846570089037,1.00398314243496
single_out,m3_k10_capnone,3.0,10.0,none,9474,7231,OREB,0.9152312439383729,0.012722932644323781,1.0061128924623504
single_out,m3_k10_capnone,3.0,10.0,none,9474,7231,POOLED,,,1.0045077505926487
single_out,m3_k10_cap0.75-1.35,3.0,10.0,0.75-1.35,9474,7231,PTS,5.480029263701629,-0.14805585033946786,1.0025591758391221
single_out,m3_k10_cap0.75-1.35,3.0,10.0,0.75-1.35,9474,7231,AST,1.6513996708343974,-0.09162888101220149,1.0006633505093654
single_out,m3_k10_cap0.75-1.35,3.0,10.0,0.75-1.35,9474,7231,REB,2.072513427770432,-0.005141084469808115,1.0047198594433318
single_out,m3_k10_cap0.75-1.35,3.0,10.0,0.75-1.35,9474,7231,STL,0.823466266785974,-0.003750447446460103,1.0054965284062007
single_out,m3_k10_cap0.75-1.35,3.0,10.0,0.75-1.35,9474,7231,BLK,0.5930631994379018,-9.291444575462425e-05,1.003691361115553
single_out,m3_k10_cap0.75-1.35,3.0,10.0,0.75-1.35,9474,7231,FG3M,1.1042706019504476,-0.02844709687754563,1.0078383254340297
single_out,m3_k10_cap0.75-1.35,3.0,10.0,0.75-1.35,9474,7231,TOV,1.0770159446163674,0.03319639511653361,1.0043295205689229
single_out,m3_k10_cap0.75-1.35,3.0,10.0,0.75-1.35,9474,7231,FG3A,1.7726905485113809,-0.03144282657951219,1.0037880248092492
single_out,m3_k10_cap0.75-1.35,3.0,10.0,0.75-1.35,9474,7231,OREB,0.9149567353166583,0.01220999692279568,1.0058111253786453
single_out,m3_k10_cap0.75-1.35,3.0,10.0,0.75-1.35,9474,7231,POOLED,,,1.0043219190560464
single_out,m3_k10_cap0.85-1.20,3.0,10.0,0.85-1.20,9474,7231,PTS,5.4783027863626685,-0.15594565082252884,1.002243320646611
single_out,m3_k10_cap0.85-1.20,3.0,10.0,0.85-1.20,9474,7231,AST,1.6514019364901549,-0.09703804283571729,1.0006647233803434
single_out,m3_k10_cap0.85-1.20,3.0,10.0,0.85-1.20,9474,7231,REB,2.0722148467435533,-0.006629373182788124,1.0045751123534754
single_out,m3_k10_cap0.85-1.20,3.0,10.0,0.85-1.20,9474,7231,STL,0.8223925634322383,-0.004620760667243015,1.0041854789579543
single_out,m3_k10_cap0.85-1.20,3.0,10.0,0.85-1.20,9474,7231,BLK,0.5924374991409348,-0.0007688849852549826,1.002632435214724
single_out,m3_k10_cap0.85-1.20,3.0,10.0,0.85-1.20,9474,7231,FG3M,1.102827698198929,-0.03135502022619774,1.0065214256649655
single_out,m3_k10_cap0.85-1.20,3.0,10.0,0.85-1.20,9474,7231,TOV,1.0758887908748516,0.03133022175771447,1.0032784369870291
single_out,m3_k10_cap0.85-1.20,3.0,10.0,0.85-1.20,9474,7231,FG3A,1.7721541087287895,-0.032372005691846985,1.0034842651766114
single_out,m3_k10_cap0.85-1.20,3.0,10.0,0.85-1.20,9474,7231,OREB,0.9139028213198224,0.01078601514217291,1.004652558659266
single_out,m3_k10_cap0.85-1.20,3.0,10.0,0.85-1.20,9474,7231,POOLED,,,1.0035819730045534
single_out,m3_k20_capnone,3.0,20.0,none,9474,7231,PTS,5.467391637425044,-0.2522677672987567,1.000247150195694
single_out,m3_k20_capnone,3.0,20.0,none,9474,7231,AST,1.6490082665805486,-0.11508042935276236,0.9992142824034782
single_out,m3_k20_capnone,3.0,20.0,none,9474,7231,REB,2.066208525838288,-0.025577476991430925,1.0016633483982467
single_out,m3_k20_capnone,3.0,20.0,none,9474,7231,STL,0.820852898243918,-0.007783899756179963,1.0023054650894976
single_out,m3_k20_capnone,3.0,20.0,none,9474,7231,BLK,0.5919325063328035,-0.001849096487794854,1.0017777928774028
single_out,m3_k20_capnone,3.0,20.0,none,9474,7231,FG3M,1.0998598575794416,-0.03972321506440124,1.00381275668943
single_out,m3_k20_capnone,3.0,20.0,none,9474,7231,TOV,1.0741689706980164,0.027217791936364692,1.0016746852670109
single_out,m3_k20_capnone,3.0,20.0,none,9474,7231,FG3A,1.7678502222351151,-0.062156321286434675,1.0010471845896378
single_out,m3_k20_capnone,3.0,20.0,none,9474,7231,OREB,0.9123389437496869,0.008053415497598177,1.0029333894373158
single_out,m3_k20_capnone,3.0,20.0,none,9474,7231,POOLED,,,1.0016306727719682
single_out,m3_k20_cap0.75-1.35,3.0,20.0,0.75-1.35,9474,7231,PTS,5.467391637425044,-0.2522677672987567,1.000247150195694
single_out,m3_k20_cap0.75-1.35,3.0,20.0,0.75-1.35,9474,7231,AST,1.6490042675805041,-0.11507643035271793,0.9992118592149225
single_out,m3_k20_cap0.75-1.35,3.0,20.0,0.75-1.35,9474,7231,REB,2.066208525838288,-0.025577476991430925,1.0016633483982467
single_out,m3_k20_cap0.75-1.35,3.0,20.0,0.75-1.35,9474,7231,STL,0.8208428127719574,-0.007767553652371368,1.0022931501866863
single_out,m3_k20_cap0.75-1.35,3.0,20.0,0.75-1.35,9474,7231,BLK,0.5919313792036107,-0.0018524437163894964,1.0017758853406769
single_out,m3_k20_cap0.75-1.35,3.0,20.0,0.75-1.35,9474,7231,FG3M,1.0998265148444002,-0.03975618275202499,1.0037823256644707
single_out,m3_k20_cap0.75-1.35,3.0,20.0,0.75-1.35,9474,7231,TOV,1.074143955596156,0.027182174009852664,1.001651358402275
single_out,m3_k20_cap0.75-1.35,3.0,20.0,0.75-1.35,9474,7231,FG3A,1.7677574844971449,-0.06226135235503927,1.0009946717407932
single_out,m3_k20_cap0.75-1.35,3.0,20.0,0.75-1.35,9474,7231,OREB,0.9123141337701999,0.007997129583704861,1.0029061158489316
single_out,m3_k20_cap0.75-1.35,3.0,20.0,0.75-1.35,9474,7231,POOLED,,,1.0016139849991885
single_out,m3_k20_cap0.85-1.20,3.0,20.0,0.85-1.20,9474,7231,PTS,5.467047060165979,-0.25341834752932696,1.0001841105518823
single_out,m3_k20_cap0.85-1.20,3.0,20.0,0.85-1.20,9474,7231,AST,1.6488450372665433,-0.11576043125035937,0.999115373826022
single_out,m3_k20_cap0.85-1.20,3.0,20.0,0.85-1.20,9474,7231,REB,2.0662434070901243,-0.02567716144091712,1.0016802582459574
single_out,m3_k20_cap0.85-1.20,3.0,20.0,0.85-1.20,9474,7231,STL,0.8206503712730089,-0.007957238018389165,1.0020581687831747
single_out,m3_k20_cap0.85-1.20,3.0,20.0,0.85-1.20,9474,7231,BLK,0.5917115356860468,-0.001981570390973269,1.0014038254327526
single_out,m3_k20_cap0.85-1.20,3.0,20.0,0.85-1.20,9474,7231,FG3M,1.099593012826268,-0.04013983417353641,1.003569214600458
single_out,m3_k20_cap0.85-1.20,3.0,20.0,0.85-1.20,9474,7231,TOV,1.0739172296273214,0.02630173194825446,1.0014399338781363
single_out,m3_k20_cap0.85-1.20,3.0,20.0,0.85-1.20,9474,7231,FG3A,1.7675301921725486,-0.06235433817639363,1.000865967205333
single_out,m3_k20_cap0.85-1.20,3.0,20.0,0.85-1.20,9474,7231,OREB,0.9120167501279932,0.007461136713869586,1.0025792022755444
single_out,m3_k20_cap0.85-1.20,3.0,20.0,0.85-1.20,9474,7231,POOLED,,,1.0014328949776956
single_out,m3_k40_capnone,3.0,40.0,none,9474,7231,PTS,5.4629265692283715,-0.3365521256613428,0.9994302758915778
single_out,m3_k40_capnone,3.0,40.0,none,9474,7231,AST,1.648569158121942,-0.13436086577800557,0.998948205239248
single_out,m3_k40_capnone,3.0,40.0,none,9474,7231,REB,2.0636643573518083,-0.04191519754479279,1.000429978051939
single_out,m3_k40_capnone,3.0,40.0,none,9474,7231,STL,0.8195068358054888,-0.011011051971558987,1.0006618505743077
single_out,m3_k40_capnone,3.0,40.0,none,9474,7231,BLK,0.5912538225764187,-0.003303570725391386,1.000629198555822
single_out,m3_k40_capnone,3.0,40.0,none,9474,7231,FG3M,1.0974103818975791,-0.04899298595741795,1.0015771855667002
single_out,m3_k40_capnone,3.0,40.0,none,9474,7231,TOV,1.0728520826789447,0.02176317933021687,1.0004466723304815
single_out,m3_k40_capnone,3.0,40.0,none,9474,7231,FG3A,1.7658531818838634,-0.08741626320104852,0.999916358235692
single_out,m3_k40_capnone,3.0,40.0,none,9474,7231,OREB,0.9107933509677011,0.004212985337422139,1.0012343206667162
single_out,m3_k40_capnone,3.0,40.0,none,9474,7231,POOLED,,,1.000363782790276
single_out,m3_k40_cap0.75-1.35,3.0,40.0,0.75-1.35,9474,7231,PTS,5.4629265692283715,-0.3365521256613428,0.9994302758915778
single_out,m3_k40_cap0.75-1.35,3.0,40.0,0.75-1.35,9474,7231,AST,1.648569158121942,-0.13436086577800557,0.998948205239248
single_out,m3_k40_cap0.75-1.35,3.0,40.0,0.75-1.35,9474,7231,REB,2.0636643573518083,-0.04191519754479279,1.000429978051939
single_out,m3_k40_cap0.75-1.35,3.0,40.0,0.75-1.35,9474,7231,STL,0.8195058783694436,-0.01101009453551364,1.0006606814934862
single_out,m3_k40_cap0.75-1.35,3.0,40.0,0.75-1.35,9474,7231,BLK,0.5912499646565684,-0.003319054413051667,1.0006226694694966
single_out,m3_k40_cap0.75-1.35,3.0,40.0,0.75-1.35,9474,7231,FG3M,1.0974076311535792,-0.04899743644573306,1.001574675036019
single_out,m3_k40_cap0.75-1.35,3.0,40.0,0.75-1.35,9474,7231,TOV,1.0728520826789447,0.02176317933021687,1.0004466723304815
single_out,m3_k40_cap0.75-1.35,3.0,40.0,0.75-1.35,9474,7231,FG3A,1.7658305917184642,-0.0874350580413201,0.999903566529026
single_out,m3_k40_cap0.75-1.35,3.0,40.0,0.75-1.35,9474,7231,OREB,0.9107962236651652,0.004215858034886382,1.0012374786204836
single_out,m3_k40_cap0.75-1.35,3.0,40.0,0.75-1.35,9474,7231,POOLED,,,1.0003615780735287
single_out,m3_k40_cap0.85-1.20,3.0,40.0,0.85-1.20,9474,7231,PTS,5.462926339515031,-0.3365518959480014,0.9994302338660327
single_out,m3_k40_cap0.85-1.20,3.0,40.0,0.85-1.20,9474,7231,AST,1.6485423845741827,-0.13433488688089365,0.9989319818449486
single_out,m3_k40_cap0.85-1.20,3.0,40.0,0.85-1.20,9474,7231,REB,2.0636643573518083,-0.04191519754479279,1.000429978051939
single_out,m3_k40_cap0.85-1.20,3.0,40.0,0.85-1.20,9474,7231,STL,0.8194881228020869,-0.011003514977372742,1.000639000992345
single_out,m3_k40_cap0.85-1.20,3.0,40.0,0.85-1.20,9474,7231,BLK,0.5912662245608518,-0.0032887430004475827,1.000650187490303
single_out,m3_k40_cap0.85-1.20,3.0,40.0,0.85-1.20,9474,7231,FG3M,1.0973940276201604,-0.049016948089170335,1.0015622594538993
single_out,m3_k40_cap0.85-1.20,3.0,40.0,0.85-1.20,9474,7231,TOV,1.0728352520553885,0.02169739937759404,1.0004309775841116
single_out,m3_k40_cap0.85-1.20,3.0,40.0,0.85-1.20,9474,7231,FG3A,1.7657928684933326,-0.08748462486804742,0.9998822057101984
single_out,m3_k40_cap0.85-1.20,3.0,40.0,0.85-1.20,9474,7231,OREB,0.9107732191945668,0.004167266148400731,1.0012121898264148
single_out,m3_k40_cap0.85-1.20,3.0,40.0,0.85-1.20,9474,7231,POOLED,,,1.0003521127577992
single_out,m3_k80_capnone,3.0,80.0,none,9474,7231,PTS,5.462317938575468,-0.3948435224478762,0.9993189282661542
single_out,m3_k80_capnone,3.0,80.0,none,9474,7231,AST,1.6490246264473805,-0.1478192751235523,0.9992241956421974
single_out,m3_k80_capnone,3.0,80.0,none,9474,7231,REB,2.0627050011574912,-0.053057799490320065,0.9999648982084047
single_out,m3_k80_capnone,3.0,80.0,none,9474,7231,STL,0.8190621497732464,-0.01320001504188515,1.000118865051178
single_out,m3_k80_capnone,3.0,80.0,none,9474,7231,BLK,0.5909586957376236,-0.004286285343156457,1.0001297302718133
single_out,m3_k80_capnone,3.0,80.0,none,9474,7231,FG3M,1.0963258834801646,-0.05540466887311699,1.0005873927867308
single_out,m3_k80_capnone,3.0,80.0,none,9474,7231,TOV,1.0724280575241751,0.01799065780887296,1.0000512640892874
single_out,m3_k80_capnone,3.0,80.0,none,9474,7231,FG3A,1.7654638985432547,-0.10506726403132136,0.9996959261044953
single_out,m3_k80_capnone,3.0,80.0,none,9474,7231,OREB,0.9101248385825903,0.0015276678085614874,1.0004994255963333
single_out,m3_k80_capnone,3.0,80.0,none,9474,7231,POOLED,,,0.9999545140018438
single_out,m3_k80_cap0.75-1.35,3.0,80.0,0.75-1.35,9474,7231,PTS,5.462317938575468,-0.3948435224478762,0.9993189282661542
single_out,m3_k80_cap0.75-1.35,3.0,80.0,0.75-1.35,9474,7231,AST,1.6490246264473805,-0.1478192751235523,0.9992241956421974
single_out,m3_k80_cap0.75-1.35,3.0,80.0,0.75-1.35,9474,7231,REB,2.0627050011574912,-0.053057799490320065,0.9999648982084047
single_out,m3_k80_cap0.75-1.35,3.0,80.0,0.75-1.35,9474,7231,STL,0.8190621497732464,-0.01320001504188515,1.000118865051178
single_out,m3_k80_cap0.75-1.35,3.0,80.0,0.75-1.35,9474,7231,BLK,0.590959001623517,-0.00428688397088961,1.0001302479485616
single_out,m3_k80_cap0.75-1.35,3.0,80.0,0.75-1.35,9474,7231,FG3M,1.0963250720701148,-0.05540548028316705,1.0005866522344202
single_out,m3_k80_cap0.75-1.35,3.0,80.0,0.75-1.35,9474,7231,TOV,1.0724280575241751,0.01799065780887296,1.0000512640892874
single_out,m3_k80_cap0.75-1.35,3.0,80.0,0.75-1.35,9474,7231,FG3A,1.765464045639769,-0.10506577002694835,0.9996960093980626
single_out,m3_k80_cap0.75-1.35,3.0,80.0,0.75-1.35,9474,7231,OREB,0.9101248385825903,0.0015276678085614874,1.0004994255963333
single_out,m3_k80_cap0.75-1.35,3.0,80.0,0.75-1.35,9474,7231,POOLED,,,0.9999544984927331
single_out,m3_k80_cap0.85-1.20,3.0,80.0,0.85-1.20,9474,7231,PTS,5.462317938575468,-0.3948435224478762,0.9993189282661542
single_out,m3_k80_cap0.85-1.20,3.0,80.0,0.85-1.20,9474,7231,AST,1.6490246264473805,-0.1478192751235523,0.9992241956421974
single_out,m3_k80_cap0.85-1.20,3.0,80.0,0.85-1.20,9474,7231,REB,2.0627050011574912,-0.053057799490320065,0.9999648982084047
single_out,m3_k80_cap0.85-1.20,3.0,80.0,0.85-1.20,9474,7231,STL,0.8190614219216039,-0.013199287190242626,1.0001179763052401
single_out,m3_k80_cap0.85-1.20,3.0,80.0,0.85-1.20,9474,7231,BLK,0.5909600515655212,-0.004291165332240031,1.0001320248548347
single_out,m3_k80_cap0.85-1.20,3.0,80.0,0.85-1.20,9474,7231,FG3M,1.0963249831922492,-0.05540746008306752,1.000586571117963
single_out,m3_k80_cap0.85-1.20,3.0,80.0,0.85-1.20,9474,7231,TOV,1.0724280575241751,0.01799065780887296,1.0000512640892874
single_out,m3_k80_cap0.85-1.20,3.0,80.0,0.85-1.20,9474,7231,FG3A,1.7654530302788325,-0.10507484228824403,0.9996897719374938
single_out,m3_k80_cap0.85-1.20,3.0,80.0,0.85-1.20,9474,7231,OREB,0.9101274842126733,0.0015303134386444096,1.0005023339351307
single_out,m3_k80_cap0.85-1.20,3.0,80.0,0.85-1.20,9474,7231,POOLED,,,0.9999542182618562
single_out,m3_k160_capnone,3.0,160.0,none,9474,7231,PTS,5.463314859465388,-0.43057834923610167,0.9995013127275649
single_out,m3_k160_capnone,3.0,160.0,none,9474,7231,AST,1.649524063959635,-0.15612080853312388,0.9995268291131912
single_out,m3_k160_capnone,3.0,160.0,none,9474,7231,REB,2.0625777847554785,-0.05977491754999963,0.9999032258236392
single_out,m3_k160_capnone,3.0,160.0,none,9474,7231,STL,0.8189545169774779,-0.014514692114676977,0.9999874396281182
single_out,m3_k160_capnone,3.0,160.0,none,9474,7231,BLK,0.5908854210996233,-0.00487227171046224,1.0000057213614315
single_out,m3_k160_capnone,3.0,160.0,none,9474,7231,FG3M,1.0959177664604647,-0.05933983592748296,1.0002149152680964
single_out,m3_k160_capnone,3.0,160.0,none,9474,7231,TOV,1.072339594022424,0.015684721364669883,0.9999687708757508
single_out,m3_k160_capnone,3.0,160.0,none,9474,7231,FG3A,1.7655547072202022,-0.11596322153075343,0.9997473466203576
single_out,m3_k160_capnone,3.0,160.0,none,9474,7231,OREB,0.909873357548403,-0.00012345285422538254,1.0002229727191165
single_out,m3_k160_capnone,3.0,160.0,none,9474,7231,POOLED,,,0.9998976149041409
single_out,m3_k160_cap0.75-1.35,3.0,160.0,0.75-1.35,9474,7231,PTS,5.463314859465388,-0.43057834923610167,0.9995013127275649
single_out,m3_k160_cap0.75-1.35,3.0,160.0,0.75-1.35,9474,7231,AST,1.649524063959635,-0.15612080853312388,0.9995268291131912
single_out,m3_k160_cap0.75-1.35,3.0,160.0,0.75-1.35,9474,7231,REB,2.0625777847554785,-0.05977491754999963,0.9999032258236392
single_out,m3_k160_cap0.75-1.35,3.0,160.0,0.75-1.35,9474,7231,STL,0.8189545169774779,-0.014514692114676977,0.9999874396281182
single_out,m3_k160_cap0.75-1.35,3.0,160.0,0.75-1.35,9474,7231,BLK,0.5908854210996233,-0.00487227171046224,1.0000057213614315
single_out,m3_k160_cap0.75-1.35,3.0,160.0,0.75-1.35,9474,7231,FG3M,1.0959177664604647,-0.05933983592748296,1.0002149152680964
single_out,m3_k160_cap0.75-1.35,3.0,160.0,0.75-1.35,9474,7231,TOV,1.072339594022424,0.015684721364669883,0.9999687708757508
single_out,m3_k160_cap0.75-1.35,3.0,160.0,0.75-1.35,9474,7231,FG3A,1.7655547072202022,-0.11596322153075343,0.9997473466203576
single_out,m3_k160_cap0.75-1.35,3.0,160.0,0.75-1.35,9474,7231,OREB,0.909873357548403,-0.00012345285422538254,1.0002229727191165
single_out,m3_k160_cap0.75-1.35,3.0,160.0,0.75-1.35,9474,7231,POOLED,,,0.9998976149041409
single_out,m3_k160_cap0.85-1.20,3.0,160.0,0.85-1.20,9474,7231,PTS,5.463314859465388,-0.43057834923610167,0.9995013127275649
single_out,m3_k160_cap0.85-1.20,3.0,160.0,0.85-1.20,9474,7231,AST,1.649524063959635,-0.15612080853312388,0.9995268291131912
single_out,m3_k160_cap0.85-1.20,3.0,160.0,0.85-1.20,9474,7231,REB,2.0625777847554785,-0.05977491754999963,0.9999032258236392
single_out,m3_k160_cap0.85-1.20,3.0,160.0,0.85-1.20,9474,7231,STL,0.8189545169774779,-0.014514692114676977,0.9999874396281182
single_out,m3_k160_cap0.85-1.20,3.0,160.0,0.85-1.20,9474,7231,BLK,0.5908855242844855,-0.004872374895324461,1.0000058959899618
single_out,m3_k160_cap0.85-1.20,3.0,160.0,0.85-1.20,9474,7231,FG3M,1.0959175343726282,-0.05934006801531945,1.0002147034477182
single_out,m3_k160_cap0.85-1.20,3.0,160.0,0.85-1.20,9474,7231,TOV,1.072339594022424,0.015684721364669883,0.9999687708757508
single_out,m3_k160_cap0.85-1.20,3.0,160.0,0.85-1.20,9474,7231,FG3A,1.7655549743144596,-0.11596224929804289,0.9997474978627824
single_out,m3_k160_cap0.85-1.20,3.0,160.0,0.85-1.20,9474,7231,OREB,0.909873357548403,-0.00012345285422538254,1.0002229727191165
single_out,m3_k160_cap0.85-1.20,3.0,160.0,0.85-1.20,9474,7231,POOLED,,,0.999897627576427
single_out,m3_k320_capnone,3.0,320.0,none,9474,7231,PTS,5.464446543626171,-0.4506912298929502,0.9997083518299034
single_out,m3_k320_capnone,3.0,320.0,none,9474,7231,AST,1.6498808541453922,-0.16081253866457174,0.9997430256336425
single_out,m3_k320_capnone,3.0,320.0,none,9474,7231,REB,2.0626226108225016,-0.0635009547657916,0.9999249567514853
single_out,m3_k320_capnone,3.0,320.0,none,9474,7231,STL,0.8189334385729491,-0.015242696113416512,0.9999617017643673
single_out,m3_k320_capnone,3.0,320.0,none,9474,7231,BLK,0.5908786922441084,-0.005194287096945151,0.9999943335461753
single_out,m3_k320_capnone,3.0,320.0,none,9474,7231,FG3M,1.0957798898713542,-0.06155792650074397,1.0000890789826424
single_out,m3_k320_capnone,3.0,320.0,none,9474,7231,TOV,1.0723277430963198,0.014391583866734368,0.9999577197534418
single_out,m3_k320_capnone,3.0,320.0,none,9474,7231,FG3A,1.7657162779862845,-0.12212383465743741,0.9998388362490968
single_out,m3_k320_capnone,3.0,320.0,none,9474,7231,OREB,0.909757571903923,-0.0010525898179174005,1.0000956896631183
single_out,m3_k320_capnone,3.0,320.0,none,9474,7231,POOLED,,,0.9999237437970971
single_out,m3_k320_cap0.75-1.35,3.0,320.0,0.75-1.35,9474,7231,PTS,5.464446543626171,-0.4506912298929502,0.9997083518299034
single_out,m3_k320_cap0.75-1.35,3.0,320.0,0.75-1.35,9474,7231,AST,1.6498808541453922,-0.16081253866457174,0.9997430256336425
single_out,m3_k320_cap0.75-1.35,3.0,320.0,0.75-1.35,9474,7231,REB,2.0626226108225016,-0.0635009547657916,0.9999249567514853
single_out,m3_k320_cap0.75-1.35,3.0,320.0,0.75-1.35,9474,7231,STL,0.8189334385729491,-0.015242696113416512,0.9999617017643673
single_out,m3_k320_cap0.75-1.35,3.0,320.0,0.75-1.35,9474,7231,BLK,0.5908786922441084,-0.005194287096945151,0.9999943335461753
single_out,m3_k320_cap0.75-1.35,3.0,320.0,0.75-1.35,9474,7231,FG3M,1.0957798898713542,-0.06155792650074397,1.0000890789826424
single_out,m3_k320_cap0.75-1.35,3.0,320.0,0.75-1.35,9474,7231,TOV,1.0723277430963198,0.014391583866734368,0.9999577197534418
single_out,m3_k320_cap0.75-1.35,3.0,320.0,0.75-1.35,9474,7231,FG3A,1.7657162779862845,-0.12212383465743741,0.9998388362490968
single_out,m3_k320_cap0.75-1.35,3.0,320.0,0.75-1.35,9474,7231,OREB,0.909757571903923,-0.0010525898179174005,1.0000956896631183
single_out,m3_k320_cap0.75-1.35,3.0,320.0,0.75-1.35,9474,7231,POOLED,,,0.9999237437970971
single_out,m3_k320_cap0.85-1.20,3.0,320.0,0.85-1.20,9474,7231,PTS,5.464446543626171,-0.4506912298929502,0.9997083518299034
single_out,m3_k320_cap0.85-1.20,3.0,320.0,0.85-1.20,9474,7231,AST,1.6498808541453922,-0.16081253866457174,0.9997430256336425
single_out,m3_k320_cap0.85-1.20,3.0,320.0,0.85-1.20,9474,7231,REB,2.0626226108225016,-0.0635009547657916,0.9999249567514853
single_out,m3_k320_cap0.85-1.20,3.0,320.0,0.85-1.20,9474,7231,STL,0.8189334385729491,-0.015242696113416512,0.9999617017643673
single_out,m3_k320_cap0.85-1.20,3.0,320.0,0.85-1.20,9474,7231,BLK,0.5908786922441084,-0.005194287096945151,0.9999943335461753
single_out,m3_k320_cap0.85-1.20,3.0,320.0,0.85-1.20,9474,7231,FG3M,1.0957798898713542,-0.06155792650074397,1.0000890789826424
single_out,m3_k320_cap0.85-1.20,3.0,320.0,0.85-1.20,9474,7231,TOV,1.0723277430963198,0.014391583866734368,0.9999577197534418
single_out,m3_k320_cap0.85-1.20,3.0,320.0,0.85-1.20,9474,7231,FG3A,1.7657162779862845,-0.12212383465743741,0.9998388362490968
single_out,m3_k320_cap0.85-1.20,3.0,320.0,0.85-1.20,9474,7231,OREB,0.909757571903923,-0.0010525898179174005,1.0000956896631183
single_out,m3_k320_cap0.85-1.20,3.0,320.0,0.85-1.20,9474,7231,POOLED,,,0.9999237437970971
single_out,m5_k0_capnone,5.0,0.0,none,9474,6011,PTS,5.580391741339852,0.07597933953281132,1.0209202680932508
single_out,m5_k0_capnone,5.0,0.0,none,9474,6011,AST,1.6776577015636422,-0.03538614790139844,1.0165743679761594
single_out,m5_k0_capnone,5.0,0.0,none,9474,6011,REB,2.108259737196585,0.04108999886036063,1.0220490726107943
single_out,m5_k0_capnone,5.0,0.0,none,9474,6011,STL,0.8390482246645231,0.005172977451547807,1.0245229356612353
single_out,m5_k0_capnone,5.0,0.0,none,9474,6011,BLK,0.5976751302976818,0.004483107862219497,1.0114965244883785
single_out,m5_k0_capnone,5.0,0.0,none,9474,6011,FG3M,1.1221015105573395,-0.004527838679420405,1.024112120135796
single_out,m5_k0_capnone,5.0,0.0,none,9474,6011,TOV,1.0931821574372875,0.04959796995966176,1.0194046964314614
single_out,m5_k0_capnone,5.0,0.0,none,9474,6011,FG3A,1.8026876349865046,0.03667705848414866,1.0207739088983716
single_out,m5_k0_capnone,5.0,0.0,none,9474,6011,OREB,0.9297205451056193,0.02402235285531217,1.0220409683488398
single_out,m5_k0_capnone,5.0,0.0,none,9474,6011,POOLED,,,1.0202105402938098
single_out,m5_k0_cap0.75-1.35,5.0,0.0,0.75-1.35,9474,6011,PTS,5.563987451494189,0.04601658473411171,1.0179191397203
single_out,m5_k0_cap0.75-1.35,5.0,0.0,0.75-1.35,9474,6011,AST,1.6711069989023213,-0.04902434247448587,1.0126049787428697
single_out,m5_k0_cap0.75-1.35,5.0,0.0,0.75-1.35,9474,6011,REB,2.1020298044807544,0.035092894830380944,1.0190289053883679
single_out,m5_k0_cap0.75-1.35,5.0,0.0,0.75-1.35,9474,6011,STL,0.8298084488493092,0.004069139598088401,1.013240673253923
single_out,m5_k0_cap0.75-1.35,5.0,0.0,0.75-1.35,9474,6011,BLK,0.5948399447678967,0.003778902086444052,1.0066982985554556
single_out,m5_k0_cap0.75-1.35,5.0,0.0,0.75-1.35,9474,6011,FG3M,1.1138545769367638,-0.012185894381547484,1.0165853637814692
single_out,m5_k0_cap0.75-1.35,5.0,0.0,0.75-1.35,9474,6011,TOV,1.0860982534216228,0.04506064766382124,1.012798876007565
single_out,m5_k0_cap0.75-1.35,5.0,0.0,0.75-1.35,9474,6011,FG3A,1.7969261051021639,0.03089300081305139,1.0175114360954685
single_out,m5_k0_cap0.75-1.35,5.0,0.0,0.75-1.35,9474,6011,OREB,0.9227146522104324,0.02049906479066752,1.014339396520144
single_out,m5_k0_cap0.75-1.35,5.0,0.0,0.75-1.35,9474,6011,POOLED,,,1.0145252297850627
single_out,m5_k0_cap0.85-1.20,5.0,0.0,0.85-1.20,9474,6011,PTS,5.532498604238153,-0.029788432696192663,1.0121583250906696
single_out,m5_k0_cap0.85-1.20,5.0,0.0,0.85-1.20,9474,6011,AST,1.6619735045229043,-0.07532105056467388,1.0070705504339748
single_out,m5_k0_cap0.85-1.20,5.0,0.0,0.85-1.20,9474,6011,REB,2.09015134387071,0.017431454642273907,1.0132704262805314
single_out,m5_k0_cap0.85-1.20,5.0,0.0,0.85-1.20,9474,6011,STL,0.8244731351686042,-0.0008088434332045746,1.0067259687659718
single_out,m5_k0_cap0.85-1.20,5.0,0.0,0.85-1.20,9474,6011,BLK,0.5928510172565354,0.001201092270969055,1.0033322671393596
single_out,m5_k0_cap0.85-1.20,5.0,0.0,0.85-1.20,9474,6011,FG3M,1.1065150676294662,-0.02446382974920348,1.0098867893951646
single_out,m5_k0_cap0.85-1.20,5.0,0.0,0.85-1.20,9474,6011,TOV,1.0796785853601654,0.03820366389635276,1.0068124631056914
single_out,m5_k0_cap0.85-1.20,5.0,0.0,0.85-1.20,9474,6011,FG3A,1.786477930486292,0.009123934622369214,1.0115951454211962
single_out,m5_k0_cap0.85-1.20,5.0,0.0,0.85-1.20,9474,6011,OREB,0.916767253584804,0.014961788609262222,1.007801426500558
single_out,m5_k0_cap0.85-1.20,5.0,0.0,0.85-1.20,9474,6011,POOLED,,,1.0087392624592355
single_out,m5_k3_capnone,5.0,3.0,none,9474,6011,PTS,5.519570134985352,-0.050842128980878726,1.0097930903710661
single_out,m5_k3_capnone,5.0,3.0,none,9474,6011,AST,1.661639441067403,-0.06554000055145262,1.006868125144344
single_out,m5_k3_capnone,5.0,3.0,none,9474,6011,REB,2.0865857714183766,0.015665841065831448,1.0115418963684248
single_out,m5_k3_capnone,5.0,3.0,none,9474,6011,STL,0.830086361657725,0.00022738182363645618,1.0135800197157427
single_out,m5_k3_capnone,5.0,3.0,none,9474,6011,BLK,0.5945652775929058,0.002051250932844408,1.0062334559029664
single_out,m5_k3_capnone,5.0,3.0,none,9474,6011,FG3M,1.1112422219937999,-0.018165475401075673,1.0142011371014272
single_out,m5_k3_capnone,5.0,3.0,none,9474,6011,TOV,1.0835417475311389,0.04110143010366177,1.0104149054190554
single_out,m5_k3_capnone,5.0,3.0,none,9474,6011,FG3A,1.7839866485703477,-0.0004367616478173979,1.0101844542231477
single_out,m5_k3_capnone,5.0,3.0,none,9474,6011,OREB,0.9216010824178957,0.018179891757440014,1.0131152502376082
single_out,m5_k3_capnone,5.0,3.0,none,9474,6011,POOLED,,,1.0106591482759761
single_out,m5_k3_cap0.75-1.35,5.0,3.0,0.75-1.35,9474,6011,PTS,5.516039978194288,-0.058893354987121914,1.0091472560310064
single_out,m5_k3_cap0.75-1.35,5.0,3.0,0.75-1.35,9474,6011,AST,1.6610167816867492,-0.06990591577614719,1.006490825552322
single_out,m5_k3_cap0.75-1.35,5.0,3.0,0.75-1.35,9474,6011,REB,2.0858810838084016,0.014557997364804445,1.011200275596777
single_out,m5_k3_cap0.75-1.35,5.0,3.0,0.75-1.35,9474,6011,STL,0.8272826246598796,0.0003001156662264964,1.0101565062925386
single_out,m5_k3_cap0.75-1.35,5.0,3.0,0.75-1.35,9474,6011,BLK,0.5938601498449424,0.002054521328812243,1.0050401081623135
single_out,m5_k3_cap0.75-1.35,5.0,3.0,0.75-1.35,9474,6011,FG3M,1.108739192063837,-0.020698568861341925,1.0119166884448487
single_out,m5_k3_cap0.75-1.35,5.0,3.0,0.75-1.35,9474,6011,TOV,1.081754870990548,0.03880778042475309,1.008748622883223
single_out,m5_k3_cap0.75-1.35,5.0,3.0,0.75-1.35,9474,6011,FG3A,1.7827849005280108,-0.0014607261161885296,1.0095039630371656
single_out,m5_k3_cap0.75-1.35,5.0,3.0,0.75-1.35,9474,6011,OREB,0.9195822319515334,0.016627897287317946,1.0108959297154851
single_out,m5_k3_cap0.75-1.35,5.0,3.0,0.75-1.35,9474,6011,POOLED,,,1.0092333528572979
single_out,m5_k3_cap0.85-1.20,5.0,3.0,0.85-1.20,9474,6011,PTS,5.5061104552049756,-0.0946672176927269,1.0073306718659216
single_out,m5_k3_cap0.85-1.20,5.0,3.0,0.85-1.20,9474,6011,AST,1.658178726229031,-0.084806697867499,1.0047711097661267
single_out,m5_k3_cap0.85-1.20,5.0,3.0,0.85-1.20,9474,6011,REB,2.0819163891183705,0.0053978170054267485,1.009278257896757
single_out,m5_k3_cap0.85-1.20,5.0,3.0,0.85-1.20,9474,6011,STL,0.8237710263665966,-0.0025137253041251145,1.0058686562184433
single_out,m5_k3_cap0.85-1.20,5.0,3.0,0.85-1.20,9474,6011,BLK,0.5924828675646576,0.00048463408006793135,1.0027092160620288
single_out,m5_k3_cap0.85-1.20,5.0,3.0,0.85-1.20,9474,6011,FG3M,1.1046804198773568,-0.02844615826387144,1.0082123553253077
single_out,m5_k3_cap0.85-1.20,5.0,3.0,0.85-1.20,9474,6011,TOV,1.0783559329538257,0.03505169164371702,1.0055790748129938
single_out,m5_k3_cap0.85-1.20,5.0,3.0,0.85-1.20,9474,6011,FG3A,1.7794352572969578,-0.01044316728048625,1.007607223775179
single_out,m5_k3_cap0.85-1.20,5.0,3.0,0.85-1.20,9474,6011,OREB,0.915846698207181,0.013151188313777238,1.0067894607926713
single_out,m5_k3_cap0.85-1.20,5.0,3.0,0.85-1.20,9474,6011,POOLED,,,1.0064606696128255
single_out,m5_k5_capnone,5.0,5.0,none,9474,6011,PTS,5.501831499015239,-0.10417754167374113,1.0065478463398887
single_out,m5_k5_capnone,5.0,5.0,none,9474,6011,AST,1.6573831896180884,-0.07820557893734414,1.004289055455097
single_out,m5_k5_capnone,5.0,5.0,none,9474,6011,REB,2.0801855227622053,0.004920451012350908,1.0084391628256324
single_out,m5_k5_capnone,5.0,5.0,none,9474,6011,STL,0.8271474410877141,-0.0018734671872339967,1.0099914398921377
single_out,m5_k5_capnone,5.0,5.0,none,9474,6011,BLK,0.5936680947699061,0.0010417672097476525,1.0047150770023037
single_out,m5_k5_capnone,5.0,5.0,none,9474,6011,FG3M,1.107633091208992,-0.023922247032767276,1.010907179696414
single_out,m5_k5_capnone,5.0,5.0,none,9474,6011,TOV,1.080603529044875,0.03752173620742249,1.0076749835280316
single_out,m5_k5_capnone,5.0,5.0,none,9474,6011,FG3A,1.7785526565740806,-0.01627853119877973,1.0071074501192208
single_out,m5_k5_capnone,5.0,5.0,none,9474,6011,OREB,0.9188421750830836,0.015673601060013687,1.0100823858581987
single_out,m5_k5_capnone,5.0,5.0,none,9474,6011,POOLED,,,1.0077505089685472
single_out,m5_k5_cap0.75-1.35,5.0,5.0,0.75-1.35,9474,6011,PTS,5.500231802188949,-0.10778989149196712,1.0062551853604336
single_out,m5_k5_cap0.75-1.35,5.0,5.0,0.75-1.35,9474,6011,AST,1.6573594662828197,-0.08023190197502258,1.004274680332845
single_out,m5_k5_cap0.75-1.35,5.0,5.0,0.75-1.35,9474,6011,REB,2.080053774956866,0.004437927502686428,1.008375293692295
single_out,m5_k5_cap0.75-1.35,5.0,5.0,0.75-1.35,9474,6011,STL,0.8257529769163966,-0.0017274144182642395,1.0082887242621226
single_out,m5_k5_cap0.75-1.35,5.0,5.0,0.75-1.35,9474,6011,BLK,0.5933430232116333,0.001204178267058951,1.0041649307192566
single_out,m5_k5_cap0.75-1.35,5.0,5.0,0.75-1.35,9474,6011,FG3M,1.1064187583628273,-0.025100441444241207,1.009798890496252
single_out,m5_k5_cap0.75-1.35,5.0,5.0,0.75-1.35,9474,6011,TOV,1.0796830722948436,0.03588049740141664,1.0068166472229059
single_out,m5_k5_cap0.75-1.35,5.0,5.0,0.75-1.35,9474,6011,FG3A,1.777850738509097,-0.016736597870905427,1.0067099882223207
single_out,m5_k5_cap0.75-1.35,5.0,5.0,0.75-1.35,9474,6011,OREB,0.9178968627310726,0.014705075779128832,1.009043204830386
single_out,m5_k5_cap0.75-1.35,5.0,5.0,0.75-1.35,9474,6011,POOLED,,,1.0070808383487575
single_out,m5_k5_cap0.85-1.20,5.0,5.0,0.85-1.20,9474,6011,PTS,5.494936462375963,-0.1307271276648622,1.005286414709178
single_out,m5_k5_cap0.85-1.20,5.0,5.0,0.85-1.20,9474,6011,AST,1.656428163304647,-0.09086870644684579,1.0037103585790403
single_out,m5_k5_cap0.85-1.20,5.0,5.0,0.85-1.20,9474,6011,REB,2.078056372396072,-0.0008923585885465293,1.0074069863253834
single_out,m5_k5_cap0.85-1.20,5.0,5.0,0.85-1.20,9474,6011,STL,0.8233365014836276,-0.0035991714207285765,1.0053380780041872
single_out,m5_k5_cap0.85-1.20,5.0,5.0,0.85-1.20,9474,6011,BLK,0.5922870939434494,5.75075401876208e-05,1.0023778916896393
single_out,m5_k5_cap0.85-1.20,5.0,5.0,0.85-1.20,9474,6011,FG3M,1.103544151107962,-0.03070242801871536,1.0071753131258983
single_out,m5_k5_cap0.85-1.20,5.0,5.0,0.85-1.20,9474,6011,TOV,1.077572070887597,0.03328879406393672,1.004848114591743
single_out,m5_k5_cap0.85-1.20,5.0,5.0,0.85-1.20,9474,6011,FG3A,1.7760681040351285,-0.02129425075753405,1.0057005694384928
single_out,m5_k5_cap0.85-1.20,5.0,5.0,0.85-1.20,9474,6011,OREB,0.9153131605713295,0.012126850439803407,1.0062029433441038
single_out,m5_k5_cap0.85-1.20,5.0,5.0,0.85-1.20,9474,6011,POOLED,,,1.0053385188675183
single_out,m5_k10_capnone,5.0,10.0,none,9474,6011,PTS,5.480903100333443,-0.189678824037465,1.0027190423090355
single_out,m5_k10_capnone,5.0,10.0,none,9474,6011,AST,1.6528476518004653,-0.09851078974523231,1.001540752576575
single_out,m5_k10_capnone,5.0,10.0,none,9474,6011,REB,2.07212084594778,-0.012301723376432816,1.004529542339283
single_out,m5_k10_capnone,5.0,10.0,none,9474,6011,STL,0.8234007565183875,-0.005248382627287047,1.005416536851853
single_out,m5_k10_capnone,5.0,10.0,none,9474,6011,BLK,0.5924900934933961,-0.0005596562118006907,1.0027214451166349
single_out,m5_k10_capnone,5.0,10.0,none,9474,6011,FG3M,1.1027641878302985,-0.033172847785880366,1.006463461445457
single_out,m5_k10_capnone,5.0,10.0,none,9474,6011,TOV,1.076956860001134,0.03178363633028425,1.0042744234985528
single_out,m5_k10_capnone,5.0,10.0,none,9474,6011,FG3A,1.7721748348416277,-0.0419431550292929,1.00349600136141
single_out,m5_k10_capnone,5.0,10.0,none,9474,6011,OREB,0.9153112606536542,0.011603151445802751,1.006200854766293
single_out,m5_k10_capnone,5.0,10.0,none,9474,6011,POOLED,,,1.004151340029455
single_out,m5_k10_cap0.75-1.35,5.0,10.0,0.75-1.35,9474,6011,PTS,5.480590990849048,-0.19035932090694463,1.0026619425724486
single_out,m5_k10_cap0.75-1.35,5.0,10.0,0.75-1.35,9474,6011,AST,1.6527907138848474,-0.09868366549901979,1.0015062511252186
single_out,m5_k10_cap0.75-1.35,5.0,10.0,0.75-1.35,9474,6011,REB,2.072152069587281,-0.012318544128915594,1.0045446790376853
single_out,m5_k10_cap0.75-1.35,5.0,10.0,0.75-1.35,9474,6011,STL,0.8232033214663841,-0.005177987403942854,1.0051754580519285
single_out,m5_k10_cap0.75-1.35,5.0,10.0,0.75-1.35,9474,6011,BLK,0.592485057626184,-0.0002656978309626905,1.002712922489668
single_out,m5_k10_cap0.75-1.35,5.0,10.0,0.75-1.35,9474,6011,FG3M,1.1025421087407168,-0.033393133365861846,1.0062607757836612
single_out,m5_k10_cap0.75-1.35,5.0,10.0,0.75-1.35,9474,6011,TOV,1.076752737120068,0.031100072639476613,1.0040840766087942
single_out,m5_k10_cap0.75-1.35,5.0,10.0,0.75-1.35,9474,6011,FG3A,1.771870092333929,-0.04215526556358488,1.0033234405723115
single_out,m5_k10_cap0.75-1.35,5.0,10.0,0.75-1.35,9474,6011,OREB,0.9151009781868721,0.011221452067016469,1.0059696914375829
single_out,m5_k10_cap0.75-1.35,5.0,10.0,0.75-1.35,9474,6011,POOLED,,,1.0040265819643663
single_out,m5_k10_cap0.85-1.20,5.0,10.0,0.85-1.20,9474,6011,PTS,5.479250450533991,-0.19749878867745416,1.0024166937008148
single_out,m5_k10_cap0.85-1.20,5.0,10.0,0.85-1.20,9474,6011,AST,1.6529890524758226,-0.10361837445947966,1.0016264341205805
single_out,m5_k10_cap0.85-1.20,5.0,10.0,0.85-1.20,9474,6011,REB,2.071888638313908,-0.013666728204047822,1.0044169719606602
single_out,m5_k10_cap0.85-1.20,5.0,10.0,0.85-1.20,9474,6011,STL,0.8222168489782076,-0.005805720975763463,1.0039709221744588
single_out,m5_k10_cap0.85-1.20,5.0,10.0,0.85-1.20,9474,6011,BLK,0.5919094254207149,-0.0009011920501214263,1.0017387310841708
single_out,m5_k10_cap0.85-1.20,5.0,10.0,0.85-1.20,9474,6011,FG3M,1.1013103499123726,-0.035715281908964155,1.0051365823543474
single_out,m5_k10_cap0.85-1.20,5.0,10.0,0.85-1.20,9474,6011,TOV,1.0758333882439923,0.02955468497140668,1.0032267734086324
single_out,m5_k10_cap0.85-1.20,5.0,10.0,0.85-1.20,9474,6011,FG3A,1.7713348166970213,-0.042948025141818495,1.0030203401384816
single_out,m5_k10_cap0.85-1.20,5.0,10.0,0.85-1.20,9474,6011,OREB,0.9140447152581206,0.009939083720163515,1.004808542539438
single_out,m5_k10_cap0.85-1.20,5.0,10.0,0.85-1.20,9474,6011,POOLED,,,1.003373554609065
single_out,m5_k20_capnone,5.0,20.0,none,9474,6011,PTS,5.469092812944399,-0.2765806434274051,1.000558376476535
single_out,m5_k20_capnone,5.0,20.0,none,9474,6011,AST,1.6503291034556742,-0.1191674850781379,1.000014641684325
single_out,m5_k20_capnone,5.0,20.0,none,9474,6011,REB,2.0666626173208815,-0.029702603664479584,1.001883484357055
single_out,m5_k20_capnone,5.0,20.0,none,9474,6011,STL,0.8209139904465361,-0.00865974331950038,1.0023800619492875
single_out,m5_k20_capnone,5.0,20.0,none,9474,6011,BLK,0.5915691323847282,-0.0021594735505942515,1.0011628241980388
single_out,m5_k20_capnone,5.0,20.0,none,9474,6011,FG3M,1.0991899107840133,-0.04259889959825049,1.0032013141179787
single_out,m5_k20_capnone,5.0,20.0,none,9474,6011,TOV,1.0743624696512837,0.025962577132315492,1.001855125224225
single_out,m5_k20_capnone,5.0,20.0,none,9474,6011,FG3A,1.7678836966523221,-0.06833697145499826,1.0010661395161806
single_out,m5_k20_capnone,5.0,20.0,none,9474,6011,OREB,0.9126702495569768,0.007414528169690579,1.003297593616609
single_out,m5_k20_capnone,5.0,20.0,none,9474,6011,POOLED,,,1.0017132845711372
single_out,m5_k20_cap0.75-1.35,5.0,20.0,0.75-1.35,9474,6011,PTS,5.469092812944399,-0.2765806434274051,1.000558376476535
single_out,m5_k20_cap0.75-1.35,5.0,20.0,0.75-1.35,9474,6011,AST,1.6503251044556297,-0.11916348607809348,1.0000122184957692
single_out,m5_k20_cap0.75-1.35,5.0,20.0,0.75-1.35,9474,6011,REB,2.0666626173208815,-0.029702603664479584,1.001883484357055
single_out,m5_k20_cap0.75-1.35,5.0,20.0,0.75-1.35,9474,6011,STL,0.8209009147647809,-0.008640407005897249,1.0023640958397555
single_out,m5_k20_cap0.75-1.35,5.0,20.0,0.75-1.35,9474,6011,BLK,0.5915967803269253,-0.0021163436384090562,1.0012096151652785
single_out,m5_k20_cap0.75-1.35,5.0,20.0,0.75-1.35,9474,6011,FG3M,1.0991615495997966,-0.04262527876953144,1.0031754296215902
single_out,m5_k20_cap0.75-1.35,5.0,20.0,0.75-1.35,9474,6011,TOV,1.0743374545494235,0.02592695920580347,1.0018317983594893
single_out,m5_k20_cap0.75-1.35,5.0,20.0,0.75-1.35,9474,6011,FG3A,1.7678092444405538,-0.06841717724751312,1.0010239808671955
single_out,m5_k20_cap0.75-1.35,5.0,20.0,0.75-1.35,9474,6011,OREB,0.9126525521463776,0.007365354824685168,1.0032781388688772
single_out,m5_k20_cap0.75-1.35,5.0,20.0,0.75-1.35,9474,6011,POOLED,,,1.0017041264501718
single_out,m5_k20_cap0.85-1.20,5.0,20.0,0.85-1.20,9474,6011,PTS,5.468742511829502,-0.277725499802145,1.0004942896660187
single_out,m5_k20_cap0.85-1.20,5.0,20.0,0.85-1.20,9474,6011,AST,1.65018157751661,-0.11981808636274476,0.9999252485452331
single_out,m5_k20_cap0.85-1.20,5.0,20.0,0.85-1.20,9474,6011,REB,2.066699379594501,-0.0298004070921829,1.0019013060926776
single_out,m5_k20_cap0.85-1.20,5.0,20.0,0.85-1.20,9474,6011,STL,0.8207211309779346,-0.008765983728069129,1.0021445701823863
single_out,m5_k20_cap0.85-1.20,5.0,20.0,0.85-1.20,9474,6011,BLK,0.5914816976688202,-0.002067540689042464,1.0010148509818595
single_out,m5_k20_cap0.85-1.20,5.0,20.0,0.85-1.20,9474,6011,FG3M,1.0989374395010798,-0.042981980345440665,1.0029708903119277
single_out,m5_k20_cap0.85-1.20,5.0,20.0,0.85-1.20,9474,6011,TOV,1.0740940844576121,0.025103091402715497,1.0016048530028754
single_out,m5_k20_cap0.85-1.20,5.0,20.0,0.85-1.20,9474,6011,FG3A,1.7675871723142356,-0.06850138940713489,1.000898232274905
single_out,m5_k20_cap0.85-1.20,5.0,20.0,0.85-1.20,9474,6011,OREB,0.9123782686726082,0.00690443066591064,1.002976619290108
single_out,m5_k20_cap0.85-1.20,5.0,20.0,0.85-1.20,9474,6011,POOLED,,,1.001547873371999
single_out,m5_k40_capnone,5.0,40.0,none,9474,6011,PTS,5.464321268265894,-0.3496922218519529,0.9996854329811329
single_out,m5_k40_capnone,5.0,40.0,none,9474,6011,AST,1.6494956643307725,-0.13657222327913093,0.9995096203972925
single_out,m5_k40_capnone,5.0,40.0,none,9474,6011,REB,2.064095729233014,-0.04414468848972813,1.0006390999278436
single_out,m5_k40_capnone,5.0,40.0,none,9474,6011,STL,0.8196243208351949,-0.01148372888329566,1.0008053061040287
single_out,m5_k40_capnone,5.0,40.0,none,9474,6011,BLK,0.5910912513430424,-0.0034711216087307453,1.0003540654120688
single_out,m5_k40_capnone,5.0,40.0,none,9474,6011,FG3M,1.0971217225255012,-0.050547686823014824,1.0013137338568912
single_out,m5_k40_capnone,5.0,40.0,none,9474,6011,TOV,1.0730235669567587,0.02108574176322375,1.0006065833544389
single_out,m5_k40_capnone,5.0,40.0,none,9474,6011,FG3A,1.7660814238864098,-0.09075406890928907,1.000045600527364
single_out,m5_k40_capnone,5.0,40.0,none,9474,6011,OREB,0.9110404614891876,0.0038692236784616057,1.0015059690432084
single_out,m5_k40_capnone,5.0,40.0,none,9474,6011,POOLED,,,1.0004961568449187
single_out,m5_k40_cap0.75-1.35,5.0,40.0,0.75-1.35,9474,6011,PTS,5.464321268265894,-0.3496922218519529,0.9996854329811329
single_out,m5_k40_cap0.75-1.35,5.0,40.0,0.75-1.35,9474,6011,AST,1.6494956643307725,-0.13657222327913093,0.9995096203972925
single_out,m5_k40_cap0.75-1.35,5.0,40.0,0.75-1.35,9474,6011,REB,2.064095729233014,-0.04414468848972813,1.0006390999278436
single_out,m5_k40_cap0.75-1.35,5.0,40.0,0.75-1.35,9474,6011,STL,0.8196233633991495,-0.01148277144725031,1.0008041370232073
single_out,m5_k40_cap0.75-1.35,5.0,40.0,0.75-1.35,9474,6011,BLK,0.5910924737307041,-0.0034802146584104773,1.0003561341628142
single_out,m5_k40_cap0.75-1.35,5.0,40.0,0.75-1.35,9474,6011,FG3M,1.097120060348504,-0.0505510487443272,1.0013122168322792
single_out,m5_k40_cap0.75-1.35,5.0,40.0,0.75-1.35,9474,6011,TOV,1.0730235669567587,0.02108574176322375,1.0006065833544389
single_out,m5_k40_cap0.75-1.35,5.0,40.0,0.75-1.35,9474,6011,FG3A,1.7660625992053818,-0.09076909826519017,1.000034941030475
single_out,m5_k40_cap0.75-1.35,5.0,40.0,0.75-1.35,9474,6011,OREB,0.9110433341866518,0.003872096375925849,1.0015091269969758
single_out,m5_k40_cap0.75-1.35,5.0,40.0,0.75-1.35,9474,6011,POOLED,,,1.0004952547451622
single_out,m5_k40_cap0.85-1.20,5.0,40.0,0.85-1.20,9474,6011,PTS,5.464321038552552,-0.34969199213861146,0.9996853909555875
single_out,m5_k40_cap0.85-1.20,5.0,40.0,0.85-1.20,9474,6011,AST,1.649468890783013,-0.13654624438201898,0.999493397002993
single_out,m5_k40_cap0.85-1.20,5.0,40.0,0.85-1.20,9474,6011,REB,2.064095729233014,-0.04414468848972813,1.0006390999278436
single_out,m5_k40_cap0.85-1.20,5.0,40.0,0.85-1.20,9474,6011,STL,0.8196044220970846,-0.011475006154401092,1.000781008676318
single_out,m5_k40_cap0.85-1.20,5.0,40.0,0.85-1.20,9474,6011,BLK,0.591117450306827,-0.0034339602419461005,1.0003984041497376
single_out,m5_k40_cap0.85-1.20,5.0,40.0,0.85-1.20,9474,6011,FG3M,1.0971081261539501,-0.05056845278557635,1.001301324811217
single_out,m5_k40_cap0.85-1.20,5.0,40.0,0.85-1.20,9474,6011,TOV,1.0730067363332023,0.02101996181060092,1.0005908886080688
single_out,m5_k40_cap0.85-1.20,5.0,40.0,0.85-1.20,9474,6011,FG3A,1.7660305725857137,-0.09080984588022727,1.0000168059209236
single_out,m5_k40_cap0.85-1.20,5.0,40.0,0.85-1.20,9474,6011,OREB,0.9110228822949583,0.003826057068345275,1.001486644250627
single_out,m5_k40_cap0.85-1.20,5.0,40.0,0.85-1.20,9474,6011,POOLED,,,1.0004881071448128
single_out,m5_k80_capnone,5.0,80.0,none,9474,6011,PTS,5.463135984028346,-0.40169116598371596,0.9994685878638627
single_out,m5_k80_capnone,5.0,80.0,none,9474,6011,AST,1.6495560015230593,-0.14897239555607858,0.999546181635653
single_out,m5_k80_capnone,5.0,80.0,none,9474,6011,REB,2.062992811583286,-0.05421965415991377,1.0001044238909291
single_out,m5_k80_capnone,5.0,80.0,none,9474,6011,STL,0.8191408393526333,-0.013446139949675119,1.0002149492529075
single_out,m5_k80_capnone,5.0,80.0,none,9474,6011,BLK,0.5908828915197833,-0.00437354330880529,1.0000014403380348
single_out,m5_k80_capnone,5.0,80.0,none,9474,6011,FG3M,1.0961982602728964,-0.056215014023397854,1.0004709144894073
single_out,m5_k80_capnone,5.0,80.0,none,9474,6011,TOV,1.0725411922134387,0.017637907021927662,1.0001567634635498
single_out,m5_k80_capnone,5.0,80.0,none,9474,6011,FG3A,1.7656274491574007,-0.10680592545040901,0.9997885368244361
single_out,m5_k80_capnone,5.0,80.0,none,9474,6011,OREB,0.9102650513544309,0.001348973091658156,1.0006535613717138
single_out,m5_k80_capnone,5.0,80.0,none,9474,6011,POOLED,,,1.000045039903388
single_out,m5_k80_cap0.75-1.35,5.0,80.0,0.75-1.35,9474,6011,PTS,5.463135984028346,-0.40169116598371596,0.9994685878638627
single_out,m5_k80_cap0.75-1.35,5.0,80.0,0.75-1.35,9474,6011,AST,1.6495560015230593,-0.14897239555607858,0.999546181635653
single_out,m5_k80_cap0.75-1.35,5.0,80.0,0.75-1.35,9474,6011,REB,2.062992811583286,-0.05421965415991377,1.0001044238909291
single_out,m5_k80_cap0.75-1.35,5.0,80.0,0.75-1.35,9474,6011,STL,0.8191408393526333,-0.013446139949675119,1.0002149492529075
single_out,m5_k80_cap0.75-1.35,5.0,80.0,0.75-1.35,9474,6011,BLK,0.5908833389779338,-0.0043740003642813875,1.0000021976095708
single_out,m5_k80_cap0.75-1.35,5.0,80.0,0.75-1.35,9474,6011,FG3M,1.0961974488628463,-0.056215825433447913,1.0004701739370965
single_out,m5_k80_cap0.75-1.35,5.0,80.0,0.75-1.35,9474,6011,TOV,1.0725411922134387,0.017637907021927662,1.0001567634635498
single_out,m5_k80_cap0.75-1.35,5.0,80.0,0.75-1.35,9474,6011,FG3A,1.7656275962539152,-0.106804431446036,0.9997886201180035
single_out,m5_k80_cap0.75-1.35,5.0,80.0,0.75-1.35,9474,6011,OREB,0.9102650513544309,0.001348973091658156,1.0006535613717138
single_out,m5_k80_cap0.75-1.35,5.0,80.0,0.75-1.35,9474,6011,POOLED,,,1.0000450510159207
single_out,m5_k80_cap0.85-1.20,5.0,80.0,0.85-1.20,9474,6011,PTS,5.463135984028346,-0.40169116598371596,0.9994685878638627
single_out,m5_k80_cap0.85-1.20,5.0,80.0,0.85-1.20,9474,6011,AST,1.6495560015230593,-0.14897239555607858,0.999546181635653
single_out,m5_k80_cap0.85-1.20,5.0,80.0,0.85-1.20,9474,6011,REB,2.062992811583286,-0.05421965415991377,1.0001044238909291
single_out,m5_k80_cap0.85-1.20,5.0,80.0,0.85-1.20,9474,6011,STL,0.8191401115009906,-0.013445412098032595,1.0002140605069694
single_out,m5_k80_cap0.85-1.20,5.0,80.0,0.85-1.20,9474,6011,BLK,0.5908864138375998,-0.004375880415039764,1.0000074014564566
single_out,m5_k80_cap0.85-1.20,5.0,80.0,0.85-1.20,9474,6011,FG3M,1.0961978237232854,-0.05621734149504397,1.000470516062221
single_out,m5_k80_cap0.85-1.20,5.0,80.0,0.85-1.20,9474,6011,TOV,1.0725411922134387,0.017637907021927662,1.0001567634635498
single_out,m5_k80_cap0.85-1.20,5.0,80.0,0.85-1.20,9474,6011,FG3A,1.765617928504583,-0.1068121560957277,0.9997831457440274
single_out,m5_k80_cap0.85-1.20,5.0,80.0,0.85-1.20,9474,6011,OREB,0.9102676969845137,0.001351618721741078,1.0006564697105107
single_out,m5_k80_cap0.85-1.20,5.0,80.0,0.85-1.20,9474,6011,POOLED,,,1.0000452833704645
single_out,m5_k160_capnone,5.0,160.0,none,9474,6011,PTS,5.463774512918824,-0.4340761491841174,0.9995854053054094
single_out,m5_k160_capnone,5.0,160.0,none,9474,6011,AST,1.6498017661840023,-0.1567100233386925,0.9996951023926324
single_out,m5_k160_capnone,5.0,160.0,none,9474,6011,REB,2.0627486519565204,-0.060368399464319045,0.9999860593859766
single_out,m5_k160_capnone,5.0,160.0,none,9474,6011,STL,0.8189979273804305,-0.014640359447361525,1.0000404460610788
single_out,m5_k160_capnone,5.0,160.0,none,9474,6011,BLK,0.5908489060592017,-0.004916827862899575,0.9999439238486932
single_out,m5_k160_capnone,5.0,160.0,none,9474,6011,FG3M,1.0958636141110965,-0.05975380387181395,1.0001654918631726
single_out,m5_k160_capnone,5.0,160.0,none,9474,6011,TOV,1.0724037878293544,0.015504610946210886,1.0000286323250265
single_out,m5_k160_capnone,5.0,160.0,none,9474,6011,FG3A,1.7656521760295678,-0.11685113060757729,0.9998025384437222
single_out,m5_k160_capnone,5.0,160.0,none,9474,6011,OREB,0.9099483162024331,-0.00021460894360303363,1.0003053747008241
single_out,m5_k160_capnone,5.0,160.0,none,9474,6011,POOLED,,,0.9999503304807262
single_out,m5_k160_cap0.75-1.35,5.0,160.0,0.75-1.35,9474,6011,PTS,5.463774512918824,-0.4340761491841174,0.9995854053054094
single_out,m5_k160_cap0.75-1.35,5.0,160.0,0.75-1.35,9474,6011,AST,1.6498017661840023,-0.1567100233386925,0.9996951023926324
single_out,m5_k160_cap0.75-1.35,5.0,160.0,0.75-1.35,9474,6011,REB,2.0627486519565204,-0.060368399464319045,0.9999860593859766
single_out,m5_k160_cap0.75-1.35,5.0,160.0,0.75-1.35,9474,6011,STL,0.8189979273804305,-0.014640359447361525,1.0000404460610788
single_out,m5_k160_cap0.75-1.35,5.0,160.0,0.75-1.35,9474,6011,BLK,0.5908489060592017,-0.004916827862899575,0.9999439238486932
single_out,m5_k160_cap0.75-1.35,5.0,160.0,0.75-1.35,9474,6011,FG3M,1.0958636141110965,-0.05975380387181395,1.0001654918631726
single_out,m5_k160_cap0.75-1.35,5.0,160.0,0.75-1.35,9474,6011,TOV,1.0724037878293544,0.015504610946210886,1.0000286323250265
single_out,m5_k160_cap0.75-1.35,5.0,160.0,0.75-1.35,9474,6011,FG3A,1.7656521760295678,-0.11685113060757729,0.9998025384437222
single_out,m5_k160_cap0.75-1.35,5.0,160.0,0.75-1.35,9474,6011,OREB,0.9099483162024331,-0.00021460894360303363,1.0003053747008241
single_out,m5_k160_cap0.75-1.35,5.0,160.0,0.75-1.35,9474,6011,POOLED,,,0.9999503304807262
single_out,m5_k160_cap0.85-1.20,5.0,160.0,0.85-1.20,9474,6011,PTS,5.463774512918824,-0.4340761491841174,0.9995854053054094
single_out,m5_k160_cap0.85-1.20,5.0,160.0,0.85-1.20,9474,6011,AST,1.6498017661840023,-0.1567100233386925,0.9996951023926324
single_out,m5_k160_cap0.85-1.20,5.0,160.0,0.85-1.20,9474,6011,REB,2.0627486519565204,-0.060368399464319045,0.9999860593859766
single_out,m5_k160_cap0.85-1.20,5.0,160.0,0.85-1.20,9474,6011,STL,0.8189979273804305,-0.014640359447361525,1.0000404460610788
single_out,m5_k160_cap0.85-1.20,5.0,160.0,0.85-1.20,9474,6011,BLK,0.590849009244064,-0.004916931047761796,0.9999440984772235
single_out,m5_k160_cap0.85-1.20,5.0,160.0,0.85-1.20,9474,6011,FG3M,1.09586338202326,-0.05975403595965044,1.0001652800427945
single_out,m5_k160_cap0.85-1.20,5.0,160.0,0.85-1.20,9474,6011,TOV,1.0724037878293544,0.015504610946210886,1.0000286323250265
single_out,m5_k160_cap0.85-1.20,5.0,160.0,0.85-1.20,9474,6011,FG3A,1.765652443123825,-0.11685015837486674,0.9998026896861469
single_out,m5_k160_cap0.85-1.20,5.0,160.0,0.85-1.20,9474,6011,OREB,0.9099483162024331,-0.00021460894360303363,1.0003053747008241
single_out,m5_k160_cap0.85-1.20,5.0,160.0,0.85-1.20,9474,6011,POOLED,,,0.9999503431530126
single_out,m5_k320_capnone,5.0,320.0,none,9474,6011,PTS,5.464705721597938,-0.4524592421924506,0.9997557678638818
single_out,m5_k320_capnone,5.0,320.0,none,9474,6011,AST,1.6500251848086154,-0.16111041695869163,0.9998304825997499
single_out,m5_k320_capnone,5.0,320.0,none,9474,6011,REB,2.0627209207594763,-0.06380093922942293,0.9999726157652874
single_out,m5_k320_capnone,5.0,320.0,none,9474,6011,STL,0.8189574144566533,-0.01530620232158976,0.9999909776057737
single_out,m5_k320_capnone,5.0,320.0,none,9474,6011,BLK,0.5908604162655666,-0.0052168045846936635,0.9999634035512006
single_out,m5_k320_capnone,5.0,320.0,none,9474,6011,FG3M,1.0957569982104298,-0.061767183089132635,1.0000681863742802
single_out,m5_k320_capnone,5.0,320.0,none,9474,6011,TOV,1.0723609143631292,0.014300564314833099,0.9999886523340205
single_out,m5_k320_capnone,5.0,320.0,none,9474,6011,FG3A,1.7657676707515946,-0.12257258729950068,0.9998679374604861
single_out,m5_k320_capnone,5.0,320.0,none,9474,6011,OREB,0.9097974136084943,-0.0010986341802920305,1.0001394876135188
single_out,m5_k320_capnone,5.0,320.0,none,9474,6011,POOLED,,,0.9999530567964664
single_out,m5_k320_cap0.75-1.35,5.0,320.0,0.75-1.35,9474,6011,PTS,5.464705721597938,-0.4524592421924506,0.9997557678638818
single_out,m5_k320_cap0.75-1.35,5.0,320.0,0.75-1.35,9474,6011,AST,1.6500251848086154,-0.16111041695869163,0.9998304825997499
single_out,m5_k320_cap0.75-1.35,5.0,320.0,0.75-1.35,9474,6011,REB,2.0627209207594763,-0.06380093922942293,0.9999726157652874
single_out,m5_k320_cap0.75-1.35,5.0,320.0,0.75-1.35,9474,6011,STL,0.8189574144566533,-0.01530620232158976,0.9999909776057737
single_out,m5_k320_cap0.75-1.35,5.0,320.0,0.75-1.35,9474,6011,BLK,0.5908604162655666,-0.0052168045846936635,0.9999634035512006
single_out,m5_k320_cap0.75-1.35,5.0,320.0,0.75-1.35,9474,6011,FG3M,1.0957569982104298,-0.061767183089132635,1.0000681863742802
single_out,m5_k320_cap0.75-1.35,5.0,320.0,0.75-1.35,9474,6011,TOV,1.0723609143631292,0.014300564314833099,0.9999886523340205
single_out,m5_k320_cap0.75-1.35,5.0,320.0,0.75-1.35,9474,6011,FG3A,1.7657676707515946,-0.12257258729950068,0.9998679374604861
single_out,m5_k320_cap0.75-1.35,5.0,320.0,0.75-1.35,9474,6011,OREB,0.9097974136084943,-0.0010986341802920305,1.0001394876135188
single_out,m5_k320_cap0.75-1.35,5.0,320.0,0.75-1.35,9474,6011,POOLED,,,0.9999530567964664
single_out,m5_k320_cap0.85-1.20,5.0,320.0,0.85-1.20,9474,6011,PTS,5.464705721597938,-0.4524592421924506,0.9997557678638818
single_out,m5_k320_cap0.85-1.20,5.0,320.0,0.85-1.20,9474,6011,AST,1.6500251848086154,-0.16111041695869163,0.9998304825997499
single_out,m5_k320_cap0.85-1.20,5.0,320.0,0.85-1.20,9474,6011,REB,2.0627209207594763,-0.06380093922942293,0.9999726157652874
single_out,m5_k320_cap0.85-1.20,5.0,320.0,0.85-1.20,9474,6011,STL,0.8189574144566533,-0.01530620232158976,0.9999909776057737
single_out,m5_k320_cap0.85-1.20,5.0,320.0,0.85-1.20,9474,6011,BLK,0.5908604162655666,-0.0052168045846936635,0.9999634035512006
single_out,m5_k320_cap0.85-1.20,5.0,320.0,0.85-1.20,9474,6011,FG3M,1.0957569982104298,-0.061767183089132635,1.0000681863742802
single_out,m5_k320_cap0.85-1.20,5.0,320.0,0.85-1.20,9474,6011,TOV,1.0723609143631292,0.014300564314833099,0.9999886523340205
single_out,m5_k320_cap0.85-1.20,5.0,320.0,0.85-1.20,9474,6011,FG3A,1.7657676707515946,-0.12257258729950068,0.9998679374604861
single_out,m5_k320_cap0.85-1.20,5.0,320.0,0.85-1.20,9474,6011,OREB,0.9097974136084943,-0.0010986341802920305,1.0001394876135188
single_out,m5_k320_cap0.85-1.20,5.0,320.0,0.85-1.20,9474,6011,POOLED,,,0.9999530567964664
single_out,m8_k0_capnone,8.0,0.0,none,9474,4573,PTS,5.545545716772318,-0.08467554335583818,1.0145452653349443
single_out,m8_k0_capnone,8.0,0.0,none,9474,4573,AST,1.6646310668263806,-0.07411627471002977,1.008680896642558
single_out,m8_k0_capnone,8.0,0.0,none,9474,4573,REB,2.089681490506828,0.011427153333347035,1.013042649225197
single_out,m8_k0_capnone,8.0,0.0,none,9474,4573,STL,0.8279709961610753,-0.00026890840592900216,1.0109970448581407
single_out,m8_k0_capnone,8.0,0.0,none,9474,4573,BLK,0.5932076878184422,0.0013405823341536998,1.0039358911074112
single_out,m8_k0_capnone,8.0,0.0,none,9474,4573,FG3M,1.1103571295518595,-0.021342776162667127,1.0133933368367423
single_out,m8_k0_capnone,8.0,0.0,none,9474,4573,TOV,1.0844162170853768,0.03838665585528665,1.0112303581452198
single_out,m8_k0_capnone,8.0,0.0,none,9474,4573,FG3A,1.785499862163166,-0.006588764822526129,1.0110413131287954
single_out,m8_k0_capnone,8.0,0.0,none,9474,4573,OREB,0.9237955189221905,0.01819825558162268,1.0155275923350657
single_out,m8_k0_capnone,8.0,0.0,none,9474,4573,POOLED,,,1.0113771497348971
single_out,m8_k0_cap0.75-1.35,8.0,0.0,0.75-1.35,9474,4573,PTS,5.537044502270064,-0.09747627827102331,1.012989987033519
single_out,m8_k0_cap0.75-1.35,8.0,0.0,0.75-1.35,9474,4573,AST,1.6618959351628086,-0.08151454879175975,1.0070235473873221
single_out,m8_k0_cap0.75-1.35,8.0,0.0,0.75-1.35,9474,4573,REB,2.0875971137230387,0.008673509441073037,1.012032178209099
single_out,m8_k0_cap0.75-1.35,8.0,0.0,0.75-1.35,9474,4573,STL,0.8249910082384098,-0.0011538486442039763,1.007358319591801
single_out,m8_k0_cap0.75-1.35,8.0,0.0,0.75-1.35,9474,4573,BLK,0.5925854606791979,0.0017059134511623884,1.0028828431271908
single_out,m8_k0_cap0.75-1.35,8.0,0.0,0.75-1.35,9474,4573,FG3M,1.1069357042903532,-0.024726425209110003,1.0102706932563883
single_out,m8_k0_cap0.75-1.35,8.0,0.0,0.75-1.35,9474,4573,TOV,1.0817186454400938,0.036098262225714196,1.0087148421486833
single_out,m8_k0_cap0.75-1.35,8.0,0.0,0.75-1.35,9474,4573,FG3A,1.7835730324154042,-0.008473290020039402,1.0099502436083574
single_out,m8_k0_cap0.75-1.35,8.0,0.0,0.75-1.35,9474,4573,OREB,0.9201514739820272,0.016539505003230474,1.0115216969733278
single_out,m8_k0_cap0.75-1.35,8.0,0.0,0.75-1.35,9474,4573,POOLED,,,1.0091938168150765
single_out,m8_k0_cap0.85-1.20,8.0,0.0,0.85-1.20,9474,4573,PTS,5.51937371205393,-0.14192000757706008,1.0097571552322622
single_out,m8_k0_cap0.85-1.20,8.0,0.0,0.85-1.20,9474,4573,AST,1.657495094732148,-0.09844499801899853,1.0043568642044578
single_out,m8_k0_cap0.85-1.20,8.0,0.0,0.85-1.20,9474,4573,REB,2.082599375449517,-0.002933660604052344,1.0096093582512524
single_out,m8_k0_cap0.85-1.20,8.0,0.0,0.85-1.20,9474,4573,STL,0.8221885214222667,-0.004363998316194703,1.003936332707585
single_out,m8_k0_cap0.85-1.20,8.0,0.0,0.85-1.20,9474,4573,BLK,0.5916138912366157,-0.00011050537693446433,1.001238573415012
single_out,m8_k0_cap0.85-1.20,8.0,0.0,0.85-1.20,9474,4573,FG3M,1.1026668094726484,-0.03275600381322397,1.006374586815693
single_out,m8_k0_cap0.85-1.20,8.0,0.0,0.85-1.20,9474,4573,TOV,1.0783719740509985,0.03195058754167863,1.0055940333171027
single_out,m8_k0_cap0.85-1.20,8.0,0.0,0.85-1.20,9474,4573,FG3A,1.778363046011146,-0.020877104769299302,1.0070000829238515
single_out,m8_k0_cap0.85-1.20,8.0,0.0,0.85-1.20,9474,4573,OREB,0.9159087843947581,0.012129729002906466,1.0068577120834559
single_out,m8_k0_cap0.85-1.20,8.0,0.0,0.85-1.20,9474,4573,POOLED,,,1.0060805221056304
single_out,m8_k3_capnone,8.0,3.0,none,9474,4573,PTS,5.514685284078203,-0.1565814183078,1.0088994177529276
single_out,m8_k3_capnone,8.0,3.0,none,9474,4573,AST,1.6579689539724052,-0.09097716583729694,1.0046439985568498
single_out,m8_k3_capnone,8.0,3.0,none,9474,4573,REB,2.0796182764918085,-0.003937891870517033,1.008164171317531
single_out,m8_k3_capnone,8.0,3.0,none,9474,4573,STL,0.8246411452659737,-0.003374236853578015,1.0069311181162925
single_out,m8_k3_capnone,8.0,3.0,none,9474,4573,BLK,0.5923109066559393,8.44115357463979e-06,1.002418191971015
single_out,m8_k3_capnone,8.0,3.0,none,9474,4573,FG3M,1.1056392414455456,-0.029243891635344736,1.0090874461970258
single_out,m8_k3_capnone,8.0,3.0,none,9474,4573,TOV,1.0801917352649675,0.03366853899027124,1.0072909811819055
single_out,m8_k3_capnone,8.0,3.0,none,9474,4573,FG3A,1.7778804641057213,-0.029012336719051967,1.0067268203749753
single_out,m8_k3_capnone,8.0,3.0,none,9474,4573,OREB,0.9194629108090773,0.014362840590317966,1.0107647600897063
single_out,m8_k3_capnone,8.0,3.0,none,9474,4573,POOLED,,,1.007214100617581
single_out,m8_k3_cap0.75-1.35,8.0,3.0,0.75-1.35,9474,4573,PTS,5.511811584897792,-0.16067033975549633,1.0083736808739285
single_out,m8_k3_cap0.75-1.35,8.0,3.0,0.75-1.35,9474,4573,AST,1.6572332405263293,-0.09375584770168977,1.0041981940099753
single_out,m8_k3_cap0.75-1.35,8.0,3.0,0.75-1.35,9474,4573,REB,2.0793739459337934,-0.004540595289825842,1.0080457239479668
single_out,m8_k3_cap0.75-1.35,8.0,3.0,0.75-1.35,9474,4573,STL,0.8235383063080399,-0.003528234335899604,1.0055844925308615
single_out,m8_k3_cap0.75-1.35,8.0,3.0,0.75-1.35,9474,4573,BLK,0.5922082779239735,0.00049137679802515,1.0022445046274502
single_out,m8_k3_cap0.75-1.35,8.0,3.0,0.75-1.35,9474,4573,FG3M,1.104415410062243,-0.030423427910967325,1.0079704879353617
single_out,m8_k3_cap0.75-1.35,8.0,3.0,0.75-1.35,9474,4573,TOV,1.0791745959365298,0.03205836344888379,1.0063424872815248
single_out,m8_k3_cap0.75-1.35,8.0,3.0,0.75-1.35,9474,4573,FG3A,1.7770923070685594,-0.029602184727423108,1.0062805255626988
single_out,m8_k3_cap0.75-1.35,8.0,3.0,0.75-1.35,9474,4573,OREB,0.9180613000790846,0.013582832572487753,1.0092239706608064
single_out,m8_k3_cap0.75-1.35,8.0,3.0,0.75-1.35,9474,4573,POOLED,,,1.0064737852700636
single_out,m8_k3_cap0.85-1.20,8.0,3.0,0.85-1.20,9474,4573,PTS,5.503962480102728,-0.1844262730358482,1.0069377045942876
single_out,m8_k3_cap0.85-1.20,8.0,3.0,0.85-1.20,9474,4573,AST,1.6555270789983918,-0.1045597872962639,1.0031643477877623
single_out,m8_k3_cap0.85-1.20,8.0,3.0,0.85-1.20,9474,4573,REB,2.0775388837484643,-0.010749312999669644,1.0071561164809129
single_out,m8_k3_cap0.85-1.20,8.0,3.0,0.85-1.20,9474,4573,STL,0.8217257672634112,-0.00549381579094259,1.0033712850316785
single_out,m8_k3_cap0.85-1.20,8.0,3.0,0.85-1.20,9474,4573,BLK,0.5914549477895998,-0.00062213824122983,1.0009695798830798
single_out,m8_k3_cap0.85-1.20,8.0,3.0,0.85-1.20,9474,4573,FG3M,1.1015290616228222,-0.03569519513904876,1.0053361946990236
single_out,m8_k3_cap0.85-1.20,8.0,3.0,0.85-1.20,9474,4573,TOV,1.0772310816281339,0.029872080891017578,1.0045301382598346
single_out,m8_k3_cap0.85-1.20,8.0,3.0,0.85-1.20,9474,4573,FG3A,1.774669950276286,-0.034862147258872545,1.0049088632937588
single_out,m8_k3_cap0.85-1.20,8.0,3.0,0.85-1.20,9474,4573,OREB,0.9151895588368905,0.010957010586261732,1.0060670680673651
single_out,m8_k3_cap0.85-1.20,8.0,3.0,0.85-1.20,9474,4573,POOLED,,,1.0047156997886335
single_out,m8_k5_capnone,8.0,5.0,none,9474,4573,PTS,5.503321176807368,-0.19038163617605033,1.0068203795815331
single_out,m8_k5_capnone,8.0,5.0,none,9474,4573,AST,1.6556754963239162,-0.0989281767124437,1.0032542810612488
single_out,m8_k5_capnone,8.0,5.0,none,9474,4573,REB,2.076005526326367,-0.01108483612676298,1.006412770438874
single_out,m8_k5_capnone,8.0,5.0,none,9474,4573,STL,0.823333260465471,-0.004815651183347978,1.005334120546989
single_out,m8_k5_capnone,8.0,5.0,none,9474,4573,BLK,0.5919741601987817,-0.0006162623723276438,1.001848287262283
single_out,m8_k5_capnone,8.0,5.0,none,9474,4573,FG3M,1.1037210297164526,-0.032957215870641474,1.0073367455141837
single_out,m8_k5_capnone,8.0,5.0,none,9474,4573,TOV,1.078582039007609,0.031446214228978635,1.0057899212593524
single_out,m8_k5_capnone,8.0,5.0,none,9474,4573,FG3A,1.7749789926019162,-0.03960294513283051,1.0050838588596163
single_out,m8_k5_capnone,8.0,5.0,none,9474,4573,OREB,0.9176819564847045,0.01256666557181935,1.0088069585848893
single_out,m8_k5_capnone,8.0,5.0,none,9474,4573,POOLED,,,1.0056319247898857
single_out,m8_k5_cap0.75-1.35,8.0,5.0,0.75-1.35,9474,4573,PTS,5.501684198568602,-0.19267761521277896,1.0065208980505136
single_out,m8_k5_cap0.75-1.35,8.0,5.0,0.75-1.35,9474,4573,AST,1.6554578877561323,-0.10022556015465225,1.0031224214500452
single_out,m8_k5_cap0.75-1.35,8.0,5.0,0.75-1.35,9474,4573,REB,2.0759467559546634,-0.011384438160577352,1.0063842795452536
single_out,m8_k5_cap0.75-1.35,8.0,5.0,0.75-1.35,9474,4573,STL,0.8227115618512058,-0.0047834991448276005,1.0045749931563814
single_out,m8_k5_cap0.75-1.35,8.0,5.0,0.75-1.35,9474,4573,BLK,0.5920057258134765,-0.0001447056644632079,1.001901708440342
single_out,m8_k5_cap0.75-1.35,8.0,5.0,0.75-1.35,9474,4573,FG3M,1.1031596299232889,-0.03350180456825931,1.0068243708965476
single_out,m8_k5_cap0.75-1.35,8.0,5.0,0.75-1.35,9474,4573,TOV,1.0779281243473586,0.030190711712201612,1.0051801384604022
single_out,m8_k5_cap0.75-1.35,8.0,5.0,0.75-1.35,9474,4573,FG3A,1.7744643949308767,-0.039858025350743544,1.0047924673473088
single_out,m8_k5_cap0.75-1.35,8.0,5.0,0.75-1.35,9474,4573,OREB,0.9168968580633756,0.012103174916607527,1.0079439005885826
single_out,m8_k5_cap0.75-1.35,8.0,5.0,0.75-1.35,9474,4573,POOLED,,,1.0052494642150418
single_out,m8_k5_cap0.85-1.20,8.0,5.0,0.85-1.20,9474,4573,PTS,5.4970854617381715,-0.20831343634615807,1.0056795693668958
single_out,m8_k5_cap0.85-1.20,8.0,5.0,0.85-1.20,9474,4573,AST,1.6544366058152704,-0.10841781872714246,1.00250357706803
single_out,m8_k5_cap0.85-1.20,8.0,5.0,0.85-1.20,9474,4573,REB,2.0751275159261775,-0.015145862701745075,1.0059871256763127
single_out,m8_k5_cap0.85-1.20,8.0,5.0,0.85-1.20,9474,4573,STL,0.8214577565341119,-0.006223672835668365,1.00304402954016
single_out,m8_k5_cap0.85-1.20,8.0,5.0,0.85-1.20,9474,4573,BLK,0.5913964479729247,-0.0009370851517205258,1.0008705756611362
single_out,m8_k5_cap0.85-1.20,8.0,5.0,0.85-1.20,9474,4573,FG3M,1.100878392181582,-0.037377204278751824,1.004742346054577
single_out,m8_k5_cap0.85-1.20,8.0,5.0,0.85-1.20,9474,4573,TOV,1.0765938129003156,0.02858853313191388,1.003935877980697
single_out,m8_k5_cap0.85-1.20,8.0,5.0,0.85-1.20,9474,4573,FG3A,1.7729883993067277,-0.04270190327586539,1.0039566831584463
single_out,m8_k5_cap0.85-1.20,8.0,5.0,0.85-1.20,9474,4573,OREB,0.9148091939771301,0.010188789123922808,1.005648933315324
single_out,m8_k5_cap0.85-1.20,8.0,5.0,0.85-1.20,9474,4573,POOLED,,,1.004040968646842
single_out,m8_k10_capnone,8.0,10.0,none,9474,4573,PTS,5.48804880713935,-0.2487011254725747,1.0040263334896813
single_out,m8_k10_capnone,8.0,10.0,none,9474,4573,AST,1.6528514482732124,-0.11268519510383118,1.0015430530439944
single_out,m8_k10_capnone,8.0,10.0,none,9474,4573,REB,2.0708867581789185,-0.023282421870442143,1.0039312772216453
single_out,m8_k10_capnone,8.0,10.0,none,9474,4573,STL,0.8215101870388766,-0.007268625796642423,1.0031080500017742
single_out,m8_k10_capnone,8.0,10.0,none,9474,4573,BLK,0.5915191314262248,-0.0016878846852098558,1.0010782033175916
single_out,m8_k10_capnone,8.0,10.0,none,9474,4573,FG3M,1.100827516289098,-0.03936204730135439,1.0046959129844621
single_out,m8_k10_capnone,8.0,10.0,none,9474,4573,TOV,1.076212157564142,0.027608631351945568,1.0035799800734118
single_out,m8_k10_capnone,8.0,10.0,none,9474,4573,FG3A,1.7711027868206186,-0.05793932849583517,1.0028889529589615
single_out,m8_k10_capnone,8.0,10.0,none,9474,4573,OREB,0.9150112437761155,0.009480704246711776,1.0058710464796472
single_out,m8_k10_capnone,8.0,10.0,none,9474,4573,POOLED,,,1.003413645507908
single_out,m8_k10_cap0.75-1.35,8.0,10.0,0.75-1.35,9474,4573,PTS,5.4876709263584385,-0.24919444941816507,1.0039572010405564
single_out,m8_k10_cap0.75-1.35,8.0,10.0,0.75-1.35,9474,4573,AST,1.6527723356040256,-0.1127559939486303,1.001495114831329
single_out,m8_k10_cap0.75-1.35,8.0,10.0,0.75-1.35,9474,4573,REB,2.0709136564000983,-0.023294917204603274,1.003944317029562
single_out,m8_k10_cap0.75-1.35,8.0,10.0,0.75-1.35,9474,4573,STL,0.8213726114122406,-0.007170916527740566,1.0029400627744216
single_out,m8_k10_cap0.75-1.35,8.0,10.0,0.75-1.35,9474,4573,BLK,0.5916667786089687,-0.001254442857108428,1.0013280792194406
single_out,m8_k10_cap0.75-1.35,8.0,10.0,0.75-1.35,9474,4573,FG3M,1.1007463082340372,-0.03944910307667975,1.0046217965585793
single_out,m8_k10_cap0.75-1.35,8.0,10.0,0.75-1.35,9474,4573,TOV,1.0760271548254843,0.027045355192484223,1.0034074629321859
single_out,m8_k10_cap0.75-1.35,8.0,10.0,0.75-1.35,9474,4573,FG3A,1.7708924245973738,-0.058061829371473965,1.002769835112509
single_out,m8_k10_cap0.75-1.35,8.0,10.0,0.75-1.35,9474,4573,OREB,0.9148561530721625,0.009297667607246152,1.0057005554067282
single_out,m8_k10_cap0.75-1.35,8.0,10.0,0.75-1.35,9474,4573,POOLED,,,1.0033516027672567
single_out,m8_k10_cap0.85-1.20,8.0,10.0,0.85-1.20,9474,4573,PTS,5.4860524094787975,-0.2543824126913677,1.0036610969741633
single_out,m8_k10_cap0.85-1.20,8.0,10.0,0.85-1.20,9474,4573,AST,1.652562290583026,-0.11686445789227404,1.0013678383408564
single_out,m8_k10_cap0.85-1.20,8.0,10.0,0.85-1.20,9474,4573,REB,2.070822406844024,-0.024306750920116204,1.003900080770378
single_out,m8_k10_cap0.85-1.20,8.0,10.0,0.85-1.20,9474,4573,STL,0.8208147093484206,-0.007795459687028187,1.002258834397513
single_out,m8_k10_cap0.85-1.20,8.0,10.0,0.85-1.20,9474,4573,BLK,0.5912910670026219,-0.0016748897301071446,1.0006922304702375
single_out,m8_k10_cap0.85-1.20,8.0,10.0,0.85-1.20,9474,4573,FG3M,1.0997466966142047,-0.041077637172539025,1.0037094776946731
single_out,m8_k10_cap0.85-1.20,8.0,10.0,0.85-1.20,9474,4573,TOV,1.0753701100657038,0.025849849802891848,1.002794761280106
single_out,m8_k10_cap0.85-1.20,8.0,10.0,0.85-1.20,9474,4573,FG3A,1.7704162508725494,-0.05868186647484254,1.0025002012031337
single_out,m8_k10_cap0.85-1.20,8.0,10.0,0.85-1.20,9474,4573,OREB,0.9138688350263623,0.008357988566675502,1.0046151975570925
single_out,m8_k10_cap0.85-1.20,8.0,10.0,0.85-1.20,9474,4573,POOLED,,,1.0028333020764615
single_out,m8_k20_capnone,8.0,20.0,none,9474,4573,PTS,5.4765544880404065,-0.31280647119988086,1.0019234733536964
single_out,m8_k20_capnone,8.0,20.0,none,9474,4573,AST,1.650976786946446,-0.12786029365721976,1.000407104601323
single_out,m8_k20_capnone,8.0,20.0,none,9474,4573,REB,2.0667810503454302,-0.03645355862894253,1.0019408987072753
single_out,m8_k20_capnone,8.0,20.0,none,9474,4573,STL,0.8201036758196824,-0.009902733511925816,1.0013906242794262
single_out,m8_k20_capnone,8.0,20.0,none,9474,4573,BLK,0.5911431760905956,-0.0028483642471767386,1.0004419420845663
single_out,m8_k20_capnone,8.0,20.0,none,9474,4573,FG3M,1.0983802242548866,-0.04639922688174324,1.0024623348187018
single_out,m8_k20_capnone,8.0,20.0,none,9474,4573,TOV,1.0742801617175395,0.023392221709915482,1.0017783721473095
single_out,m8_k20_capnone,8.0,20.0,none,9474,4573,FG3A,1.7679675680982798,-0.07816819561457568,1.0011136318171614
single_out,m8_k20_capnone,8.0,20.0,none,9474,4573,OREB,0.9127488808674988,0.006114388570782355,1.0033840329463317
single_out,m8_k20_capnone,8.0,20.0,none,9474,4573,POOLED,,,1.0016491571950878
single_out,m8_k20_cap0.75-1.35,8.0,20.0,0.75-1.35,9474,4573,PTS,5.4765544880404065,-0.31280647119988086,1.0019234733536964
single_out,m8_k20_cap0.75-1.35,8.0,20.0,0.75-1.35,9474,4573,AST,1.6509727879464016,-0.12785629465717532,1.0004046814127674
single_out,m8_k20_cap0.75-1.35,8.0,20.0,0.75-1.35,9474,4573,REB,2.0667810503454302,-0.03645355862894253,1.0019408987072753
single_out,m8_k20_cap0.75-1.35,8.0,20.0,0.75-1.35,9474,4573,STL,0.8200924510523291,-0.009881546283920795,1.0013769182357652
single_out,m8_k20_cap0.75-1.35,8.0,20.0,0.75-1.35,9474,4573,BLK,0.5912444763094008,-0.002720450954297592,1.0006133810721654
single_out,m8_k20_cap0.75-1.35,8.0,20.0,0.75-1.35,9474,4573,FG3M,1.0983697373067252,-0.04640418885530224,1.0024527636608214
single_out,m8_k20_cap0.75-1.35,8.0,20.0,0.75-1.35,9474,4573,TOV,1.074255146615679,0.02335660378340346,1.0017550452825734
single_out,m8_k20_cap0.75-1.35,8.0,20.0,0.75-1.35,9474,4573,FG3A,1.7679312166543741,-0.07819592503006383,1.0010930477710018
single_out,m8_k20_cap0.75-1.35,8.0,20.0,0.75-1.35,9474,4573,OREB,0.9127273148184581,0.006081591528088439,1.003360325407802
single_out,m8_k20_cap0.75-1.35,8.0,20.0,0.75-1.35,9474,4573,POOLED,,,1.001657837211541
single_out,m8_k20_cap0.85-1.20,8.0,20.0,0.85-1.20,9474,4573,PTS,5.476141720161835,-0.3138002861836155,1.0018479583875821
single_out,m8_k20_cap0.85-1.20,8.0,20.0,0.85-1.20,9474,4573,AST,1.650797280120518,-0.12841689291975722,1.000298332687991
single_out,m8_k20_cap0.85-1.20,8.0,20.0,0.85-1.20,9474,4573,REB,2.066814447466483,-0.03653709282896895,1.0019570890731953
single_out,m8_k20_cap0.85-1.20,8.0,20.0,0.85-1.20,9474,4573,STL,0.8199444511406982,-0.009968333025357675,1.0011962023966938
single_out,m8_k20_cap0.85-1.20,8.0,20.0,0.85-1.20,9474,4573,BLK,0.5911755447002388,-0.0026223745185075024,1.0004967222393641
single_out,m8_k20_cap0.85-1.20,8.0,20.0,0.85-1.20,9474,4573,FG3M,1.0982097868916778,-0.04667708400548021,1.002306781183185
single_out,m8_k20_cap0.85-1.20,8.0,20.0,0.85-1.20,9474,4573,TOV,1.074026989698152,0.022633670154003777,1.0015422863826335
single_out,m8_k20_cap0.85-1.20,8.0,20.0,0.85-1.20,9474,4573,FG3A,1.7677326525017132,-0.07827705643045227,1.0009806105953398
single_out,m8_k20_cap0.85-1.20,8.0,20.0,0.85-1.20,9474,4573,OREB,0.9124899002394566,0.005782562387322665,1.0030993357722602
single_out,m8_k20_cap0.85-1.20,8.0,20.0,0.85-1.20,9474,4573,POOLED,,,1.0015250354131382
single_out,m8_k40_capnone,8.0,40.0,none,9474,4573,PTS,5.469871879905019,-0.370139383141084,1.0007009050457045
single_out,m8_k40_capnone,8.0,40.0,none,9474,4573,AST,1.6501980306395803,-0.14147612020956665,0.9999352182923806
single_out,m8_k40_capnone,8.0,40.0,none,9474,4573,REB,2.064405526012656,-0.047959604222028475,1.0007892842271235
single_out,m8_k40_capnone,8.0,40.0,none,9474,4573,STL,0.8192754514006421,-0.012186519697406561,1.0003793177916247
single_out,m8_k40_capnone,8.0,40.0,none,9474,4573,BLK,0.5909280809647163,-0.003858567431125056,1.0000779182842903
single_out,m8_k40_capnone,8.0,40.0,none,9474,4573,FG3M,1.0968301694341005,-0.05269335854036666,1.001047641126637
single_out,m8_k40_capnone,8.0,40.0,none,9474,4573,TOV,1.0731450576027401,0.019631847309821523,1.000719874752623
single_out,m8_k40_capnone,8.0,40.0,none,9474,4573,FG3A,1.7663502026917368,-0.09630829103631926,1.0001977968293843
single_out,m8_k40_capnone,8.0,40.0,none,9474,4573,OREB,0.9111955620955762,0.0031363918923671395,1.0016764710018662
single_out,m8_k40_capnone,8.0,40.0,none,9474,4573,POOLED,,,1.0006138252612926
single_out,m8_k40_cap0.75-1.35,8.0,40.0,0.75-1.35,9474,4573,PTS,5.469871879905019,-0.370139383141084,1.0007009050457045
single_out,m8_k40_cap0.75-1.35,8.0,40.0,0.75-1.35,9474,4573,AST,1.6501980306395803,-0.14147612020956665,0.9999352182923806
single_out,m8_k40_cap0.75-1.35,8.0,40.0,0.75-1.35,9474,4573,REB,2.064405526012656,-0.047959604222028475,1.0007892842271235
single_out,m8_k40_cap0.75-1.35,8.0,40.0,0.75-1.35,9474,4573,STL,0.8192744939645967,-0.012185562261361214,1.000378148710803
single_out,m8_k40_cap0.75-1.35,8.0,40.0,0.75-1.35,9474,4573,BLK,0.5909385383713173,-0.00385842546186551,1.0000956162440946
single_out,m8_k40_cap0.75-1.35,8.0,40.0,0.75-1.35,9474,4573,FG3M,1.0968311152893992,-0.05269411242938295,1.0010485043835404
single_out,m8_k40_cap0.75-1.35,8.0,40.0,0.75-1.35,9474,4573,TOV,1.0731450576027401,0.019631847309821523,1.000719874752623
single_out,m8_k40_cap0.75-1.35,8.0,40.0,0.75-1.35,9474,4573,FG3A,1.7663394940429975,-0.09631280079442547,1.0001917330449435
single_out,m8_k40_cap0.75-1.35,8.0,40.0,0.75-1.35,9474,4573,OREB,0.9111984347930405,0.0031392645898313835,1.0016796289556338
single_out,m8_k40_cap0.75-1.35,8.0,40.0,0.75-1.35,9474,4573,POOLED,,,1.0006154348507605
single_out,m8_k40_cap0.85-1.20,8.0,40.0,0.85-1.20,9474,4573,PTS,5.469871650191678,-0.3701391534277426,1.0007008630201593
single_out,m8_k40_cap0.85-1.20,8.0,40.0,0.85-1.20,9474,4573,AST,1.6501712570918206,-0.1414501413124547,0.999918994898081
single_out,m8_k40_cap0.85-1.20,8.0,40.0,0.85-1.20,9474,4573,REB,2.064405526012656,-0.047959604222028475,1.0007892842271235
single_out,m8_k40_cap0.85-1.20,8.0,40.0,0.85-1.20,9474,4573,STL,0.819256539067623,-0.01217681056342069,1.000356224817496
single_out,m8_k40_cap0.85-1.20,8.0,40.0,0.85-1.20,9474,4573,BLK,0.5909971326401376,-0.003771564556110814,1.0001947803154476
single_out,m8_k40_cap0.85-1.20,8.0,40.0,0.85-1.20,9474,4573,FG3M,1.0968217093018835,-0.052701698487507276,1.00103991978961
single_out,m8_k40_cap0.85-1.20,8.0,40.0,0.85-1.20,9474,4573,TOV,1.073128226979184,0.019566067357198697,1.000704180006253
single_out,m8_k40_cap0.85-1.20,8.0,40.0,0.85-1.20,9474,4573,FG3A,1.7663212512687874,-0.0963344564556677,1.0001814030534473
single_out,m8_k40_cap0.85-1.20,8.0,40.0,0.85-1.20,9474,4573,OREB,0.9111763770449917,0.0031034794766793645,1.0016553808928217
single_out,m8_k40_cap0.85-1.20,8.0,40.0,0.85-1.20,9474,4573,POOLED,,,1.0006156701133821
single_out,m8_k80_capnone,8.0,80.0,none,9474,4573,PTS,5.466563135245101,-0.4126208203508742,1.0000955775630063
single_out,m8_k80_capnone,8.0,80.0,none,9474,4573,AST,1.6500371192108072,-0.15159285005795584,0.9998377142342807
single_out,m8_k80_capnone,8.0,80.0,none,9474,4573,REB,2.0632563228183995,-0.05626027309672592,1.0002321697320695
single_out,m8_k80_capnone,8.0,80.0,none,9474,4573,STL,0.8189932678138675,-0.013822194912806673,1.0000347564801062
single_out,m8_k80_capnone,8.0,80.0,none,9474,4573,BLK,0.59083268062849,-0.004580199537317572,0.9999164641704479
single_out,m8_k80_capnone,8.0,80.0,none,9474,4573,FG3M,1.0960937973067595,-0.05736214654269754,1.0003755739264373
single_out,m8_k80_capnone,8.0,80.0,none,9474,4573,TOV,1.0726646254719758,0.016859754632963075,1.000271866369861
single_out,m8_k80_capnone,8.0,80.0,none,9474,4573,FG3A,1.7658423553769624,-0.10977646686134214,0.9999102277139341
single_out,m8_k80_capnone,8.0,80.0,none,9474,4573,OREB,0.9103852842776973,0.0009575822895597989,1.0007857333173262
single_out,m8_k80_capnone,8.0,80.0,none,9474,4573,POOLED,,,1.0001622315008298
single_out,m8_k80_cap0.75-1.35,8.0,80.0,0.75-1.35,9474,4573,PTS,5.466563135245101,-0.4126208203508742,1.0000955775630063
single_out,m8_k80_cap0.75-1.35,8.0,80.0,0.75-1.35,9474,4573,AST,1.6500371192108072,-0.15159285005795584,0.9998377142342807
single_out,m8_k80_cap0.75-1.35,8.0,80.0,0.75-1.35,9474,4573,REB,2.0632563228183995,-0.05626027309672592,1.0002321697320695
single_out,m8_k80_cap0.75-1.35,8.0,80.0,0.75-1.35,9474,4573,STL,0.8189932678138675,-0.013822194912806673,1.0000347564801062
single_out,m8_k80_cap0.75-1.35,8.0,80.0,0.75-1.35,9474,4573,BLK,0.5908331280866405,-0.004580656592793669,0.999917221441984
single_out,m8_k80_cap0.75-1.35,8.0,80.0,0.75-1.35,9474,4573,FG3M,1.0960933765819312,-0.057362567267526025,1.0003751899421078
single_out,m8_k80_cap0.75-1.35,8.0,80.0,0.75-1.35,9474,4573,TOV,1.0726646254719758,0.016859754632963075,1.000271866369861
single_out,m8_k80_cap0.75-1.35,8.0,80.0,0.75-1.35,9474,4573,FG3A,1.7658425024734767,-0.10977497285696913,0.9999103110075015
single_out,m8_k80_cap0.75-1.35,8.0,80.0,0.75-1.35,9474,4573,OREB,0.9103852842776973,0.0009575822895597989,1.0007857333173262
single_out,m8_k80_cap0.75-1.35,8.0,80.0,0.75-1.35,9474,4573,POOLED,,,1.000162282232027
single_out,m8_k80_cap0.85-1.20,8.0,80.0,0.85-1.20,9474,4573,PTS,5.466563135245101,-0.4126208203508742,1.0000955775630063
single_out,m8_k80_cap0.85-1.20,8.0,80.0,0.85-1.20,9474,4573,AST,1.6500371192108072,-0.15159285005795584,0.9998377142342807
single_out,m8_k80_cap0.85-1.20,8.0,80.0,0.85-1.20,9474,4573,REB,2.0632563228183995,-0.05626027309672592,1.0002321697320695
single_out,m8_k80_cap0.85-1.20,8.0,80.0,0.85-1.20,9474,4573,STL,0.8189925399622249,-0.013821467061164149,1.000033867734168
single_out,m8_k80_cap0.85-1.20,8.0,80.0,0.85-1.20,9474,4573,BLK,0.5908397544317373,-0.0045789851581212165,0.9999284357701295
single_out,m8_k80_cap0.85-1.20,8.0,80.0,0.85-1.20,9474,4573,FG3M,1.0960945750521534,-0.057363259719338776,1.0003762837539143
single_out,m8_k80_cap0.85-1.20,8.0,80.0,0.85-1.20,9474,4573,TOV,1.0726646254719758,0.016859754632963075,1.000271866369861
single_out,m8_k80_cap0.85-1.20,8.0,80.0,0.85-1.20,9474,4573,FG3A,1.765836642042791,-0.10977783710454728,0.999906992532008
single_out,m8_k80_cap0.85-1.20,8.0,80.0,0.85-1.20,9474,4573,OREB,0.9103879299077803,0.000960227919642721,1.0007886416561236
single_out,m8_k80_cap0.85-1.20,8.0,80.0,0.85-1.20,9474,4573,POOLED,,,1.00016350548284
single_out,m8_k160_capnone,8.0,160.0,none,9474,4573,PTS,5.465640616998027,-0.4397367604323665,0.9999268048997636
single_out,m8_k160_capnone,8.0,160.0,none,9474,4573,AST,1.6500717065352597,-0.15806695495592812,0.9998586723757791
single_out,m8_k160_capnone,8.0,160.0,none,9474,4573,REB,2.0629056661475356,-0.06142567088672822,1.0000621772406615
single_out,m8_k160_capnone,8.0,160.0,none,9474,4573,STL,0.8189302075933572,-0.014835235913720823,0.9999577565647956
single_out,m8_k160_capnone,8.0,160.0,none,9474,4573,BLK,0.5908320281560681,-0.005023730362058645,0.9999153599357998
single_out,m8_k160_capnone,8.0,160.0,none,9474,4573,FG3M,1.0958315107287702,-0.060347977060892385,1.0001361919623808
single_out,m8_k160_capnone,8.0,160.0,none,9474,4573,TOV,1.0724817442692256,0.015101308581439305,1.0001013275848065
single_out,m8_k160_capnone,8.0,160.0,none,9474,4573,FG3A,1.765788561429745,-0.11839007826088839,0.9998797668305784
single_out,m8_k160_capnone,8.0,160.0,none,9474,4573,OREB,0.9100179278650953,-0.00041721979987348215,1.0003818987396766
single_out,m8_k160_capnone,8.0,160.0,none,9474,4573,POOLED,,,1.0000244395704712
single_out,m8_k160_cap0.75-1.35,8.0,160.0,0.75-1.35,9474,4573,PTS,5.465640616998027,-0.4397367604323665,0.9999268048997636
single_out,m8_k160_cap0.75-1.35,8.0,160.0,0.75-1.35,9474,4573,AST,1.6500717065352597,-0.15806695495592812,0.9998586723757791
single_out,m8_k160_cap0.75-1.35,8.0,160.0,0.75-1.35,9474,4573,REB,2.0629056661475356,-0.06142567088672822,1.0000621772406615
single_out,m8_k160_cap0.75-1.35,8.0,160.0,0.75-1.35,9474,4573,STL,0.8189302075933572,-0.014835235913720823,0.9999577565647956
single_out,m8_k160_cap0.75-1.35,8.0,160.0,0.75-1.35,9474,4573,BLK,0.5908320281560681,-0.005023730362058645,0.9999153599357998
single_out,m8_k160_cap0.75-1.35,8.0,160.0,0.75-1.35,9474,4573,FG3M,1.0958315107287702,-0.060347977060892385,1.0001361919623808
single_out,m8_k160_cap0.75-1.35,8.0,160.0,0.75-1.35,9474,4573,TOV,1.0724817442692256,0.015101308581439305,1.0001013275848065
single_out,m8_k160_cap0.75-1.35,8.0,160.0,0.75-1.35,9474,4573,FG3A,1.765788561429745,-0.11839007826088839,0.9998797668305784
single_out,m8_k160_cap0.75-1.35,8.0,160.0,0.75-1.35,9474,4573,OREB,0.9100179278650953,-0.00041721979987348215,1.0003818987396766
single_out,m8_k160_cap0.75-1.35,8.0,160.0,0.75-1.35,9474,4573,POOLED,,,1.0000244395704712
single_out,m8_k160_cap0.85-1.20,8.0,160.0,0.85-1.20,9474,4573,PTS,5.465640616998027,-0.4397367604323665,0.9999268048997636
single_out,m8_k160_cap0.85-1.20,8.0,160.0,0.85-1.20,9474,4573,AST,1.6500717065352597,-0.15806695495592812,0.9998586723757791
single_out,m8_k160_cap0.85-1.20,8.0,160.0,0.85-1.20,9474,4573,REB,2.0629056661475356,-0.06142567088672822,1.0000621772406615
single_out,m8_k160_cap0.85-1.20,8.0,160.0,0.85-1.20,9474,4573,STL,0.8189302075933572,-0.014835235913720823,0.9999577565647956
single_out,m8_k160_cap0.85-1.20,8.0,160.0,0.85-1.20,9474,4573,BLK,0.5908321313409303,-0.005023833546920865,0.99991553456433
single_out,m8_k160_cap0.85-1.20,8.0,160.0,0.85-1.20,9474,4573,FG3M,1.0958313902986616,-0.06034809749100098,1.0001360820490328
single_out,m8_k160_cap0.85-1.20,8.0,160.0,0.85-1.20,9474,4573,TOV,1.0724817442692256,0.015101308581439305,1.0001013275848065
single_out,m8_k160_cap0.85-1.20,8.0,160.0,0.85-1.20,9474,4573,FG3A,1.765788828524002,-0.11838910602817784,0.999879918073003
single_out,m8_k160_cap0.85-1.20,8.0,160.0,0.85-1.20,9474,4573,OREB,0.9100179278650953,-0.00041721979987348215,1.0003818987396766
single_out,m8_k160_cap0.85-1.20,8.0,160.0,0.85-1.20,9474,4573,POOLED,,,1.000024463565761
single_out,m8_k320_capnone,8.0,320.0,none,9474,4573,PTS,5.465667204803184,-0.4553412197176777,0.9999316690796324
single_out,m8_k320_capnone,8.0,320.0,none,9474,4573,AST,1.6501634420055784,-0.16180120631012523,0.9999142593573626
single_out,m8_k320_capnone,8.0,320.0,none,9474,4573,REB,2.0628069160454725,-0.06433933552965206,1.0000143048421837
single_out,m8_k320_capnone,8.0,320.0,none,9474,4573,STL,0.8189276833882346,-0.015405449780802568,0.9999546743748018
single_out,m8_k320_capnone,8.0,320.0,none,9474,4573,BLK,0.5908524432623028,-0.005271197504693077,0.9999499101587499
single_out,m8_k320_capnone,8.0,320.0,none,9474,4573,FG3M,1.0957447993602782,-0.062069709118241015,1.000057052809113
single_out,m8_k320_capnone,8.0,320.0,none,9474,4573,TOV,1.07240669548604,0.014095154538885959,1.0000313437476935
single_out,m8_k320_capnone,8.0,320.0,none,9474,4573,FG3A,1.765848093430815,-0.12335623360073716,0.9999134768934075
single_out,m8_k320_capnone,8.0,320.0,none,9474,4573,OREB,0.909835230896783,-0.0012017633491762237,1.0001810601249002
single_out,m8_k320_capnone,8.0,320.0,none,9474,4573,POOLED,,,0.9999941945986492
single_out,m8_k320_cap0.75-1.35,8.0,320.0,0.75-1.35,9474,4573,PTS,5.465667204803184,-0.4553412197176777,0.9999316690796324
single_out,m8_k320_cap0.75-1.35,8.0,320.0,0.75-1.35,9474,4573,AST,1.6501634420055784,-0.16180120631012523,0.9999142593573626
single_out,m8_k320_cap0.75-1.35,8.0,320.0,0.75-1.35,9474,4573,REB,2.0628069160454725,-0.06433933552965206,1.0000143048421837
single_out,m8_k320_cap0.75-1.35,8.0,320.0,0.75-1.35,9474,4573,STL,0.8189276833882346,-0.015405449780802568,0.9999546743748018
single_out,m8_k320_cap0.75-1.35,8.0,320.0,0.75-1.35,9474,4573,BLK,0.5908524432623028,-0.005271197504693077,0.9999499101587499
single_out,m8_k320_cap0.75-1.35,8.0,320.0,0.75-1.35,9474,4573,FG3M,1.0957447993602782,-0.062069709118241015,1.000057052809113
single_out,m8_k320_cap0.75-1.35,8.0,320.0,0.75-1.35,9474,4573,TOV,1.07240669548604,0.014095154538885959,1.0000313437476935
single_out,m8_k320_cap0.75-1.35,8.0,320.0,0.75-1.35,9474,4573,FG3A,1.765848093430815,-0.12335623360073716,0.9999134768934075
single_out,m8_k320_cap0.75-1.35,8.0,320.0,0.75-1.35,9474,4573,OREB,0.909835230896783,-0.0012017633491762237,1.0001810601249002
single_out,m8_k320_cap0.75-1.35,8.0,320.0,0.75-1.35,9474,4573,POOLED,,,0.9999941945986492
single_out,m8_k320_cap0.85-1.20,8.0,320.0,0.85-1.20,9474,4573,PTS,5.465667204803184,-0.4553412197176777,0.9999316690796324
single_out,m8_k320_cap0.85-1.20,8.0,320.0,0.85-1.20,9474,4573,AST,1.6501634420055784,-0.16180120631012523,0.9999142593573626
single_out,m8_k320_cap0.85-1.20,8.0,320.0,0.85-1.20,9474,4573,REB,2.0628069160454725,-0.06433933552965206,1.0000143048421837
single_out,m8_k320_cap0.85-1.20,8.0,320.0,0.85-1.20,9474,4573,STL,0.8189276833882346,-0.015405449780802568,0.9999546743748018
single_out,m8_k320_cap0.85-1.20,8.0,320.0,0.85-1.20,9474,4573,BLK,0.5908524432623028,-0.005271197504693077,0.9999499101587499
single_out,m8_k320_cap0.85-1.20,8.0,320.0,0.85-1.20,9474,4573,FG3M,1.0957447993602782,-0.062069709118241015,1.000057052809113
single_out,m8_k320_cap0.85-1.20,8.0,320.0,0.85-1.20,9474,4573,TOV,1.07240669548604,0.014095154538885959,1.0000313437476935
single_out,m8_k320_cap0.85-1.20,8.0,320.0,0.85-1.20,9474,4573,FG3A,1.765848093430815,-0.12335623360073716,0.9999134768934075
single_out,m8_k320_cap0.85-1.20,8.0,320.0,0.85-1.20,9474,4573,OREB,0.909835230896783,-0.0012017633491762237,1.0001810601249002
single_out,m8_k320_cap0.85-1.20,8.0,320.0,0.85-1.20,9474,4573,POOLED,,,0.9999941945986492
single_out,m12_k0_capnone,12.0,0.0,none,9474,3194,PTS,5.514231145499532,-0.23501863749624854,1.008816334109166
single_out,m12_k0_capnone,12.0,0.0,none,9474,3194,AST,1.6634654088517382,-0.10769168170984265,1.0079745678022087
single_out,m12_k0_capnone,12.0,0.0,none,9474,3194,REB,2.0782083245946854,-0.02284912011901064,1.0074806502107834
single_out,m12_k0_capnone,12.0,0.0,none,9474,3194,STL,0.8236968550015035,-0.006895817605317729,1.0057780889989756
single_out,m12_k0_capnone,12.0,0.0,none,9474,3194,BLK,0.5920933406973451,-0.0009532270353044313,1.0020499865701051
single_out,m12_k0_capnone,12.0,0.0,none,9474,3194,FG3M,1.1027628229344368,-0.037955970657346474,1.0064622157414083
single_out,m12_k0_capnone,12.0,0.0,none,9474,3194,TOV,1.0797305402831872,0.029134354596036593,1.0068609116576284
single_out,m12_k0_capnone,12.0,0.0,none,9474,3194,FG3A,1.7788683736486106,-0.04932663673124184,1.0072862252691797
single_out,m12_k0_capnone,12.0,0.0,none,9474,3194,OREB,0.9164817388878558,0.01014878248781377,1.0074875604481373
single_out,m12_k0_capnone,12.0,0.0,none,9474,3194,POOLED,,,1.006688504534177
single_out,m12_k0_cap0.75-1.35,12.0,0.0,0.75-1.35,9474,3194,PTS,5.5124273777147295,-0.2391554174919198,1.008486338801346
single_out,m12_k0_cap0.75-1.35,12.0,0.0,0.75-1.35,9474,3194,AST,1.6621156942615138,-0.11092731661953514,1.0071567101097685
single_out,m12_k0_cap0.75-1.35,12.0,0.0,0.75-1.35,9474,3194,REB,2.0775478821918143,-0.023149191844040042,1.0071604787758042
single_out,m12_k0_cap0.75-1.35,12.0,0.0,0.75-1.35,9474,3194,STL,0.8225928882490673,-0.007181916112762071,1.004430086315899
single_out,m12_k0_cap0.75-1.35,12.0,0.0,0.75-1.35,9474,3194,BLK,0.5919953139045593,-0.0007845514058934701,1.0018840874801427
single_out,m12_k0_cap0.75-1.35,12.0,0.0,0.75-1.35,9474,3194,FG3M,1.1015890289250816,-0.03902920897886139,1.0053909252563555
single_out,m12_k0_cap0.75-1.35,12.0,0.0,0.75-1.35,9474,3194,TOV,1.0784212166767382,0.027833876505326424,1.0056399526212207
single_out,m12_k0_cap0.75-1.35,12.0,0.0,0.75-1.35,9474,3194,FG3A,1.7780054069425935,-0.049862652530753455,1.0067975693974391
single_out,m12_k0_cap0.75-1.35,12.0,0.0,0.75-1.35,9474,3194,OREB,0.9155769923170345,0.009761375511314202,1.0064929733475074
single_out,m12_k0_cap0.75-1.35,12.0,0.0,0.75-1.35,9474,3194,POOLED,,,1.0059376802339426
single_out,m12_k0_cap0.85-1.20,12.0,0.0,0.85-1.20,9474,3194,PTS,5.504348456390608,-0.26082274286815443,1.0070083180984222
single_out,m12_k0_cap0.85-1.20,12.0,0.0,0.85-1.20,9474,3194,AST,1.659040266817257,-0.1206961403574798,1.0052931590960617
single_out,m12_k0_cap0.85-1.20,12.0,0.0,0.85-1.20,9474,3194,REB,2.0753829711983847,-0.02773845445773709,1.0061109661213234
single_out,m12_k0_cap0.85-1.20,12.0,0.0,0.85-1.20,9474,3194,STL,0.8212111364243947,-0.00855110293349042,1.0027428931437368
single_out,m12_k0_cap0.85-1.20,12.0,0.0,0.85-1.20,9474,3194,BLK,0.5913370537278336,-0.0019139170675118347,1.0007700577218097
single_out,m12_k0_cap0.85-1.20,12.0,0.0,0.85-1.20,9474,3194,FG3M,1.0996943280082132,-0.04314188114506356,1.0036616822647535
single_out,m12_k0_cap0.85-1.20,12.0,0.0,0.85-1.20,9474,3194,TOV,1.0764337329901523,0.025337653634352853,1.003786601658252
single_out,m12_k0_cap0.85-1.20,12.0,0.0,0.85-1.20,9474,3194,FG3A,1.7752478962720641,-0.055939006147210146,1.0052361258664826
single_out,m12_k0_cap0.85-1.20,12.0,0.0,0.85-1.20,9474,3194,OREB,0.9134506782908622,0.00733319653451488,1.0041555182296624
single_out,m12_k0_cap0.85-1.20,12.0,0.0,0.85-1.20,9474,3194,POOLED,,,1.0043072580222785
single_out,m12_k3_capnone,12.0,3.0,none,9474,3194,PTS,5.502747295539169,-0.2702206454757009,1.0067153892788197
single_out,m12_k3_capnone,12.0,3.0,none,9474,3194,AST,1.6600495675651261,-0.1163485422608829,1.005904743490725
single_out,m12_k3_capnone,12.0,3.0,none,9474,3194,REB,2.0738854624134744,-0.02982055584326299,1.0053849988992396
single_out,m12_k3_capnone,12.0,3.0,none,9474,3194,STL,0.8223216968895557,-0.008370604265612609,1.0040989471041049
single_out,m12_k3_capnone,12.0,3.0,none,9474,3194,BLK,0.5917408643314235,-0.0017162153409529947,1.0014534607971215
single_out,m12_k3_capnone,12.0,3.0,none,9474,3194,FG3M,1.1010290956124522,-0.04181840907372909,1.0048798890563893
single_out,m12_k3_capnone,12.0,3.0,none,9474,3194,TOV,1.0778378596632614,0.026669675020117547,1.0050959656240046
single_out,m12_k3_capnone,12.0,3.0,none,9474,3194,FG3A,1.7755232105666345,-0.06132879417734202,1.0053920228966668
single_out,m12_k3_capnone,12.0,3.0,none,9474,3194,OREB,0.9148304814277417,0.008285076908012036,1.0056723345908485
single_out,m12_k3_capnone,12.0,3.0,none,9474,3194,POOLED,,,1.0049553057486578
single_out,m12_k3_cap0.75-1.35,12.0,3.0,0.75-1.35,9474,3194,PTS,5.501902256942468,-0.2722611375599455,1.0065607913454337
single_out,m12_k3_cap0.75-1.35,12.0,3.0,0.75-1.35,9474,3194,AST,1.6594666145611603,-0.11753374408531742,1.0055515039228358
single_out,m12_k3_cap0.75-1.35,12.0,3.0,0.75-1.35,9474,3194,REB,2.0738205497130675,-0.029902250751506373,1.0053535303073573
single_out,m12_k3_cap0.75-1.35,12.0,3.0,0.75-1.35,9474,3194,STL,0.8217853312795247,-0.008509668399161563,1.003444015893689
single_out,m12_k3_cap0.75-1.35,12.0,3.0,0.75-1.35,9474,3194,BLK,0.5918006865077738,-0.0014312530226956478,1.001554702960963
single_out,m12_k3_cap0.75-1.35,12.0,3.0,0.75-1.35,9474,3194,FG3M,1.1004408037424553,-0.04221728735470959,1.0043429707574898
single_out,m12_k3_cap0.75-1.35,12.0,3.0,0.75-1.35,9474,3194,TOV,1.0772728386286652,0.025809950333662835,1.0045690771339837
single_out,m12_k3_cap0.75-1.35,12.0,3.0,0.75-1.35,9474,3194,FG3A,1.7750773623949578,-0.06156902834409414,1.005139560866005
single_out,m12_k3_cap0.75-1.35,12.0,3.0,0.75-1.35,9474,3194,OREB,0.914504388525781,0.008190388749064506,1.0053138609537473
single_out,m12_k3_cap0.75-1.35,12.0,3.0,0.75-1.35,9474,3194,POOLED,,,1.004647779349056
single_out,m12_k3_cap0.85-1.20,12.0,3.0,0.85-1.20,9474,3194,PTS,5.497109686463095,-0.28422225576548854,1.0056840012264874
single_out,m12_k3_cap0.85-1.20,12.0,3.0,0.85-1.20,9474,3194,AST,1.657693076695006,-0.12424318166500142,1.0044768311015044
single_out,m12_k3_cap0.85-1.20,12.0,3.0,0.85-1.20,9474,3194,REB,2.0727019051973574,-0.03226855968646054,1.0048112301487522
single_out,m12_k3_cap0.85-1.20,12.0,3.0,0.85-1.20,9474,3194,STL,0.8209229445981931,-0.009282136815152128,1.002390995449261
single_out,m12_k3_cap0.85-1.20,12.0,3.0,0.85-1.20,9474,3194,BLK,0.5912936056802703,-0.002185388878537535,1.0006965268906303
single_out,m12_k3_cap0.85-1.20,12.0,3.0,0.85-1.20,9474,3194,FG3M,1.099074421968127,-0.04498251837314875,1.0030959105560224
single_out,m12_k3_cap0.85-1.20,12.0,3.0,0.85-1.20,9474,3194,TOV,1.0758421794608337,0.024237582780650115,1.0032349713175304
single_out,m12_k3_cap0.85-1.20,12.0,3.0,0.85-1.20,9474,3194,FG3A,1.7733807265964527,-0.06430377550448545,1.0041788389292674
single_out,m12_k3_cap0.85-1.20,12.0,3.0,0.85-1.20,9474,3194,OREB,0.9130673880188331,0.006655007845993864,1.003734167574516
single_out,m12_k3_cap0.85-1.20,12.0,3.0,0.85-1.20,9474,3194,POOLED,,,1.0035892747993305
single_out,m12_k5_capnone,12.0,5.0,none,9474,3194,PTS,5.4973238357840435,-0.28816042818050747,1.0057231793688632
single_out,m12_k5_capnone,12.0,5.0,none,9474,3194,AST,1.6585908771062101,-0.12075692937514887,1.0050208520211104
single_out,m12_k5_capnone,12.0,5.0,none,9474,3194,REB,2.072031966963723,-0.033345052212038234,1.0044864552937796
single_out,m12_k5_capnone,12.0,5.0,none,9474,3194,STL,0.8217123876301611,-0.009110061342791602,1.0033549477810502
single_out,m12_k5_capnone,12.0,5.0,none,9474,3194,BLK,0.591572501496399,-0.0020968733160426985,1.0011685260326524
single_out,m12_k5_capnone,12.0,5.0,none,9474,3194,FG3M,1.1002274741971092,-0.04378316569665018,1.004148270571351
single_out,m12_k5_capnone,12.0,5.0,none,9474,3194,TOV,1.076968049842508,0.025422077026424263,1.0042848581518915
single_out,m12_k5_capnone,12.0,5.0,none,9474,3194,FG3A,1.7740325778349622,-0.06741385950972828,1.004547950429141
single_out,m12_k5_capnone,12.0,5.0,none,9474,3194,OREB,0.9140515101742996,0.0073397002508132,1.0048160121847503
single_out,m12_k5_capnone,12.0,5.0,none,9474,3194,POOLED,,,1.004172339092732
single_out,m12_k5_cap0.75-1.35,12.0,5.0,0.75-1.35,9474,3194,PTS,5.49668961263526,-0.289520042784197,1.0056071496531909
single_out,m12_k5_cap0.75-1.35,12.0,5.0,0.75-1.35,9474,3194,AST,1.6583257321070186,-0.12126847357557201,1.0048601877749272
single_out,m12_k5_cap0.75-1.35,12.0,5.0,0.75-1.35,9474,3194,REB,2.072027447432054,-0.03338421189547793,1.0044842643003884
single_out,m12_k5_cap0.75-1.35,12.0,5.0,0.75-1.35,9474,3194,STL,0.8213448030918244,-0.00916588497475542,1.002906107322004
single_out,m12_k5_cap0.75-1.35,12.0,5.0,0.75-1.35,9474,3194,BLK,0.5916731016506439,-0.001799324851940915,1.0013387802413747
single_out,m12_k5_cap0.75-1.35,12.0,5.0,0.75-1.35,9474,3194,FG3M,1.0998686845216006,-0.04398318399213639,1.0038208128041073
single_out,m12_k5_cap0.75-1.35,12.0,5.0,0.75-1.35,9474,3194,TOV,1.0766313337775786,0.024780520054071227,1.0039708666221012
single_out,m12_k5_cap0.75-1.35,12.0,5.0,0.75-1.35,9474,3194,FG3A,1.7737462334255372,-0.06753934235389064,1.0043858075839653
single_out,m12_k5_cap0.75-1.35,12.0,5.0,0.75-1.35,9474,3194,OREB,0.9138955596105413,0.0073404851985174975,1.0046445758687117
single_out,m12_k5_cap0.75-1.35,12.0,5.0,0.75-1.35,9474,3194,POOLED,,,1.0040020613523077
single_out,m12_k5_cap0.85-1.20,12.0,5.0,0.85-1.20,9474,3194,PTS,5.493460926158955,-0.2977147546211307,1.005016468637276
single_out,m12_k5_cap0.85-1.20,12.0,5.0,0.85-1.20,9474,3194,AST,1.6569459847101973,-0.12651055308441786,1.0040241317447947
single_out,m12_k5_cap0.85-1.20,12.0,5.0,0.85-1.20,9474,3194,REB,2.0713992407950284,-0.03481983459058198,1.0041797202257414
single_out,m12_k5_cap0.85-1.20,12.0,5.0,0.85-1.20,9474,3194,STL,0.8207239170810855,-0.0097410558130767,1.0021479721639355
single_out,m12_k5_cap0.85-1.20,12.0,5.0,0.85-1.20,9474,3194,BLK,0.591272228746832,-0.0023581499021281893,1.000660348885589
single_out,m12_k5_cap0.85-1.20,12.0,5.0,0.85-1.20,9474,3194,FG3M,1.098741228167409,-0.046048122678461874,1.00279181346101
single_out,m12_k5_cap0.85-1.20,12.0,5.0,0.85-1.20,9474,3194,TOV,1.075518194124949,0.023533681053160737,1.0029328513362181
single_out,m12_k5_cap0.85-1.20,12.0,5.0,0.85-1.20,9474,3194,FG3A,1.7725455864239892,-0.06905100309522871,1.0037059398635733
single_out,m12_k5_cap0.85-1.20,12.0,5.0,0.85-1.20,9474,3194,OREB,0.9128321440530811,0.006190723822177402,1.0034755640921889
single_out,m12_k5_cap0.85-1.20,12.0,5.0,0.85-1.20,9474,3194,POOLED,,,1.0032149789344809
single_out,m12_k10_capnone,12.0,10.0,none,9474,3194,PTS,5.488468992964336,-0.3212305023698163,1.0041032055526076
single_out,m12_k10_capnone,12.0,10.0,none,9474,3194,AST,1.6561669084859774,-0.12887623082809913,1.0035520515823733
single_out,m12_k10_capnone,12.0,10.0,none,9474,3194,REB,2.0690632299931058,-0.039782047034440604,1.0030472612447203
single_out,m12_k10_capnone,12.0,10.0,none,9474,3194,STL,0.8207592907909788,-0.010448718318152379,1.002191165363134
single_out,m12_k10_capnone,12.0,10.0,none,9474,3194,BLK,0.5913156406438296,-0.002782274466198328,1.0007338185360872
single_out,m12_k10_capnone,12.0,10.0,none,9474,3194,FG3M,1.0988599385740783,-0.047400072974464746,1.0029001572829483
single_out,m12_k10_capnone,12.0,10.0,none,9474,3194,TOV,1.0755434288465047,0.023137554973049815,1.0029563829987977
single_out,m12_k10_capnone,12.0,10.0,none,9474,3194,FG3A,1.7715793707940837,-0.07857451937236577,1.0031588191720926
single_out,m12_k10_capnone,12.0,10.0,none,9474,3194,OREB,0.9128489812370514,0.005606568896491043,1.0034940731935524
single_out,m12_k10_capnone,12.0,10.0,none,9474,3194,POOLED,,,1.0029041038807014
single_out,m12_k10_cap0.75-1.35,12.0,10.0,0.75-1.35,9474,3194,PTS,5.488204057580815,-0.32158736963955037,1.0040547362129433
single_out,m12_k10_cap0.75-1.35,12.0,10.0,0.75-1.35,9474,3194,AST,1.6561095277935156,-0.1288851996016021,1.0035172818309999
single_out,m12_k10_cap0.75-1.35,12.0,10.0,0.75-1.35,9474,3194,REB,2.0690704314366153,-0.039774845590931446,1.0030507523841328
single_out,m12_k10_cap0.75-1.35,12.0,10.0,0.75-1.35,9474,3194,STL,0.820624770125328,-0.010404132950042916,1.0020269084071827
single_out,m12_k10_cap0.75-1.35,12.0,10.0,0.75-1.35,9474,3194,BLK,0.5914265590700247,-0.0025089543860377303,1.0009215352351946
single_out,m12_k10_cap0.75-1.35,12.0,10.0,0.75-1.35,9474,3194,FG3M,1.0987540131019717,-0.04738817759435868,1.0028034819297875
single_out,m12_k10_cap0.75-1.35,12.0,10.0,0.75-1.35,9474,3194,TOV,1.075492676139053,0.022881288281870443,1.002909055526445
single_out,m12_k10_cap0.75-1.35,12.0,10.0,0.75-1.35,9474,3194,FG3A,1.7714808614854012,-0.0786270330536105,1.003103038164815
single_out,m12_k10_cap0.75-1.35,12.0,10.0,0.75-1.35,9474,3194,OREB,0.9128327914007526,0.0056569001387705995,1.0034762757209084
single_out,m12_k10_cap0.75-1.35,12.0,10.0,0.75-1.35,9474,3194,POOLED,,,1.002873673934712
single_out,m12_k10_cap0.85-1.20,12.0,10.0,0.85-1.20,9474,3194,PTS,5.487062397901253,-0.32464729497690864,1.0038458721116121
single_out,m12_k10_cap0.85-1.20,12.0,10.0,0.85-1.20,9474,3194,AST,1.6555185788492652,-0.13163422139671477,1.003159197134135
single_out,m12_k10_cap0.85-1.20,12.0,10.0,0.85-1.20,9474,3194,REB,2.0688321531461424,-0.04020301356051991,1.002935239052685
single_out,m12_k10_cap0.85-1.20,12.0,10.0,0.85-1.20,9474,3194,STL,0.8202907002913125,-0.010747709222570566,1.0016189912017106
single_out,m12_k10_cap0.85-1.20,12.0,10.0,0.85-1.20,9474,3194,BLK,0.5912228558419165,-0.0027680485854537007,1.0005767909137169
single_out,m12_k10_cap0.85-1.20,12.0,10.0,0.85-1.20,9474,3194,FG3M,1.0981135657557934,-0.04832001518382491,1.0022189627188614
single_out,m12_k10_cap0.85-1.20,12.0,10.0,0.85-1.20,9474,3194,TOV,1.0748698018604168,0.021969957190732973,1.0023282182335855
single_out,m12_k10_cap0.85-1.20,12.0,10.0,0.85-1.20,9474,3194,FG3A,1.7709793952968822,-0.07893997190800096,1.0028190823693124
single_out,m12_k10_cap0.85-1.20,12.0,10.0,0.85-1.20,9474,3194,OREB,0.9123252889638438,0.0050909467693257115,1.002918378743383
single_out,m12_k10_cap0.85-1.20,12.0,10.0,0.85-1.20,9474,3194,POOLED,,,1.002491192497667
single_out,m12_k20_capnone,12.0,20.0,none,9474,3194,PTS,5.47965245121779,-0.36066802038513557,1.0024902388325727
single_out,m12_k20_capnone,12.0,20.0,none,9474,3194,AST,1.653837847216929,-0.13854483765831507,1.002140760122051
single_out,m12_k20_capnone,12.0,20.0,none,9474,3194,REB,2.066263133852706,-0.047333220088413286,1.0016898214506453
single_out,m12_k20_capnone,12.0,20.0,none,9474,3194,STL,0.8199043018097529,-0.01199785433887775,1.00114717790776
single_out,m12_k20_capnone,12.0,20.0,none,9474,3194,BLK,0.5910703148048229,-0.0035680842917308665,1.0003186327253626
single_out,m12_k20_capnone,12.0,20.0,none,9474,3194,FG3M,1.0975118154143262,-0.05170844805493397,1.0016697612320133
single_out,m12_k20_capnone,12.0,20.0,none,9474,3194,TOV,1.0742487154508658,0.020440093484364333,1.001749048148821
single_out,m12_k20_capnone,12.0,20.0,none,9474,3194,FG3A,1.769084095162147,-0.0917891547729171,1.0017458665278538
single_out,m12_k20_capnone,12.0,20.0,none,9474,3194,OREB,0.9116676811296852,0.0035599097850320042,1.0021954710361634
single_out,m12_k20_capnone,12.0,20.0,none,9474,3194,POOLED,,,1.0016829753314713
single_out,m12_k20_cap0.75-1.35,12.0,20.0,0.75-1.35,9474,3194,PTS,5.47965245121779,-0.36066802038513557,1.0024902388325727
single_out,m12_k20_cap0.75-1.35,12.0,20.0,0.75-1.35,9474,3194,AST,1.6538338482168846,-0.13854083865827066,1.0021383369334955
single_out,m12_k20_cap0.75-1.35,12.0,20.0,0.75-1.35,9474,3194,REB,2.066263133852706,-0.047333220088413286,1.0016898214506453
single_out,m12_k20_cap0.75-1.35,12.0,20.0,0.75-1.35,9474,3194,STL,0.8198933969266488,-0.011977713875495906,1.0011338624599437
single_out,m12_k20_cap0.75-1.35,12.0,20.0,0.75-1.35,9474,3194,BLK,0.5911423153621722,-0.0034680004672326074,1.0004404854005506
single_out,m12_k20_cap0.75-1.35,12.0,20.0,0.75-1.35,9474,3194,FG3M,1.0975096560603324,-0.05169081614973815,1.001667790447217
single_out,m12_k20_cap0.75-1.35,12.0,20.0,0.75-1.35,9474,3194,TOV,1.0742438984496383,0.020430862665528692,1.001744556240825
single_out,m12_k20_cap0.75-1.35,12.0,20.0,0.75-1.35,9474,3194,FG3A,1.7690756969933097,-0.09178984727476414,1.0017411110552665
single_out,m12_k20_cap0.75-1.35,12.0,20.0,0.75-1.35,9474,3194,OREB,0.911683100646741,0.0035699859540259072,1.0022124216975488
single_out,m12_k20_cap0.75-1.35,12.0,20.0,0.75-1.35,9474,3194,POOLED,,,1.0016954027242295
single_out,m12_k20_cap0.85-1.20,12.0,20.0,0.85-1.20,9474,3194,PTS,5.479203726342303,-0.36148101139112376,1.002408145613778
single_out,m12_k20_cap0.85-1.20,12.0,20.0,0.85-1.20,9474,3194,AST,1.6536114616654627,-0.1389401152643784,1.002003582109703
single_out,m12_k20_cap0.85-1.20,12.0,20.0,0.85-1.20,9474,3194,REB,2.0662350914435423,-0.04733935882398417,1.0016762269595236
single_out,m12_k20_cap0.85-1.20,12.0,20.0,0.85-1.20,9474,3194,STL,0.8197227935069209,-0.01206782705047293,1.0009255465237727
single_out,m12_k20_cap0.85-1.20,12.0,20.0,0.85-1.20,9474,3194,BLK,0.5911189783778517,-0.003388832752993823,1.000400990234472
single_out,m12_k20_cap0.85-1.20,12.0,20.0,0.85-1.20,9474,3194,FG3M,1.0973152905565027,-0.05188053943083669,1.001490398235964
single_out,m12_k20_cap0.85-1.20,12.0,20.0,0.85-1.20,9474,3194,TOV,1.0740795836422548,0.019969758170553575,1.0015913308289388
single_out,m12_k20_cap0.85-1.20,12.0,20.0,0.85-1.20,9474,3194,FG3A,1.7688966662150383,-0.0918362078067437,1.0016397346749095
single_out,m12_k20_cap0.85-1.20,12.0,20.0,0.85-1.20,9474,3194,OREB,0.9115356520265954,0.0034497336987285893,1.0020503315605624
single_out,m12_k20_cap0.85-1.20,12.0,20.0,0.85-1.20,9474,3194,POOLED,,,1.0015762540824027
single_out,m12_k40_capnone,12.0,40.0,none,9474,3194,PTS,5.472863410436647,-0.39863854729075665,1.0012481989085589
single_out,m12_k40_capnone,12.0,40.0,none,9474,3194,AST,1.6522719779974766,-0.14783865115882655,1.0011919238304676
single_out,m12_k40_capnone,12.0,40.0,none,9474,3194,REB,2.064354409440965,-0.054433876707557755,1.0007645037677855
single_out,m12_k40_capnone,12.0,40.0,none,9474,3194,STL,0.8192816908738578,-0.01343249921157842,1.0003869365234546
single_out,m12_k40_capnone,12.0,40.0,none,9474,3194,BLK,0.5909193406952612,-0.004285993047867863,1.0000631263819193
single_out,m12_k40_capnone,12.0,40.0,none,9474,3194,FG3M,1.09651242483273,-0.055857094163767815,1.00075764410381
single_out,m12_k40_capnone,12.0,40.0,none,9474,3194,TOV,1.0733691846329136,0.017873187449422314,1.0009288757371357
single_out,m12_k40_capnone,12.0,40.0,none,9474,3194,FG3A,1.7673834683673149,-0.10442081604214808,1.0007828846849394
single_out,m12_k40_capnone,12.0,40.0,none,9474,3194,OREB,0.9107186633116973,0.0016162945815163736,1.0011522165928979
single_out,m12_k40_capnone,12.0,40.0,none,9474,3194,POOLED,,,1.000808478947885
single_out,m12_k40_cap0.75-1.35,12.0,40.0,0.75-1.35,9474,3194,PTS,5.472863410436647,-0.39863854729075665,1.0012481989085589
single_out,m12_k40_cap0.75-1.35,12.0,40.0,0.75-1.35,9474,3194,AST,1.6522719779974766,-0.14783865115882655,1.0011919238304676
single_out,m12_k40_cap0.75-1.35,12.0,40.0,0.75-1.35,9474,3194,REB,2.064354409440965,-0.054433876707557755,1.0007645037677855
single_out,m12_k40_cap0.75-1.35,12.0,40.0,0.75-1.35,9474,3194,STL,0.8192807334378126,-0.013431541775533073,1.000385767442633
single_out,m12_k40_cap0.75-1.35,12.0,40.0,0.75-1.35,9474,3194,BLK,0.5909320913553484,-0.004280609115087075,1.0000847054099054
single_out,m12_k40_cap0.75-1.35,12.0,40.0,0.75-1.35,9474,3194,FG3M,1.0965165680517237,-0.0558546506890892,1.000761425509278
single_out,m12_k40_cap0.75-1.35,12.0,40.0,0.75-1.35,9474,3194,TOV,1.0733691846329136,0.017873187449422314,1.0009288757371357
single_out,m12_k40_cap0.75-1.35,12.0,40.0,0.75-1.35,9474,3194,FG3A,1.767380999271589,-0.10441708624724076,1.0007814865566966
single_out,m12_k40_cap0.75-1.35,12.0,40.0,0.75-1.35,9474,3194,OREB,0.9107224273661717,0.0016200586359909105,1.0011563544146338
single_out,m12_k40_cap0.75-1.35,12.0,40.0,0.75-1.35,9474,3194,POOLED,,,1.0008114712863438
single_out,m12_k40_cap0.85-1.20,12.0,40.0,0.85-1.20,9474,3194,PTS,5.472863180723305,-0.3986383175774152,1.0012481568830134
single_out,m12_k40_cap0.85-1.20,12.0,40.0,0.85-1.20,9474,3194,AST,1.6522452044497171,-0.1478126722617146,1.001175700436168
single_out,m12_k40_cap0.85-1.20,12.0,40.0,0.85-1.20,9474,3194,REB,2.064354409440965,-0.054433876707557755,1.0007645037677855
single_out,m12_k40_cap0.85-1.20,12.0,40.0,0.85-1.20,9474,3194,STL,0.8192646268730257,-0.013420725670865065,1.0003661004621738
single_out,m12_k40_cap0.85-1.20,12.0,40.0,0.85-1.20,9474,3194,BLK,0.5909757900422338,-0.00420716647323848,1.0001586604193553
single_out,m12_k40_cap0.85-1.20,12.0,40.0,0.85-1.20,9474,3194,FG3M,1.096502792871739,-0.055848070435760004,1.000748853269916
single_out,m12_k40_cap0.85-1.20,12.0,40.0,0.85-1.20,9474,3194,TOV,1.0733562492322233,0.01783335267710237,1.0009168133300388
single_out,m12_k40_cap0.85-1.20,12.0,40.0,0.85-1.20,9474,3194,FG3A,1.76736899087296,-0.10442625250525571,1.000774686787413
single_out,m12_k40_cap0.85-1.20,12.0,40.0,0.85-1.20,9474,3194,OREB,0.9107224571688,0.001614826691577542,1.0011563871766367
single_out,m12_k40_cap0.85-1.20,12.0,40.0,0.85-1.20,9474,3194,POOLED,,,1.0008122069480556
single_out,m12_k80_capnone,12.0,80.0,none,9474,3194,PTS,5.4688325042805,-0.42837771755553655,1.0005107535849436
single_out,m12_k80_capnone,12.0,80.0,none,9474,3194,AST,1.6512967457393306,-0.1551108652340552,1.0006009831901148
single_out,m12_k80_capnone,12.0,80.0,none,9474,3194,REB,2.063375749891394,-0.0598383328226255,1.0002900659803566
single_out,m12_k80_capnone,12.0,80.0,none,9474,3194,STL,0.8190379876470999,-0.014510523582282029,1.000089361797749
single_out,m12_k80_capnone,12.0,80.0,none,9474,3194,BLK,0.5908471447104722,-0.004816111459930425,0.9999409429682315
single_out,m12_k80_capnone,12.0,80.0,none,9474,3194,FG3M,1.095969668679905,-0.05911220969752112,1.0002622850394502
single_out,m12_k80_capnone,12.0,80.0,none,9474,3194,TOV,1.072878951843925,0.015887108545908482,1.0004717281299964
single_out,m12_k80_capnone,12.0,80.0,none,9474,3194,FG3A,1.7665374923494184,-0.11426251832712268,1.0003038498095331
single_out,m12_k80_capnone,12.0,80.0,none,9474,3194,OREB,0.9101812527027976,0.0001174918151999251,1.000561441588503
single_out,m12_k80_capnone,12.0,80.0,none,9474,3194,POOLED,,,1.000336823565431
single_out,m12_k80_cap0.75-1.35,12.0,80.0,0.75-1.35,9474,3194,PTS,5.4688325042805,-0.42837771755553655,1.0005107535849436
single_out,m12_k80_cap0.75-1.35,12.0,80.0,0.75-1.35,9474,3194,AST,1.6512967457393306,-0.1551108652340552,1.0006009831901148
single_out,m12_k80_cap0.75-1.35,12.0,80.0,0.75-1.35,9474,3194,REB,2.063375749891394,-0.0598383328226255,1.0002900659803566
single_out,m12_k80_cap0.75-1.35,12.0,80.0,0.75-1.35,9474,3194,STL,0.8190379876470999,-0.014510523582282029,1.000089361797749
single_out,m12_k80_cap0.75-1.35,12.0,80.0,0.75-1.35,9474,3194,BLK,0.5908475921686226,-0.004816568515406523,0.9999417002397676
single_out,m12_k80_cap0.75-1.35,12.0,80.0,0.75-1.35,9474,3194,FG3M,1.0959701058427225,-0.05911177253470381,1.0002626840262938
single_out,m12_k80_cap0.75-1.35,12.0,80.0,0.75-1.35,9474,3194,TOV,1.072878951843925,0.015887108545908482,1.0004717281299964
single_out,m12_k80_cap0.75-1.35,12.0,80.0,0.75-1.35,9474,3194,FG3A,1.7665377992933566,-0.11426086447532575,1.0003040236168848
single_out,m12_k80_cap0.75-1.35,12.0,80.0,0.75-1.35,9474,3194,OREB,0.9101812527027976,0.0001174918151999251,1.000561441588503
single_out,m12_k80_cap0.75-1.35,12.0,80.0,0.75-1.35,9474,3194,POOLED,,,1.0003369713505124
single_out,m12_k80_cap0.85-1.20,12.0,80.0,0.85-1.20,9474,3194,PTS,5.4688325042805,-0.42837771755553655,1.0005107535849436
single_out,m12_k80_cap0.85-1.20,12.0,80.0,0.85-1.20,9474,3194,AST,1.6512967457393306,-0.1551108652340552,1.0006009831901148
single_out,m12_k80_cap0.85-1.20,12.0,80.0,0.85-1.20,9474,3194,REB,2.063375749891394,-0.0598383328226255,1.0002900659803566
single_out,m12_k80_cap0.85-1.20,12.0,80.0,0.85-1.20,9474,3194,STL,0.8190372597954575,-0.014509795730639501,1.0000884730518111
single_out,m12_k80_cap0.85-1.20,12.0,80.0,0.85-1.20,9474,3194,BLK,0.5908551738296147,-0.004812452743296712,0.9999545313303629
single_out,m12_k80_cap0.85-1.20,12.0,80.0,0.85-1.20,9474,3194,FG3M,1.0959721814264711,-0.059111587872989854,1.0002645783562214
single_out,m12_k80_cap0.85-1.20,12.0,80.0,0.85-1.20,9474,3194,TOV,1.072878951843925,0.015887108545908482,1.0004717281299964
single_out,m12_k80_cap0.85-1.20,12.0,80.0,0.85-1.20,9474,3194,FG3A,1.7665359666955247,-0.11425970089005023,1.000302985906293
single_out,m12_k80_cap0.85-1.20,12.0,80.0,0.85-1.20,9474,3194,OREB,0.9101842538598933,0.00012049297229550019,1.000564740757829
single_out,m12_k80_cap0.85-1.20,12.0,80.0,0.85-1.20,9474,3194,POOLED,,,1.000338760031992
single_out,m12_k160_capnone,12.0,160.0,none,9474,3194,PTS,5.467064022651591,-0.4480558788920646,1.0001872138009302
single_out,m12_k160_capnone,12.0,160.0,none,9474,3194,AST,1.6507721404294604,-0.15992443940642936,1.0002830993269043
single_out,m12_k160_capnone,12.0,160.0,none,9474,3194,REB,2.06302567854891,-0.0633142987692547,1.0001203572463613
single_out,m12_k160_capnone,12.0,160.0,none,9474,3194,STL,0.8189722529801697,-0.015198479145168104,1.0000090962397534
single_out,m12_k160_capnone,12.0,160.0,none,9474,3194,BLK,0.5908436686944608,-0.005148159323485915,0.9999350602102978
single_out,m12_k160_capnone,12.0,160.0,none,9474,3194,FG3M,1.0957850578599952,-0.06127222072701858,1.0000937956680351
single_out,m12_k160_capnone,12.0,160.0,none,9474,3194,TOV,1.072617797863543,0.014587690216516012,1.0002281990966309
single_out,m12_k160_capnone,12.0,160.0,none,9474,3194,FG3A,1.766190396049016,-0.12075878985642999,1.0001073061374905
single_out,m12_k160_capnone,12.0,160.0,none,9474,3194,OREB,0.9099241066971758,-0.0008606493814148235,1.0002787612132265
single_out,m12_k160_capnone,12.0,160.0,none,9474,3194,POOLED,,,1.00013809877107
single_out,m12_k160_cap0.75-1.35,12.0,160.0,0.75-1.35,9474,3194,PTS,5.467064022651591,-0.4480558788920646,1.0001872138009302
single_out,m12_k160_cap0.75-1.35,12.0,160.0,0.75-1.35,9474,3194,AST,1.6507721404294604,-0.15992443940642936,1.0002830993269043
single_out,m12_k160_cap0.75-1.35,12.0,160.0,0.75-1.35,9474,3194,REB,2.06302567854891,-0.0633142987692547,1.0001203572463613
single_out,m12_k160_cap0.75-1.35,12.0,160.0,0.75-1.35,9474,3194,STL,0.8189722529801697,-0.015198479145168104,1.0000090962397534
single_out,m12_k160_cap0.75-1.35,12.0,160.0,0.75-1.35,9474,3194,BLK,0.5908436686944608,-0.005148159323485915,0.9999350602102978
single_out,m12_k160_cap0.75-1.35,12.0,160.0,0.75-1.35,9474,3194,FG3M,1.0957850578599952,-0.06127222072701858,1.0000937956680351
single_out,m12_k160_cap0.75-1.35,12.0,160.0,0.75-1.35,9474,3194,TOV,1.072617797863543,0.014587690216516012,1.0002281990966309
single_out,m12_k160_cap0.75-1.35,12.0,160.0,0.75-1.35,9474,3194,FG3A,1.766190396049016,-0.12075878985642999,1.0001073061374905
single_out,m12_k160_cap0.75-1.35,12.0,160.0,0.75-1.35,9474,3194,OREB,0.9099241066971758,-0.0008606493814148235,1.0002787612132265
single_out,m12_k160_cap0.75-1.35,12.0,160.0,0.75-1.35,9474,3194,POOLED,,,1.00013809877107
single_out,m12_k160_cap0.85-1.20,12.0,160.0,0.85-1.20,9474,3194,PTS,5.467064022651591,-0.4480558788920646,1.0001872138009302
single_out,m12_k160_cap0.85-1.20,12.0,160.0,0.85-1.20,9474,3194,AST,1.6507721404294604,-0.15992443940642936,1.0002830993269043
single_out,m12_k160_cap0.85-1.20,12.0,160.0,0.85-1.20,9474,3194,REB,2.06302567854891,-0.0633142987692547,1.0001203572463613
single_out,m12_k160_cap0.85-1.20,12.0,160.0,0.85-1.20,9474,3194,STL,0.8189722529801697,-0.015198479145168104,1.0000090962397534
single_out,m12_k160_cap0.85-1.20,12.0,160.0,0.85-1.20,9474,3194,BLK,0.5908437718793229,-0.005148262508348136,0.9999352348388277
single_out,m12_k160_cap0.85-1.20,12.0,160.0,0.85-1.20,9474,3194,FG3M,1.0957853029045352,-0.06127197568247881,1.000094019313651
single_out,m12_k160_cap0.85-1.20,12.0,160.0,0.85-1.20,9474,3194,TOV,1.072617797863543,0.014587690216516012,1.0002281990966309
single_out,m12_k160_cap0.85-1.20,12.0,160.0,0.85-1.20,9474,3194,FG3A,1.7661906631432733,-0.12075781762371941,1.0001074573799154
single_out,m12_k160_cap0.85-1.20,12.0,160.0,0.85-1.20,9474,3194,OREB,0.9099241066971758,-0.0008606493814148235,1.0002787612132265
single_out,m12_k160_cap0.85-1.20,12.0,160.0,0.85-1.20,9474,3194,POOLED,,,1.0001381598284667
single_out,m12_k320_capnone,12.0,320.0,none,9474,3194,PTS,5.466429814030895,-0.45962056845073423,1.0000711867431393
single_out,m12_k320_capnone,12.0,320.0,none,9474,3194,AST,1.6505354267431565,-0.16275672254212462,1.000139662995511
single_out,m12_k320_capnone,12.0,320.0,none,9474,3194,REB,2.0628829176162884,-0.06531071236110582,1.0000511491330455
single_out,m12_k320_capnone,12.0,320.0,none,9474,3194,STL,0.8189564270136709,-0.015592254156728413,0.9999897718848707
single_out,m12_k320_capnone,12.0,320.0,none,9474,3194,BLK,0.5908583997911167,-0.0053351689655713455,0.9999599908997542
single_out,m12_k320_capnone,12.0,320.0,none,9474,3194,FG3M,1.0957245138492224,-0.06254521467127482,1.000038538764225
single_out,m12_k320_capnone,12.0,320.0,none,9474,3194,TOV,1.0724846472047178,0.01383092336532831,1.0001040346049075
single_out,m12_k320_capnone,12.0,320.0,none,9474,3194,FG3A,1.7660650461335086,-0.12457476077222296,1.00003632660629
single_out,m12_k320_capnone,12.0,320.0,none,9474,3194,OREB,0.9097929823772098,-0.0014298323130449075,1.0001346163649087
single_out,m12_k320_capnone,12.0,320.0,none,9474,3194,POOLED,,,1.0000583642218501
single_out,m12_k320_cap0.75-1.35,12.0,320.0,0.75-1.35,9474,3194,PTS,5.466429814030895,-0.45962056845073423,1.0000711867431393
single_out,m12_k320_cap0.75-1.35,12.0,320.0,0.75-1.35,9474,3194,AST,1.6505354267431565,-0.16275672254212462,1.000139662995511
single_out,m12_k320_cap0.75-1.35,12.0,320.0,0.75-1.35,9474,3194,REB,2.0628829176162884,-0.06531071236110582,1.0000511491330455
single_out,m12_k320_cap0.75-1.35,12.0,320.0,0.75-1.35,9474,3194,STL,0.8189564270136709,-0.015592254156728413,0.9999897718848707
single_out,m12_k320_cap0.75-1.35,12.0,320.0,0.75-1.35,9474,3194,BLK,0.5908583997911167,-0.0053351689655713455,0.9999599908997542
single_out,m12_k320_cap0.75-1.35,12.0,320.0,0.75-1.35,9474,3194,FG3M,1.0957245138492224,-0.06254521467127482,1.000038538764225
single_out,m12_k320_cap0.75-1.35,12.0,320.0,0.75-1.35,9474,3194,TOV,1.0724846472047178,0.01383092336532831,1.0001040346049075
single_out,m12_k320_cap0.75-1.35,12.0,320.0,0.75-1.35,9474,3194,FG3A,1.7660650461335086,-0.12457476077222296,1.00003632660629
single_out,m12_k320_cap0.75-1.35,12.0,320.0,0.75-1.35,9474,3194,OREB,0.9097929823772098,-0.0014298323130449075,1.0001346163649087
single_out,m12_k320_cap0.75-1.35,12.0,320.0,0.75-1.35,9474,3194,POOLED,,,1.0000583642218501
single_out,m12_k320_cap0.85-1.20,12.0,320.0,0.85-1.20,9474,3194,PTS,5.466429814030895,-0.45962056845073423,1.0000711867431393
single_out,m12_k320_cap0.85-1.20,12.0,320.0,0.85-1.20,9474,3194,AST,1.6505354267431565,-0.16275672254212462,1.000139662995511
single_out,m12_k320_cap0.85-1.20,12.0,320.0,0.85-1.20,9474,3194,REB,2.0628829176162884,-0.06531071236110582,1.0000511491330455
single_out,m12_k320_cap0.85-1.20,12.0,320.0,0.85-1.20,9474,3194,STL,0.8189564270136709,-0.015592254156728413,0.9999897718848707
single_out,m12_k320_cap0.85-1.20,12.0,320.0,0.85-1.20,9474,3194,BLK,0.5908583997911167,-0.0053351689655713455,0.9999599908997542
single_out,m12_k320_cap0.85-1.20,12.0,320.0,0.85-1.20,9474,3194,FG3M,1.0957245138492224,-0.06254521467127482,1.000038538764225
single_out,m12_k320_cap0.85-1.20,12.0,320.0,0.85-1.20,9474,3194,TOV,1.0724846472047178,0.01383092336532831,1.0001040346049075
single_out,m12_k320_cap0.85-1.20,12.0,320.0,0.85-1.20,9474,3194,FG3A,1.7660650461335086,-0.12457476077222296,1.00003632660629
single_out,m12_k320_cap0.85-1.20,12.0,320.0,0.85-1.20,9474,3194,OREB,0.9097929823772098,-0.0014298323130449075,1.0001346163649087
single_out,m12_k320_cap0.85-1.20,12.0,320.0,0.85-1.20,9474,3194,POOLED,,,1.0000583642218501
multi_out,no_adjustment,,,,5235,0,PTS,5.813846426939592,-1.9013041738210588,1.000000000000002
multi_out,no_adjustment,,,,5235,0,AST,1.7279386791972897,-0.45633327613952607,0.9999999999999986
multi_out,no_adjustment,,,,5235,0,REB,2.0852315581674286,-0.4199648151576439,0.9999999999999991
multi_out,no_adjustment,,,,5235,0,STL,0.8125904185356672,-0.039461735804395964,1.0000000000000004
multi_out,no_adjustment,,,,5235,0,BLK,0.5925845030656558,-0.021178511293487256,1.000000000000001
multi_out,no_adjustment,,,,5235,0,FG3M,1.135274786583207,-0.15827853249651092,0.9999999999999996
multi_out,no_adjustment,,,,5235,0,TOV,1.0842018991670117,-0.17382373290489336,0.9999999999999998
multi_out,no_adjustment,,,,5235,0,FG3A,1.8482725329215208,-0.49203885365969685,0.9999999999999974
multi_out,no_adjustment,,,,5235,0,OREB,0.9115926197527152,-0.09516055955884567,0.9999999999999992
multi_out,no_adjustment,,,,5235,0,POOLED,,,0.9999999999999997
multi_out,m3_k0_capnone,3.0,0.0,none,5235,4949,PTS,5.935808433441019,-0.46888386396538506,1.020977851416285
multi_out,m3_k0_capnone,3.0,0.0,none,5235,4949,AST,1.7573706716506279,-0.1972464275900685,1.0170330074832332
multi_out,m3_k0_capnone,3.0,0.0,none,5235,4949,REB,2.1532794877243173,-0.10183466266572137,1.032633272448979
multi_out,m3_k0_capnone,3.0,0.0,none,5235,4949,STL,0.8357911756004178,-0.02597421678246154,1.0285516005794901
multi_out,m3_k0_capnone,3.0,0.0,none,5235,4949,BLK,0.6020234915716769,-0.016296409942348267,1.015928510545231
multi_out,m3_k0_capnone,3.0,0.0,none,5235,4949,FG3M,1.1769368245300773,-0.04460543373255666,1.0366977567362863
multi_out,m3_k0_capnone,3.0,0.0,none,5235,4949,TOV,1.112335151026603,-0.05522083757567242,1.0259483513921215
multi_out,m3_k0_capnone,3.0,0.0,none,5235,4949,FG3A,1.9275481478023009,-0.07168931831874355,1.0428917345622541
multi_out,m3_k0_capnone,3.0,0.0,none,5235,4949,OREB,0.9445732243057635,-0.030916956296206232,1.036179104392041
multi_out,m3_k0_capnone,3.0,0.0,none,5235,4949,POOLED,,,1.028537909950658
multi_out,m3_k0_cap0.75-1.35,3.0,0.0,0.75-1.35,5235,4949,PTS,5.924616751685616,-0.49364242465623925,1.0190528467062288
multi_out,m3_k0_cap0.75-1.35,3.0,0.0,0.75-1.35,5235,4949,AST,1.748622432102988,-0.199638677117328,1.0119701891940427
multi_out,m3_k0_cap0.75-1.35,3.0,0.0,0.75-1.35,5235,4949,REB,2.1429552791075133,-0.1035035084149403,1.0276821635055304
multi_out,m3_k0_cap0.75-1.35,3.0,0.0,0.75-1.35,5235,4949,STL,0.829585523509326,-0.02099524305368215,1.0209147247936856
multi_out,m3_k0_cap0.75-1.35,3.0,0.0,0.75-1.35,5235,4949,BLK,0.6019261986531086,-0.011321081163358494,1.015764326503858
multi_out,m3_k0_cap0.75-1.35,3.0,0.0,0.75-1.35,5235,4949,FG3M,1.171050555064924,-0.04531138498828841,1.031512871513151
multi_out,m3_k0_cap0.75-1.35,3.0,0.0,0.75-1.35,5235,4949,TOV,1.1060374507904809,-0.05335730644117069,1.0201397467023856
multi_out,m3_k0_cap0.75-1.35,3.0,0.0,0.75-1.35,5235,4949,FG3A,1.9227863212376657,-0.07167808453551756,1.0403153685340754
multi_out,m3_k0_cap0.75-1.35,3.0,0.0,0.75-1.35,5235,4949,OREB,0.9356906080042602,-0.03065159716973465,1.0264350409704734
multi_out,m3_k0_cap0.75-1.35,3.0,0.0,0.75-1.35,5235,4949,POOLED,,,1.023754142047048
multi_out,m3_k0_cap0.85-1.20,3.0,0.0,0.85-1.20,5235,4949,PTS,5.8738186989650325,-0.5594076029126742,1.010315420742378
multi_out,m3_k0_cap0.85-1.20,3.0,0.0,0.85-1.20,5235,4949,AST,1.7351491511434556,-0.21893906119614837,1.0041728749017373
multi_out,m3_k0_cap0.85-1.20,3.0,0.0,0.85-1.20,5235,4949,REB,2.1245046083647487,-0.12390937480816978,1.0188339036225946
multi_out,m3_k0_cap0.85-1.20,3.0,0.0,0.85-1.20,5235,4949,STL,0.8253518867790995,-0.020574001156566216,1.0157046747689071
multi_out,m3_k0_cap0.85-1.20,3.0,0.0,0.85-1.20,5235,4949,BLK,0.6009255457709993,-0.008901547844509647,1.014075701713752
multi_out,m3_k0_cap0.85-1.20,3.0,0.0,0.85-1.20,5235,4949,FG3M,1.1649495492296733,-0.04928330467835714,1.0261388370438287
multi_out,m3_k0_cap0.85-1.20,3.0,0.0,0.85-1.20,5235,4949,TOV,1.099560337151027,-0.05999905403890144,1.0141656623142008
multi_out,m3_k0_cap0.85-1.20,3.0,0.0,0.85-1.20,5235,4949,FG3A,1.9098212014899754,-0.08450368389979451,1.033300645587781
multi_out,m3_k0_cap0.85-1.20,3.0,0.0,0.85-1.20,5235,4949,OREB,0.929128516420859,-0.03489403318787841,1.0192365496255333
multi_out,m3_k0_cap0.85-1.20,3.0,0.0,0.85-1.20,5235,4949,POOLED,,,1.017327141146746
multi_out,m3_k3_capnone,3.0,3.0,none,5235,4949,PTS,5.817914963324432,-0.6747106699558396,1.000699801144729
multi_out,m3_k3_capnone,3.0,3.0,none,5235,4949,AST,1.7328974805907809,-0.22651026429141796,1.0028697785709573
multi_out,m3_k3_capnone,3.0,3.0,none,5235,4949,REB,2.1108312466119306,-0.15128955403059519,1.0122766645959445
multi_out,m3_k3_capnone,3.0,3.0,none,5235,4949,STL,0.8284648601052899,-0.026850590227774283,1.0195356002329314
multi_out,m3_k3_capnone,3.0,3.0,none,5235,4949,BLK,0.6002849640199774,-0.015773604741009795,1.012994705252137
multi_out,m3_k3_capnone,3.0,3.0,none,5235,4949,FG3M,1.1649855362523336,-0.056415694312279364,1.0261705359973206
multi_out,m3_k3_capnone,3.0,3.0,none,5235,4949,TOV,1.099824709905775,-0.06741741913728877,1.014409503203016
multi_out,m3_k3_capnone,3.0,3.0,none,5235,4949,FG3A,1.8895073969854208,-0.13135260260539863,1.0223099479808404
multi_out,m3_k3_capnone,3.0,3.0,none,5235,4949,OREB,0.9324818123656761,-0.03908206308372133,1.0229150523603698
multi_out,m3_k3_capnone,3.0,3.0,none,5235,4949,POOLED,,,1.0149090654820274
multi_out,m3_k3_cap0.75-1.35,3.0,3.0,0.75-1.35,5235,4949,PTS,5.818918139004163,-0.6807994220851935,1.000872350539065
multi_out,m3_k3_cap0.75-1.35,3.0,3.0,0.75-1.35,5235,4949,AST,1.7321987965705716,-0.22715860535303634,1.0024654331919107
multi_out,m3_k3_cap0.75-1.35,3.0,3.0,0.75-1.35,5235,4949,REB,2.110054171840174,-0.1511190326918595,1.0119040082505555
multi_out,m3_k3_cap0.75-1.35,3.0,3.0,0.75-1.35,5235,4949,STL,0.8268621778720695,-0.024214623479816552,1.0175632877411
multi_out,m3_k3_cap0.75-1.35,3.0,3.0,0.75-1.35,5235,4949,BLK,0.6010983036726635,-0.013088462754029088,1.014367234652549
multi_out,m3_k3_cap0.75-1.35,3.0,3.0,0.75-1.35,5235,4949,FG3M,1.1640297216160482,-0.05676344312996189,1.025328612396461
multi_out,m3_k3_cap0.75-1.35,3.0,3.0,0.75-1.35,5235,4949,TOV,1.0983532312929514,-0.06721946168792989,1.0130523033918424
multi_out,m3_k3_cap0.75-1.35,3.0,3.0,0.75-1.35,5235,4949,FG3A,1.8896227089058537,-0.13159180944545917,1.0223723370053912
multi_out,m3_k3_cap0.75-1.35,3.0,3.0,0.75-1.35,5235,4949,OREB,0.9307442940903036,-0.0383097826960383,1.0210090274126866
multi_out,m3_k3_cap0.75-1.35,3.0,3.0,0.75-1.35,5235,4949,POOLED,,,1.0143260660646178
multi_out,m3_k3_cap0.85-1.20,3.0,3.0,0.85-1.20,5235,4949,PTS,5.807328931118084,-0.7167969825658645,0.9988789700754226
multi_out,m3_k3_cap0.85-1.20,3.0,3.0,0.85-1.20,5235,4949,AST,1.727220022136091,-0.23957520482381578,0.999584095737972
multi_out,m3_k3_cap0.85-1.20,3.0,3.0,0.85-1.20,5235,4949,REB,2.103469635344765,-0.16085262355944407,1.0087463078648986
multi_out,m3_k3_cap0.85-1.20,3.0,3.0,0.85-1.20,5235,4949,STL,0.823438675581715,-0.023107706141304342,1.0133502153096974
multi_out,m3_k3_cap0.85-1.20,3.0,3.0,0.85-1.20,5235,4949,BLK,0.6004503080670712,-0.010529276010461986,1.013273727140557
multi_out,m3_k3_cap0.85-1.20,3.0,3.0,0.85-1.20,5235,4949,FG3M,1.159955866279893,-0.05914601034649026,1.0217401813097315
multi_out,m3_k3_cap0.85-1.20,3.0,3.0,0.85-1.20,5235,4949,TOV,1.0952690084289969,-0.07083581272602885,1.0102076091828356
multi_out,m3_k3_cap0.85-1.20,3.0,3.0,0.85-1.20,5235,4949,FG3A,1.8887688824587512,-0.13659225240086306,1.0219103778343845
multi_out,m3_k3_cap0.85-1.20,3.0,3.0,0.85-1.20,5235,4949,OREB,0.9266964555512668,-0.04041665827163192,1.0165686244834322
multi_out,m3_k3_cap0.85-1.20,3.0,3.0,0.85-1.20,5235,4949,POOLED,,,1.0115844565487702
multi_out,m3_k5_capnone,3.0,5.0,none,5235,4949,PTS,5.779566233422079,-0.782878558469474,0.9941036981371476
multi_out,m3_k5_capnone,3.0,5.0,none,5235,4949,AST,1.7260856160156302,-0.24261512336335345,0.998927587417325
multi_out,m3_k5_capnone,3.0,5.0,none,5235,4949,REB,2.0967616357235004,-0.17720847316735303,1.0055293991263987
multi_out,m3_k5_capnone,3.0,5.0,none,5235,4949,STL,0.825755693587587,-0.02742415193530517,1.0162016124625797
multi_out,m3_k5_capnone,3.0,5.0,none,5235,4949,BLK,0.5996544777771945,-0.015383282883011787,1.0119307451932404
multi_out,m3_k5_capnone,3.0,5.0,none,5235,4949,FG3M,1.1603538802607007,-0.06294864464404132,1.022090769542212
multi_out,m3_k5_capnone,3.0,5.0,none,5235,4949,TOV,1.096040013723852,-0.07487404923258027,1.0109187362297882
multi_out,m3_k5_capnone,3.0,5.0,none,5235,4949,FG3A,1.877844481400833,-0.16367773226772722,1.0159997770634852
multi_out,m3_k5_capnone,3.0,5.0,none,5235,4949,OREB,0.9288274080158053,-0.04329129360822873,1.018906239354773
multi_out,m3_k5_capnone,3.0,5.0,none,5235,4949,POOLED,,,1.0105120627252169
multi_out,m3_k5_cap0.75-1.35,3.0,5.0,0.75-1.35,5235,4949,PTS,5.7804624293064695,-0.7856730356872806,0.9942578466678411
multi_out,m3_k5_cap0.75-1.35,3.0,5.0,0.75-1.35,5235,4949,AST,1.7261846588946022,-0.24265888257005425,0.9989849059322494
multi_out,m3_k5_cap0.75-1.35,3.0,5.0,0.75-1.35,5235,4949,REB,2.0965886285254918,-0.17711168469642422,1.0054464312673468
multi_out,m3_k5_cap0.75-1.35,3.0,5.0,0.75-1.35,5235,4949,STL,0.8251278831615647,-0.025821530361276514,1.0154290086861857
multi_out,m3_k5_cap0.75-1.35,3.0,5.0,0.75-1.35,5235,4949,BLK,0.6003966294035035,-0.013622617155759622,1.0131831431592175
multi_out,m3_k5_cap0.75-1.35,3.0,5.0,0.75-1.35,5235,4949,FG3M,1.1600935577171942,-0.0635485744921332,1.0218614659880565
multi_out,m3_k5_cap0.75-1.35,3.0,5.0,0.75-1.35,5235,4949,TOV,1.0953899814846235,-0.07491303042318027,1.0103191871608115
multi_out,m3_k5_cap0.75-1.35,3.0,5.0,0.75-1.35,5235,4949,FG3A,1.8777992664545968,-0.16373944714574593,1.0159753137089578
multi_out,m3_k5_cap0.75-1.35,3.0,5.0,0.75-1.35,5235,4949,OREB,0.928217691595305,-0.04259722695294067,1.0182373918813636
multi_out,m3_k5_cap0.75-1.35,3.0,5.0,0.75-1.35,5235,4949,POOLED,,,1.010410521605781
multi_out,m3_k5_cap0.85-1.20,3.0,5.0,0.85-1.20,5235,4949,PTS,5.776956961502734,-0.8092743927375105,0.9936548951025069
multi_out,m3_k5_cap0.85-1.20,3.0,5.0,0.85-1.20,5235,4949,AST,1.7236165648661659,-0.25164183098677306,0.997498687665737
multi_out,m3_k5_cap0.85-1.20,3.0,5.0,0.85-1.20,5235,4949,REB,2.093375825473505,-0.18313480256707637,1.0039056896459173
multi_out,m3_k5_cap0.85-1.20,3.0,5.0,0.85-1.20,5235,4949,STL,0.8225821501272763,-0.024660359067876413,1.0122961474362635
multi_out,m3_k5_cap0.85-1.20,3.0,5.0,0.85-1.20,5235,4949,BLK,0.6000084974110479,-0.011447033304029674,1.0125281614807438
multi_out,m3_k5_cap0.85-1.20,3.0,5.0,0.85-1.20,5235,4949,FG3M,1.157275013591331,-0.06534107641572355,1.0193787682666122
multi_out,m3_k5_cap0.85-1.20,3.0,5.0,0.85-1.20,5235,4949,TOV,1.0932372420164644,-0.07740723454530982,1.0083336349589447
multi_out,m3_k5_cap0.85-1.20,3.0,5.0,0.85-1.20,5235,4949,FG3A,1.8778780137151438,-0.1665934517333253,1.0160179195796528
multi_out,m3_k5_cap0.85-1.20,3.0,5.0,0.85-1.20,5235,4949,OREB,0.9253864204229371,-0.04400296180792332,1.0151315405273498
multi_out,m3_k5_cap0.85-1.20,3.0,5.0,0.85-1.20,5235,4949,POOLED,,,1.0087494938515253
multi_out,m3_k10_capnone,3.0,10.0,none,5235,4949,PTS,5.733781832655397,-0.9923449237950669,0.9862286361894272
multi_out,m3_k10_capnone,3.0,10.0,none,5235,4949,AST,1.7185022042620977,-0.2766683793644133,0.9945388832087617
multi_out,m3_k10_capnone,3.0,10.0,none,5235,4949,REB,2.0783003873323334,-0.2254243397197254,0.9966760665941636
multi_out,m3_k10_capnone,3.0,10.0,none,5235,4949,STL,0.8219303659286189,-0.028697410756624766,1.0114940407613755
multi_out,m3_k10_capnone,3.0,10.0,none,5235,4949,BLK,0.5984752409452568,-0.014939586243876736,1.009940755873849
multi_out,m3_k10_capnone,3.0,10.0,none,5235,4949,FG3M,1.1526151496528876,-0.07691488653239757,1.0152741550104083
multi_out,m3_k10_capnone,3.0,10.0,none,5235,4949,TOV,1.0899060138528796,-0.0896921862807891,1.0052611185151492
multi_out,m3_k10_capnone,3.0,10.0,none,5235,4949,FG3A,1.860002229183156,-0.2269031588796418,1.0063463023188954
multi_out,m3_k10_capnone,3.0,10.0,none,5235,4949,OREB,0.923011026279913,-0.051462626351704066,1.0125257777210774
multi_out,m3_k10_capnone,3.0,10.0,none,5235,4949,POOLED,,,1.0042539706881233
multi_out,m3_k10_cap0.75-1.35,3.0,10.0,0.75-1.35,5235,4949,PTS,5.733926817342943,-0.9927896897859795,0.9862535740149044
multi_out,m3_k10_cap0.75-1.35,3.0,10.0,0.75-1.35,5235,4949,AST,1.7185413178844284,-0.27659563599059017,0.9945615192101439
multi_out,m3_k10_cap0.75-1.35,3.0,10.0,0.75-1.35,5235,4949,REB,2.078258309510767,-0.2253822618981594,0.9966558876258369
multi_out,m3_k10_cap0.75-1.35,3.0,10.0,0.75-1.35,5235,4949,STL,0.8218687129210642,-0.028347715845280296,1.0114181685800794
multi_out,m3_k10_cap0.75-1.35,3.0,10.0,0.75-1.35,5235,4949,BLK,0.5987147079417657,-0.014503576410314249,1.0103448619469406
multi_out,m3_k10_cap0.75-1.35,3.0,10.0,0.75-1.35,5235,4949,FG3M,1.1527545205706862,-0.07714862862995271,1.0153969190490761
multi_out,m3_k10_cap0.75-1.35,3.0,10.0,0.75-1.35,5235,4949,TOV,1.0898465104545336,-0.08991805274213562,1.0052062363032739
multi_out,m3_k10_cap0.75-1.35,3.0,10.0,0.75-1.35,5235,4949,FG3A,1.8600793735532202,-0.22683245639739505,1.006388040952506
multi_out,m3_k10_cap0.75-1.35,3.0,10.0,0.75-1.35,5235,4949,OREB,0.9229456960476616,-0.05127037097611675,1.0124541116820642
multi_out,m3_k10_cap0.75-1.35,3.0,10.0,0.75-1.35,5235,4949,POOLED,,,1.0042977021516473
multi_out,m3_k10_cap0.85-1.20,3.0,10.0,0.85-1.20,5235,4949,PTS,5.734184736890524,-1.0014138433104278,0.9862979369940134
multi_out,m3_k10_cap0.85-1.20,3.0,10.0,0.85-1.20,5235,4949,AST,1.7178778884195238,-0.281110682430057,0.9941775764968453
multi_out,m3_k10_cap0.85-1.20,3.0,10.0,0.85-1.20,5235,4949,REB,2.077765473864121,-0.22677784308282226,0.9964195418613986
multi_out,m3_k10_cap0.85-1.20,3.0,10.0,0.85-1.20,5235,4949,STL,0.8207866557162709,-0.027589778097010315,1.0100865540543467
multi_out,m3_k10_cap0.85-1.20,3.0,10.0,0.85-1.20,5235,4949,BLK,0.5988390236287551,-0.012979477590164254,1.0105546475325342
multi_out,m3_k10_cap0.85-1.20,3.0,10.0,0.85-1.20,5235,4949,FG3M,1.152072334449985,-0.07905027508087008,1.0147960194882268
multi_out,m3_k10_cap0.85-1.20,3.0,10.0,0.85-1.20,5235,4949,TOV,1.0892536360176681,-0.09132984259617152,1.0046594060151872
multi_out,m3_k10_cap0.85-1.20,3.0,10.0,0.85-1.20,5235,4949,FG3A,1.8601846243641336,-0.2284229943971407,1.0064449864565044
multi_out,m3_k10_cap0.85-1.20,3.0,10.0,0.85-1.20,5235,4949,OREB,0.921690267247484,-0.051679833685333014,1.0110769298434068
multi_out,m3_k10_cap0.85-1.20,3.0,10.0,0.85-1.20,5235,4949,POOLED,,,1.003834844304718
multi_out,m3_k20_capnone,3.0,20.0,none,5235,4949,PTS,5.71922024202328,-1.2461516484302968,0.9837239964788488
multi_out,m3_k20_capnone,3.0,20.0,none,5235,4949,AST,1.7137443966800279,-0.32364806543085456,0.9917854246286921
multi_out,m3_k20_capnone,3.0,20.0,none,5235,4949,REB,2.0687769826838145,-0.28406610717927483,0.9921089936418972
multi_out,m3_k20_capnone,3.0,20.0,none,5235,4949,STL,0.8180898081119569,-0.03092975223364547,1.0067677263364738
multi_out,m3_k20_capnone,3.0,20.0,none,5235,4949,BLK,0.5971296219808696,-0.01513945486054695,1.0076699928730855
multi_out,m3_k20_capnone,3.0,20.0,none,5235,4949,FG3M,1.1446411436384767,-0.09703665792665879,1.0082502995450633
multi_out,m3_k20_capnone,3.0,20.0,none,5235,4949,TOV,1.0847874283690049,-0.10963860028323281,1.000540055502986
multi_out,m3_k20_capnone,3.0,20.0,none,5235,4949,FG3A,1.8464863497997261,-0.3041598564066603,0.9990335932120487
multi_out,m3_k20_capnone,3.0,20.0,none,5235,4949,OREB,0.9177234146502287,-0.06241633952243872,1.0067253669727776
multi_out,m3_k20_capnone,3.0,20.0,none,5235,4949,POOLED,,,0.9996228276879859
multi_out,m3_k20_cap0.75-1.35,3.0,20.0,0.75-1.35,5235,4949,PTS,5.71922024202328,-1.2461516484302968,0.9837239964788488
multi_out,m3_k20_cap0.75-1.35,3.0,20.0,0.75-1.35,5235,4949,AST,1.7137443966800279,-0.32364806543085456,0.9917854246286921
multi_out,m3_k20_cap0.75-1.35,3.0,20.0,0.75-1.35,5235,4949,REB,2.0687769826838145,-0.28406610717927483,0.9921089936418972
multi_out,m3_k20_cap0.75-1.35,3.0,20.0,0.75-1.35,5235,4949,STL,0.8180950422958732,-0.030925638292263094,1.0067741676921642
multi_out,m3_k20_cap0.75-1.35,3.0,20.0,0.75-1.35,5235,4949,BLK,0.5970987264662281,-0.015187079610951951,1.0076178559804032
multi_out,m3_k20_cap0.75-1.35,3.0,20.0,0.75-1.35,5235,4949,FG3M,1.14466353893885,-0.09701563644906547,1.0082700263113387
multi_out,m3_k20_cap0.75-1.35,3.0,20.0,0.75-1.35,5235,4949,TOV,1.0848133978507963,-0.10967527484678048,1.000564008128241
multi_out,m3_k20_cap0.75-1.35,3.0,20.0,0.75-1.35,5235,4949,FG3A,1.846546704934466,-0.30410854294539374,0.9990662481012302
multi_out,m3_k20_cap0.75-1.35,3.0,20.0,0.75-1.35,5235,4949,OREB,0.9177304135046961,-0.062372742803038984,1.0067330445848115
multi_out,m3_k20_cap0.75-1.35,3.0,20.0,0.75-1.35,5235,4949,POOLED,,,0.9996270850608474
multi_out,m3_k20_cap0.85-1.20,3.0,20.0,0.85-1.20,5235,4949,PTS,5.719527083603797,-1.2476242262279924,0.9837767742025767
multi_out,m3_k20_cap0.85-1.20,3.0,20.0,0.85-1.20,5235,4949,AST,1.7134760635560107,-0.32407086495162374,0.9916301337452553
multi_out,m3_k20_cap0.85-1.20,3.0,20.0,0.85-1.20,5235,4949,REB,2.068792294257826,-0.2840015008882895,0.9921163365069864
multi_out,m3_k20_cap0.85-1.20,3.0,20.0,0.85-1.20,5235,4949,STL,0.8179576121724598,-0.03085036834893453,1.0066050417459573
multi_out,m3_k20_cap0.85-1.20,3.0,20.0,0.85-1.20,5235,4949,BLK,0.5972065139217564,-0.014709486167272788,1.0077997497946536
multi_out,m3_k20_cap0.85-1.20,3.0,20.0,0.85-1.20,5235,4949,FG3M,1.1446175812078314,-0.09774737788784356,1.0082295447190743
multi_out,m3_k20_cap0.85-1.20,3.0,20.0,0.85-1.20,5235,4949,TOV,1.0848024485832288,-0.1104923484294723,1.0005539092088644
multi_out,m3_k20_cap0.85-1.20,3.0,20.0,0.85-1.20,5235,4949,FG3A,1.8467314213894432,-0.304683814247315,0.9991661881542727
multi_out,m3_k20_cap0.85-1.20,3.0,20.0,0.85-1.20,5235,4949,OREB,0.9175149624620477,-0.062493506062876875,1.006496698833453
multi_out,m3_k20_cap0.85-1.20,3.0,20.0,0.85-1.20,5235,4949,POOLED,,,0.9995971529901214
multi_out,m3_k40_capnone,3.0,40.0,none,5235,4949,PTS,5.733606558724331,-1.485132789666631,0.9861984885181275
multi_out,m3_k40_capnone,3.0,40.0,none,5235,4949,AST,1.7140736606290206,-0.3707734044862877,0.9919759776575447
multi_out,m3_k40_capnone,3.0,40.0,none,5235,4949,REB,2.0702008371420773,-0.3358841319286095,0.9927918216245669
multi_out,m3_k40_capnone,3.0,40.0,none,5235,4949,STL,0.8147551442976008,-0.03380726089789909,1.002663981401399
multi_out,m3_k40_capnone,3.0,40.0,none,5235,4949,BLK,0.5954473854925844,-0.01631272574891062,1.0048311800462524
multi_out,m3_k40_capnone,3.0,40.0,none,5235,4949,FG3M,1.1393217332974073,-0.1183046559447883,1.0035647287881553
multi_out,m3_k40_capnone,3.0,40.0,none,5235,4949,TOV,1.0822592724603064,-0.13182789256711183,0.9982082426638451
multi_out,m3_k40_capnone,3.0,40.0,none,5235,4949,FG3A,1.8425614800144259,-0.3737968416985918,0.9969100590928156
multi_out,m3_k40_capnone,3.0,40.0,none,5235,4949,OREB,0.9140905718970934,-0.0738160134409185,1.0027402066342477
multi_out,m3_k40_capnone,3.0,40.0,none,5235,4949,POOLED,,,0.9977649651585505
multi_out,m3_k40_cap0.75-1.35,3.0,40.0,0.75-1.35,5235,4949,PTS,5.733606558724331,-1.485132789666631,0.9861984885181275
multi_out,m3_k40_cap0.75-1.35,3.0,40.0,0.75-1.35,5235,4949,AST,1.7140736606290206,-0.3707734044862877,0.9919759776575447
multi_out,m3_k40_cap0.75-1.35,3.0,40.0,0.75-1.35,5235,4949,REB,2.0702008371420773,-0.3358841319286095,0.9927918216245669
multi_out,m3_k40_cap0.75-1.35,3.0,40.0,0.75-1.35,5235,4949,STL,0.8147551442976008,-0.03380726089789909,1.002663981401399
multi_out,m3_k40_cap0.75-1.35,3.0,40.0,0.75-1.35,5235,4949,BLK,0.5954285522821089,-0.01632831765979008,1.0047993985697237
multi_out,m3_k40_cap0.75-1.35,3.0,40.0,0.75-1.35,5235,4949,FG3M,1.1393288969580848,-0.11829774725775082,1.0035710388557813
multi_out,m3_k40_cap0.75-1.35,3.0,40.0,0.75-1.35,5235,4949,TOV,1.0822592724603064,-0.13182789256711183,0.9982082426638451
multi_out,m3_k40_cap0.75-1.35,3.0,40.0,0.75-1.35,5235,4949,FG3A,1.842587530523823,-0.3737707911891946,0.9969241536102275
multi_out,m3_k40_cap0.75-1.35,3.0,40.0,0.75-1.35,5235,4949,OREB,0.9140926526543781,-0.07381261510249176,1.0027424891859484
multi_out,m3_k40_cap0.75-1.35,3.0,40.0,0.75-1.35,5235,4949,POOLED,,,0.9977639546763517
multi_out,m3_k40_cap0.85-1.20,3.0,40.0,0.85-1.20,5235,4949,PTS,5.733606558724331,-1.485132789666631,0.9861984885181275
multi_out,m3_k40_cap0.85-1.20,3.0,40.0,0.85-1.20,5235,4949,AST,1.7140555794274799,-0.37073055897838814,0.9919655136279132
multi_out,m3_k40_cap0.85-1.20,3.0,40.0,0.85-1.20,5235,4949,REB,2.0702008371420773,-0.3358841319286095,0.9927918216245669
multi_out,m3_k40_cap0.85-1.20,3.0,40.0,0.85-1.20,5235,4949,STL,0.814764649162648,-0.033807873854494346,1.0026756783951494
multi_out,m3_k40_cap0.85-1.20,3.0,40.0,0.85-1.20,5235,4949,BLK,0.5954430043852406,-0.01633067741115381,1.0048237868266845
multi_out,m3_k40_cap0.85-1.20,3.0,40.0,0.85-1.20,5235,4949,FG3M,1.1393146045236424,-0.11831682341629318,1.0035584494504572
multi_out,m3_k40_cap0.85-1.20,3.0,40.0,0.85-1.20,5235,4949,TOV,1.0822631846895325,-0.13193048544600142,0.9982118510593194
multi_out,m3_k40_cap0.85-1.20,3.0,40.0,0.85-1.20,5235,4949,FG3A,1.8426235288093626,-0.3737615670382367,0.9969436303296497
multi_out,m3_k40_cap0.85-1.20,3.0,40.0,0.85-1.20,5235,4949,OREB,0.9140650983507358,-0.07387034371073246,1.0027122626318439
multi_out,m3_k40_cap0.85-1.20,3.0,40.0,0.85-1.20,5235,4949,POOLED,,,0.9977646091626348
multi_out,m3_k80_capnone,3.0,80.0,none,5235,4949,PTS,5.761700378618168,-1.6613197312716743,0.9910307145232142
multi_out,m3_k80_capnone,3.0,80.0,none,5235,4949,AST,1.7180482079748056,-0.40724891913241845,0.9942761445521429
multi_out,m3_k80_capnone,3.0,80.0,none,5235,4949,REB,2.0750240097419916,-0.3722034789592138,0.995104836973401
multi_out,m3_k80_capnone,3.0,80.0,none,5235,4949,STL,0.813110523742564,-0.036248526891743404,1.000640058256944
multi_out,m3_k80_capnone,3.0,80.0,none,5235,4949,BLK,0.5941794743307172,-0.018119719600125702,1.002691550752358
multi_out,m3_k80_capnone,3.0,80.0,none,5235,4949,FG3M,1.136504412156262,-0.13507614727021686,1.001083108325479
multi_out,m3_k80_capnone,3.0,80.0,none,5235,4949,TOV,1.081824685119319,-0.14961728098052704,0.9978074064899541
multi_out,m3_k80_capnone,3.0,80.0,none,5235,4949,FG3A,1.8433285596701507,-0.4240082420121963,0.9973250842809638
multi_out,m3_k80_capnone,3.0,80.0,none,5235,4949,OREB,0.9123138258066051,-0.0829586410878643,1.000791149509399
multi_out,m3_k80_capnone,3.0,80.0,none,5235,4949,POOLED,,,0.9978611170737618
multi_out,m3_k80_cap0.75-1.35,3.0,80.0,0.75-1.35,5235,4949,PTS,5.761700378618168,-1.6613197312716743,0.9910307145232142
multi_out,m3_k80_cap0.75-1.35,3.0,80.0,0.75-1.35,5235,4949,AST,1.7180482079748056,-0.40724891913241845,0.9942761445521429
multi_out,m3_k80_cap0.75-1.35,3.0,80.0,0.75-1.35,5235,4949,REB,2.0750240097419916,-0.3722034789592138,0.995104836973401
multi_out,m3_k80_cap0.75-1.35,3.0,80.0,0.75-1.35,5235,4949,STL,0.813110523742564,-0.036248526891743404,1.000640058256944
multi_out,m3_k80_cap0.75-1.35,3.0,80.0,0.75-1.35,5235,4949,BLK,0.5941793093590588,-0.01811988457178393,1.0026912723588841
multi_out,m3_k80_cap0.75-1.35,3.0,80.0,0.75-1.35,5235,4949,FG3M,1.1365074300725326,-0.1350731293539461,1.0010857666389608
multi_out,m3_k80_cap0.75-1.35,3.0,80.0,0.75-1.35,5235,4949,TOV,1.081824685119319,-0.14961728098052704,0.9978074064899541
multi_out,m3_k80_cap0.75-1.35,3.0,80.0,0.75-1.35,5235,4949,FG3A,1.8433353844040912,-0.4240014172782557,0.9973287767742616
multi_out,m3_k80_cap0.75-1.35,3.0,80.0,0.75-1.35,5235,4949,OREB,0.9123138258066051,-0.0829586410878643,1.000791149509399
multi_out,m3_k80_cap0.75-1.35,3.0,80.0,0.75-1.35,5235,4949,POOLED,,,0.9978617917863513
multi_out,m3_k80_cap0.85-1.20,3.0,80.0,0.85-1.20,5235,4949,PTS,5.761700378618168,-1.6613197312716743,0.9910307145232142
multi_out,m3_k80_cap0.85-1.20,3.0,80.0,0.85-1.20,5235,4949,AST,1.7180482079748056,-0.40724891913241845,0.9942761445521429
multi_out,m3_k80_cap0.85-1.20,3.0,80.0,0.85-1.20,5235,4949,REB,2.0750240097419916,-0.3722034789592138,0.995104836973401
multi_out,m3_k80_cap0.85-1.20,3.0,80.0,0.85-1.20,5235,4949,STL,0.8131108616627318,-0.03624818897157571,1.0006404741124109
multi_out,m3_k80_cap0.85-1.20,3.0,80.0,0.85-1.20,5235,4949,BLK,0.5941680683795816,-0.018128895473917092,1.0026723029470634
multi_out,m3_k80_cap0.85-1.20,3.0,80.0,0.85-1.20,5235,4949,FG3M,1.136515297678304,-0.1350700184046528,1.0010926967724088
multi_out,m3_k80_cap0.85-1.20,3.0,80.0,0.85-1.20,5235,4949,TOV,1.081824685119319,-0.14961728098052704,0.9978074064899541
multi_out,m3_k80_cap0.85-1.20,3.0,80.0,0.85-1.20,5235,4949,FG3A,1.8433542610713087,-0.42398224689271574,0.9973389899148463
multi_out,m3_k80_cap0.85-1.20,3.0,80.0,0.85-1.20,5235,4949,OREB,0.9123149541396095,-0.08295655984071092,1.0007923872695346
multi_out,m3_k80_cap0.85-1.20,3.0,80.0,0.85-1.20,5235,4949,POOLED,,,0.9978617726172195
multi_out,m3_k160_capnone,3.0,160.0,none,5235,4949,PTS,5.7833432194447605,-1.771068459745921,0.9947533516961374
multi_out,m3_k160_capnone,3.0,160.0,none,5235,4949,AST,1.722056689211561,-0.429767658926045,0.9965959498120248
multi_out,m3_k160_capnone,3.0,160.0,none,5235,4949,REB,2.07912081393039,-0.39426679479330307,0.9970695128734716
multi_out,m3_k160_capnone,3.0,160.0,none,5235,4949,STL,0.8125854880190903,-0.03772345303141947,0.9999939323471407
multi_out,m3_k160_capnone,3.0,160.0,none,5235,4949,BLK,0.5933978428213786,-0.019535070294262043,1.00137252957429
multi_out,m3_k160_capnone,3.0,160.0,none,5235,4949,FG3M,1.135624969123621,-0.14564895883683968,1.0003084561945286
multi_out,m3_k160_capnone,3.0,160.0,none,5235,4949,TOV,1.082423120194122,-0.16074376735923498,0.9983593655625795
multi_out,m3_k160_capnone,3.0,160.0,none,5235,4949,FG3A,1.845150977038669,-0.4550815292149836,0.9983110954541307
multi_out,m3_k160_capnone,3.0,160.0,none,5235,4949,OREB,0.9117643079034278,-0.08860842707309845,1.0001883386800108
multi_out,m3_k160_capnone,3.0,160.0,none,5235,4949,POOLED,,,0.9985502813549239
multi_out,m3_k160_cap0.75-1.35,3.0,160.0,0.75-1.35,5235,4949,PTS,5.7833432194447605,-1.771068459745921,0.9947533516961374
multi_out,m3_k160_cap0.75-1.35,3.0,160.0,0.75-1.35,5235,4949,AST,1.722056689211561,-0.429767658926045,0.9965959498120248
multi_out,m3_k160_cap0.75-1.35,3.0,160.0,0.75-1.35,5235,4949,REB,2.07912081393039,-0.39426679479330307,0.9970695128734716
multi_out,m3_k160_cap0.75-1.35,3.0,160.0,0.75-1.35,5235,4949,STL,0.8125854880190903,-0.03772345303141947,0.9999939323471407
multi_out,m3_k160_cap0.75-1.35,3.0,160.0,0.75-1.35,5235,4949,BLK,0.5933978428213786,-0.019535070294262043,1.00137252957429
multi_out,m3_k160_cap0.75-1.35,3.0,160.0,0.75-1.35,5235,4949,FG3M,1.135624969123621,-0.14564895883683968,1.0003084561945286
multi_out,m3_k160_cap0.75-1.35,3.0,160.0,0.75-1.35,5235,4949,TOV,1.082423120194122,-0.16074376735923498,0.9983593655625795
multi_out,m3_k160_cap0.75-1.35,3.0,160.0,0.75-1.35,5235,4949,FG3A,1.845150977038669,-0.4550815292149836,0.9983110954541307
multi_out,m3_k160_cap0.75-1.35,3.0,160.0,0.75-1.35,5235,4949,OREB,0.9117643079034278,-0.08860842707309845,1.0001883386800108
multi_out,m3_k160_cap0.75-1.35,3.0,160.0,0.75-1.35,5235,4949,POOLED,,,0.9985502813549239
multi_out,m3_k160_cap0.85-1.20,3.0,160.0,0.85-1.20,5235,4949,PTS,5.7833432194447605,-1.771068459745921,0.9947533516961374
multi_out,m3_k160_cap0.85-1.20,3.0,160.0,0.85-1.20,5235,4949,AST,1.722056689211561,-0.429767658926045,0.9965959498120248
multi_out,m3_k160_cap0.85-1.20,3.0,160.0,0.85-1.20,5235,4949,REB,2.07912081393039,-0.39426679479330307,0.9970695128734716
multi_out,m3_k160_cap0.85-1.20,3.0,160.0,0.85-1.20,5235,4949,STL,0.8125854880190903,-0.03772345303141947,0.9999939323471407
multi_out,m3_k160_cap0.85-1.20,3.0,160.0,0.85-1.20,5235,4949,BLK,0.5933971654106023,-0.019535747705038315,1.0013713864279996
multi_out,m3_k160_cap0.85-1.20,3.0,160.0,0.85-1.20,5235,4949,FG3M,1.13562682966944,-0.1456470982910209,1.000310095045176
multi_out,m3_k160_cap0.85-1.20,3.0,160.0,0.85-1.20,5235,4949,TOV,1.082423120194122,-0.16074376735923498,0.9983593655625795
multi_out,m3_k160_cap0.85-1.20,3.0,160.0,0.85-1.20,5235,4949,FG3A,1.845154681206369,-0.45507782504728356,0.9983130995783246
multi_out,m3_k160_cap0.85-1.20,3.0,160.0,0.85-1.20,5235,4949,OREB,0.9117643079034278,-0.08860842707309845,1.0001883386800108
multi_out,m3_k160_cap0.85-1.20,3.0,160.0,0.85-1.20,5235,4949,POOLED,,,0.9985505591136515
multi_out,m3_k320_capnone,3.0,320.0,none,5235,4949,PTS,5.797309728701267,-1.8331447686541806,0.9971556355252715
multi_out,m3_k320_capnone,3.0,320.0,none,5235,4949,AST,1.724658141152336,-0.44245260281685433,0.9981014731110249
multi_out,m3_k320_capnone,3.0,320.0,none,5235,4949,REB,2.0819186828203304,-0.40658711277419907,0.9984112674037932
multi_out,m3_k320_capnone,3.0,320.0,none,5235,4949,STL,0.8125130494412757,-0.03855410602803975,0.9999047870949175
multi_out,m3_k320_capnone,3.0,320.0,none,5235,4949,BLK,0.5929895982280228,-0.020329680094984176,1.0006836074184726
multi_out,m3_k320_capnone,3.0,320.0,none,5235,4949,FG3M,1.135392306451776,-0.1516617616920449,1.0001035166727539
multi_out,m3_k320_capnone,3.0,320.0,none,5235,4949,TOV,1.0831591725449974,-0.1669975315464418,0.9990382542007945
multi_out,m3_k320_capnone,3.0,320.0,none,5235,4949,FG3A,1.8465452276386927,-0.4726852192136961,0.9990654488166296
multi_out,m3_k320_capnone,3.0,320.0,none,5235,4949,OREB,0.9116353946964602,-0.09176873775398475,1.0000469233107174
multi_out,m3_k320_capnone,3.0,320.0,none,5235,4949,POOLED,,,0.9991678792838194
multi_out,m3_k320_cap0.75-1.35,3.0,320.0,0.75-1.35,5235,4949,PTS,5.797309728701267,-1.8331447686541806,0.9971556355252715
multi_out,m3_k320_cap0.75-1.35,3.0,320.0,0.75-1.35,5235,4949,AST,1.724658141152336,-0.44245260281685433,0.9981014731110249
multi_out,m3_k320_cap0.75-1.35,3.0,320.0,0.75-1.35,5235,4949,REB,2.0819186828203304,-0.40658711277419907,0.9984112674037932
multi_out,m3_k320_cap0.75-1.35,3.0,320.0,0.75-1.35,5235,4949,STL,0.8125130494412757,-0.03855410602803975,0.9999047870949175
multi_out,m3_k320_cap0.75-1.35,3.0,320.0,0.75-1.35,5235,4949,BLK,0.5929895982280228,-0.020329680094984176,1.0006836074184726
multi_out,m3_k320_cap0.75-1.35,3.0,320.0,0.75-1.35,5235,4949,FG3M,1.135392306451776,-0.1516617616920449,1.0001035166727539
multi_out,m3_k320_cap0.75-1.35,3.0,320.0,0.75-1.35,5235,4949,TOV,1.0831591725449974,-0.1669975315464418,0.9990382542007945
multi_out,m3_k320_cap0.75-1.35,3.0,320.0,0.75-1.35,5235,4949,FG3A,1.8465452276386927,-0.4726852192136961,0.9990654488166296
multi_out,m3_k320_cap0.75-1.35,3.0,320.0,0.75-1.35,5235,4949,OREB,0.9116353946964602,-0.09176873775398475,1.0000469233107174
multi_out,m3_k320_cap0.75-1.35,3.0,320.0,0.75-1.35,5235,4949,POOLED,,,0.9991678792838194
multi_out,m3_k320_cap0.85-1.20,3.0,320.0,0.85-1.20,5235,4949,PTS,5.797309728701267,-1.8331447686541806,0.9971556355252715
multi_out,m3_k320_cap0.85-1.20,3.0,320.0,0.85-1.20,5235,4949,AST,1.724658141152336,-0.44245260281685433,0.9981014731110249
multi_out,m3_k320_cap0.85-1.20,3.0,320.0,0.85-1.20,5235,4949,REB,2.0819186828203304,-0.40658711277419907,0.9984112674037932
multi_out,m3_k320_cap0.85-1.20,3.0,320.0,0.85-1.20,5235,4949,STL,0.8125130494412757,-0.03855410602803975,0.9999047870949175
multi_out,m3_k320_cap0.85-1.20,3.0,320.0,0.85-1.20,5235,4949,BLK,0.5929895982280228,-0.020329680094984176,1.0006836074184726
multi_out,m3_k320_cap0.85-1.20,3.0,320.0,0.85-1.20,5235,4949,FG3M,1.135392306451776,-0.1516617616920449,1.0001035166727539
multi_out,m3_k320_cap0.85-1.20,3.0,320.0,0.85-1.20,5235,4949,TOV,1.0831591725449974,-0.1669975315464418,0.9990382542007945
multi_out,m3_k320_cap0.85-1.20,3.0,320.0,0.85-1.20,5235,4949,FG3A,1.8465452276386927,-0.4726852192136961,0.9990654488166296
multi_out,m3_k320_cap0.85-1.20,3.0,320.0,0.85-1.20,5235,4949,OREB,0.9116353946964602,-0.09176873775398475,1.0000469233107174
multi_out,m3_k320_cap0.85-1.20,3.0,320.0,0.85-1.20,5235,4949,POOLED,,,0.9991678792838194
multi_out,m5_k0_capnone,5.0,0.0,none,5235,4588,PTS,5.873218230701083,-0.6260009951152783,1.0102121382990772
multi_out,m5_k0_capnone,5.0,0.0,none,5235,4588,AST,1.7468188221860725,-0.2225718834705999,1.0109263964144555
multi_out,m5_k0_capnone,5.0,0.0,none,5235,4588,REB,2.124243410997953,-0.14392407294077905,1.0187086430174725
multi_out,m5_k0_capnone,5.0,0.0,none,5235,4588,STL,0.8325281658161041,-0.02616294960075427,1.0245360354068245
multi_out,m5_k0_capnone,5.0,0.0,none,5235,4588,BLK,0.6023829808110163,-0.012796366877572315,1.0165351569179923
multi_out,m5_k0_capnone,5.0,0.0,none,5235,4588,FG3M,1.170579371830763,-0.05233332574425377,1.0310978325818463
multi_out,m5_k0_capnone,5.0,0.0,none,5235,4588,TOV,1.1083682903085603,-0.0651927762093751,1.0222895672476826
multi_out,m5_k0_capnone,5.0,0.0,none,5235,4588,FG3A,1.908754676464111,-0.11847823623547858,1.0327236067545638
multi_out,m5_k0_capnone,5.0,0.0,none,5235,4588,OREB,0.9377122105469513,-0.037270635529824604,1.0286527010292392
multi_out,m5_k0_capnone,5.0,0.0,none,5235,4588,POOLED,,,1.0217424530743502
multi_out,m5_k0_cap0.75-1.35,5.0,0.0,0.75-1.35,5235,4588,PTS,5.862581427955481,-0.6422608641856414,1.0083825745362103
multi_out,m5_k0_cap0.75-1.35,5.0,0.0,0.75-1.35,5235,4588,AST,1.7442530395205067,-0.22793688574056475,1.0094415157896652
multi_out,m5_k0_cap0.75-1.35,5.0,0.0,0.75-1.35,5235,4588,REB,2.1206382676766453,-0.14760782510177956,1.0169797495009771
multi_out,m5_k0_cap0.75-1.35,5.0,0.0,0.75-1.35,5235,4588,STL,0.8267567946860759,-0.022086259154612937,1.0174335997905781
multi_out,m5_k0_cap0.75-1.35,5.0,0.0,0.75-1.35,5235,4588,BLK,0.6015423696758506,-0.010236609930896584,1.0151166062626564
multi_out,m5_k0_cap0.75-1.35,5.0,0.0,0.75-1.35,5235,4588,FG3M,1.1661324806903937,-0.05480268247780407,1.0271808151399693
multi_out,m5_k0_cap0.75-1.35,5.0,0.0,0.75-1.35,5235,4588,TOV,1.1032779834728652,-0.06590186299332776,1.0175945866913805
multi_out,m5_k0_cap0.75-1.35,5.0,0.0,0.75-1.35,5235,4588,FG3A,1.9073446477939382,-0.11982167362208328,1.031960716734257
multi_out,m5_k0_cap0.75-1.35,5.0,0.0,0.75-1.35,5235,4588,OREB,0.9326496814375854,-0.03618275716368543,1.0230992015825902
multi_out,m5_k0_cap0.75-1.35,5.0,0.0,0.75-1.35,5235,4588,POOLED,,,1.0185765962253648
multi_out,m5_k0_cap0.85-1.20,5.0,0.0,0.85-1.20,5235,4588,PTS,5.830206907363467,-0.713349266337042,1.002814054452501
multi_out,m5_k0_cap0.85-1.20,5.0,0.0,0.85-1.20,5235,4588,AST,1.7342556579765416,-0.2501126346872561,1.0036557887471933
multi_out,m5_k0_cap0.85-1.20,5.0,0.0,0.85-1.20,5235,4588,REB,2.110918386707463,-0.16572424680857084,1.0123184537656849
multi_out,m5_k0_cap0.85-1.20,5.0,0.0,0.85-1.20,5235,4588,STL,0.8226746406772568,-0.022192871586276683,1.0124099692927249
multi_out,m5_k0_cap0.85-1.20,5.0,0.0,0.85-1.20,5235,4588,BLK,0.599923121560535,-0.008907687260926975,1.0123840877662418
multi_out,m5_k0_cap0.85-1.20,5.0,0.0,0.85-1.20,5235,4588,FG3M,1.160604909774946,-0.06090521534512899,1.0223118873871706
multi_out,m5_k0_cap0.85-1.20,5.0,0.0,0.85-1.20,5235,4588,TOV,1.097102201577774,-0.0726459745781979,1.0118984318517366
multi_out,m5_k0_cap0.85-1.20,5.0,0.0,0.85-1.20,5235,4588,FG3A,1.8995296013793492,-0.13329278855553361,1.027732419080428
multi_out,m5_k0_cap0.85-1.20,5.0,0.0,0.85-1.20,5235,4588,OREB,0.9266389509681922,-0.04101711411318671,1.016505543034736
multi_out,m5_k0_cap0.85-1.20,5.0,0.0,0.85-1.20,5235,4588,POOLED,,,1.0135589594864909
multi_out,m5_k3_capnone,5.0,3.0,none,5235,4588,PTS,5.802725740807119,-0.803802182742416,0.9980872067619586
multi_out,m5_k3_capnone,5.0,3.0,none,5235,4588,AST,1.7326194079224586,-0.24960565436846432,1.0027088511771383
multi_out,m5_k3_capnone,5.0,3.0,none,5235,4588,REB,2.1006997055726444,-0.1835056267642642,1.0074179519030528
multi_out,m5_k3_capnone,5.0,3.0,none,5235,4588,STL,0.8265061461621734,-0.026709498327749086,1.0171251436259656
multi_out,m5_k3_capnone,5.0,3.0,none,5235,4588,BLK,0.6004292778580578,-0.013434648811983538,1.0132382381783842
multi_out,m5_k3_capnone,5.0,3.0,none,5235,4588,FG3M,1.1613563337571848,-0.06441839821465521,1.0229737747038972
multi_out,m5_k3_capnone,5.0,3.0,none,5235,4588,TOV,1.0982712900551799,-0.07727539442930435,1.0129767259206772
multi_out,m5_k3_capnone,5.0,3.0,none,5235,4588,FG3A,1.8835790098988938,-0.17133496021705394,1.0191024193394034
multi_out,m5_k3_capnone,5.0,3.0,none,5235,4588,OREB,0.9296978092742789,-0.044386463212395075,1.0198610532043078
multi_out,m5_k3_capnone,5.0,3.0,none,5235,4588,POOLED,,,1.0126101516460873
multi_out,m5_k3_cap0.75-1.35,5.0,3.0,0.75-1.35,5235,4588,PTS,5.801778776289436,-0.8085884082482548,0.997924325865536
multi_out,m5_k3_cap0.75-1.35,5.0,3.0,0.75-1.35,5235,4588,AST,1.7327471510904426,-0.25128165728589613,1.0027827792450275
multi_out,m5_k3_cap0.75-1.35,5.0,3.0,0.75-1.35,5235,4588,REB,2.1000141900819633,-0.18339703216283487,1.0070892040054893
multi_out,m5_k3_cap0.75-1.35,5.0,3.0,0.75-1.35,5235,4588,STL,0.8244911697604561,-0.02439958278339476,1.0146454486212564
multi_out,m5_k3_cap0.75-1.35,5.0,3.0,0.75-1.35,5235,4588,BLK,0.6004661386846838,-0.01179119466351108,1.0133004416724605
multi_out,m5_k3_cap0.75-1.35,5.0,3.0,0.75-1.35,5235,4588,FG3M,1.160263983509767,-0.06571260177882204,1.0220115845272744
multi_out,m5_k3_cap0.75-1.35,5.0,3.0,0.75-1.35,5235,4588,TOV,1.0972707327160256,-0.07784093994234016,1.0120538744297114
multi_out,m5_k3_cap0.75-1.35,5.0,3.0,0.75-1.35,5235,4588,FG3A,1.8835938021641052,-0.17205940817216897,1.0191104226316388
multi_out,m5_k3_cap0.75-1.35,5.0,3.0,0.75-1.35,5235,4588,OREB,0.9286413567164635,-0.04346575702810135,1.0187021445702056
multi_out,m5_k3_cap0.75-1.35,5.0,3.0,0.75-1.35,5235,4588,POOLED,,,1.0119578028409555
multi_out,m5_k3_cap0.85-1.20,5.0,3.0,0.85-1.20,5235,4588,PTS,5.791752041761582,-0.8448908763086256,0.9961996957684298
multi_out,m5_k3_cap0.85-1.20,5.0,3.0,0.85-1.20,5235,4588,AST,1.728854253438846,-0.264940982340436,1.0005298650076977
multi_out,m5_k3_cap0.85-1.20,5.0,3.0,0.85-1.20,5235,4588,REB,2.0963352997246747,-0.19488503697042409,1.005324944135702
multi_out,m5_k3_cap0.85-1.20,5.0,3.0,0.85-1.20,5235,4588,STL,0.8214229244829159,-0.024217645472996586,1.0108695669377519
multi_out,m5_k3_cap0.85-1.20,5.0,3.0,0.85-1.20,5235,4588,BLK,0.599454648412733,-0.010430278997556103,1.0115935285373412
multi_out,m5_k3_cap0.85-1.20,5.0,3.0,0.85-1.20,5235,4588,FG3M,1.15644276941,-0.06947429872040102,1.0186456909613055
multi_out,m5_k3_cap0.85-1.20,5.0,3.0,0.85-1.20,5235,4588,TOV,1.0939533554834446,-0.08172903880023366,1.008994133218107
multi_out,m5_k3_cap0.85-1.20,5.0,3.0,0.85-1.20,5235,4588,FG3A,1.8824695284928816,-0.1767012020105563,1.0185021391392435
multi_out,m5_k3_cap0.85-1.20,5.0,3.0,0.85-1.20,5235,4588,OREB,0.9246664912506669,-0.045742849697070945,1.0143417917331292
multi_out,m5_k3_cap0.85-1.20,5.0,3.0,0.85-1.20,5235,4588,POOLED,,,1.0094445950487452
multi_out,m5_k5_capnone,5.0,5.0,none,5235,4588,PTS,5.776837259551356,-0.8976841991081328,0.9936343059877304
multi_out,m5_k5_capnone,5.0,5.0,none,5235,4588,AST,1.7274494790655366,-0.2640017853221364,0.9997168880252262
multi_out,m5_k5_capnone,5.0,5.0,none,5235,4588,REB,2.091124567836383,-0.20499178176355404,1.0028260696735913
multi_out,m5_k5_capnone,5.0,5.0,none,5235,4588,STL,0.8241177946730999,-0.02724411072654175,1.0141859611859638
multi_out,m5_k5_capnone,5.0,5.0,none,5235,4588,BLK,0.5995703017913034,-0.013670411953119256,1.0117886962779288
multi_out,m5_k5_capnone,5.0,5.0,none,5235,4588,FG3M,1.1571235211784228,-0.07091894422055804,1.0192453270815365
multi_out,m5_k5_capnone,5.0,5.0,none,5235,4588,TOV,1.094726546798048,-0.08396917833364818,1.0097072765129098
multi_out,m5_k5_capnone,5.0,5.0,none,5235,4588,FG3A,1.8736532318946368,-0.19934584107848682,1.0137321193281992
multi_out,m5_k5_capnone,5.0,5.0,none,5235,4588,OREB,0.9265843532499282,-0.047931921081698414,1.0164456503621968
multi_out,m5_k5_capnone,5.0,5.0,none,5235,4588,POOLED,,,1.0090313660483647
multi_out,m5_k5_cap0.75-1.35,5.0,5.0,0.75-1.35,5235,4588,PTS,5.776764006985198,-0.9001333130791701,0.9936217063143337
multi_out,m5_k5_cap0.75-1.35,5.0,5.0,0.75-1.35,5235,4588,AST,1.7276230841490177,-0.26459936292843356,0.999817357495336
multi_out,m5_k5_cap0.75-1.35,5.0,5.0,0.75-1.35,5235,4588,REB,2.0907735092351913,-0.20485258855931476,1.0026577149410838
multi_out,m5_k5_cap0.75-1.35,5.0,5.0,0.75-1.35,5235,4588,STL,0.8232029688158254,-0.025723378995702605,1.0130601469548253
multi_out,m5_k5_cap0.75-1.35,5.0,5.0,0.75-1.35,5235,4588,BLK,0.599840480495976,-0.012459959191540717,1.0122446290660372
multi_out,m5_k5_cap0.75-1.35,5.0,5.0,0.75-1.35,5235,4588,FG3M,1.1567497397459958,-0.07182951887893113,1.0189160839442413
multi_out,m5_k5_cap0.75-1.35,5.0,5.0,0.75-1.35,5235,4588,TOV,1.094326035364127,-0.08432888402187219,1.0093378698237787
multi_out,m5_k5_cap0.75-1.35,5.0,5.0,0.75-1.35,5235,4588,FG3A,1.8736400693633832,-0.19962554096681817,1.0137249977965965
multi_out,m5_k5_cap0.75-1.35,5.0,5.0,0.75-1.35,5235,4588,OREB,0.9263197082691494,-0.04734138444110184,1.0161553397837166
multi_out,m5_k5_cap0.75-1.35,5.0,5.0,0.75-1.35,5235,4588,POOLED,,,1.00883731623555
multi_out,m5_k5_cap0.85-1.20,5.0,5.0,0.85-1.20,5235,4588,PTS,5.77261109782883,-0.9246481415415041,0.9929073927856644
multi_out,m5_k5_cap0.85-1.20,5.0,5.0,0.85-1.20,5235,4588,AST,1.7259738952509744,-0.2744525308949669,0.9988629319026353
multi_out,m5_k5_cap0.85-1.20,5.0,5.0,0.85-1.20,5235,4588,REB,2.088846304499855,-0.21227976725908088,1.0017334987657684
multi_out,m5_k5_cap0.85-1.20,5.0,5.0,0.85-1.20,5235,4588,STL,0.8207880879785927,-0.025499655600669774,1.0100883166425942
multi_out,m5_k5_cap0.85-1.20,5.0,5.0,0.85-1.20,5235,4588,BLK,0.5990924796249395,-0.011235341770475976,1.0109823603648362
multi_out,m5_k5_cap0.85-1.20,5.0,5.0,0.85-1.20,5235,4588,FG3M,1.154316511666713,-0.07466716392648418,1.016772789555923
multi_out,m5_k5_cap0.85-1.20,5.0,5.0,0.85-1.20,5235,4588,TOV,1.0923400338148985,-0.08720412481606261,1.0075061062465756
multi_out,m5_k5_cap0.85-1.20,5.0,5.0,0.85-1.20,5235,4588,FG3A,1.8734408285137902,-0.2024142394539253,1.0136171993815661
multi_out,m5_k5_cap0.85-1.20,5.0,5.0,0.85-1.20,5235,4588,OREB,0.9235160464815015,-0.04877465696783076,1.0130797754067162
multi_out,m5_k5_cap0.85-1.20,5.0,5.0,0.85-1.20,5235,4588,POOLED,,,1.0072833745613645
multi_out,m5_k10_capnone,5.0,10.0,none,5235,4588,PTS,5.7424701256991355,-1.079287862633877,0.9877230501119346
multi_out,m5_k10_capnone,5.0,10.0,none,5235,4588,AST,1.7205564630022316,-0.29410120432291204,0.9957277325382345
multi_out,m5_k10_capnone,5.0,10.0,none,5235,4588,REB,2.078421029773613,-0.2467430694284039,0.9967339222509165
multi_out,m5_k10_capnone,5.0,10.0,none,5235,4588,STL,0.8207342410334071,-0.02884139709351217,1.0100220508536342
multi_out,m5_k10_capnone,5.0,10.0,none,5235,4588,BLK,0.5981480329117733,-0.014230122731220811,1.0093885847796153
multi_out,m5_k10_capnone,5.0,10.0,none,5235,4588,FG3M,1.1504500760382113,-0.08397134769083314,1.0133670628770646
multi_out,m5_k10_capnone,5.0,10.0,none,5235,4588,TOV,1.0895206920107192,-0.09706196854235813,1.0049057217551396
multi_out,m5_k10_capnone,5.0,10.0,none,5235,4588,FG3A,1.8593697834169407,-0.2531211054482977,1.0060041202245613
multi_out,m5_k10_capnone,5.0,10.0,none,5235,4588,OREB,0.9216700486496185,-0.05547108317902029,1.0110547504209022
multi_out,m5_k10_capnone,5.0,10.0,none,5235,4588,POOLED,,,1.0038807773124447
multi_out,m5_k10_cap0.75-1.35,5.0,10.0,0.75-1.35,5235,4588,PTS,5.742588835027012,-1.0797209466476927,0.987743468492325
multi_out,m5_k10_cap0.75-1.35,5.0,10.0,0.75-1.35,5235,4588,AST,1.7206246973154091,-0.29402046564786377,0.9957672213893142
multi_out,m5_k10_cap0.75-1.35,5.0,10.0,0.75-1.35,5235,4588,REB,2.07838248973608,-0.2467045293908715,0.9967154398730809
multi_out,m5_k10_cap0.75-1.35,5.0,10.0,0.75-1.35,5235,4588,STL,0.8206030230752726,-0.02838299614282875,1.0098605697985523
multi_out,m5_k10_cap0.75-1.35,5.0,10.0,0.75-1.35,5235,4588,BLK,0.5984577221397459,-0.01365524351775219,1.0099111924859772
multi_out,m5_k10_cap0.75-1.35,5.0,10.0,0.75-1.35,5235,4588,FG3M,1.1504981581053224,-0.08420174347555892,1.01340941567806
multi_out,m5_k10_cap0.75-1.35,5.0,10.0,0.75-1.35,5235,4588,TOV,1.0894375958387028,-0.09730099852417787,1.004829079044884
multi_out,m5_k10_cap0.75-1.35,5.0,10.0,0.75-1.35,5235,4588,FG3A,1.8594484695103397,-0.2530627948114509,1.0060466930010308
multi_out,m5_k10_cap0.75-1.35,5.0,10.0,0.75-1.35,5235,4588,OREB,0.9217271600089912,-0.055248858128287,1.0111174005105752
multi_out,m5_k10_cap0.75-1.35,5.0,10.0,0.75-1.35,5235,4588,POOLED,,,1.0039333866970888
multi_out,m5_k10_cap0.85-1.20,5.0,10.0,0.85-1.20,5235,4588,PTS,5.742713590215351,-1.08845867859301,0.9877649267798645
multi_out,m5_k10_cap0.85-1.20,5.0,10.0,0.85-1.20,5235,4588,AST,1.7203063045972855,-0.29886009958513643,0.9955829598052911
multi_out,m5_k10_cap0.85-1.20,5.0,10.0,0.85-1.20,5235,4588,REB,2.0779375405939864,-0.2480875188810863,0.9965020587066818
multi_out,m5_k10_cap0.85-1.20,5.0,10.0,0.85-1.20,5235,4588,STL,0.8193887888728297,-0.028047760644026195,1.0083662939927522
multi_out,m5_k10_cap0.85-1.20,5.0,10.0,0.85-1.20,5235,4588,BLK,0.598173682172608,-0.01275791911509634,1.0094318684981434
multi_out,m5_k10_cap0.85-1.20,5.0,10.0,0.85-1.20,5235,4588,FG3M,1.1499698146868853,-0.0861420425985112,1.0129440275405965
multi_out,m5_k10_cap0.85-1.20,5.0,10.0,0.85-1.20,5235,4588,TOV,1.0889568607187183,-0.09893037486626977,1.0043856790468266
multi_out,m5_k10_cap0.85-1.20,5.0,10.0,0.85-1.20,5235,4588,FG3A,1.8596707337995908,-0.2547829897300037,1.0061669481502538
multi_out,m5_k10_cap0.85-1.20,5.0,10.0,0.85-1.20,5235,4588,OREB,0.9207161234577638,-0.055681629890126906,1.0100083123835764
multi_out,m5_k10_cap0.85-1.20,5.0,10.0,0.85-1.20,5235,4588,POOLED,,,1.0034614527671097
multi_out,m5_k20_capnone,5.0,20.0,none,5235,4588,PTS,5.729935999326659,-1.3018785875945458,0.9855671406757313
multi_out,m5_k20_capnone,5.0,20.0,none,5235,4588,AST,1.7165094990023624,-0.33530036799438917,0.9933856563704916
multi_out,m5_k20_capnone,5.0,20.0,none,5235,4588,REB,2.0712281644877333,-0.29727972248625867,0.9932844898568466
multi_out,m5_k20_capnone,5.0,20.0,none,5235,4588,STL,0.8172177233560404,-0.03127653437248861,1.0056945106843769
multi_out,m5_k20_capnone,5.0,20.0,none,5235,4588,BLK,0.5966655467100997,-0.015100969534047184,1.0068868551629884
multi_out,m5_k20_capnone,5.0,20.0,none,5235,4588,FG3M,1.143697520738225,-0.10192859875600484,1.0074191149619092
multi_out,m5_k20_capnone,5.0,20.0,none,5235,4588,TOV,1.0851724897876185,-0.11474915735941135,1.0008952120646093
multi_out,m5_k20_capnone,5.0,20.0,none,5235,4588,FG3A,1.8478666510652475,-0.3198676282304667,0.9997803993463905
multi_out,m5_k20_capnone,5.0,20.0,none,5235,4588,OREB,0.9171100375361758,-0.06546806015614072,1.0060525037872252
multi_out,m5_k20_capnone,5.0,20.0,none,5235,4588,POOLED,,,0.9998850981011743
multi_out,m5_k20_cap0.75-1.35,5.0,20.0,0.75-1.35,5235,4588,PTS,5.729935999326659,-1.3018785875945458,0.9855671406757313
multi_out,m5_k20_cap0.75-1.35,5.0,20.0,0.75-1.35,5235,4588,AST,1.7165094990023624,-0.33530036799438917,0.9933856563704916
multi_out,m5_k20_cap0.75-1.35,5.0,20.0,0.75-1.35,5235,4588,REB,2.0712281644877333,-0.29727972248625867,0.9932844898568466
multi_out,m5_k20_cap0.75-1.35,5.0,20.0,0.75-1.35,5235,4588,STL,0.8172228861168527,-0.03127172775817202,1.0057008641444898
multi_out,m5_k20_cap0.75-1.35,5.0,20.0,0.75-1.35,5235,4588,BLK,0.5966760813328333,-0.015116035258240918,1.0069046325815323
multi_out,m5_k20_cap0.75-1.35,5.0,20.0,0.75-1.35,5235,4588,FG3M,1.1437250819160767,-0.10191381320025605,1.0074433920604384
multi_out,m5_k20_cap0.75-1.35,5.0,20.0,0.75-1.35,5235,4588,TOV,1.0851893585922363,-0.114786173212723,1.000910770794612
multi_out,m5_k20_cap0.75-1.35,5.0,20.0,0.75-1.35,5235,4588,FG3A,1.8479277233988527,-0.3198164383583378,0.9998134422729705
multi_out,m5_k20_cap0.75-1.35,5.0,20.0,0.75-1.35,5235,4588,OREB,0.917129127226454,-0.06543289251282602,1.0060734448192878
multi_out,m5_k20_cap0.75-1.35,5.0,20.0,0.75-1.35,5235,4588,POOLED,,,0.9998982037307111
multi_out,m5_k20_cap0.85-1.20,5.0,20.0,0.85-1.20,5235,4588,PTS,5.730380123988274,-1.3033999988786837,0.9856435315242335
multi_out,m5_k20_cap0.85-1.20,5.0,20.0,0.85-1.20,5235,4588,AST,1.7163252276924392,-0.33576365887754034,0.9932790140965836
multi_out,m5_k20_cap0.85-1.20,5.0,20.0,0.85-1.20,5235,4588,REB,2.071229239907314,-0.29720088004084255,0.9932850055883375
multi_out,m5_k20_cap0.85-1.20,5.0,20.0,0.85-1.20,5235,4588,STL,0.8170979643868151,-0.031175577845918758,1.0055471314309505
multi_out,m5_k20_cap0.85-1.20,5.0,20.0,0.85-1.20,5235,4588,BLK,0.5968823659535978,-0.014459813205666864,1.0072527426311493
multi_out,m5_k20_cap0.85-1.20,5.0,20.0,0.85-1.20,5235,4588,FG3M,1.1437222116235666,-0.10262284069081805,1.0074408637804624
multi_out,m5_k20_cap0.85-1.20,5.0,20.0,0.85-1.20,5235,4588,TOV,1.0851966727661306,-0.11556488021850267,1.0009175169310098
multi_out,m5_k20_cap0.85-1.20,5.0,20.0,0.85-1.20,5235,4588,FG3A,1.848187554143423,-0.32042453009645483,0.9999540225932113
multi_out,m5_k20_cap0.85-1.20,5.0,20.0,0.85-1.20,5235,4588,OREB,0.9170431162884078,-0.06552076704210086,1.005979092434042
multi_out,m5_k20_cap0.85-1.20,5.0,20.0,0.85-1.20,5235,4588,POOLED,,,0.9999221023344421
multi_out,m5_k40_capnone,5.0,40.0,none,5235,4588,PTS,5.742876339669486,-1.5159629488318167,0.9877929202014624
multi_out,m5_k40_capnone,5.0,40.0,none,5235,4588,AST,1.7164028442050154,-0.3773873647899609,0.9933239326538859
multi_out,m5_k40_capnone,5.0,40.0,none,5235,4588,REB,2.072420257997285,-0.3430830563639716,0.9938561738527474
multi_out,m5_k40_capnone,5.0,40.0,none,5235,4588,STL,0.8143422912739601,-0.03420770321131368,1.0021559111433411
multi_out,m5_k40_capnone,5.0,40.0,none,5235,4588,BLK,0.5951272365307614,-0.016486150778260013,1.0042909212980626
multi_out,m5_k40_capnone,5.0,40.0,none,5235,4588,FG3M,1.1391843505025852,-0.12117673719987097,1.0034437159757104
multi_out,m5_k40_capnone,5.0,40.0,none,5235,4588,TOV,1.0828392074813844,-0.13482561719868041,0.9987431384443484
multi_out,m5_k40_capnone,5.0,40.0,none,5235,4588,FG3A,1.8439614356340637,-0.38240573772743336,0.9976674991319341
multi_out,m5_k40_capnone,5.0,40.0,none,5235,4588,OREB,0.9140622668962081,-0.07572489619455901,1.0027091565793524
multi_out,m5_k40_capnone,5.0,40.0,none,5235,4588,POOLED,,,0.9982203743645384
multi_out,m5_k40_cap0.75-1.35,5.0,40.0,0.75-1.35,5235,4588,PTS,5.742876339669486,-1.5159629488318167,0.9877929202014624
multi_out,m5_k40_cap0.75-1.35,5.0,40.0,0.75-1.35,5235,4588,AST,1.7164028442050154,-0.3773873647899609,0.9933239326538859
multi_out,m5_k40_cap0.75-1.35,5.0,40.0,0.75-1.35,5235,4588,REB,2.072420257997285,-0.3430830563639716,0.9938561738527474
multi_out,m5_k40_cap0.75-1.35,5.0,40.0,0.75-1.35,5235,4588,STL,0.8143422912739601,-0.03420770321131368,1.0021559111433411
multi_out,m5_k40_cap0.75-1.35,5.0,40.0,0.75-1.35,5235,4588,BLK,0.595105410946976,-0.016504735062449406,1.0042540901226396
multi_out,m5_k40_cap0.75-1.35,5.0,40.0,0.75-1.35,5235,4588,FG3M,1.1391924196248904,-0.12116910822276977,1.0034508236137911
multi_out,m5_k40_cap0.75-1.35,5.0,40.0,0.75-1.35,5235,4588,TOV,1.0828392074813844,-0.13482561719868041,0.9987431384443484
multi_out,m5_k40_cap0.75-1.35,5.0,40.0,0.75-1.35,5235,4588,FG3A,1.8439883730686406,-0.38237880029285637,0.9976820735164457
multi_out,m5_k40_cap0.75-1.35,5.0,40.0,0.75-1.35,5235,4588,OREB,0.9140641804481278,-0.07572166506149748,1.0027112557099052
multi_out,m5_k40_cap0.75-1.35,5.0,40.0,0.75-1.35,5235,4588,POOLED,,,0.9982189243620629
multi_out,m5_k40_cap0.85-1.20,5.0,40.0,0.85-1.20,5235,4588,PTS,5.742876339669486,-1.5159629488318167,0.9877929202014624
multi_out,m5_k40_cap0.85-1.20,5.0,40.0,0.85-1.20,5235,4588,AST,1.716384763003475,-0.37734451928206136,0.9933134686242544
multi_out,m5_k40_cap0.85-1.20,5.0,40.0,0.85-1.20,5235,4588,REB,2.072420257997285,-0.3430830563639716,0.9938561738527474
multi_out,m5_k40_cap0.85-1.20,5.0,40.0,0.85-1.20,5235,4588,STL,0.8143543613787799,-0.03420637350907348,1.0021707650039635
multi_out,m5_k40_cap0.85-1.20,5.0,40.0,0.85-1.20,5235,4588,BLK,0.5951450567394623,-0.01648234717828007,1.0043209933107606
multi_out,m5_k40_cap0.85-1.20,5.0,40.0,0.85-1.20,5235,4588,FG3M,1.1391888173272304,-0.12119800404135185,1.0034476505514607
multi_out,m5_k40_cap0.85-1.20,5.0,40.0,0.85-1.20,5235,4588,TOV,1.0828431827491491,-0.13492831763212396,0.9987468049826267
multi_out,m5_k40_cap0.85-1.20,5.0,40.0,0.85-1.20,5235,4588,FG3A,1.844038498920567,-0.38237707804040794,0.9977091938956286
multi_out,m5_k40_cap0.85-1.20,5.0,40.0,0.85-1.20,5235,4588,OREB,0.9140380095266364,-0.07578278566831034,1.0026825467000642
multi_out,m5_k40_cap0.85-1.20,5.0,40.0,0.85-1.20,5235,4588,POOLED,,,0.9982267241247743
multi_out,m5_k80_capnone,5.0,80.0,none,5235,4588,PTS,5.767003662883614,-1.6772281241779288,0.9919428962143011
multi_out,m5_k80_capnone,5.0,80.0,none,5235,4588,AST,1.7193586619043597,-0.41066363669424105,0.9950345360074246
multi_out,m5_k80_capnone,5.0,80.0,none,5235,4588,REB,2.0762955720350127,-0.37590797922559993,0.9957146312612538
multi_out,m5_k80_capnone,5.0,80.0,none,5235,4588,STL,0.8129808852215188,-0.036469546852495455,1.0004805209081296
multi_out,m5_k80_capnone,5.0,80.0,none,5235,4588,BLK,0.5939964797501297,-0.018259784808860632,1.0023827431820609
multi_out,m5_k80_capnone,5.0,80.0,none,5235,4588,FG3M,1.1365648976419809,-0.13659045967432729,1.001136386603508
multi_out,m5_k80_capnone,5.0,80.0,none,5235,4588,TOV,1.082295968142799,-0.1511684146838535,0.998242088465555
multi_out,m5_k80_capnone,5.0,80.0,none,5235,4588,FG3A,1.8442476263613594,-0.42844555365165465,0.997822341408816
multi_out,m5_k80_capnone,5.0,80.0,none,5235,4588,OREB,0.9123834331211292,-0.08395683715171709,1.0008675074274163
multi_out,m5_k80_capnone,5.0,80.0,none,5235,4588,POOLED,,,0.9981804057198296
multi_out,m5_k80_cap0.75-1.35,5.0,80.0,0.75-1.35,5235,4588,PTS,5.767003662883614,-1.6772281241779288,0.9919428962143011
multi_out,m5_k80_cap0.75-1.35,5.0,80.0,0.75-1.35,5235,4588,AST,1.7193586619043597,-0.41066363669424105,0.9950345360074246
multi_out,m5_k80_cap0.75-1.35,5.0,80.0,0.75-1.35,5235,4588,REB,2.0762955720350127,-0.37590797922559993,0.9957146312612538
multi_out,m5_k80_cap0.75-1.35,5.0,80.0,0.75-1.35,5235,4588,STL,0.8129808852215188,-0.036469546852495455,1.0004805209081296
multi_out,m5_k80_cap0.75-1.35,5.0,80.0,0.75-1.35,5235,4588,BLK,0.5939963147784716,-0.018259949780518855,1.0023824647885873
multi_out,m5_k80_cap0.75-1.35,5.0,80.0,0.75-1.35,5235,4588,FG3M,1.136567922446297,-0.136587434870011,1.0011390509842832
multi_out,m5_k80_cap0.75-1.35,5.0,80.0,0.75-1.35,5235,4588,TOV,1.082295968142799,-0.1511684146838535,0.998242088465555
multi_out,m5_k80_cap0.75-1.35,5.0,80.0,0.75-1.35,5235,4588,FG3A,1.8442544717594365,-0.42843870825357727,0.9978260450823571
multi_out,m5_k80_cap0.75-1.35,5.0,80.0,0.75-1.35,5235,4588,OREB,0.9123834331211292,-0.08395683715171709,1.0008675074274163
multi_out,m5_k80_cap0.75-1.35,5.0,80.0,0.75-1.35,5235,4588,POOLED,,,0.9981810823488119
multi_out,m5_k80_cap0.85-1.20,5.0,80.0,0.85-1.20,5235,4588,PTS,5.767003662883614,-1.6772281241779288,0.9919428962143011
multi_out,m5_k80_cap0.85-1.20,5.0,80.0,0.85-1.20,5235,4588,AST,1.7193586619043597,-0.41066363669424105,0.9950345360074246
multi_out,m5_k80_cap0.85-1.20,5.0,80.0,0.85-1.20,5235,4588,REB,2.0762955720350127,-0.37590797922559993,0.9957146312612538
multi_out,m5_k80_cap0.85-1.20,5.0,80.0,0.85-1.20,5235,4588,STL,0.8129812231416864,-0.03646920893232776,1.000480936763596
multi_out,m5_k80_cap0.85-1.20,5.0,80.0,0.85-1.20,5235,4588,BLK,0.5939868227238442,-0.018267211757802018,1.0023664467277398
multi_out,m5_k80_cap0.85-1.20,5.0,80.0,0.85-1.20,5235,4588,FG3M,1.1365758591055592,-0.1365843403942043,1.0011460419430855
multi_out,m5_k80_cap0.85-1.20,5.0,80.0,0.85-1.20,5235,4588,TOV,1.082295968142799,-0.1511684146838535,0.998242088465555
multi_out,m5_k80_cap0.85-1.20,5.0,80.0,0.85-1.20,5235,4588,FG3A,1.8442733951469095,-0.42841949114778216,0.9978362835007375
multi_out,m5_k80_cap0.85-1.20,5.0,80.0,0.85-1.20,5235,4588,OREB,0.9123844978416189,-0.08395481951707834,1.0008686754058165
multi_out,m5_k80_cap0.85-1.20,5.0,80.0,0.85-1.20,5235,4588,POOLED,,,0.9981813929210568
multi_out,m5_k160_capnone,5.0,160.0,none,5235,4588,PTS,5.786281503855949,-1.7791147447404134,0.9952587459214773
multi_out,m5_k160_capnone,5.0,160.0,none,5235,4588,AST,1.7227848657869493,-0.43149278548579123,0.9970173632476721
multi_out,m5_k160_capnone,5.0,160.0,none,5235,4588,REB,2.07985852727497,-0.3961448764336027,0.9974232929329047
multi_out,m5_k160_capnone,5.0,160.0,none,5235,4588,STL,0.8125420379772693,-0.03782851055621428,0.9999404613230801
multi_out,m5_k160_capnone,5.0,160.0,none,5235,4588,BLK,0.5933140835714356,-0.01960265370375857,1.0012311839104904
multi_out,m5_k160_capnone,5.0,160.0,none,5235,4588,FG3M,1.1356946139963016,-0.1464160494508568,1.0003698024637346
multi_out,m5_k160_capnone,5.0,160.0,none,5235,4588,TOV,1.082704814323249,-0.16152467048173305,0.998619182603431
multi_out,m5_k160_capnone,5.0,160.0,none,5235,4588,FG3A,1.8457479549486357,-0.45732769984119653,0.9986340878155565
multi_out,m5_k160_capnone,5.0,160.0,none,5235,4588,OREB,0.9118228329043558,-0.0891079101832807,1.0002525395079465
multi_out,m5_k160_capnone,5.0,160.0,none,5235,4588,POOLED,,,0.9987496288584768
multi_out,m5_k160_cap0.75-1.35,5.0,160.0,0.75-1.35,5235,4588,PTS,5.786281503855949,-1.7791147447404134,0.9952587459214773
multi_out,m5_k160_cap0.75-1.35,5.0,160.0,0.75-1.35,5235,4588,AST,1.7227848657869493,-0.43149278548579123,0.9970173632476721
multi_out,m5_k160_cap0.75-1.35,5.0,160.0,0.75-1.35,5235,4588,REB,2.07985852727497,-0.3961448764336027,0.9974232929329047
multi_out,m5_k160_cap0.75-1.35,5.0,160.0,0.75-1.35,5235,4588,STL,0.8125420379772693,-0.03782851055621428,0.9999404613230801
multi_out,m5_k160_cap0.75-1.35,5.0,160.0,0.75-1.35,5235,4588,BLK,0.5933140835714356,-0.01960265370375857,1.0012311839104904
multi_out,m5_k160_cap0.75-1.35,5.0,160.0,0.75-1.35,5235,4588,FG3M,1.1356946139963016,-0.1464160494508568,1.0003698024637346
multi_out,m5_k160_cap0.75-1.35,5.0,160.0,0.75-1.35,5235,4588,TOV,1.082704814323249,-0.16152467048173305,0.998619182603431
multi_out,m5_k160_cap0.75-1.35,5.0,160.0,0.75-1.35,5235,4588,FG3A,1.8457479549486357,-0.45732769984119653,0.9986340878155565
multi_out,m5_k160_cap0.75-1.35,5.0,160.0,0.75-1.35,5235,4588,OREB,0.9118228329043558,-0.0891079101832807,1.0002525395079465
multi_out,m5_k160_cap0.75-1.35,5.0,160.0,0.75-1.35,5235,4588,POOLED,,,0.9987496288584768
multi_out,m5_k160_cap0.85-1.20,5.0,160.0,0.85-1.20,5235,4588,PTS,5.786281503855949,-1.7791147447404134,0.9952587459214773
multi_out,m5_k160_cap0.85-1.20,5.0,160.0,0.85-1.20,5235,4588,AST,1.7227848657869493,-0.43149278548579123,0.9970173632476721
multi_out,m5_k160_cap0.85-1.20,5.0,160.0,0.85-1.20,5235,4588,REB,2.07985852727497,-0.3961448764336027,0.9974232929329047
multi_out,m5_k160_cap0.85-1.20,5.0,160.0,0.85-1.20,5235,4588,STL,0.8125420379772693,-0.03782851055621428,0.9999404613230801
multi_out,m5_k160_cap0.85-1.20,5.0,160.0,0.85-1.20,5235,4588,BLK,0.5933134029760533,-0.019603334299140768,1.0012300353901042
multi_out,m5_k160_cap0.85-1.20,5.0,160.0,0.85-1.20,5235,4588,FG3M,1.1356964763025432,-0.1464141871446151,1.0003714428650399
multi_out,m5_k160_cap0.85-1.20,5.0,160.0,0.85-1.20,5235,4588,TOV,1.082704814323249,-0.16152467048173305,0.998619182603431
multi_out,m5_k160_cap0.85-1.20,5.0,160.0,0.85-1.20,5235,4588,FG3A,1.8457516643976042,-0.45732399039222765,0.9986360947971582
multi_out,m5_k160_cap0.85-1.20,5.0,160.0,0.85-1.20,5235,4588,OREB,0.9118228329043558,-0.0891079101832807,1.0002525395079465
multi_out,m5_k160_cap0.85-1.20,5.0,160.0,0.85-1.20,5235,4588,POOLED,,,0.9987499065098682
multi_out,m5_k320_capnone,5.0,320.0,none,5235,4588,PTS,5.7988815356231775,-1.8371895981830915,0.9974259912943245
multi_out,m5_k320_capnone,5.0,320.0,none,5235,4588,AST,1.7250233290723955,-0.443319248634614,0.9983128162127541
multi_out,m5_k320_capnone,5.0,320.0,none,5235,4588,REB,2.082297160822734,-0.40753247610831367,0.9985927714678962
multi_out,m5_k320_capnone,5.0,320.0,none,5235,4588,STL,0.8124950541305765,-0.03860502566191866,0.9998826414846707
multi_out,m5_k320_capnone,5.0,320.0,none,5235,4588,BLK,0.5929500902998018,-0.020361819637506,1.0006169368794753
multi_out,m5_k320_capnone,5.0,320.0,none,5235,4588,FG3M,1.1354318836252397,-0.15204657185600712,1.0001383779890904
multi_out,m5_k320_capnone,5.0,320.0,none,5235,4588,TOV,1.0833124851451041,-0.16738913025509836,0.999179660151314
multi_out,m5_k320_capnone,5.0,320.0,none,5235,4588,FG3A,1.8468542049058199,-0.4738147179791333,0.9992326196540595
multi_out,m5_k320_capnone,5.0,320.0,none,5235,4588,OREB,0.9116712940589018,-0.0920180817232336,1.0000863042377497
multi_out,m5_k320_capnone,5.0,320.0,none,5235,4588,POOLED,,,0.9992742354857038
multi_out,m5_k320_cap0.75-1.35,5.0,320.0,0.75-1.35,5235,4588,PTS,5.7988815356231775,-1.8371895981830915,0.9974259912943245
multi_out,m5_k320_cap0.75-1.35,5.0,320.0,0.75-1.35,5235,4588,AST,1.7250233290723955,-0.443319248634614,0.9983128162127541
multi_out,m5_k320_cap0.75-1.35,5.0,320.0,0.75-1.35,5235,4588,REB,2.082297160822734,-0.40753247610831367,0.9985927714678962
multi_out,m5_k320_cap0.75-1.35,5.0,320.0,0.75-1.35,5235,4588,STL,0.8124950541305765,-0.03860502566191866,0.9998826414846707
multi_out,m5_k320_cap0.75-1.35,5.0,320.0,0.75-1.35,5235,4588,BLK,0.5929500902998018,-0.020361819637506,1.0006169368794753
multi_out,m5_k320_cap0.75-1.35,5.0,320.0,0.75-1.35,5235,4588,FG3M,1.1354318836252397,-0.15204657185600712,1.0001383779890904
multi_out,m5_k320_cap0.75-1.35,5.0,320.0,0.75-1.35,5235,4588,TOV,1.0833124851451041,-0.16738913025509836,0.999179660151314
multi_out,m5_k320_cap0.75-1.35,5.0,320.0,0.75-1.35,5235,4588,FG3A,1.8468542049058199,-0.4738147179791333,0.9992326196540595
multi_out,m5_k320_cap0.75-1.35,5.0,320.0,0.75-1.35,5235,4588,OREB,0.9116712940589018,-0.0920180817232336,1.0000863042377497
multi_out,m5_k320_cap0.75-1.35,5.0,320.0,0.75-1.35,5235,4588,POOLED,,,0.9992742354857038
multi_out,m5_k320_cap0.85-1.20,5.0,320.0,0.85-1.20,5235,4588,PTS,5.7988815356231775,-1.8371895981830915,0.9974259912943245
multi_out,m5_k320_cap0.85-1.20,5.0,320.0,0.85-1.20,5235,4588,AST,1.7250233290723955,-0.443319248634614,0.9983128162127541
multi_out,m5_k320_cap0.85-1.20,5.0,320.0,0.85-1.20,5235,4588,REB,2.082297160822734,-0.40753247610831367,0.9985927714678962
multi_out,m5_k320_cap0.85-1.20,5.0,320.0,0.85-1.20,5235,4588,STL,0.8124950541305765,-0.03860502566191866,0.9998826414846707
multi_out,m5_k320_cap0.85-1.20,5.0,320.0,0.85-1.20,5235,4588,BLK,0.5929500902998018,-0.020361819637506,1.0006169368794753
multi_out,m5_k320_cap0.85-1.20,5.0,320.0,0.85-1.20,5235,4588,FG3M,1.1354318836252397,-0.15204657185600712,1.0001383779890904
multi_out,m5_k320_cap0.85-1.20,5.0,320.0,0.85-1.20,5235,4588,TOV,1.0833124851451041,-0.16738913025509836,0.999179660151314
multi_out,m5_k320_cap0.85-1.20,5.0,320.0,0.85-1.20,5235,4588,FG3A,1.8468542049058199,-0.4738147179791333,0.9992326196540595
multi_out,m5_k320_cap0.85-1.20,5.0,320.0,0.85-1.20,5235,4588,OREB,0.9116712940589018,-0.0920180817232336,1.0000863042377497
multi_out,m5_k320_cap0.85-1.20,5.0,320.0,0.85-1.20,5235,4588,POOLED,,,0.9992742354857038
multi_out,m8_k0_capnone,8.0,0.0,none,5235,3925,PTS,5.847179294459944,-0.8739025871277478,1.0057333587908186
multi_out,m8_k0_capnone,8.0,0.0,none,5235,3925,AST,1.738273483171256,-0.262968582767452,1.0059810015820496
multi_out,m8_k0_capnone,8.0,0.0,none,5235,3925,REB,2.097431211272507,-0.2106738248247681,1.005850502816962
multi_out,m8_k0_capnone,8.0,0.0,none,5235,3925,STL,0.8243326982968009,-0.02563145457182472,1.01445042852252
multi_out,m8_k0_capnone,8.0,0.0,none,5235,3925,BLK,0.6001850740888973,-0.013201742311528404,1.0128261386923243
multi_out,m8_k0_capnone,8.0,0.0,none,5235,3925,FG3M,1.1606399144722646,-0.06940082488269374,1.0223427210652654
multi_out,m8_k0_capnone,8.0,0.0,none,5235,3925,TOV,1.0976622067565924,-0.08321874373358691,1.0124149455926263
multi_out,m8_k0_capnone,8.0,0.0,none,5235,3925,FG3A,1.8870175606895965,-0.19454336518038579,1.020962832633144
multi_out,m8_k0_capnone,8.0,0.0,none,5235,3925,OREB,0.930178608579814,-0.04741731887266997,1.0203884810214237
multi_out,m8_k0_capnone,8.0,0.0,none,5235,3925,POOLED,,,1.013438934524126
multi_out,m8_k0_cap0.75-1.35,8.0,0.0,0.75-1.35,5235,3925,PTS,5.849763367586531,-0.8869812287489467,1.006177827553291
multi_out,m8_k0_cap0.75-1.35,8.0,0.0,0.75-1.35,5235,3925,AST,1.7371002557259145,-0.26796622691633093,1.0053020264196402
multi_out,m8_k0_cap0.75-1.35,8.0,0.0,0.75-1.35,5235,3925,REB,2.0969305863161645,-0.2122852369055082,1.0056104215874306
multi_out,m8_k0_cap0.75-1.35,8.0,0.0,0.75-1.35,5235,3925,STL,0.821873415973653,-0.024132682691827098,1.0114239563084129
multi_out,m8_k0_cap0.75-1.35,8.0,0.0,0.75-1.35,5235,3925,BLK,0.5996147001189446,-0.012025408020033199,1.0118636194786055
multi_out,m8_k0_cap0.75-1.35,8.0,0.0,0.75-1.35,5235,3925,FG3M,1.158761973695206,-0.07187665256767285,1.0206885481731582
multi_out,m8_k0_cap0.75-1.35,8.0,0.0,0.75-1.35,5235,3925,TOV,1.0961604103349303,-0.0846905114658747,1.0110297825313772
multi_out,m8_k0_cap0.75-1.35,8.0,0.0,0.75-1.35,5235,3925,FG3A,1.8870111339549596,-0.19572258124641997,1.020959355475678
multi_out,m8_k0_cap0.75-1.35,8.0,0.0,0.75-1.35,5235,3925,OREB,0.9275839217758401,-0.04815986883016563,1.0175421582805948
multi_out,m8_k0_cap0.75-1.35,8.0,0.0,0.75-1.35,5235,3925,POOLED,,,1.0122886328675766
multi_out,m8_k0_cap0.85-1.20,8.0,0.0,0.85-1.20,5235,3925,PTS,5.834595650079561,-0.9430601754665374,1.0035689321004138
multi_out,m8_k0_cap0.85-1.20,8.0,0.0,0.85-1.20,5235,3925,AST,1.72959437223319,-0.286435585477996,1.0009581896949415
multi_out,m8_k0_cap0.85-1.20,8.0,0.0,0.85-1.20,5235,3925,REB,2.0922331649592554,-0.22765935379443794,1.0033577118878723
multi_out,m8_k0_cap0.85-1.20,8.0,0.0,0.85-1.20,5235,3925,STL,0.8196926719743923,-0.025123713028916268,1.0087402623470805
multi_out,m8_k0_cap0.85-1.20,8.0,0.0,0.85-1.20,5235,3925,BLK,0.5981178818151973,-0.01147887865763942,1.0093377041095675
multi_out,m8_k0_cap0.85-1.20,8.0,0.0,0.85-1.20,5235,3925,FG3M,1.153946624394237,-0.07719049988874319,1.01644697656611
multi_out,m8_k0_cap0.85-1.20,8.0,0.0,0.85-1.20,5235,3925,TOV,1.0917315268785235,-0.09060492987850395,1.00694485751897
multi_out,m8_k0_cap0.85-1.20,8.0,0.0,0.85-1.20,5235,3925,FG3A,1.8836124228764473,-0.20798095655436738,1.0191204972889256
multi_out,m8_k0_cap0.85-1.20,8.0,0.0,0.85-1.20,5235,3925,OREB,0.9235452997752813,-0.052215785178406554,1.0131118657211242
multi_out,m8_k0_cap0.85-1.20,8.0,0.0,0.85-1.20,5235,3925,POOLED,,,1.0090652219150005
multi_out,m8_k3_capnone,8.0,3.0,none,5235,3925,PTS,5.806237745393633,-1.0080960640217542,0.998691282674635
multi_out,m8_k3_capnone,8.0,3.0,none,5235,3925,AST,1.7301877537209003,-0.2843185119616572,1.0013015939458296
multi_out,m8_k3_capnone,8.0,3.0,none,5235,3925,REB,2.087546053879355,-0.238231885409254,1.0011099466161728
multi_out,m8_k3_capnone,8.0,3.0,none,5235,3925,STL,0.821345435184501,-0.026785010016354967,1.0107742061057172
multi_out,m8_k3_capnone,8.0,3.0,none,5235,3925,BLK,0.5987712063702636,-0.013924496243181633,1.0104402043465572
multi_out,m8_k3_capnone,8.0,3.0,none,5235,3925,FG3M,1.1552518430372694,-0.0791622437364985,1.0175966705947783
multi_out,m8_k3_capnone,8.0,3.0,none,5235,3925,TOV,1.0929922494579964,-0.09287847512659309,1.0081076691506794
multi_out,m8_k3_capnone,8.0,3.0,none,5235,3925,FG3A,1.8743516634990223,-0.23410588231310714,1.014110002779879
multi_out,m8_k3_capnone,8.0,3.0,none,5235,3925,OREB,0.9261239502370618,-0.05309227443058083,1.0159405968954507
multi_out,m8_k3_capnone,8.0,3.0,none,5235,3925,POOLED,,,1.0086746859010778
multi_out,m8_k3_cap0.75-1.35,8.0,3.0,0.75-1.35,5235,3925,PTS,5.80839923691572,-1.013114092808547,0.9990630660626637
multi_out,m8_k3_cap0.75-1.35,8.0,3.0,0.75-1.35,5235,3925,AST,1.7307897200437834,-0.28623931101119915,1.0016499664489342
multi_out,m8_k3_cap0.75-1.35,8.0,3.0,0.75-1.35,5235,3925,REB,2.0875639573293383,-0.2383374308849373,1.001118532449201
multi_out,m8_k3_cap0.75-1.35,8.0,3.0,0.75-1.35,5235,3925,STL,0.8203601653052403,-0.02575884244340986,1.009561701187143
multi_out,m8_k3_cap0.75-1.35,8.0,3.0,0.75-1.35,5235,3925,BLK,0.5988810436935681,-0.012953971322273418,1.0106255573599017
multi_out,m8_k3_cap0.75-1.35,8.0,3.0,0.75-1.35,5235,3925,FG3M,1.1546180515902509,-0.0803397651399986,1.0170383991925516
multi_out,m8_k3_cap0.75-1.35,8.0,3.0,0.75-1.35,5235,3925,TOV,1.0925662310818287,-0.09370427650499616,1.0077147364538313
multi_out,m8_k3_cap0.75-1.35,8.0,3.0,0.75-1.35,5235,3925,FG3A,1.8746401201016636,-0.2345862360042726,1.0142660709989881
multi_out,m8_k3_cap0.75-1.35,8.0,3.0,0.75-1.35,5235,3925,OREB,0.9249947883509916,-0.053347768222020156,1.0147019274924705
multi_out,m8_k3_cap0.75-1.35,8.0,3.0,0.75-1.35,5235,3925,POOLED,,,1.0084155508495207
multi_out,m8_k3_cap0.85-1.20,8.0,3.0,0.85-1.20,5235,3925,PTS,5.804909238197872,-1.0440807796261418,0.9984627752290987
multi_out,m8_k3_cap0.85-1.20,8.0,3.0,0.85-1.20,5235,3925,AST,1.727471665934246,-0.29805418736032774,0.9997297281039723
multi_out,m8_k3_cap0.85-1.20,8.0,3.0,0.85-1.20,5235,3925,REB,2.085919902769206,-0.24758902132156055,1.000330104634701
multi_out,m8_k3_cap0.85-1.20,8.0,3.0,0.85-1.20,5235,3925,STL,0.8187052168285615,-0.02663475084063121,1.0075250681689232
multi_out,m8_k3_cap0.85-1.20,8.0,3.0,0.85-1.20,5235,3925,BLK,0.5977607876131307,-0.012503905028488355,1.0087350994173772
multi_out,m8_k3_cap0.85-1.20,8.0,3.0,0.85-1.20,5235,3925,FG3M,1.1517253706026076,-0.08383733795899001,1.014490398460192
multi_out,m8_k3_cap0.85-1.20,8.0,3.0,0.85-1.20,5235,3925,TOV,1.0901514364563036,-0.09737460963672916,1.0054874809699768
multi_out,m8_k3_cap0.85-1.20,8.0,3.0,0.85-1.20,5235,3925,FG3A,1.8739073092170877,-0.23920839006360428,1.0138695867838505
multi_out,m8_k3_cap0.85-1.20,8.0,3.0,0.85-1.20,5235,3925,OREB,0.9220392496406261,-0.05569742817664862,1.0114597569808585
multi_out,m8_k3_cap0.85-1.20,8.0,3.0,0.85-1.20,5235,3925,POOLED,,,1.0066766665276612
multi_out,m8_k5_capnone,8.0,5.0,none,5235,3925,PTS,5.788870829498439,-1.0799443898942709,0.9957041181333218
multi_out,m8_k5_capnone,8.0,5.0,none,5235,3925,AST,1.7269066298557056,-0.2960797581270696,0.999402728028482
multi_out,m8_k5_capnone,8.0,5.0,none,5235,3925,REB,2.082782769416252,-0.2537408565136284,0.9988256514047148
multi_out,m8_k5_capnone,8.0,5.0,none,5235,3925,STL,0.8199318518199863,-0.02750709981426303,1.0090346047859502
multi_out,m8_k5_capnone,8.0,5.0,none,5235,3925,BLK,0.5981559673638328,-0.014193990704075229,1.0094019743502478
multi_out,m8_k5_capnone,8.0,5.0,none,5235,3925,FG3M,1.1526951168989419,-0.08455316299825093,1.0153445936804109
multi_out,m8_k5_capnone,8.0,5.0,none,5235,3925,TOV,1.0908022299841884,-0.0982510833702512,1.0060877322039812
multi_out,m8_k5_capnone,8.0,5.0,none,5235,3925,FG3A,1.8690569549975486,-0.2552060864725458,1.0112453232441698
multi_out,m8_k5_capnone,8.0,5.0,none,5235,3925,OREB,0.924302248486183,-0.05609762485978535,1.01394222425464
multi_out,m8_k5_capnone,8.0,5.0,none,5235,3925,POOLED,,,1.0065543277873243
multi_out,m8_k5_cap0.75-1.35,8.0,5.0,0.75-1.35,5235,3925,PTS,5.790550293758449,-1.0827497486028905,0.9959929913055178
multi_out,m8_k5_cap0.75-1.35,8.0,5.0,0.75-1.35,5235,3925,AST,1.727411080518747,-0.2967735736189601,0.9996946658553936
multi_out,m8_k5_cap0.75-1.35,8.0,5.0,0.75-1.35,5235,3925,REB,2.082812493322923,-0.25383400714784377,0.9988399058919705
multi_out,m8_k5_cap0.75-1.35,8.0,5.0,0.75-1.35,5235,3925,STL,0.8195466377333728,-0.02674723710182245,1.008560547896001
multi_out,m8_k5_cap0.75-1.35,8.0,5.0,0.75-1.35,5235,3925,BLK,0.5984793848873312,-0.013387302978230955,1.0099477488715614
multi_out,m8_k5_cap0.75-1.35,8.0,5.0,0.75-1.35,5235,3925,FG3M,1.1523266987191434,-0.0852463183964301,1.015020074732089
multi_out,m8_k5_cap0.75-1.35,8.0,5.0,0.75-1.35,5235,3925,TOV,1.0906529233397348,-0.0987815451998836,1.0059500210963284
multi_out,m8_k5_cap0.75-1.35,8.0,5.0,0.75-1.35,5235,3925,FG3A,1.8692294329098476,-0.25542234521220414,1.011338641685702
multi_out,m8_k5_cap0.75-1.35,8.0,5.0,0.75-1.35,5235,3925,OREB,0.9235916014976747,-0.05634140599005044,1.013162657841848
multi_out,m8_k5_cap0.75-1.35,8.0,5.0,0.75-1.35,5235,3925,POOLED,,,1.0065008061307124
multi_out,m8_k5_cap0.85-1.20,8.0,5.0,0.85-1.20,5235,3925,PTS,5.7904304131449305,-1.1048737332387903,0.995972371460287
multi_out,m8_k5_cap0.85-1.20,8.0,5.0,0.85-1.20,5235,3925,AST,1.725931394592869,-0.3057638137580968,0.9988383357415462
multi_out,m8_k5_cap0.85-1.20,8.0,5.0,0.85-1.20,5235,3925,REB,2.0820953538875044,-0.2598176718857517,0.9984959923191062
multi_out,m8_k5_cap0.85-1.20,8.0,5.0,0.85-1.20,5235,3925,STL,0.8181859335840541,-0.02753158217978962,1.0068860214454298
multi_out,m8_k5_cap0.85-1.20,8.0,5.0,0.85-1.20,5235,3925,BLK,0.5975816335040844,-0.013010456518437477,1.008432772731277
multi_out,m8_k5_cap0.85-1.20,8.0,5.0,0.85-1.20,5235,3925,FG3M,1.1503449875181817,-0.088004545069684,1.0132744962832572
multi_out,m8_k5_cap0.85-1.20,8.0,5.0,0.85-1.20,5235,3925,TOV,1.089059643727517,-0.10161096261135488,1.0044804796636468
multi_out,m8_k5_cap0.85-1.20,8.0,5.0,0.85-1.20,5235,3925,FG3A,1.868994800212551,-0.2581940599764309,1.0112116946618637
multi_out,m8_k5_cap0.85-1.20,8.0,5.0,0.85-1.20,5235,3925,OREB,0.9211563870653114,-0.057880130993353575,1.010491273300556
multi_out,m8_k5_cap0.85-1.20,8.0,5.0,0.85-1.20,5235,3925,POOLED,,,1.005342604178552
multi_out,m8_k10_capnone,8.0,10.0,none,5235,3925,PTS,5.7645337331522635,-1.2194494006317234,0.991518060477343
multi_out,m8_k10_capnone,8.0,10.0,none,5235,3925,AST,1.721851287926047,-0.3205556289296081,0.9964770791090382
multi_out,m8_k10_capnone,8.0,10.0,none,5235,3925,REB,2.0753063609719495,-0.2839787591849895,0.9952402421895996
multi_out,m8_k10_capnone,8.0,10.0,none,5235,3925,STL,0.8179258311697375,-0.02920792574626965,1.0065659310180959
multi_out,m8_k10_capnone,8.0,10.0,none,5235,3925,BLK,0.5970788735210243,-0.014805134156172139,1.0075843536780293
multi_out,m8_k10_capnone,8.0,10.0,none,5235,3925,FG3M,1.14788568110717,-0.09539508131227534,1.0111082309525408
multi_out,m8_k10_capnone,8.0,10.0,none,5235,3925,TOV,1.0875801785053496,-0.10882467076268386,1.0031159135036871
multi_out,m8_k10_capnone,8.0,10.0,none,5235,3925,FG3A,1.859913796144674,-0.29615734247510045,1.0062984559992065
multi_out,m8_k10_capnone,8.0,10.0,none,5235,3925,OREB,0.9207408420913785,-0.06242507838027071,1.0100354282608652
multi_out,m8_k10_capnone,8.0,10.0,none,5235,3925,POOLED,,,1.003104855020934
multi_out,m8_k10_cap0.75-1.35,8.0,10.0,0.75-1.35,5235,3925,PTS,5.765017443940708,-1.2199724673962902,0.9916012602650434
multi_out,m8_k10_cap0.75-1.35,8.0,10.0,0.75-1.35,5235,3925,AST,1.721993127569201,-0.32050043737425815,0.9965591651488159
multi_out,m8_k10_cap0.75-1.35,8.0,10.0,0.75-1.35,5235,3925,REB,2.0752745209156473,-0.28394691912868747,0.9952249728751786
multi_out,m8_k10_cap0.75-1.35,8.0,10.0,0.75-1.35,5235,3925,STL,0.8178390830491002,-0.028903865705053006,1.0064591759805535
multi_out,m8_k10_cap0.75-1.35,8.0,10.0,0.75-1.35,5235,3925,BLK,0.5974190789317262,-0.014337950628457457,1.0081584581457328
multi_out,m8_k10_cap0.75-1.35,8.0,10.0,0.75-1.35,5235,3925,FG3M,1.1478998412795884,-0.09559722386405979,1.0111207038556527
multi_out,m8_k10_cap0.75-1.35,8.0,10.0,0.75-1.35,5235,3925,TOV,1.087546315884301,-0.10902538151526388,1.0030846807406062
multi_out,m8_k10_cap0.75-1.35,8.0,10.0,0.75-1.35,5235,3925,FG3A,1.8599953997288747,-0.2961640919647388,1.0063426072716772
multi_out,m8_k10_cap0.75-1.35,8.0,10.0,0.75-1.35,5235,3925,OREB,0.9205040379813496,-0.06249060484659264,1.0097756585952298
multi_out,m8_k10_cap0.75-1.35,8.0,10.0,0.75-1.35,5235,3925,POOLED,,,1.0031474092087211
multi_out,m8_k10_cap0.85-1.20,8.0,10.0,0.85-1.20,5235,3925,PTS,5.7668103484002,-1.2288179933087644,0.9919096455108567
multi_out,m8_k10_cap0.85-1.20,8.0,10.0,0.85-1.20,5235,3925,AST,1.7217892444907,-0.3253833624654534,0.9964411730690299
multi_out,m8_k10_cap0.85-1.20,8.0,10.0,0.85-1.20,5235,3925,REB,2.075394993830595,-0.285294977637028,0.9952827472333672
multi_out,m8_k10_cap0.85-1.20,8.0,10.0,0.85-1.20,5235,3925,STL,0.817163133561232,-0.029323838708147813,1.0056273307206915
multi_out,m8_k10_cap0.85-1.20,8.0,10.0,0.85-1.20,5235,3925,BLK,0.5970322364505314,-0.013999061461746218,1.0075056525472172
multi_out,m8_k10_cap0.85-1.20,8.0,10.0,0.85-1.20,5235,3925,FG3M,1.1471489856137473,-0.09725769884917111,1.010459317137023
multi_out,m8_k10_cap0.85-1.20,8.0,10.0,0.85-1.20,5235,3925,TOV,1.0870550030864237,-0.11093773592141605,1.00263152455424
multi_out,m8_k10_cap0.85-1.20,8.0,10.0,0.85-1.20,5235,3925,FG3A,1.8601562746681504,-0.2974917501152917,1.00642964797396
multi_out,m8_k10_cap0.85-1.20,8.0,10.0,0.85-1.20,5235,3925,OREB,0.9192839537513118,-0.063080636160097,1.008437249086859
multi_out,m8_k10_cap0.85-1.20,8.0,10.0,0.85-1.20,5235,3925,POOLED,,,1.0027471430925825
multi_out,m8_k20_capnone,8.0,20.0,none,5235,3925,PTS,5.753033338112947,-1.3967487159230023,0.9895399561046463
multi_out,m8_k20_capnone,8.0,20.0,none,5235,3925,AST,1.718761639497327,-0.35381704448445045,0.9946890246682665
multi_out,m8_k20_capnone,8.0,20.0,none,5235,3925,REB,2.0718859412444495,-0.32139335358452725,0.9935999352826266
multi_out,m8_k20_capnone,8.0,20.0,none,5235,3925,STL,0.8156453437867074,-0.03179816074795697,1.0037594896289153
multi_out,m8_k20_capnone,8.0,20.0,none,5235,3925,BLK,0.595900625006704,-0.015636140583879264,1.0055960321673845
multi_out,m8_k20_capnone,8.0,20.0,none,5235,3925,FG3M,1.1426555844563908,-0.11024126531185054,1.0065013316250924
multi_out,m8_k20_capnone,8.0,20.0,none,5235,3925,TOV,1.0846524159579454,-0.12370127980517441,1.0004155285019143
multi_out,m8_k20_capnone,8.0,20.0,none,5235,3925,FG3A,1.8508910842135513,-0.3479398439920181,1.0014167560494376
multi_out,m8_k20_capnone,8.0,20.0,none,5235,3925,OREB,0.9170617440392156,-0.07051584596170184,1.0059995267271726
multi_out,m8_k20_capnone,8.0,20.0,none,5235,3925,POOLED,,,1.0001686200839395
multi_out,m8_k20_cap0.75-1.35,8.0,20.0,0.75-1.35,5235,3925,PTS,5.753033338112947,-1.3967487159230023,0.9895399561046463
multi_out,m8_k20_cap0.75-1.35,8.0,20.0,0.75-1.35,5235,3925,AST,1.718761639497327,-0.35381704448445045,0.9946890246682665
multi_out,m8_k20_cap0.75-1.35,8.0,20.0,0.75-1.35,5235,3925,REB,2.0718859412444495,-0.32139335358452725,0.9935999352826266
multi_out,m8_k20_cap0.75-1.35,8.0,20.0,0.75-1.35,5235,3925,STL,0.8156531013314762,-0.03178352331467494,1.0037690363139262
multi_out,m8_k20_cap0.75-1.35,8.0,20.0,0.75-1.35,5235,3925,BLK,0.5959939784195477,-0.01553653511248409,1.0057535682020946
multi_out,m8_k20_cap0.75-1.35,8.0,20.0,0.75-1.35,5235,3925,FG3M,1.1426819760676334,-0.11023444530438041,1.0065245785178751
multi_out,m8_k20_cap0.75-1.35,8.0,20.0,0.75-1.35,5235,3925,TOV,1.0846640786732764,-0.12371878253129376,1.0004262854608719
multi_out,m8_k20_cap0.75-1.35,8.0,20.0,0.75-1.35,5235,3925,FG3A,1.8509486043033236,-0.34790104628399543,1.0014478770495865
multi_out,m8_k20_cap0.75-1.35,8.0,20.0,0.75-1.35,5235,3925,OREB,0.9170540640889954,-0.07051065671475756,1.005991101965877
multi_out,m8_k20_cap0.75-1.35,8.0,20.0,0.75-1.35,5235,3925,POOLED,,,1.000193484840641
multi_out,m8_k20_cap0.85-1.20,8.0,20.0,0.85-1.20,5235,3925,PTS,5.7537712384893895,-1.3985231019220663,0.9896668773065933
multi_out,m8_k20_cap0.85-1.20,8.0,20.0,0.85-1.20,5235,3925,AST,1.7187979326745946,-0.3543291688938327,0.9947100284097212
multi_out,m8_k20_cap0.85-1.20,8.0,20.0,0.85-1.20,5235,3925,REB,2.07190717790737,-0.32133467238245056,0.9936101196014077
multi_out,m8_k20_cap0.85-1.20,8.0,20.0,0.85-1.20,5235,3925,STL,0.8155812999238443,-0.03180725217251115,1.003680675183898
multi_out,m8_k20_cap0.85-1.20,8.0,20.0,0.85-1.20,5235,3925,BLK,0.5960664944761819,-0.015144703762649857,1.0058759407181814
multi_out,m8_k20_cap0.85-1.20,8.0,20.0,0.85-1.20,5235,3925,FG3M,1.1425276145163454,-0.11074699109626462,1.0063886100694324
multi_out,m8_k20_cap0.85-1.20,8.0,20.0,0.85-1.20,5235,3925,TOV,1.0847067338091883,-0.12444165087193036,1.0004656278895694
multi_out,m8_k20_cap0.85-1.20,8.0,20.0,0.85-1.20,5235,3925,FG3A,1.8511229706385661,-0.3484584112030973,1.0015422172143278
multi_out,m8_k20_cap0.85-1.20,8.0,20.0,0.85-1.20,5235,3925,OREB,0.9167635082943486,-0.07077543272796365,1.0056723677107384
multi_out,m8_k20_cap0.85-1.20,8.0,20.0,0.85-1.20,5235,3925,POOLED,,,1.0001791626782077
multi_out,m8_k40_capnone,8.0,40.0,none,5235,3925,PTS,5.761837697427565,-1.5717620772372765,0.9910543337933692
multi_out,m8_k40_capnone,8.0,40.0,none,5235,3925,AST,1.7188432052957394,-0.3885099625597578,0.9947362287730153
multi_out,m8_k40_capnone,8.0,40.0,none,5235,3925,REB,2.0743083730860707,-0.35679348132039346,0.9947616440780518
multi_out,m8_k40_capnone,8.0,40.0,none,5235,3925,STL,0.8136317447995033,-0.034589049449941386,1.00128148971497
multi_out,m8_k40_capnone,8.0,40.0,none,5235,3925,BLK,0.5946334186781576,-0.016947992844733153,1.0034575922959554
multi_out,m8_k40_capnone,8.0,40.0,none,5235,3925,FG3M,1.1387304568666015,-0.12613840296192533,1.0030439064834642
multi_out,m8_k40_capnone,8.0,40.0,none,5235,3925,TOV,1.0829849799879196,-0.14029528349185136,0.9988775898842944
multi_out,m8_k40_capnone,8.0,40.0,none,5235,3925,FG3A,1.8469167167121958,-0.3984936904187306,0.9992664414012653
multi_out,m8_k40_capnone,8.0,40.0,none,5235,3925,OREB,0.914269427318792,-0.07895884139445691,1.002936407676054
multi_out,m8_k40_capnone,8.0,40.0,none,5235,3925,POOLED,,,0.9988239593444934
multi_out,m8_k40_cap0.75-1.35,8.0,40.0,0.75-1.35,5235,3925,PTS,5.761837697427565,-1.5717620772372765,0.9910543337933692
multi_out,m8_k40_cap0.75-1.35,8.0,40.0,0.75-1.35,5235,3925,AST,1.7188432052957394,-0.3885099625597578,0.9947362287730153
multi_out,m8_k40_cap0.75-1.35,8.0,40.0,0.75-1.35,5235,3925,REB,2.0743083730860707,-0.35679348132039346,0.9947616440780518
multi_out,m8_k40_cap0.75-1.35,8.0,40.0,0.75-1.35,5235,3925,STL,0.8136317447995033,-0.034589049449941386,1.00128148971497
multi_out,m8_k40_cap0.75-1.35,8.0,40.0,0.75-1.35,5235,3925,BLK,0.5946216707383915,-0.016956400346730873,1.0034377673769688
multi_out,m8_k40_cap0.75-1.35,8.0,40.0,0.75-1.35,5235,3925,FG3M,1.1387400707983106,-0.1261325049065405,1.0030523748576612
multi_out,m8_k40_cap0.75-1.35,8.0,40.0,0.75-1.35,5235,3925,TOV,1.0829849799879196,-0.14029528349185136,0.9988775898842944
multi_out,m8_k40_cap0.75-1.35,8.0,40.0,0.75-1.35,5235,3925,FG3A,1.8469446111698757,-0.3984657959610503,0.99928153357906
multi_out,m8_k40_cap0.75-1.35,8.0,40.0,0.75-1.35,5235,3925,OREB,0.9142713408707115,-0.07895561026139537,1.0029385068066066
multi_out,m8_k40_cap0.75-1.35,8.0,40.0,0.75-1.35,5235,3925,POOLED,,,0.9988246076515551
multi_out,m8_k40_cap0.85-1.20,8.0,40.0,0.85-1.20,5235,3925,PTS,5.761837697427565,-1.5717620772372765,0.9910543337933692
multi_out,m8_k40_cap0.85-1.20,8.0,40.0,0.85-1.20,5235,3925,AST,1.7188156715571175,-0.3884574822869676,0.9947202943310391
multi_out,m8_k40_cap0.85-1.20,8.0,40.0,0.85-1.20,5235,3925,REB,2.0743083730860707,-0.35679348132039346,0.9947616440780518
multi_out,m8_k40_cap0.85-1.20,8.0,40.0,0.85-1.20,5235,3925,STL,0.813652116864614,-0.03457734278268994,1.0013065602359188
multi_out,m8_k40_cap0.85-1.20,8.0,40.0,0.85-1.20,5235,3925,BLK,0.5946997756870529,-0.016866669230114335,1.0035695712771
multi_out,m8_k40_cap0.85-1.20,8.0,40.0,0.85-1.20,5235,3925,FG3M,1.138741970861244,-0.12615868638507802,1.0030540485167223
multi_out,m8_k40_cap0.85-1.20,8.0,40.0,0.85-1.20,5235,3925,TOV,1.083000444202487,-0.14036754944617677,0.9988918531083113
multi_out,m8_k40_cap0.85-1.20,8.0,40.0,0.85-1.20,5235,3925,FG3A,1.8469846580587195,-0.39847101190673595,0.9993032007780961
multi_out,m8_k40_cap0.85-1.20,8.0,40.0,0.85-1.20,5235,3925,OREB,0.91424116704047,-0.07899761098458556,1.0029054066809717
multi_out,m8_k40_cap0.85-1.20,8.0,40.0,0.85-1.20,5235,3925,POOLED,,,0.9988407680888423
multi_out,m8_k80_capnone,8.0,80.0,none,5235,3925,PTS,5.778303762244352,-1.706904368358302,0.9938865490958732
multi_out,m8_k80_capnone,8.0,80.0,none,5235,3925,AST,1.7208238384285672,-0.41658104263683826,0.9958824691788078
multi_out,m8_k80_capnone,8.0,80.0,none,5235,3925,REB,2.0777416588185766,-0.3831663262606401,0.9964081210455897
multi_out,m8_k80_capnone,8.0,80.0,none,5235,3925,STL,0.8127284283488266,-0.03666857987836501,1.0001698393311216
multi_out,m8_k80_capnone,8.0,80.0,none,5235,3925,BLK,0.5936704446631729,-0.018582461393159232,1.0018325514621118
multi_out,m8_k80_capnone,8.0,80.0,none,5235,3925,FG3M,1.1365291660313757,-0.13923715373400974,1.001104912628196
multi_out,m8_k80_capnone,8.0,80.0,none,5235,3925,TOV,1.0826248182615292,-0.1540864760547654,0.9985453992409584
multi_out,m8_k80_capnone,8.0,80.0,none,5235,3925,FG3A,1.846321117270049,-0.43697487152694997,0.998944194853996
multi_out,m8_k80_capnone,8.0,80.0,none,5235,3925,OREB,0.9126032870502679,-0.08571587924478938,1.001108683062645
multi_out,m8_k80_capnone,8.0,80.0,none,5235,3925,POOLED,,,0.9986536355443665
multi_out,m8_k80_cap0.75-1.35,8.0,80.0,0.75-1.35,5235,3925,PTS,5.778303762244352,-1.706904368358302,0.9938865490958732
multi_out,m8_k80_cap0.75-1.35,8.0,80.0,0.75-1.35,5235,3925,AST,1.7208238384285672,-0.41658104263683826,0.9958824691788078
multi_out,m8_k80_cap0.75-1.35,8.0,80.0,0.75-1.35,5235,3925,REB,2.0777416588185766,-0.3831663262606401,0.9964081210455897
multi_out,m8_k80_cap0.75-1.35,8.0,80.0,0.75-1.35,5235,3925,STL,0.8127284283488266,-0.03666857987836501,1.0001698393311216
multi_out,m8_k80_cap0.75-1.35,8.0,80.0,0.75-1.35,5235,3925,BLK,0.5936703712414575,-0.01858253481487455,1.0018324275612758
multi_out,m8_k80_cap0.75-1.35,8.0,80.0,0.75-1.35,5235,3925,FG3M,1.136532190835692,-0.13923412892969347,1.0011075770089715
multi_out,m8_k80_cap0.75-1.35,8.0,80.0,0.75-1.35,5235,3925,TOV,1.0826248182615292,-0.1540864760547654,0.9985453992409584
multi_out,m8_k80_cap0.75-1.35,8.0,80.0,0.75-1.35,5235,3925,FG3A,1.846327961172338,-0.43696802762466097,0.9989478977182473
multi_out,m8_k80_cap0.75-1.35,8.0,80.0,0.75-1.35,5235,3925,OREB,0.9126032870502679,-0.08571587924478938,1.001108683062645
multi_out,m8_k80_cap0.75-1.35,8.0,80.0,0.75-1.35,5235,3925,POOLED,,,0.9986543292492768
multi_out,m8_k80_cap0.85-1.20,8.0,80.0,0.85-1.20,5235,3925,PTS,5.778303762244352,-1.706904368358302,0.9938865490958732
multi_out,m8_k80_cap0.85-1.20,8.0,80.0,0.85-1.20,5235,3925,AST,1.7208238384285672,-0.41658104263683826,0.9958824691788078
multi_out,m8_k80_cap0.85-1.20,8.0,80.0,0.85-1.20,5235,3925,REB,2.0777416588185766,-0.3831663262606401,0.9964081210455897
multi_out,m8_k80_cap0.85-1.20,8.0,80.0,0.85-1.20,5235,3925,STL,0.8127287662689944,-0.036668241958197324,1.0001702551865883
multi_out,m8_k80_cap0.85-1.20,8.0,80.0,0.85-1.20,5235,3925,BLK,0.5936654207366118,-0.01858529317129855,1.001824073470306
multi_out,m8_k80_cap0.85-1.20,8.0,80.0,0.85-1.20,5235,3925,FG3M,1.136540894548035,-0.13923188111817653,1.0011152436218884
multi_out,m8_k80_cap0.85-1.20,8.0,80.0,0.85-1.20,5235,3925,TOV,1.0826248182615292,-0.1540864760547654,0.9985453992409584
multi_out,m8_k80_cap0.85-1.20,8.0,80.0,0.85-1.20,5235,3925,FG3A,1.846347397686856,-0.43694827416157067,0.998958413761835
multi_out,m8_k80_cap0.85-1.20,8.0,80.0,0.85-1.20,5235,3925,OREB,0.9126043517707576,-0.08571386161015063,1.0011098510410452
multi_out,m8_k80_cap0.85-1.20,8.0,80.0,0.85-1.20,5235,3925,POOLED,,,0.9986555972936547
multi_out,m8_k160_capnone,8.0,160.0,none,5235,3925,PTS,5.7927495482596365,-1.794357956107538,0.996371270045561
multi_out,m8_k160_capnone,8.0,160.0,none,5235,3925,AST,1.7235583335647524,-0.434533281152177,0.9974649878000447
multi_out,m8_k160_capnone,8.0,160.0,none,5235,3925,REB,2.0807853189589074,-0.399882096680504,0.9978677479769056
multi_out,m8_k160_capnone,8.0,160.0,none,5235,3925,STL,0.8124500340631917,-0.03792665958769262,0.9998272383364697
multi_out,m8_k160_capnone,8.0,160.0,none,5235,3925,BLK,0.5931484859098467,-0.019764295412082168,1.0009517340417677
multi_out,m8_k160_capnone,8.0,160.0,none,5235,3925,FG3M,1.1357538878777054,-0.14778718813341757,1.0004220135073554
multi_out,m8_k160_capnone,8.0,160.0,none,5235,3925,TOV,1.082957988254408,-0.1630206899764636,0.9988526943980087
multi_out,m8_k160_capnone,8.0,160.0,none,5235,3925,FG3A,1.8469111713686046,-0.46171934403378373,0.9992634411166794
multi_out,m8_k160_capnone,8.0,160.0,none,5235,3925,OREB,0.9119650171057577,-0.09001051537095132,1.0004085129091358
multi_out,m8_k160_capnone,8.0,160.0,none,5235,3925,POOLED,,,0.9990477377924363
multi_out,m8_k160_cap0.75-1.35,8.0,160.0,0.75-1.35,5235,3925,PTS,5.7927495482596365,-1.794357956107538,0.996371270045561
multi_out,m8_k160_cap0.75-1.35,8.0,160.0,0.75-1.35,5235,3925,AST,1.7235583335647524,-0.434533281152177,0.9974649878000447
multi_out,m8_k160_cap0.75-1.35,8.0,160.0,0.75-1.35,5235,3925,REB,2.0807853189589074,-0.399882096680504,0.9978677479769056
multi_out,m8_k160_cap0.75-1.35,8.0,160.0,0.75-1.35,5235,3925,STL,0.8124500340631917,-0.03792665958769262,0.9998272383364697
multi_out,m8_k160_cap0.75-1.35,8.0,160.0,0.75-1.35,5235,3925,BLK,0.5931484859098467,-0.019764295412082168,1.0009517340417677
multi_out,m8_k160_cap0.75-1.35,8.0,160.0,0.75-1.35,5235,3925,FG3M,1.1357538878777054,-0.14778718813341757,1.0004220135073554
multi_out,m8_k160_cap0.75-1.35,8.0,160.0,0.75-1.35,5235,3925,TOV,1.082957988254408,-0.1630206899764636,0.9988526943980087
multi_out,m8_k160_cap0.75-1.35,8.0,160.0,0.75-1.35,5235,3925,FG3A,1.8469111713686046,-0.46171934403378373,0.9992634411166794
multi_out,m8_k160_cap0.75-1.35,8.0,160.0,0.75-1.35,5235,3925,OREB,0.9119650171057577,-0.09001051537095132,1.0004085129091358
multi_out,m8_k160_cap0.75-1.35,8.0,160.0,0.75-1.35,5235,3925,POOLED,,,0.9990477377924363
multi_out,m8_k160_cap0.85-1.20,8.0,160.0,0.85-1.20,5235,3925,PTS,5.7927495482596365,-1.794357956107538,0.996371270045561
multi_out,m8_k160_cap0.85-1.20,8.0,160.0,0.85-1.20,5235,3925,AST,1.7235583335647524,-0.434533281152177,0.9974649878000447
multi_out,m8_k160_cap0.85-1.20,8.0,160.0,0.85-1.20,5235,3925,REB,2.0807853189589074,-0.399882096680504,0.9978677479769056
multi_out,m8_k160_cap0.85-1.20,8.0,160.0,0.85-1.20,5235,3925,STL,0.8124500340631917,-0.03792665958769262,0.9998272383364697
multi_out,m8_k160_cap0.85-1.20,8.0,160.0,0.85-1.20,5235,3925,BLK,0.5931479358833074,-0.019764845438621358,1.000950805859312
multi_out,m8_k160_cap0.85-1.20,8.0,160.0,0.85-1.20,5235,3925,FG3M,1.135755750183947,-0.14778532582717585,1.0004236539086604
multi_out,m8_k160_cap0.85-1.20,8.0,160.0,0.85-1.20,5235,3925,TOV,1.082957988254408,-0.1630206899764636,0.9988526943980087
multi_out,m8_k160_cap0.85-1.20,8.0,160.0,0.85-1.20,5235,3925,FG3A,1.846914880817573,-0.46171563458481485,0.999265448098281
multi_out,m8_k160_cap0.85-1.20,8.0,160.0,0.85-1.20,5235,3925,OREB,0.9119650171057577,-0.09001051537095132,1.0004085129091358
multi_out,m8_k160_cap0.85-1.20,8.0,160.0,0.85-1.20,5235,3925,POOLED,,,0.9990480399258198
multi_out,m8_k320_capnone,8.0,320.0,none,5235,3925,PTS,5.802275685616952,-1.8449143333643216,0.9980097958437614
multi_out,m8_k320_capnone,8.0,320.0,none,5235,3925,AST,1.7254385748618175,-0.444860271099919,0.9985531290169185
multi_out,m8_k320_capnone,8.0,320.0,none,5235,3925,REB,2.0828219022682646,-0.4094290002073469,0.9988444180744687
multi_out,m8_k320_capnone,8.0,320.0,none,5235,3925,STL,0.8124540259718984,-0.038653564642218266,0.9998321509081856
multi_out,m8_k320_capnone,8.0,320.0,none,5235,3925,BLK,0.5928695271464923,-0.020441331938619207,1.000480984702372
multi_out,m8_k320_capnone,8.0,320.0,none,5235,3925,FG3M,1.1354724671274052,-0.15274088326838323,1.0001741257240397
multi_out,m8_k320_capnone,8.0,320.0,none,5235,3925,TOV,1.0834505358644793,-0.16814650302261427,0.9993069894978879
multi_out,m8_k320_capnone,8.0,320.0,none,5235,3925,FG3A,1.8474611893694377,-0.47604272698008077,0.999561026018817
multi_out,m8_k320_capnone,8.0,320.0,none,5235,3925,OREB,0.9117520450053465,-0.09247511809307839,1.0001748865109
multi_out,m8_k320_capnone,8.0,320.0,none,5235,3925,POOLED,,,0.9994375006997056
multi_out,m8_k320_cap0.75-1.35,8.0,320.0,0.75-1.35,5235,3925,PTS,5.802275685616952,-1.8449143333643216,0.9980097958437614
multi_out,m8_k320_cap0.75-1.35,8.0,320.0,0.75-1.35,5235,3925,AST,1.7254385748618175,-0.444860271099919,0.9985531290169185
multi_out,m8_k320_cap0.75-1.35,8.0,320.0,0.75-1.35,5235,3925,REB,2.0828219022682646,-0.4094290002073469,0.9988444180744687
multi_out,m8_k320_cap0.75-1.35,8.0,320.0,0.75-1.35,5235,3925,STL,0.8124540259718984,-0.038653564642218266,0.9998321509081856
multi_out,m8_k320_cap0.75-1.35,8.0,320.0,0.75-1.35,5235,3925,BLK,0.5928695271464923,-0.020441331938619207,1.000480984702372
multi_out,m8_k320_cap0.75-1.35,8.0,320.0,0.75-1.35,5235,3925,FG3M,1.1354724671274052,-0.15274088326838323,1.0001741257240397
multi_out,m8_k320_cap0.75-1.35,8.0,320.0,0.75-1.35,5235,3925,TOV,1.0834505358644793,-0.16814650302261427,0.9993069894978879
multi_out,m8_k320_cap0.75-1.35,8.0,320.0,0.75-1.35,5235,3925,FG3A,1.8474611893694377,-0.47604272698008077,0.999561026018817
multi_out,m8_k320_cap0.75-1.35,8.0,320.0,0.75-1.35,5235,3925,OREB,0.9117520450053465,-0.09247511809307839,1.0001748865109
multi_out,m8_k320_cap0.75-1.35,8.0,320.0,0.75-1.35,5235,3925,POOLED,,,0.9994375006997056
multi_out,m8_k320_cap0.85-1.20,8.0,320.0,0.85-1.20,5235,3925,PTS,5.802275685616952,-1.8449143333643216,0.9980097958437614
multi_out,m8_k320_cap0.85-1.20,8.0,320.0,0.85-1.20,5235,3925,AST,1.7254385748618175,-0.444860271099919,0.9985531290169185
multi_out,m8_k320_cap0.85-1.20,8.0,320.0,0.85-1.20,5235,3925,REB,2.0828219022682646,-0.4094290002073469,0.9988444180744687
multi_out,m8_k320_cap0.85-1.20,8.0,320.0,0.85-1.20,5235,3925,STL,0.8124540259718984,-0.038653564642218266,0.9998321509081856
multi_out,m8_k320_cap0.85-1.20,8.0,320.0,0.85-1.20,5235,3925,BLK,0.5928695271464923,-0.020441331938619207,1.000480984702372
multi_out,m8_k320_cap0.85-1.20,8.0,320.0,0.85-1.20,5235,3925,FG3M,1.1354724671274052,-0.15274088326838323,1.0001741257240397
multi_out,m8_k320_cap0.85-1.20,8.0,320.0,0.85-1.20,5235,3925,TOV,1.0834505358644793,-0.16814650302261427,0.9993069894978879
multi_out,m8_k320_cap0.85-1.20,8.0,320.0,0.85-1.20,5235,3925,FG3A,1.8474611893694377,-0.47604272698008077,0.999561026018817
multi_out,m8_k320_cap0.85-1.20,8.0,320.0,0.85-1.20,5235,3925,OREB,0.9117520450053465,-0.09247511809307839,1.0001748865109
multi_out,m8_k320_cap0.85-1.20,8.0,320.0,0.85-1.20,5235,3925,POOLED,,,0.9994375006997056
multi_out,m12_k0_capnone,12.0,0.0,none,5235,3099,PTS,5.8209936071261605,-1.1974520199177265,1.0012293376298111
multi_out,m12_k0_capnone,12.0,0.0,none,5235,3099,AST,1.7290234919241287,-0.32028010551079034,1.0006278074215809
multi_out,m12_k0_capnone,12.0,0.0,none,5235,3099,REB,2.0950246672097177,-0.28480469642196754,1.0046964132131655
multi_out,m12_k0_capnone,12.0,0.0,none,5235,3099,STL,0.8208154218755854,-0.02632436339579902,1.0101219546185896
multi_out,m12_k0_capnone,12.0,0.0,none,5235,3099,BLK,0.5981918215388907,-0.014143181683216103,1.0094624790966131
multi_out,m12_k0_capnone,12.0,0.0,none,5235,3099,FG3M,1.1518566629035463,-0.09059877528516012,1.0146060464975575
multi_out,m12_k0_capnone,12.0,0.0,none,5235,3099,TOV,1.0900751614940034,-0.11184940192088995,1.0054171297168026
multi_out,m12_k0_capnone,12.0,0.0,none,5235,3099,FG3A,1.8780449649350248,-0.2905490059948372,1.016108247827737
multi_out,m12_k0_capnone,12.0,0.0,none,5235,3099,OREB,0.9217961909756558,-0.063658370063453,1.011193126185804
multi_out,m12_k0_capnone,12.0,0.0,none,5235,3099,POOLED,,,1.0081625046897402
multi_out,m12_k0_cap0.75-1.35,12.0,0.0,0.75-1.35,5235,3099,PTS,5.822779027660178,-1.2042983422956322,1.0015364356167384
multi_out,m12_k0_cap0.75-1.35,12.0,0.0,0.75-1.35,5235,3099,AST,1.7291559502037184,-0.32275119746292186,1.0007044642388534
multi_out,m12_k0_cap0.75-1.35,12.0,0.0,0.75-1.35,5235,3099,REB,2.0945550961415025,-0.2857918480892998,1.0044712242808496
multi_out,m12_k0_cap0.75-1.35,12.0,0.0,0.75-1.35,5235,3099,STL,0.8202083575631436,-0.02681859489699324,1.0093748816792658
multi_out,m12_k0_cap0.75-1.35,12.0,0.0,0.75-1.35,5235,3099,BLK,0.5983057499356679,-0.013336871896578978,1.0096547358906867
multi_out,m12_k0_cap0.75-1.35,12.0,0.0,0.75-1.35,5235,3099,FG3M,1.1507546524712244,-0.09218802224390335,1.013635347204888
multi_out,m12_k0_cap0.75-1.35,12.0,0.0,0.75-1.35,5235,3099,TOV,1.089147897887845,-0.11333114163571549,1.0045618797796176
multi_out,m12_k0_cap0.75-1.35,12.0,0.0,0.75-1.35,5235,3099,FG3A,1.8780132740473316,-0.29142540623184743,1.016091101607616
multi_out,m12_k0_cap0.75-1.35,12.0,0.0,0.75-1.35,5235,3099,OREB,0.9204909178077895,-0.06373155224540814,1.0097612660110031
multi_out,m12_k0_cap0.75-1.35,12.0,0.0,0.75-1.35,5235,3099,POOLED,,,1.00775459292328
multi_out,m12_k0_cap0.85-1.20,12.0,0.0,0.85-1.20,5235,3099,PTS,5.81595767370773,-1.2403824507794023,1.0003631411312082
multi_out,m12_k0_cap0.85-1.20,12.0,0.0,0.85-1.20,5235,3099,AST,1.727499596201688,-0.33539118621046216,0.9997458920267887
multi_out,m12_k0_cap0.85-1.20,12.0,0.0,0.85-1.20,5235,3099,REB,2.0920516508653524,-0.29709399430801425,1.0032706644359035
multi_out,m12_k0_cap0.85-1.20,12.0,0.0,0.85-1.20,5235,3099,STL,0.8183811873790598,-0.027713775644520565,1.0071263070684842
multi_out,m12_k0_cap0.85-1.20,12.0,0.0,0.85-1.20,5235,3099,BLK,0.5970177856319757,-0.01335540515807385,1.0074812664580082
multi_out,m12_k0_cap0.85-1.20,12.0,0.0,0.85-1.20,5235,3099,FG3M,1.147249870143671,-0.09675570358082361,1.010548180671311
multi_out,m12_k0_cap0.85-1.20,12.0,0.0,0.85-1.20,5235,3099,TOV,1.0871452603362808,-0.11695395736979348,1.0027147721946716
multi_out,m12_k0_cap0.85-1.20,12.0,0.0,0.85-1.20,5235,3099,FG3A,1.8750407012177093,-0.29946476337323386,1.0144828037096196
multi_out,m12_k0_cap0.85-1.20,12.0,0.0,0.85-1.20,5235,3099,OREB,0.918247874207333,-0.06602191496826604,1.007300689266684
multi_out,m12_k0_cap0.85-1.20,12.0,0.0,0.85-1.20,5235,3099,POOLED,,,1.0058926352180755
multi_out,m12_k3_capnone,12.0,3.0,none,5235,3099,PTS,5.801906329691488,-1.2819926999256495,0.997946265454697
multi_out,m12_k3_capnone,12.0,3.0,none,5235,3099,AST,1.7264161006289718,-0.3345048380949036,0.999118846874226
multi_out,m12_k3_capnone,12.0,3.0,none,5235,3099,REB,2.0894021466305737,-0.3018567244462907,1.0020000601116974
multi_out,m12_k3_capnone,12.0,3.0,none,5235,3099,STL,0.8188895539971415,-0.0279081273139519,1.007751919439102
multi_out,m12_k3_capnone,12.0,3.0,none,5235,3099,BLK,0.5973343823508517,-0.014853577345758585,1.0080155307143939
multi_out,m12_k3_capnone,12.0,3.0,none,5235,3099,FG3M,1.1483574318598544,-0.09791668597658167,1.01152376977914
multi_out,m12_k3_capnone,12.0,3.0,none,5235,3099,TOV,1.0880720126570735,-0.11800195103328673,1.0035695505542233
multi_out,m12_k3_capnone,12.0,3.0,none,5235,3099,FG3A,1.8708708329319361,-0.31486012417075,1.0122267141927874
multi_out,m12_k3_capnone,12.0,3.0,none,5235,3099,OREB,0.9195460218149129,-0.0673705869819079,1.0087247328355449
multi_out,m12_k3_capnone,12.0,3.0,none,5235,3099,POOLED,,,1.0056530433284234
multi_out,m12_k3_cap0.75-1.35,12.0,3.0,0.75-1.35,5235,3099,PTS,5.8032997945122595,-1.2849392876562231,0.9981859458174797
multi_out,m12_k3_cap0.75-1.35,12.0,3.0,0.75-1.35,5235,3099,AST,1.7267617159885083,-0.33508544124872724,0.9993188628607291
multi_out,m12_k3_cap0.75-1.35,12.0,3.0,0.75-1.35,5235,3099,REB,2.089335795655093,-0.30193552484469016,1.0019682406357162
multi_out,m12_k3_cap0.75-1.35,12.0,3.0,0.75-1.35,5235,3099,STL,0.8188888743131137,-0.028035059077571537,1.007751082997997
multi_out,m12_k3_cap0.75-1.35,12.0,3.0,0.75-1.35,5235,3099,BLK,0.5976451416419482,-0.014107837511527171,1.0085399441769276
multi_out,m12_k3_cap0.75-1.35,12.0,3.0,0.75-1.35,5235,3099,FG3M,1.1478951651544018,-0.09861265668261635,1.0111165849187733
multi_out,m12_k3_cap0.75-1.35,12.0,3.0,0.75-1.35,5235,3099,TOV,1.0876694381584437,-0.119008376385891,1.003198241023278
multi_out,m12_k3_cap0.75-1.35,12.0,3.0,0.75-1.35,5235,3099,FG3A,1.8709834984033253,-0.31525157241497315,1.0122876713673286
multi_out,m12_k3_cap0.75-1.35,12.0,3.0,0.75-1.35,5235,3099,OREB,0.9189374901462083,-0.06731968193051914,1.0080571850126263
multi_out,m12_k3_cap0.75-1.35,12.0,3.0,0.75-1.35,5235,3099,POOLED,,,1.005602639867873
multi_out,m12_k3_cap0.85-1.20,12.0,3.0,0.85-1.20,5235,3099,PTS,5.801530453630212,-1.30502231368481,0.9978816135816213
multi_out,m12_k3_cap0.85-1.20,12.0,3.0,0.85-1.20,5235,3099,AST,1.7262230432568808,-0.3439097225149912,0.9990071198931617
multi_out,m12_k3_cap0.85-1.20,12.0,3.0,0.85-1.20,5235,3099,REB,2.0880984005672785,-0.3085246196829282,1.0013748316769038
multi_out,m12_k3_cap0.85-1.20,12.0,3.0,0.85-1.20,5235,3099,STL,0.8175737053668582,-0.029029432885185027,1.0061325936382215
multi_out,m12_k3_cap0.85-1.20,12.0,3.0,0.85-1.20,5235,3099,BLK,0.5966696501652451,-0.014123308644338329,1.0068937798380755
multi_out,m12_k3_cap0.85-1.20,12.0,3.0,0.85-1.20,5235,3099,FG3M,1.1458119502970479,-0.1016459541337191,1.00928159758181
multi_out,m12_k3_cap0.85-1.20,12.0,3.0,0.85-1.20,5235,3099,TOV,1.0863449459870689,-0.12135362230507299,1.001976612309666
multi_out,m12_k3_cap0.85-1.20,12.0,3.0,0.85-1.20,5235,3099,FG3A,1.8697075869121702,-0.3189454412063539,1.01159734487682
multi_out,m12_k3_cap0.85-1.20,12.0,3.0,0.85-1.20,5235,3099,OREB,0.9172905748133515,-0.06872627716479543,1.0062505497929342
multi_out,m12_k3_cap0.85-1.20,12.0,3.0,0.85-1.20,5235,3099,POOLED,,,1.004488449243246
multi_out,m12_k5_capnone,12.0,5.0,none,5235,3099,PTS,5.793597219475846,-1.3280483658235716,0.996517072179632
multi_out,m12_k5_capnone,12.0,5.0,none,5235,3099,AST,1.7251462554109567,-0.34264309889490285,0.9983839566646933
multi_out,m12_k5_capnone,12.0,5.0,none,5235,3099,REB,2.086934745717324,-0.31128441246397137,1.0008167858112558
multi_out,m12_k5_capnone,12.0,5.0,none,5235,3099,STL,0.8179793463987298,-0.028790408594394065,1.0066317885864002
multi_out,m12_k5_capnone,12.0,5.0,none,5235,3099,BLK,0.5968698140717291,-0.015206174590745893,1.0072315610413443
multi_out,m12_k5_capnone,12.0,5.0,none,5235,3099,FG3M,1.1466076973677493,-0.10212335255856383,1.0099825266256905
multi_out,m12_k5_capnone,12.0,5.0,none,5235,3099,TOV,1.0871188542890102,-0.1215127608838625,1.002690416908732
multi_out,m12_k5_capnone,12.0,5.0,none,5235,3099,FG3A,1.8671730842171101,-0.32829723761932333,1.01022606296362
multi_out,m12_k5_capnone,12.0,5.0,none,5235,3099,OREB,0.9183847991938625,-0.06947684078282063,1.007450893407835
multi_out,m12_k5_capnone,12.0,5.0,none,5235,3099,POOLED,,,1.0044367849099114
multi_out,m12_k5_cap0.75-1.35,12.0,5.0,0.75-1.35,5235,3099,PTS,5.794600167273622,-1.329659823544424,0.99668958237755
multi_out,m12_k5_cap0.75-1.35,12.0,5.0,0.75-1.35,5235,3099,AST,1.7254086873447967,-0.3426061756997451,0.9985358323863259
multi_out,m12_k5_cap0.75-1.35,12.0,5.0,0.75-1.35,5235,3099,REB,2.0868856477066506,-0.31129680328058057,1.0007932402196493
multi_out,m12_k5_cap0.75-1.35,12.0,5.0,0.75-1.35,5235,3099,STL,0.818094157135443,-0.02878926643504381,1.0067730783851652
multi_out,m12_k5_cap0.75-1.35,12.0,5.0,0.75-1.35,5235,3099,BLK,0.5972390658251702,-0.014539960109154131,1.0078546818815466
multi_out,m12_k5_cap0.75-1.35,12.0,5.0,0.75-1.35,5235,3099,FG3M,1.1463219519927486,-0.10253122457179846,1.0097308295225946
multi_out,m12_k5_cap0.75-1.35,12.0,5.0,0.75-1.35,5235,3099,TOV,1.08684005234696,-0.12221250474765596,1.002433267440294
multi_out,m12_k5_cap0.75-1.35,12.0,5.0,0.75-1.35,5235,3099,FG3A,1.8672682877238755,-0.3285496374594249,1.0102775724164033
multi_out,m12_k5_cap0.75-1.35,12.0,5.0,0.75-1.35,5235,3099,OREB,0.9180813322961119,-0.06944142420060762,1.0071179959148377
multi_out,m12_k5_cap0.75-1.35,12.0,5.0,0.75-1.35,5235,3099,POOLED,,,1.0044673422827073
multi_out,m12_k5_cap0.85-1.20,12.0,5.0,0.85-1.20,5235,3099,PTS,5.794356910517091,-1.3435833335227965,0.9966477414449441
multi_out,m12_k5_cap0.85-1.20,12.0,5.0,0.85-1.20,5235,3099,AST,1.7252687279113623,-0.349519449754942,0.9984548344694905
multi_out,m12_k5_cap0.85-1.20,12.0,5.0,0.85-1.20,5235,3099,REB,2.08618472402106,-0.3154802606848476,1.000457103121184
multi_out,m12_k5_cap0.85-1.20,12.0,5.0,0.85-1.20,5235,3099,STL,0.8171643168432435,-0.029763259737441018,1.0056287869057319
multi_out,m12_k5_cap0.85-1.20,12.0,5.0,0.85-1.20,5235,3099,BLK,0.5964553256109071,-0.014531537338808775,1.006532102215341
multi_out,m12_k5_cap0.85-1.20,12.0,5.0,0.85-1.20,5235,3099,FG3M,1.1448451520701308,-0.10475050884116989,1.0084299991508903
multi_out,m12_k5_cap0.85-1.20,12.0,5.0,0.85-1.20,5235,3099,TOV,1.0859542972109086,-0.12406990568787797,1.0016163023190081
multi_out,m12_k5_cap0.85-1.20,12.0,5.0,0.85-1.20,5235,3099,FG3A,1.866652068645606,-0.33075089691562504,1.0099441697026295
multi_out,m12_k5_cap0.85-1.20,12.0,5.0,0.85-1.20,5235,3099,OREB,0.9167270777336674,-0.07035899659987854,1.005632404069204
multi_out,m12_k5_cap0.85-1.20,12.0,5.0,0.85-1.20,5235,3099,POOLED,,,1.0037048270442692
multi_out,m12_k10_capnone,12.0,10.0,none,5235,3099,PTS,5.782604246373599,-1.4176747971125587,0.9946262459873011
multi_out,m12_k10_capnone,12.0,10.0,none,5235,3099,AST,1.723035309847395,-0.3593525190731874,0.9971623012963776
multi_out,m12_k10_capnone,12.0,10.0,none,5235,3099,REB,2.083108079895581,-0.3296774182734107,0.9989816582894441
multi_out,m12_k10_capnone,12.0,10.0,none,5235,3099,STL,0.8164605542591976,-0.030524639351088134,1.0047627139518887
multi_out,m12_k10_capnone,12.0,10.0,none,5235,3099,BLK,0.5960268786422099,-0.015886898109078493,1.0058090880857433
multi_out,m12_k10_capnone,12.0,10.0,none,5235,3099,FG3M,1.1435771243984119,-0.11052543574308331,1.007313064566678
multi_out,m12_k10_capnone,12.0,10.0,none,5235,3099,TOV,1.0855374513418221,-0.1287889464101141,1.0012318297688247
multi_out,m12_k10_capnone,12.0,10.0,none,5235,3099,FG3A,1.8606791855847116,-0.354561632771427,1.0067125667033396
multi_out,m12_k10_capnone,12.0,10.0,none,5235,3099,OREB,0.9165191118633649,-0.07363967694145997,1.0054042694114673
multi_out,m12_k10_capnone,12.0,10.0,none,5235,3099,POOLED,,,1.0024448597845628
multi_out,m12_k10_cap0.75-1.35,12.0,10.0,0.75-1.35,5235,3099,PTS,5.782972129208634,-1.4180820359237147,0.9946895230001459
multi_out,m12_k10_cap0.75-1.35,12.0,10.0,0.75-1.35,5235,3099,AST,1.7230664386401413,-0.359102178716076,0.9971803162833219
multi_out,m12_k10_cap0.75-1.35,12.0,10.0,0.75-1.35,5235,3099,REB,2.0830762398392793,-0.32964557821710866,0.9989663889750233
multi_out,m12_k10_cap0.75-1.35,12.0,10.0,0.75-1.35,5235,3099,STL,0.8165235445731391,-0.0304242119140825,1.0048402318655936
multi_out,m12_k10_cap0.75-1.35,12.0,10.0,0.75-1.35,5235,3099,BLK,0.5963005330341031,-0.015496664174759912,1.0062708861761043
multi_out,m12_k10_cap0.75-1.35,12.0,10.0,0.75-1.35,5235,3099,FG3M,1.1435283021452955,-0.11061451180043716,1.0072700597772708
multi_out,m12_k10_cap0.75-1.35,12.0,10.0,0.75-1.35,5235,3099,TOV,1.0854302296858516,-0.12894408356102155,1.0011329352215517
multi_out,m12_k10_cap0.75-1.35,12.0,10.0,0.75-1.35,5235,3099,FG3A,1.8607630208532056,-0.35461440594571364,1.0067579254191137
multi_out,m12_k10_cap0.75-1.35,12.0,10.0,0.75-1.35,5235,3099,OREB,0.9165146058475433,-0.07357665831196064,1.0053993263966559
multi_out,m12_k10_cap0.75-1.35,12.0,10.0,0.75-1.35,5235,3099,POOLED,,,1.00250084367942
multi_out,m12_k10_cap0.85-1.20,12.0,10.0,0.85-1.20,5235,3099,PTS,5.783734854626989,-1.4235845316592832,0.9948207141879317
multi_out,m12_k10_cap0.85-1.20,12.0,10.0,0.85-1.20,5235,3099,AST,1.7232732592788393,-0.3623881553310543,0.9973000084004022
multi_out,m12_k10_cap0.85-1.20,12.0,10.0,0.85-1.20,5235,3099,REB,2.0830071664101246,-0.33073881768728197,0.9989332639108625
multi_out,m12_k10_cap0.85-1.20,12.0,10.0,0.85-1.20,5235,3099,STL,0.816320817243933,-0.031149983524220343,1.0045907490701018
multi_out,m12_k10_cap0.85-1.20,12.0,10.0,0.85-1.20,5235,3099,BLK,0.5959493398418381,-0.015333241364871462,1.0056782395738926
multi_out,m12_k10_cap0.85-1.20,12.0,10.0,0.85-1.20,5235,3099,FG3M,1.1428165791252487,-0.11171748616629137,1.0066431428154408
multi_out,m12_k10_cap0.85-1.20,12.0,10.0,0.85-1.20,5235,3099,TOV,1.085046458847035,-0.13033912283013452,1.0007789690099897
multi_out,m12_k10_cap0.85-1.20,12.0,10.0,0.85-1.20,5235,3099,FG3A,1.8606496245756097,-0.3554561000760825,1.0066965728449797
multi_out,m12_k10_cap0.85-1.20,12.0,10.0,0.85-1.20,5235,3099,OREB,0.9157407847528648,-0.07379097233361163,1.004550459174707
multi_out,m12_k10_cap0.85-1.20,12.0,10.0,0.85-1.20,5235,3099,POOLED,,,1.0022213465542564
multi_out,m12_k20_capnone,12.0,20.0,none,5235,3099,PTS,5.777671754170652,-1.5348304078010713,0.9937778417053973
multi_out,m12_k20_capnone,12.0,20.0,none,5235,3099,AST,1.721525432687129,-0.3820287619003709,0.996288498783335
multi_out,m12_k20_capnone,12.0,20.0,none,5235,3099,REB,2.080771434818492,-0.35255017273709616,0.9978610896562211
multi_out,m12_k20_capnone,12.0,20.0,none,5235,3099,STL,0.814694057191003,-0.03286369181121576,1.002588805636088
multi_out,m12_k20_capnone,12.0,20.0,none,5235,3099,BLK,0.5949810816491802,-0.016724337068863764,1.0040442815684965
multi_out,m12_k20_capnone,12.0,20.0,none,5235,3099,FG3M,1.140524562750191,-0.12153277511518809,1.0046242339114952
multi_out,m12_k20_capnone,12.0,20.0,none,5235,3099,TOV,1.0841060773812965,-0.13885158177391035,0.9999116199798312
multi_out,m12_k20_capnone,12.0,20.0,none,5235,3099,FG3A,1.8539863334834428,-0.3883069536780914,1.0030914275141478
multi_out,m12_k20_capnone,12.0,20.0,none,5235,3099,OREB,0.9146179309197885,-0.07883861335799743,1.0033187095875056
multi_out,m12_k20_capnone,12.0,20.0,none,5235,3099,POOLED,,,1.0006118342602797
multi_out,m12_k20_cap0.75-1.35,12.0,20.0,0.75-1.35,5235,3099,PTS,5.777671754170652,-1.5348304078010713,0.9937778417053973
multi_out,m12_k20_cap0.75-1.35,12.0,20.0,0.75-1.35,5235,3099,AST,1.721525432687129,-0.3820287619003709,0.996288498783335
multi_out,m12_k20_cap0.75-1.35,12.0,20.0,0.75-1.35,5235,3099,REB,2.080771434818492,-0.35255017273709616,0.9978610896562211
multi_out,m12_k20_cap0.75-1.35,12.0,20.0,0.75-1.35,5235,3099,STL,0.8147113624249483,-0.03283454017575801,1.0026101020156055
multi_out,m12_k20_cap0.75-1.35,12.0,20.0,0.75-1.35,5235,3099,BLK,0.5950626060563785,-0.016632249228669207,1.004181855883681
multi_out,m12_k20_cap0.75-1.35,12.0,20.0,0.75-1.35,5235,3099,FG3M,1.1405541809801685,-0.12150357037171289,1.004650322952076
multi_out,m12_k20_cap0.75-1.35,12.0,20.0,0.75-1.35,5235,3099,TOV,1.084104845912284,-0.13885281324292295,0.9999104841498594
multi_out,m12_k20_cap0.75-1.35,12.0,20.0,0.75-1.35,5235,3099,FG3A,1.8540494188299752,-0.388268595999546,1.0031255595728181
multi_out,m12_k20_cap0.75-1.35,12.0,20.0,0.75-1.35,5235,3099,OREB,0.9146230780245883,-0.07881752294907741,1.0033243558648977
multi_out,m12_k20_cap0.75-1.35,12.0,20.0,0.75-1.35,5235,3099,POOLED,,,1.0006366789537657
multi_out,m12_k20_cap0.85-1.20,12.0,20.0,0.85-1.20,5235,3099,PTS,5.778233357272804,-1.5360206994611898,0.9938744392177689
multi_out,m12_k20_cap0.85-1.20,12.0,20.0,0.85-1.20,5235,3099,AST,1.721616626102042,-0.38229638578889,0.9963412746231325
multi_out,m12_k20_cap0.85-1.20,12.0,20.0,0.85-1.20,5235,3099,REB,2.0807563873135155,-0.3525135175640296,0.997853873428883
multi_out,m12_k20_cap0.85-1.20,12.0,20.0,0.85-1.20,5235,3099,STL,0.8148149437807727,-0.03302782365977149,1.0027375725757568
multi_out,m12_k20_cap0.85-1.20,12.0,20.0,0.85-1.20,5235,3099,BLK,0.5951411382083139,-0.0162403173001358,1.0043143806991786
multi_out,m12_k20_cap0.85-1.20,12.0,20.0,0.85-1.20,5235,3099,FG3M,1.1403775631309048,-0.12183625736365424,1.0044947501767876
multi_out,m12_k20_cap0.85-1.20,12.0,20.0,0.85-1.20,5235,3099,TOV,1.0839725649993204,-0.13939998927761177,0.9997884765117385
multi_out,m12_k20_cap0.85-1.20,12.0,20.0,0.85-1.20,5235,3099,FG3A,1.8541237754523572,-0.3885858166160161,1.0031657899073914
multi_out,m12_k20_cap0.85-1.20,12.0,20.0,0.85-1.20,5235,3099,OREB,0.9144705153047433,-0.07891892091151152,1.0031569974237047
multi_out,m12_k20_cap0.85-1.20,12.0,20.0,0.85-1.20,5235,3099,POOLED,,,1.0006363949515935
multi_out,m12_k40_capnone,12.0,40.0,none,5235,3099,PTS,5.782432887285784,-1.6558295122418545,0.9945967716814405
multi_out,m12_k40_capnone,12.0,40.0,none,5235,3099,AST,1.7218491503273665,-0.4063823208128743,0.996475842028865
multi_out,m12_k40_capnone,12.0,40.0,none,5235,3099,REB,2.080550195636046,-0.3754475133782727,0.9977549915197436
multi_out,m12_k40_capnone,12.0,40.0,none,5235,3099,STL,0.8134050364741184,-0.0351958330913681,1.0010024951314584
multi_out,m12_k40_capnone,12.0,40.0,none,5235,3099,BLK,0.5940321901459211,-0.017846367192741068,1.0024430052976017
multi_out,m12_k40_capnone,12.0,40.0,none,5235,3099,FG3M,1.1378991328980668,-0.13331220329360993,1.0023116397420908
multi_out,m12_k40_capnone,12.0,40.0,none,5235,3099,TOV,1.083225199398813,-0.14995976592860774,0.999099153239863
multi_out,m12_k40_capnone,12.0,40.0,none,5235,3099,FG3A,1.8502754291162506,-0.42266711909102855,1.0010836584751703
multi_out,m12_k40_capnone,12.0,40.0,none,5235,3099,OREB,0.9130822144887754,-0.08423501699954856,1.0016340574767526
multi_out,m12_k40_capnone,12.0,40.0,none,5235,3099,POOLED,,,0.9996001793992206
multi_out,m12_k40_cap0.75-1.35,12.0,40.0,0.75-1.35,5235,3099,PTS,5.782432887285784,-1.6558295122418545,0.9945967716814405
multi_out,m12_k40_cap0.75-1.35,12.0,40.0,0.75-1.35,5235,3099,AST,1.7218491503273665,-0.4063823208128743,0.996475842028865
multi_out,m12_k40_cap0.75-1.35,12.0,40.0,0.75-1.35,5235,3099,REB,2.080550195636046,-0.3754475133782727,0.9977549915197436
multi_out,m12_k40_cap0.75-1.35,12.0,40.0,0.75-1.35,5235,3099,STL,0.8134050364741184,-0.0351958330913681,1.0010024951314584
multi_out,m12_k40_cap0.75-1.35,12.0,40.0,0.75-1.35,5235,3099,BLK,0.59402331214896,-0.017849441043465017,1.0024280234732117
multi_out,m12_k40_cap0.75-1.35,12.0,40.0,0.75-1.35,5235,3099,FG3M,1.1379126456736932,-0.1333005160663066,1.0023235423896137
multi_out,m12_k40_cap0.75-1.35,12.0,40.0,0.75-1.35,5235,3099,TOV,1.083225199398813,-0.14995976592860774,0.999099153239863
multi_out,m12_k40_cap0.75-1.35,12.0,40.0,0.75-1.35,5235,3099,FG3A,1.8503035887141406,-0.42263812527715755,1.001098894105949
multi_out,m12_k40_cap0.75-1.35,12.0,40.0,0.75-1.35,5235,3099,OREB,0.913084128040695,-0.08423178586648704,1.0016361566073053
multi_out,m12_k40_cap0.75-1.35,12.0,40.0,0.75-1.35,5235,3099,POOLED,,,0.9996017633530498
multi_out,m12_k40_cap0.85-1.20,12.0,40.0,0.85-1.20,5235,3099,PTS,5.782432887285784,-1.6558295122418545,0.9945967716814405
multi_out,m12_k40_cap0.85-1.20,12.0,40.0,0.85-1.20,5235,3099,AST,1.7218132537696222,-0.406328440100277,0.9964550678207427
multi_out,m12_k40_cap0.85-1.20,12.0,40.0,0.85-1.20,5235,3099,REB,2.080550195636046,-0.3754475133782727,0.9977549915197436
multi_out,m12_k40_cap0.85-1.20,12.0,40.0,0.85-1.20,5235,3099,STL,0.8134282197017679,-0.0351801525192484,1.0010310251597736
multi_out,m12_k40_cap0.85-1.20,12.0,40.0,0.85-1.20,5235,3099,BLK,0.5941178671900016,-0.017733832181006465,1.002587587283187
multi_out,m12_k40_cap0.85-1.20,12.0,40.0,0.85-1.20,5235,3099,FG3M,1.1379151930246296,-0.13329995345050047,1.0023257862084376
multi_out,m12_k40_cap0.85-1.20,12.0,40.0,0.85-1.20,5235,3099,TOV,1.0832264257438056,-0.1499842202850585,0.9991002843437594
multi_out,m12_k40_cap0.85-1.20,12.0,40.0,0.85-1.20,5235,3099,FG3A,1.850332942159724,-0.4226424243443763,1.0011147756629493
multi_out,m12_k40_cap0.85-1.20,12.0,40.0,0.85-1.20,5235,3099,OREB,0.9130713952840325,-0.08423556404856739,1.0016221890121464
multi_out,m12_k40_cap0.85-1.20,12.0,40.0,0.85-1.20,5235,3099,POOLED,,,0.999620942076909
multi_out,m12_k80_capnone,12.0,80.0,none,5235,3099,PTS,5.791420833605123,-1.753086004361493,0.9961427269164621
multi_out,m12_k80_capnone,12.0,80.0,none,5235,3099,AST,1.7233313689545118,-0.4264483980025589,0.9973336378783298
multi_out,m12_k80_capnone,12.0,80.0,none,5235,3099,REB,2.081658978274737,-0.3934582216629548,0.9982867227005555
multi_out,m12_k80_capnone,12.0,80.0,none,5235,3099,STL,0.812754323032658,-0.03698408753479174,1.0002017061649418
multi_out,m12_k80_capnone,12.0,80.0,none,5235,3099,BLK,0.5933679067444875,-0.01913092587080342,1.0013220117549135
multi_out,m12_k80_capnone,12.0,80.0,none,5235,3099,FG3M,1.1362586288079222,-0.14319033144947244,1.0008666115343545
multi_out,m12_k80_capnone,12.0,80.0,none,5235,3099,TOV,1.082996064905607,-0.1594416242031007,0.9988878139188546
multi_out,m12_k80_capnone,12.0,80.0,none,5235,3099,FG3A,1.8487427761107513,-0.4502421384969226,1.0002544230793078
multi_out,m12_k80_capnone,12.0,80.0,none,5235,3099,OREB,0.9121793919653478,-0.08867641293904671,1.0006436781078714
multi_out,m12_k80_capnone,12.0,80.0,none,5235,3099,POOLED,,,0.9993265924506213
multi_out,m12_k80_cap0.75-1.35,12.0,80.0,0.75-1.35,5235,3099,PTS,5.791420833605123,-1.753086004361493,0.9961427269164621
multi_out,m12_k80_cap0.75-1.35,12.0,80.0,0.75-1.35,5235,3099,AST,1.7233313689545118,-0.4264483980025589,0.9973336378783298
multi_out,m12_k80_cap0.75-1.35,12.0,80.0,0.75-1.35,5235,3099,REB,2.081658978274737,-0.3934582216629548,0.9982867227005555
multi_out,m12_k80_cap0.75-1.35,12.0,80.0,0.75-1.35,5235,3099,STL,0.812754323032658,-0.03698408753479174,1.0002017061649418
multi_out,m12_k80_cap0.75-1.35,12.0,80.0,0.75-1.35,5235,3099,BLK,0.5933678767630634,-0.01913095585222748,1.0013219611605695
multi_out,m12_k80_cap0.75-1.35,12.0,80.0,0.75-1.35,5235,3099,FG3M,1.136262612154629,-0.14318634810276556,1.000870120241457
multi_out,m12_k80_cap0.75-1.35,12.0,80.0,0.75-1.35,5235,3099,TOV,1.082996064905607,-0.1594416242031007,0.9988878139188546
multi_out,m12_k80_cap0.75-1.35,12.0,80.0,0.75-1.35,5235,3099,FG3A,1.8487499960432279,-0.45023491856444625,1.0002583293930942
multi_out,m12_k80_cap0.75-1.35,12.0,80.0,0.75-1.35,5235,3099,OREB,0.9121793919653478,-0.08867641293904671,1.0006436781078714
multi_out,m12_k80_cap0.75-1.35,12.0,80.0,0.75-1.35,5235,3099,POOLED,,,0.9993274107202375
multi_out,m12_k80_cap0.85-1.20,12.0,80.0,0.85-1.20,5235,3099,PTS,5.791420833605123,-1.753086004361493,0.9961427269164621
multi_out,m12_k80_cap0.85-1.20,12.0,80.0,0.85-1.20,5235,3099,AST,1.7233313689545118,-0.4264483980025589,0.9973336378783298
multi_out,m12_k80_cap0.85-1.20,12.0,80.0,0.85-1.20,5235,3099,REB,2.081658978274737,-0.3934582216629548,0.9982867227005555
multi_out,m12_k80_cap0.85-1.20,12.0,80.0,0.85-1.20,5235,3099,STL,0.8127546609528258,-0.03698374961462405,1.0002021220204085
multi_out,m12_k80_cap0.85-1.20,12.0,80.0,0.85-1.20,5235,3099,BLK,0.593365055719536,-0.019129631532662696,1.0013172005846303
multi_out,m12_k80_cap0.85-1.20,12.0,80.0,0.85-1.20,5235,3099,FG3M,1.1362721645817404,-0.14318203013377165,1.000878534439697
multi_out,m12_k80_cap0.85-1.20,12.0,80.0,0.85-1.20,5235,3099,TOV,1.082996064905607,-0.1594416242031007,0.9988878139188546
multi_out,m12_k80_cap0.85-1.20,12.0,80.0,0.85-1.20,5235,3099,FG3A,1.8487716158675847,-0.4502129798778323,1.0002700267071925
multi_out,m12_k80_cap0.85-1.20,12.0,80.0,0.85-1.20,5235,3099,OREB,0.9121808028769015,-0.08867404911334406,1.0006452258513734
multi_out,m12_k80_cap0.85-1.20,12.0,80.0,0.85-1.20,5235,3099,POOLED,,,0.9993293345575003
multi_out,m12_k160_capnone,12.0,160.0,none,5235,3099,PTS,5.8004090460644075,-1.8185731797020426,0.9976887279283972
multi_out,m12_k160_capnone,12.0,160.0,none,5235,3099,AST,1.7250235904649234,-0.4396995328738538,0.9983129674869463
multi_out,m12_k160_capnone,12.0,160.0,none,5235,3099,REB,2.082869128685332,-0.4052880759558596,0.9988670661189424
multi_out,m12_k160_capnone,12.0,160.0,none,5235,3099,STL,0.8125327776248219,-0.03808479334934384,0.999929065234428
multi_out,m12_k160_capnone,12.0,160.0,none,5235,3099,BLK,0.592983670666653,-0.020050425699923657,1.000673604522111
multi_out,m12_k160_capnone,12.0,160.0,none,5235,3099,FG3M,1.1356457290385185,-0.14985560917500268,1.000326742441297
multi_out,m12_k160_capnone,12.0,160.0,none,5235,3099,TOV,1.0832935039247786,-0.1658169652182962,0.999162153061223
multi_out,m12_k160_capnone,12.0,160.0,none,5235,3099,FG3A,1.8483504055712607,-0.46868625160921096,1.0000421326662319
multi_out,m12_k160_capnone,12.0,160.0,none,5235,3099,OREB,0.9118190222636792,-0.09158225521984514,1.0002483593066218
multi_out,m12_k160_capnone,12.0,160.0,none,5235,3099,POOLED,,,0.9994723131962443
multi_out,m12_k160_cap0.75-1.35,12.0,160.0,0.75-1.35,5235,3099,PTS,5.8004090460644075,-1.8185731797020426,0.9976887279283972
multi_out,m12_k160_cap0.75-1.35,12.0,160.0,0.75-1.35,5235,3099,AST,1.7250235904649234,-0.4396995328738538,0.9983129674869463
multi_out,m12_k160_cap0.75-1.35,12.0,160.0,0.75-1.35,5235,3099,REB,2.082869128685332,-0.4052880759558596,0.9988670661189424
multi_out,m12_k160_cap0.75-1.35,12.0,160.0,0.75-1.35,5235,3099,STL,0.8125327776248219,-0.03808479334934384,0.999929065234428
multi_out,m12_k160_cap0.75-1.35,12.0,160.0,0.75-1.35,5235,3099,BLK,0.592983670666653,-0.020050425699923657,1.000673604522111
multi_out,m12_k160_cap0.75-1.35,12.0,160.0,0.75-1.35,5235,3099,FG3M,1.1356457290385185,-0.14985560917500268,1.000326742441297
multi_out,m12_k160_cap0.75-1.35,12.0,160.0,0.75-1.35,5235,3099,TOV,1.0832935039247786,-0.1658169652182962,0.999162153061223
multi_out,m12_k160_cap0.75-1.35,12.0,160.0,0.75-1.35,5235,3099,FG3A,1.8483504055712607,-0.46868625160921096,1.0000421326662319
multi_out,m12_k160_cap0.75-1.35,12.0,160.0,0.75-1.35,5235,3099,OREB,0.9118190222636792,-0.09158225521984514,1.0002483593066218
multi_out,m12_k160_cap0.75-1.35,12.0,160.0,0.75-1.35,5235,3099,POOLED,,,0.9994723131962443
multi_out,m12_k160_cap0.85-1.20,12.0,160.0,0.85-1.20,5235,3099,PTS,5.8004090460644075,-1.8185731797020426,0.9976887279283972
multi_out,m12_k160_cap0.85-1.20,12.0,160.0,0.85-1.20,5235,3099,AST,1.7250235904649234,-0.4396995328738538,0.9983129674869463
multi_out,m12_k160_cap0.85-1.20,12.0,160.0,0.85-1.20,5235,3099,REB,2.082869128685332,-0.4052880759558596,0.9988670661189424
multi_out,m12_k160_cap0.85-1.20,12.0,160.0,0.85-1.20,5235,3099,STL,0.8125327776248219,-0.03808479334934384,0.999929065234428
multi_out,m12_k160_cap0.85-1.20,12.0,160.0,0.85-1.20,5235,3099,BLK,0.5929831206401138,-0.020050975726462843,1.0006726763396554
multi_out,m12_k160_cap0.85-1.20,12.0,160.0,0.85-1.20,5235,3099,FG3M,1.135648114849705,-0.14985322336381623,1.0003288439687992
multi_out,m12_k160_cap0.85-1.20,12.0,160.0,0.85-1.20,5235,3099,TOV,1.0832935039247786,-0.1658169652182962,0.999162153061223
multi_out,m12_k160_cap0.85-1.20,12.0,160.0,0.85-1.20,5235,3099,FG3A,1.8483541497633602,-0.4686825074171118,1.000044158445457
multi_out,m12_k160_cap0.85-1.20,12.0,160.0,0.85-1.20,5235,3099,OREB,0.9118190222636792,-0.09158225521984514,1.0002483593066218
multi_out,m12_k160_cap0.85-1.20,12.0,160.0,0.85-1.20,5235,3099,POOLED,,,0.9994726686544966
multi_out,m12_k320_capnone,12.0,320.0,none,5235,3099,PTS,5.806318784183447,-1.8573208418834282,0.9987052216031623
multi_out,m12_k320_capnone,12.0,320.0,none,5235,3099,AST,1.7262298326747438,-0.44750503705818173,0.999011049093859
multi_out,m12_k320_capnone,12.0,320.0,none,5235,3099,REB,2.0839066543399354,-0.4122018415156696,0.9993646250833363
multi_out,m12_k320_capnone,12.0,320.0,none,5235,3099,STL,0.8125143856437611,-0.038732279347596175,0.9999064314688295
multi_out,m12_k320_capnone,12.0,320.0,none,5235,3099,BLK,0.5927838503215442,-0.020586047907512874,1.0003364030865771
multi_out,m12_k320_capnone,12.0,320.0,none,5235,3099,FG3M,1.135430242196601,-0.1537998765950457,1.0001369321464995
multi_out,m12_k320_capnone,12.0,320.0,none,5235,3099,TOV,1.0836684044790095,-0.1695756446916679,0.9995079378772419
multi_out,m12_k320_capnone,12.0,320.0,none,5235,3099,FG3A,1.8482489675025806,-0.47961449653015337,0.9999872500302174
multi_out,m12_k320_capnone,12.0,320.0,none,5235,3099,OREB,0.9116874776256768,-0.0932803695727426,1.0001040573068556
multi_out,m12_k320_capnone,12.0,320.0,none,5235,3099,POOLED,,,0.9996733230773978
multi_out,m12_k320_cap0.75-1.35,12.0,320.0,0.75-1.35,5235,3099,PTS,5.806318784183447,-1.8573208418834282,0.9987052216031623
multi_out,m12_k320_cap0.75-1.35,12.0,320.0,0.75-1.35,5235,3099,AST,1.7262298326747438,-0.44750503705818173,0.999011049093859
multi_out,m12_k320_cap0.75-1.35,12.0,320.0,0.75-1.35,5235,3099,REB,2.0839066543399354,-0.4122018415156696,0.9993646250833363
multi_out,m12_k320_cap0.75-1.35,12.0,320.0,0.75-1.35,5235,3099,STL,0.8125143856437611,-0.038732279347596175,0.9999064314688295
multi_out,m12_k320_cap0.75-1.35,12.0,320.0,0.75-1.35,5235,3099,BLK,0.5927838503215442,-0.020586047907512874,1.0003364030865771
multi_out,m12_k320_cap0.75-1.35,12.0,320.0,0.75-1.35,5235,3099,FG3M,1.135430242196601,-0.1537998765950457,1.0001369321464995
multi_out,m12_k320_cap0.75-1.35,12.0,320.0,0.75-1.35,5235,3099,TOV,1.0836684044790095,-0.1695756446916679,0.9995079378772419
multi_out,m12_k320_cap0.75-1.35,12.0,320.0,0.75-1.35,5235,3099,FG3A,1.8482489675025806,-0.47961449653015337,0.9999872500302174
multi_out,m12_k320_cap0.75-1.35,12.0,320.0,0.75-1.35,5235,3099,OREB,0.9116874776256768,-0.0932803695727426,1.0001040573068556
multi_out,m12_k320_cap0.75-1.35,12.0,320.0,0.75-1.35,5235,3099,POOLED,,,0.9996733230773978
multi_out,m12_k320_cap0.85-1.20,12.0,320.0,0.85-1.20,5235,3099,PTS,5.806318784183447,-1.8573208418834282,0.9987052216031623
multi_out,m12_k320_cap0.85-1.20,12.0,320.0,0.85-1.20,5235,3099,AST,1.7262298326747438,-0.44750503705818173,0.999011049093859
multi_out,m12_k320_cap0.85-1.20,12.0,320.0,0.85-1.20,5235,3099,REB,2.0839066543399354,-0.4122018415156696,0.9993646250833363
multi_out,m12_k320_cap0.85-1.20,12.0,320.0,0.85-1.20,5235,3099,STL,0.8125143856437611,-0.038732279347596175,0.9999064314688295
multi_out,m12_k320_cap0.85-1.20,12.0,320.0,0.85-1.20,5235,3099,BLK,0.5927838503215442,-0.020586047907512874,1.0003364030865771
multi_out,m12_k320_cap0.85-1.20,12.0,320.0,0.85-1.20,5235,3099,FG3M,1.135430242196601,-0.1537998765950457,1.0001369321464995
multi_out,m12_k320_cap0.85-1.20,12.0,320.0,0.85-1.20,5235,3099,TOV,1.0836684044790095,-0.1695756446916679,0.9995079378772419
multi_out,m12_k320_cap0.85-1.20,12.0,320.0,0.85-1.20,5235,3099,FG3A,1.8482489675025806,-0.47961449653015337,0.9999872500302174
multi_out,m12_k320_cap0.85-1.20,12.0,320.0,0.85-1.20,5235,3099,OREB,0.9116874776256768,-0.0932803695727426,1.0001040573068556
multi_out,m12_k320_cap0.85-1.20,12.0,320.0,0.85-1.20,5235,3099,POOLED,,,0.9996733230773978
prod_applied,no_adjustment,,,,12180,0,PTS,5.562601487279515,-0.9933878411531744,1.0000000000000007
prod_applied,no_adjustment,,,,12180,0,AST,1.6767525392176694,-0.2739460198559906,0.999999999999998
prod_applied,no_adjustment,,,,12180,0,REB,2.068445953897166,-0.19943777297341597,1.000000000000002
prod_applied,no_adjustment,,,,12180,0,STL,0.8110165943689093,-0.02615035478460085,0.9999999999999992
prod_applied,no_adjustment,,,,12180,0,BLK,0.5896327527822971,-0.010918686071376643,1.0000000000000064
prod_applied,no_adjustment,,,,12180,0,FG3M,1.1090143462149915,-0.09150558944262457,1.000000000000003
prod_applied,no_adjustment,,,,12180,0,TOV,1.069962340640357,-0.05853220902191756,1.0000000000000033
prod_applied,no_adjustment,,,,12180,0,FG3A,1.7896335233273926,-0.25614365607812906,0.9999999999999976
prod_applied,no_adjustment,,,,12180,0,OREB,0.9099164245418064,-0.029650144048953515,0.9999999999999989
prod_applied,no_adjustment,,,,12180,0,POOLED,,,1.0000000000000009
prod_applied,m3_k0_capnone,3.0,0.0,none,12180,12180,PTS,5.763804521401052,0.17737834629577232,1.0361706720464603
prod_applied,m3_k0_capnone,3.0,0.0,none,12180,12180,AST,1.7228775447198228,-0.03975461915464865,1.027508534755922
prod_applied,m3_k0_capnone,3.0,0.0,none,12180,12180,REB,2.155597614808378,0.0435443648884376,1.04213388353078
prod_applied,m3_k0_capnone,3.0,0.0,none,12180,12180,STL,0.8454104332745518,0.0008432485045395594,1.042408304767679
prod_applied,m3_k0_capnone,3.0,0.0,none,12180,12180,BLK,0.6039781935616902,0.000636723896617066,1.0243294503429554
prod_applied,m3_k0_capnone,3.0,0.0,none,12180,12180,FG3M,1.1629242332640863,0.018718190439251284,1.048610630902197
prod_applied,m3_k0_capnone,3.0,0.0,none,12180,12180,TOV,1.1093802891161963,0.027665918837435133,1.0368405008088901
prod_applied,m3_k0_capnone,3.0,0.0,none,12180,12180,FG3A,1.8743485226218082,0.08624527006215695,1.0473365067150193
prod_applied,m3_k0_capnone,3.0,0.0,none,12180,12180,OREB,0.9468245773809401,0.02181496335766308,1.0405621349869774
prod_applied,m3_k0_capnone,3.0,0.0,none,12180,12180,POOLED,,,1.038433402095209
prod_applied,m3_k0_cap0.75-1.35,3.0,0.0,0.75-1.35,12180,12180,PTS,5.72276220212784,0.12544211775748865,1.0287924121860217
prod_applied,m3_k0_cap0.75-1.35,3.0,0.0,0.75-1.35,12180,12180,AST,1.7059119576816821,-0.055735750347867326,1.017390412587426
prod_applied,m3_k0_cap0.75-1.35,3.0,0.0,0.75-1.35,12180,12180,REB,2.1396100179975295,0.035286964157907046,1.0344046040779007
prod_applied,m3_k0_cap0.75-1.35,3.0,0.0,0.75-1.35,12180,12180,STL,0.8287178198862315,0.0008082952487156649,1.0218259720457332
prod_applied,m3_k0_cap0.75-1.35,3.0,0.0,0.75-1.35,12180,12180,BLK,0.5985453130246733,0.0016419177579452843,1.015115442960596
prod_applied,m3_k0_cap0.75-1.35,3.0,0.0,0.75-1.35,12180,12180,FG3M,1.1447655290065268,0.006620723240313222,1.0322368983895978
prod_applied,m3_k0_cap0.75-1.35,3.0,0.0,0.75-1.35,12180,12180,TOV,1.0933873686633653,0.02274470733281445,1.021893320104138
prod_applied,m3_k0_cap0.75-1.35,3.0,0.0,0.75-1.35,12180,12180,FG3A,1.8595004061331237,0.07617372747248377,1.039039770933563
prod_applied,m3_k0_cap0.75-1.35,3.0,0.0,0.75-1.35,12180,12180,OREB,0.9327312855204675,0.01890936165743311,1.0250735785873395
prod_applied,m3_k0_cap0.75-1.35,3.0,0.0,0.75-1.35,12180,12180,POOLED,,,1.0261969346524795
prod_applied,m3_k0_cap0.85-1.20,3.0,0.0,0.85-1.20,12180,12180,PTS,5.6523442061704054,0.012249361839812838,1.0161332281480375
prod_applied,m3_k0_cap0.85-1.20,3.0,0.0,0.85-1.20,12180,12180,AST,1.6892400207941833,-0.08992617927782487,1.007447420704272
prod_applied,m3_k0_cap0.85-1.20,3.0,0.0,0.85-1.20,12180,12180,REB,2.1156010162615693,0.00785726090765759,1.0227973383957953
prod_applied,m3_k0_cap0.85-1.20,3.0,0.0,0.85-1.20,12180,12180,STL,0.8214220436534126,-0.003993860162668938,1.0128301311671677
prod_applied,m3_k0_cap0.85-1.20,3.0,0.0,0.85-1.20,12180,12180,BLK,0.5956664492999183,0.0003110459151258446,1.010232973811502
prod_applied,m3_k0_cap0.85-1.20,3.0,0.0,0.85-1.20,12180,12180,FG3M,1.1334498844872893,-0.007764993662688123,1.0220335637277358
prod_applied,m3_k0_cap0.85-1.20,3.0,0.0,0.85-1.20,12180,12180,TOV,1.0831381614908706,0.013192873624488365,1.0123142846715818
prod_applied,m3_k0_cap0.85-1.20,3.0,0.0,0.85-1.20,12180,12180,FG3A,1.839120624749999,0.04670316052825564,1.0276520867415315
prod_applied,m3_k0_cap0.85-1.20,3.0,0.0,0.85-1.20,12180,12180,OREB,0.9236219144246218,0.011684369573204359,1.0150623612379739
prod_applied,m3_k0_cap0.85-1.20,3.0,0.0,0.85-1.20,12180,12180,POOLED,,,1.0162781542895107
prod_applied,m3_k3_capnone,3.0,3.0,none,12180,12180,PTS,5.615964937918208,-0.06964095923715687,1.0095932543002994
prod_applied,m3_k3_capnone,3.0,3.0,none,12180,12180,AST,1.6886695781518208,-0.0856279713218982,1.007107213888406
prod_applied,m3_k3_capnone,3.0,3.0,none,12180,12180,REB,2.1031463263731234,-0.007648841590918713,1.0167760595390867
prod_applied,m3_k3_capnone,3.0,3.0,none,12180,12180,STL,0.8290177675486223,-0.005601542655744729,1.022195813630324
prod_applied,m3_k3_capnone,3.0,3.0,none,12180,12180,BLK,0.5975937825266033,-0.0018130441590010174,1.013501674909924
prod_applied,m3_k3_capnone,3.0,3.0,none,12180,12180,FG3M,1.1389808067786884,-0.004003905350511824,1.0270208051554737
prod_applied,m3_k3_capnone,3.0,3.0,none,12180,12180,TOV,1.0879089425315656,0.012633420779841583,1.0167731154728974
prod_applied,m3_k3_capnone,3.0,3.0,none,12180,12180,FG3A,1.8266266615527595,0.016264574118942342,1.0206707897137413
prod_applied,m3_k3_capnone,3.0,3.0,none,12180,12180,OREB,0.9295907922014579,0.012044764355169928,1.0216221700466146
prod_applied,m3_k3_capnone,3.0,3.0,none,12180,12180,POOLED,,,1.0172512107396408
prod_applied,m3_k3_cap0.75-1.35,3.0,3.0,0.75-1.35,12180,12180,PTS,5.612590728290042,-0.08080355631298962,1.0089866658837316
prod_applied,m3_k3_cap0.75-1.35,3.0,3.0,0.75-1.35,12180,12180,AST,1.6870991587900288,-0.09016929029244407,1.0061706300305848
prod_applied,m3_k3_cap0.75-1.35,3.0,3.0,0.75-1.35,12180,12180,REB,2.1020175403834434,-0.00871264471880612,1.0162303426023915
prod_applied,m3_k3_cap0.75-1.35,3.0,3.0,0.75-1.35,12180,12180,STL,0.8248277331432583,-0.00486035978188945,1.0170294157607163
prod_applied,m3_k3_cap0.75-1.35,3.0,3.0,0.75-1.35,12180,12180,BLK,0.5968194204620425,-0.001096668205403208,1.0121883793697646
prod_applied,m3_k3_cap0.75-1.35,3.0,3.0,0.75-1.35,12180,12180,FG3M,1.1353191095266675,-0.007475906804281617,1.0237190469189656
prod_applied,m3_k3_cap0.75-1.35,3.0,3.0,0.75-1.35,12180,12180,TOV,1.0850367938334733,0.010216224124476043,1.0140887698758614
prod_applied,m3_k3_cap0.75-1.35,3.0,3.0,0.75-1.35,12180,12180,FG3A,1.82534446744948,0.01478700759287564,1.0199543334747592
prod_applied,m3_k3_cap0.75-1.35,3.0,3.0,0.75-1.35,12180,12180,OREB,0.9269753524802014,0.010977774368563113,1.018747796477005
prod_applied,m3_k3_cap0.75-1.35,3.0,3.0,0.75-1.35,12180,12180,POOLED,,,1.0152350422659755
prod_applied,m3_k3_cap0.85-1.20,3.0,3.0,0.85-1.20,12180,12180,PTS,5.596426554440606,-0.13087174073383528,1.0060808000066956
prod_applied,m3_k3_cap0.85-1.20,3.0,3.0,0.85-1.20,12180,12180,AST,1.6817913455942972,-0.10862508728657727,1.0030050984022816
prod_applied,m3_k3_cap0.85-1.20,3.0,3.0,0.85-1.20,12180,12180,REB,2.095308196454027,-0.021341392211016094,1.012986678480167
prod_applied,m3_k3_cap0.85-1.20,3.0,3.0,0.85-1.20,12180,12180,STL,0.8198887116704812,-0.006937492784130906,1.0109395015628195
prod_applied,m3_k3_cap0.85-1.20,3.0,3.0,0.85-1.20,12180,12180,BLK,0.5950364863448824,-0.0012282140576952948,1.0091645749614324
prod_applied,m3_k3_cap0.85-1.20,3.0,3.0,0.85-1.20,12180,12180,FG3M,1.1290440485584317,-0.01631110422048781,1.0180608144626837
prod_applied,m3_k3_cap0.85-1.20,3.0,3.0,0.85-1.20,12180,12180,TOV,1.0798622341591215,0.0050733614041958,1.009252562583505
prod_applied,m3_k3_cap0.85-1.20,3.0,3.0,0.85-1.20,12180,12180,FG3A,1.8211748198554885,0.003384778907494829,1.0176244443999058
prod_applied,m3_k3_cap0.85-1.20,3.0,3.0,0.85-1.20,12180,12180,OREB,0.9218009315529099,0.007266356218102095,1.0130610973607679
prod_applied,m3_k3_cap0.85-1.20,3.0,3.0,0.85-1.20,12180,12180,POOLED,,,1.0111306191355842
prod_applied,m3_k5_capnone,3.0,5.0,none,12180,12180,PTS,5.5793115264578645,-0.17378223982554541,1.0030039971794789
prod_applied,m3_k5_capnone,3.0,5.0,none,12180,12180,AST,1.681178389235814,-0.10508309773252017,1.0026395367918788
prod_applied,m3_k5_capnone,3.0,5.0,none,12180,12180,REB,2.0892848204821677,-0.029889107273591464,1.0100746488182315
prod_applied,m3_k5_capnone,3.0,5.0,none,12180,12180,STL,0.8242967474300369,-0.008074302303596705,1.016374699547869
prod_applied,m3_k5_capnone,3.0,5.0,none,12180,12180,BLK,0.5960557972443036,-0.002639663960293034,1.0108932966014894
prod_applied,m3_k5_capnone,3.0,5.0,none,12180,12180,FG3M,1.1323099161356451,-0.013194067841550623,1.0210056524518043
prod_applied,m3_k5_capnone,3.0,5.0,none,12180,12180,TOV,1.0826700698472342,0.005795824048681658,1.011876800448206
prod_applied,m3_k5_capnone,3.0,5.0,none,12180,12180,FG3A,1.8146922312303102,-0.014097566175977296,1.0140021448951864
prod_applied,m3_k5_capnone,3.0,5.0,none,12180,12180,OREB,0.9250622984915602,0.007839267997787879,1.016645346255157
prod_applied,m3_k5_capnone,3.0,5.0,none,12180,12180,POOLED,,,1.0118351247765889
prod_applied,m3_k5_cap0.75-1.35,3.0,5.0,0.75-1.35,12180,12180,PTS,5.5781260809644255,-0.17820942749440644,1.0027908872710753
prod_applied,m3_k5_cap0.75-1.35,3.0,5.0,0.75-1.35,12180,12180,AST,1.6809287492339944,-0.10714202219275355,1.002490653759958
prod_applied,m3_k5_cap0.75-1.35,3.0,5.0,0.75-1.35,12180,12180,REB,2.089092702268366,-0.030326776910747765,1.0099817683572074
prod_applied,m3_k5_cap0.75-1.35,3.0,5.0,0.75-1.35,12180,12180,STL,0.8224666906378777,-0.007568206589120139,1.0141182022026043
prod_applied,m3_k5_cap0.75-1.35,3.0,5.0,0.75-1.35,12180,12180,BLK,0.5958019787046047,-0.0021735753561344406,1.0104628277401497
prod_applied,m3_k5_cap0.75-1.35,3.0,5.0,0.75-1.35,12180,12180,FG3M,1.1308407173543955,-0.01493344762374364,1.0196808735738176
prod_applied,m3_k5_cap0.75-1.35,3.0,5.0,0.75-1.35,12180,12180,TOV,1.0814732981584372,0.0041235435442835994,1.0107582828674089
prod_applied,m3_k5_cap0.75-1.35,3.0,5.0,0.75-1.35,12180,12180,FG3A,1.8140895690590344,-0.014598333569153781,1.0136653931728812
prod_applied,m3_k5_cap0.75-1.35,3.0,5.0,0.75-1.35,12180,12180,OREB,0.9239485364307909,0.007136280141834332,1.0154213194866215
prod_applied,m3_k5_cap0.75-1.35,3.0,5.0,0.75-1.35,12180,12180,POOLED,,,1.0110411342701915
prod_applied,m3_k5_cap0.85-1.20,3.0,5.0,0.85-1.20,12180,12180,PTS,5.571650818988075,-0.20959872272539729,1.0016268164687434
prod_applied,m3_k5_cap0.85-1.20,3.0,5.0,0.85-1.20,12180,12180,AST,1.6785369107066195,-0.12002873753023117,1.0010641829651137
prod_applied,m3_k5_cap0.85-1.20,3.0,5.0,0.85-1.20,12180,12180,REB,2.0859313490104445,-0.03762974110928718,1.008453397141143
prod_applied,m3_k5_cap0.85-1.20,3.0,5.0,0.85-1.20,12180,12180,STL,0.8190595271127026,-0.008764326258437734,1.0099171000934342
prod_applied,m3_k5_cap0.85-1.20,3.0,5.0,0.85-1.20,12180,12180,BLK,0.5945647026906182,-0.0021072708136900984,1.008364443605028
prod_applied,m3_k5_cap0.85-1.20,3.0,5.0,0.85-1.20,12180,12180,FG3M,1.1265423115104414,-0.02128278382728717,1.0158049941872036
prod_applied,m3_k5_cap0.85-1.20,3.0,5.0,0.85-1.20,12180,12180,TOV,1.0782006933862915,0.0005136775386109961,1.0076996660845163
prod_applied,m3_k5_cap0.85-1.20,3.0,5.0,0.85-1.20,12180,12180,FG3A,1.8123558198919214,-0.020457995666605385,1.0126966198768326
prod_applied,m3_k5_cap0.85-1.20,3.0,5.0,0.85-1.20,12180,12180,OREB,0.9206257231000656,0.00454710862237414,1.0117695408824507
prod_applied,m3_k5_cap0.85-1.20,3.0,5.0,0.85-1.20,12180,12180,POOLED,,,1.0085996401449406
prod_applied,m3_k10_capnone,3.0,10.0,none,12180,12180,PTS,5.539307462349078,-0.34969901779066115,0.9958123865274724
prod_applied,m3_k10_capnone,3.0,10.0,none,12180,12180,AST,1.6736105847977645,-0.13874355066183758,0.9981261668931933
prod_applied,m3_k10_capnone,3.0,10.0,none,12180,12180,REB,2.0730165142197934,-0.06729652151627195,1.002209659050564
prod_applied,m3_k10_capnone,3.0,10.0,none,12180,12180,STL,0.8187266738587177,-0.011952555536927416,1.009506685243361
prod_applied,m3_k10_capnone,3.0,10.0,none,12180,12180,BLK,0.5940376914215084,-0.003944229412416928,1.0074706478200703
prod_applied,m3_k10_capnone,3.0,10.0,none,12180,12180,FG3M,1.1233403534419084,-0.0286788750952764,1.012917783503716
prod_applied,m3_k10_capnone,3.0,10.0,none,12180,12180,TOV,1.0761675301364118,-0.006047737335730492,1.0057994466350515
prod_applied,m3_k10_capnone,3.0,10.0,none,12180,12180,FG3A,1.800146436652787,-0.0661910345477399,1.005874338622046
prod_applied,m3_k10_capnone,3.0,10.0,none,12180,12180,OREB,0.9191493967466642,0.0006344938965324056,1.0101470552193912
prod_applied,m3_k10_capnone,3.0,10.0,none,12180,12180,POOLED,,,1.0053182410572072
prod_applied,m3_k10_cap0.75-1.35,3.0,10.0,0.75-1.35,12180,12180,PTS,5.539132559088198,-0.35042504291399684,0.9957809438182869
prod_applied,m3_k10_cap0.75-1.35,3.0,10.0,0.75-1.35,12180,12180,AST,1.6735650426205118,-0.13888165860995524,0.9980990059519169
prod_applied,m3_k10_cap0.75-1.35,3.0,10.0,0.75-1.35,12180,12180,REB,2.0730218234673172,-0.0672924124147137,1.0022122258314432
prod_applied,m3_k10_cap0.75-1.35,3.0,10.0,0.75-1.35,12180,12180,STL,0.8185058172316902,-0.01182542781238124,1.0092343645182846
prod_applied,m3_k10_cap0.75-1.35,3.0,10.0,0.75-1.35,12180,12180,BLK,0.5939641093322718,-0.0038147072679122645,1.0073458547367666
prod_applied,m3_k10_cap0.75-1.35,3.0,10.0,0.75-1.35,12180,12180,FG3M,1.1232074576686824,-0.028994024656374486,1.0127979511736116
prod_applied,m3_k10_cap0.75-1.35,3.0,10.0,0.75-1.35,12180,12180,TOV,1.0759997797414886,-0.006748874240812052,1.0056426650469978
prod_applied,m3_k10_cap0.75-1.35,3.0,10.0,0.75-1.35,12180,12180,FG3A,1.799911569636393,-0.06636986780838956,1.005743101129379
prod_applied,m3_k10_cap0.75-1.35,3.0,10.0,0.75-1.35,12180,12180,OREB,0.9189077958888677,0.00031814774426987513,1.009881535385613
prod_applied,m3_k10_cap0.75-1.35,3.0,10.0,0.75-1.35,12180,12180,POOLED,,,1.0051930719547
prod_applied,m3_k10_cap0.85-1.20,3.0,10.0,0.85-1.20,12180,12180,PTS,5.537900503466054,-0.3602686729203194,0.9955594547137804
prod_applied,m3_k10_cap0.85-1.20,3.0,10.0,0.85-1.20,12180,12180,AST,1.6732816609763306,-0.14502966084530805,0.997929999710654
prod_applied,m3_k10_cap0.85-1.20,3.0,10.0,0.85-1.20,12180,12180,REB,2.0725777552194646,-0.06904987668141999,1.0019975389323168
prod_applied,m3_k10_cap0.85-1.20,3.0,10.0,0.85-1.20,12180,12180,STL,0.8172055844697539,-0.012176621846987479,1.0076311510070395
prod_applied,m3_k10_cap0.85-1.20,3.0,10.0,0.85-1.20,12180,12180,BLK,0.5935308505480291,-0.003685436953276892,1.0066110604394716
prod_applied,m3_k10_cap0.85-1.20,3.0,10.0,0.85-1.20,12180,12180,FG3M,1.1217919146076187,-0.032073235245510964,1.0115215537438624
prod_applied,m3_k10_cap0.85-1.20,3.0,10.0,0.85-1.20,12180,12180,TOV,1.0748682237296565,-0.008807236004960688,1.0045850988422331
prod_applied,m3_k10_cap0.85-1.20,3.0,10.0,0.85-1.20,12180,12180,FG3A,1.7995395464422106,-0.06777623146511604,1.0055352243829203
prod_applied,m3_k10_cap0.85-1.20,3.0,10.0,0.85-1.20,12180,12180,OREB,0.9175484403080014,-0.0009654598642988641,1.0083876008393158
prod_applied,m3_k10_cap0.85-1.20,3.0,10.0,0.85-1.20,12180,12180,POOLED,,,1.0044176314012883
prod_applied,m3_k20_capnone,3.0,20.0,none,12180,12180,PTS,5.522981672951682,-0.5403801787740383,0.9928774666999906
prod_applied,m3_k20_capnone,3.0,20.0,none,12180,12180,AST,1.6696431997300358,-0.17734630861802236,0.9957600544377563
prod_applied,m3_k20_capnone,3.0,20.0,none,12180,12180,REB,2.0640425634636856,-0.10841099310408099,0.997871160024665
prod_applied,m3_k20_capnone,3.0,20.0,none,12180,12180,STL,0.8148488697568861,-0.01607254502710847,1.0047252737053527
prod_applied,m3_k20_capnone,3.0,20.0,none,12180,12180,BLK,0.5924033448426994,-0.005454025195109083,1.0046988435553021
prod_applied,m3_k20_capnone,3.0,20.0,none,12180,12180,FG3M,1.1162894839075148,-0.04631288976889718,1.0065600032293147
prod_applied,m3_k20_capnone,3.0,20.0,none,12180,12180,TOV,1.0716109024327694,-0.019875175793075114,1.0015407661838167
prod_applied,m3_k20_capnone,3.0,20.0,none,12180,12180,FG3A,1.7903042847028228,-0.12349536763613074,1.0003748037610396
prod_applied,m3_k20_capnone,3.0,20.0,none,12180,12180,OREB,0.9146270405176818,-0.0077055466532930765,1.0051769765319343
prod_applied,m3_k20_capnone,3.0,20.0,none,12180,12180,POOLED,,,1.0010650386810191
prod_applied,m3_k20_cap0.75-1.35,3.0,20.0,0.75-1.35,12180,12180,PTS,5.522981672951682,-0.5403801787740383,0.9928774666999906
prod_applied,m3_k20_cap0.75-1.35,3.0,20.0,0.75-1.35,12180,12180,AST,1.6696400891777845,-0.17734319806577103,0.9957581993326179
prod_applied,m3_k20_cap0.75-1.35,3.0,20.0,0.75-1.35,12180,12180,REB,2.0640425634636856,-0.10841099310408099,0.997871160024665
prod_applied,m3_k20_cap0.75-1.35,3.0,20.0,0.75-1.35,12180,12180,STL,0.8148432746166107,-0.016058062311950894,1.0047183747832908
prod_applied,m3_k20_cap0.75-1.35,3.0,20.0,0.75-1.35,12180,12180,BLK,0.592389189141458,-0.005477098036823024,1.0046748358976971
prod_applied,m3_k20_cap0.75-1.35,3.0,20.0,0.75-1.35,12180,12180,FG3M,1.116273174410443,-0.04632949801498471,1.006545296929863
prod_applied,m3_k20_cap0.75-1.35,3.0,20.0,0.75-1.35,12180,12180,TOV,1.0716026066332744,-0.01991864341014794,1.0015330128272921
prod_applied,m3_k20_cap0.75-1.35,3.0,20.0,0.75-1.35,12180,12180,FG3A,1.7902580910904118,-0.12355500953877684,1.0003489919890713
prod_applied,m3_k20_cap0.75-1.35,3.0,20.0,0.75-1.35,12180,12180,OREB,0.9146107506373432,-0.007730589668249368,1.0051590739203324
prod_applied,m3_k20_cap0.75-1.35,3.0,20.0,0.75-1.35,12180,12180,POOLED,,,1.001054045822758
prod_applied,m3_k20_cap0.85-1.20,3.0,20.0,0.85-1.20,12180,12180,PTS,5.522845530974802,-0.5419080557752993,0.9928529921843902
prod_applied,m3_k20_cap0.85-1.20,3.0,20.0,0.85-1.20,12180,12180,AST,1.6694009042928342,-0.17805695668608978,0.995615551637531
prod_applied,m3_k20_cap0.85-1.20,3.0,20.0,0.85-1.20,12180,12180,REB,2.0640762761952005,-0.10846076293504359,0.9978874586045005
prod_applied,m3_k20_cap0.85-1.20,3.0,20.0,0.85-1.20,12180,12180,STL,0.8146345194887695,-0.016173253734802086,1.0044609754534983
prod_applied,m3_k20_cap0.85-1.20,3.0,20.0,0.85-1.20,12180,12180,BLK,0.5922645150728448,-0.005372265888821898,1.004463392303316
prod_applied,m3_k20_cap0.85-1.20,3.0,20.0,0.85-1.20,12180,12180,FG3M,1.1160717961804214,-0.04694241919720168,1.0063637138595365
prod_applied,m3_k20_cap0.85-1.20,3.0,20.0,0.85-1.20,12180,12180,TOV,1.0714215457757656,-0.020954660511705667,1.0013637911167406
prod_applied,m3_k20_cap0.85-1.20,3.0,20.0,0.85-1.20,12180,12180,FG3A,1.7901606874088503,-0.12387459023968563,1.0002945653814492
prod_applied,m3_k20_cap0.85-1.20,3.0,20.0,0.85-1.20,12180,12180,OREB,0.9142868344768726,-0.008199406754790478,1.0048030894016073
prod_applied,m3_k20_cap0.85-1.20,3.0,20.0,0.85-1.20,12180,12180,POOLED,,,1.0009006144380632
prod_applied,m3_k40_capnone,3.0,40.0,none,12180,12180,PTS,5.525691879177849,-0.7086540938396664,0.9933646858963261
prod_applied,m3_k40_capnone,3.0,40.0,none,12180,12180,AST,1.66944316551297,-0.21259786893394575,0.9956407558457534
prod_applied,m3_k40_capnone,3.0,40.0,none,12180,12180,REB,2.0626756033526927,-0.14339054352159472,0.9972102966801732
prod_applied,m3_k40_capnone,3.0,40.0,none,12180,12180,STL,0.8123686102651099,-0.01981949067126845,1.001667063171811
prod_applied,m3_k40_capnone,3.0,40.0,none,12180,12180,BLK,0.5911524123366105,-0.007089637841051069,1.0025772984067565
prod_applied,m3_k40_capnone,3.0,40.0,none,12180,12180,FG3M,1.1120979037970495,-0.06266426736046929,1.0027804487765062
prod_applied,m3_k40_capnone,3.0,40.0,none,12180,12180,TOV,1.0694999752345162,-0.033654974227947956,0.9995678675890963
prod_applied,m3_k40_capnone,3.0,40.0,none,12180,12180,FG3A,1.787064001154891,-0.1730735538185866,0.9985642187973052
prod_applied,m3_k40_capnone,3.0,40.0,none,12180,12180,OREB,0.9118634216482895,-0.015592371636934239,1.0021397537773455
prod_applied,m3_k40_capnone,3.0,40.0,none,12180,12180,POOLED,,,0.9992791543267859
prod_applied,m3_k40_cap0.75-1.35,3.0,40.0,0.75-1.35,12180,12180,PTS,5.525691879177849,-0.7086540938396664,0.9933646858963261
prod_applied,m3_k40_cap0.75-1.35,3.0,40.0,0.75-1.35,12180,12180,AST,1.66944316551297,-0.21259786893394575,0.9956407558457534
prod_applied,m3_k40_cap0.75-1.35,3.0,40.0,0.75-1.35,12180,12180,REB,2.0626756033526927,-0.14339054352159472,0.9972102966801732
prod_applied,m3_k40_cap0.75-1.35,3.0,40.0,0.75-1.35,12180,12180,STL,0.8123678655402254,-0.019818745946383914,1.0016661449108413
prod_applied,m3_k40_cap0.75-1.35,3.0,40.0,0.75-1.35,12180,12180,BLK,0.5911413169515941,-0.007108383006104227,1.0025584809564638
prod_applied,m3_k40_cap0.75-1.35,3.0,40.0,0.75-1.35,12180,12180,FG3M,1.112098843141466,-0.06266475972086799,1.0027812957848607
prod_applied,m3_k40_cap0.75-1.35,3.0,40.0,0.75-1.35,12180,12180,TOV,1.0694999752345162,-0.033654974227947956,0.9995678675890963
prod_applied,m3_k40_cap0.75-1.35,3.0,40.0,0.75-1.35,12180,12180,FG3A,1.787057626375721,-0.17307697647047818,0.9985606567388798
prod_applied,m3_k40_cap0.75-1.35,3.0,40.0,0.75-1.35,12180,12180,OREB,0.9118665504414062,-0.015588676543548344,1.00214319232734
prod_applied,m3_k40_cap0.75-1.35,3.0,40.0,0.75-1.35,12180,12180,POOLED,,,0.9992770418588593
prod_applied,m3_k40_cap0.85-1.20,3.0,40.0,0.85-1.20,12180,12180,PTS,5.525691700499343,-0.7086539151611609,0.9933646537749337
prod_applied,m3_k40_cap0.85-1.20,3.0,40.0,0.85-1.20,12180,12180,AST,1.6694145688231887,-0.21255924657720576,0.9956237010394463
prod_applied,m3_k40_cap0.85-1.20,3.0,40.0,0.85-1.20,12180,12180,REB,2.0626756033526927,-0.14339054352159472,0.9972102966801732
prod_applied,m3_k40_cap0.85-1.20,3.0,40.0,0.85-1.20,12180,12180,STL,0.8123581399017514,-0.019813891602701597,1.0016541530002667
prod_applied,m3_k40_cap0.85-1.20,3.0,40.0,0.85-1.20,12180,12180,BLK,0.5911601759904344,-0.007085820031997331,1.0025904653378457
prod_applied,m3_k40_cap0.85-1.20,3.0,40.0,0.85-1.20,12180,12180,FG3M,1.1120821189403234,-0.06268813550082644,1.0027662155460886
prod_applied,m3_k40_cap0.85-1.20,3.0,40.0,0.85-1.20,12180,12180,TOV,1.0694885653159962,-0.03375023473633347,0.9995572037385226
prod_applied,m3_k40_cap0.85-1.20,3.0,40.0,0.85-1.20,12180,12180,FG3A,1.7870437561942676,-0.17311156659249377,0.9985529064473969
prod_applied,m3_k40_cap0.85-1.20,3.0,40.0,0.85-1.20,12180,12180,OREB,0.9118368138950994,-0.015651284819139896,1.0021105118025087
prod_applied,m3_k40_cap0.85-1.20,3.0,40.0,0.85-1.20,12180,12180,POOLED,,,0.9992700119296869
prod_applied,m3_k80_capnone,3.0,80.0,none,12180,12180,PTS,5.5372932732943205,-0.8297207056999306,0.9954502917307548
prod_applied,m3_k80_capnone,3.0,80.0,none,12180,12180,AST,1.6715057157814748,-0.23874354129126962,0.9968708421108782
prod_applied,m3_k80_capnone,3.0,80.0,none,12180,12180,REB,2.064002398752987,-0.1676677842881907,0.9978517422049135
prod_applied,m3_k80_capnone,3.0,80.0,none,12180,12180,STL,0.811315856235957,-0.022571400655344406,1.0003689959849464
prod_applied,m3_k80_capnone,3.0,80.0,none,12180,12180,BLK,0.5903779011212476,-0.008630676519196984,1.0012637499111745
prod_applied,m3_k80_capnone,3.0,80.0,none,12180,12180,FG3M,1.1100434527149083,-0.07485991933353589,1.0009279469678931
prod_applied,m3_k80_capnone,3.0,80.0,none,12180,12180,TOV,1.0689833677594458,-0.04423529584021733,0.9990850398712896
prod_applied,m3_k80_capnone,3.0,80.0,none,12180,12180,FG3A,1.7870908970193236,-0.20838408440214368,0.9985792474968026
prod_applied,m3_k80_capnone,3.0,80.0,none,12180,12180,OREB,0.9105797802591068,-0.021610627301974234,1.0007290292815996
prod_applied,m3_k80_capnone,3.0,80.0,none,12180,12180,POOLED,,,0.9990140983955836
prod_applied,m3_k80_cap0.75-1.35,3.0,80.0,0.75-1.35,12180,12180,PTS,5.5372932732943205,-0.8297207056999306,0.9954502917307548
prod_applied,m3_k80_cap0.75-1.35,3.0,80.0,0.75-1.35,12180,12180,AST,1.6715057157814748,-0.23874354129126962,0.9968708421108782
prod_applied,m3_k80_cap0.75-1.35,3.0,80.0,0.75-1.35,12180,12180,REB,2.064002398752987,-0.1676677842881907,0.9978517422049135
prod_applied,m3_k80_cap0.75-1.35,3.0,80.0,0.75-1.35,12180,12180,STL,0.811315856235957,-0.022571400655344406,1.0003689959849464
prod_applied,m3_k80_cap0.75-1.35,3.0,80.0,0.75-1.35,12180,12180,BLK,0.5903780681439342,-0.00863121305661691,1.0012640331767935
prod_applied,m3_k80_cap0.75-1.35,3.0,80.0,0.75-1.35,12180,12180,FG3M,1.1100441186831236,-0.07485925336532052,1.000928547472492
prod_applied,m3_k80_cap0.75-1.35,3.0,80.0,0.75-1.35,12180,12180,TOV,1.0689833677594458,-0.04423529584021733,0.9990850398712896
prod_applied,m3_k80_cap0.75-1.35,3.0,80.0,0.75-1.35,12180,12180,FG3A,1.7870939447265943,-0.20837998902614946,0.998580950475223
prod_applied,m3_k80_cap0.75-1.35,3.0,80.0,0.75-1.35,12180,12180,OREB,0.9105797802591068,-0.021610627301974234,1.0007290292815996
prod_applied,m3_k80_cap0.75-1.35,3.0,80.0,0.75-1.35,12180,12180,POOLED,,,0.999014385812099
prod_applied,m3_k80_cap0.85-1.20,3.0,80.0,0.85-1.20,12180,12180,PTS,5.5372932732943205,-0.8297207056999306,0.9954502917307548
prod_applied,m3_k80_cap0.85-1.20,3.0,80.0,0.85-1.20,12180,12180,AST,1.6715057157814748,-0.23874354129126962,0.9968708421108782
prod_applied,m3_k80_cap0.85-1.20,3.0,80.0,0.85-1.20,12180,12180,REB,2.064002398752987,-0.1676677842881907,0.9978517422049135
prod_applied,m3_k80_cap0.85-1.20,3.0,80.0,0.85-1.20,12180,12180,STL,0.8113154353283722,-0.02257068926958586,1.000368476997311
prod_applied,m3_k80_cap0.85-1.20,3.0,80.0,0.85-1.20,12180,12180,BLK,0.5903740534167573,-0.008638416151042282,1.0012572243162647
prod_applied,m3_k80_cap0.85-1.20,3.0,80.0,0.85-1.20,12180,12180,FG3M,1.1100474310712447,-0.0748594562228498,1.0009315342581298
prod_applied,m3_k80_cap0.85-1.20,3.0,80.0,0.85-1.20,12180,12180,TOV,1.0689833677594458,-0.04423529584021733,0.9990850398712896
prod_applied,m3_k80_cap0.85-1.20,3.0,80.0,0.85-1.20,12180,12180,FG3A,1.7870934898680868,-0.2083788062375792,0.9985806963122887
prod_applied,m3_k80_cap0.85-1.20,3.0,80.0,0.85-1.20,12180,12180,OREB,0.9105823230770611,-0.02160767491870218,1.0007318238436997
prod_applied,m3_k80_cap0.85-1.20,3.0,80.0,0.85-1.20,12180,12180,POOLED,,,0.9990141857383922
prod_applied,m3_k160_capnone,3.0,160.0,none,12180,12180,PTS,5.547370867730964,-0.9046867436764766,0.9972619610476543
prod_applied,m3_k160_capnone,3.0,160.0,none,12180,12180,AST,1.6736170515996613,-0.25487936480045814,0.9981300236351666
prod_applied,m3_k160_capnone,3.0,160.0,none,12180,12180,REB,2.0656642642483565,-0.18237545546133202,0.998655178955213
prod_applied,m3_k160_capnone,3.0,160.0,none,12180,12180,STL,0.8110064740422382,-0.024227926839977727,0.9999875214308289
prod_applied,m3_k160_capnone,3.0,160.0,none,12180,12180,BLK,0.5899849581925282,-0.009694797679103284,1.000597330132312
prod_applied,m3_k160_capnone,3.0,160.0,none,12180,12180,FG3M,1.1093480188133884,-0.08246504587083751,1.000300873112723
prod_applied,m3_k160_capnone,3.0,160.0,none,12180,12180,TOV,1.0691717671355545,-0.05081112490958645,0.9992611202518346
prod_applied,m3_k160_capnone,3.0,160.0,none,12180,12180,FG3A,1.7879448113320986,-0.23021470507999345,0.9990563922874228
prod_applied,m3_k160_capnone,3.0,160.0,none,12180,12180,OREB,0.9101479857155087,-0.025323217350573864,1.0002544862005518
prod_applied,m3_k160_capnone,3.0,160.0,none,12180,12180,POOLED,,,0.9992783207837452
prod_applied,m3_k160_cap0.75-1.35,3.0,160.0,0.75-1.35,12180,12180,PTS,5.547370867730964,-0.9046867436764766,0.9972619610476543
prod_applied,m3_k160_cap0.75-1.35,3.0,160.0,0.75-1.35,12180,12180,AST,1.6736170515996613,-0.25487936480045814,0.9981300236351666
prod_applied,m3_k160_cap0.75-1.35,3.0,160.0,0.75-1.35,12180,12180,REB,2.0656642642483565,-0.18237545546133202,0.998655178955213
prod_applied,m3_k160_cap0.75-1.35,3.0,160.0,0.75-1.35,12180,12180,STL,0.8110064740422382,-0.024227926839977727,0.9999875214308289
prod_applied,m3_k160_cap0.75-1.35,3.0,160.0,0.75-1.35,12180,12180,BLK,0.5899849581925282,-0.009694797679103284,1.000597330132312
prod_applied,m3_k160_cap0.75-1.35,3.0,160.0,0.75-1.35,12180,12180,FG3M,1.1093480188133884,-0.08246504587083751,1.000300873112723
prod_applied,m3_k160_cap0.75-1.35,3.0,160.0,0.75-1.35,12180,12180,TOV,1.0691717671355545,-0.05081112490958645,0.9992611202518346
prod_applied,m3_k160_cap0.75-1.35,3.0,160.0,0.75-1.35,12180,12180,FG3A,1.7879448113320986,-0.23021470507999345,0.9990563922874228
prod_applied,m3_k160_cap0.75-1.35,3.0,160.0,0.75-1.35,12180,12180,OREB,0.9101479857155087,-0.025323217350573864,1.0002544862005518
prod_applied,m3_k160_cap0.75-1.35,3.0,160.0,0.75-1.35,12180,12180,POOLED,,,0.9992783207837452
prod_applied,m3_k160_cap0.85-1.20,3.0,160.0,0.85-1.20,12180,12180,PTS,5.547370867730964,-0.9046867436764766,0.9972619610476543
prod_applied,m3_k160_cap0.85-1.20,3.0,160.0,0.85-1.20,12180,12180,AST,1.6736170515996613,-0.25487936480045814,0.9981300236351666
prod_applied,m3_k160_cap0.85-1.20,3.0,160.0,0.85-1.20,12180,12180,REB,2.0656642642483565,-0.18237545546133202,0.998655178955213
prod_applied,m3_k160_cap0.85-1.20,3.0,160.0,0.85-1.20,12180,12180,STL,0.8110064740422382,-0.024227926839977727,0.9999875214308289
prod_applied,m3_k160_cap0.85-1.20,3.0,160.0,0.85-1.20,12180,12180,BLK,0.589984747299915,-0.009695169092797738,1.0005969724645736
prod_applied,m3_k160_cap0.85-1.20,3.0,160.0,0.85-1.20,12180,12180,FG3M,1.1093486379560156,-0.08246442672821036,1.0003014313946148
prod_applied,m3_k160_cap0.85-1.20,3.0,160.0,0.85-1.20,12180,12180,TOV,1.0691717671355545,-0.05081112490958645,0.9992611202518346
prod_applied,m3_k160_cap0.85-1.20,3.0,160.0,0.85-1.20,12180,12180,FG3A,1.7879466111489215,-0.2302123567835559,0.999057397977582
prod_applied,m3_k160_cap0.85-1.20,3.0,160.0,0.85-1.20,12180,12180,OREB,0.9101479857155087,-0.025323217350573864,1.0002544862005518
prod_applied,m3_k160_cap0.85-1.20,3.0,160.0,0.85-1.20,12180,12180,POOLED,,,0.9992784548175578
prod_applied,m3_k320_capnone,3.0,320.0,none,12180,12180,PTS,5.554253975423663,-0.9470117772132355,0.9984993510905036
prod_applied,m3_k320_capnone,3.0,320.0,none,12180,12180,AST,1.6750126863393844,-0.2639807714124223,0.9989623675303333
prod_applied,m3_k320_capnone,3.0,320.0,none,12180,12180,REB,2.066901663739146,-0.19056899743279376,0.999253405603803
prod_applied,m3_k320_capnone,3.0,320.0,none,12180,12180,STL,0.8109589442590391,-0.02515120913237227,0.9999289162388648
prod_applied,m3_k320_capnone,3.0,320.0,none,12180,12180,BLK,0.5898042595370795,-0.010286797357126223,1.0002908704680615
prod_applied,m3_k320_capnone,3.0,320.0,none,12180,12180,FG3M,1.1091407748156592,-0.08677466927297821,1.0001140008703246
prod_applied,m3_k320_capnone,3.0,320.0,none,12180,12180,TOV,1.0694789065758603,-0.05450485563006829,0.999548176560865
prod_applied,m3_k320_capnone,3.0,320.0,none,12180,12180,FG3A,1.7886697393558253,-0.242572748257782,0.9994614629425471
prod_applied,m3_k320_capnone,3.0,320.0,none,12180,12180,OREB,0.9100025165993938,-0.027404241160792094,1.0000946153462718
prod_applied,m3_k320_capnone,3.0,320.0,none,12180,12180,POOLED,,,0.9995725740723971
prod_applied,m3_k320_cap0.75-1.35,3.0,320.0,0.75-1.35,12180,12180,PTS,5.554253975423663,-0.9470117772132355,0.9984993510905036
prod_applied,m3_k320_cap0.75-1.35,3.0,320.0,0.75-1.35,12180,12180,AST,1.6750126863393844,-0.2639807714124223,0.9989623675303333
prod_applied,m3_k320_cap0.75-1.35,3.0,320.0,0.75-1.35,12180,12180,REB,2.066901663739146,-0.19056899743279376,0.999253405603803
prod_applied,m3_k320_cap0.75-1.35,3.0,320.0,0.75-1.35,12180,12180,STL,0.8109589442590391,-0.02515120913237227,0.9999289162388648
prod_applied,m3_k320_cap0.75-1.35,3.0,320.0,0.75-1.35,12180,12180,BLK,0.5898042595370795,-0.010286797357126223,1.0002908704680615
prod_applied,m3_k320_cap0.75-1.35,3.0,320.0,0.75-1.35,12180,12180,FG3M,1.1091407748156592,-0.08677466927297821,1.0001140008703246
prod_applied,m3_k320_cap0.75-1.35,3.0,320.0,0.75-1.35,12180,12180,TOV,1.0694789065758603,-0.05450485563006829,0.999548176560865
prod_applied,m3_k320_cap0.75-1.35,3.0,320.0,0.75-1.35,12180,12180,FG3A,1.7886697393558253,-0.242572748257782,0.9994614629425471
prod_applied,m3_k320_cap0.75-1.35,3.0,320.0,0.75-1.35,12180,12180,OREB,0.9100025165993938,-0.027404241160792094,1.0000946153462718
prod_applied,m3_k320_cap0.75-1.35,3.0,320.0,0.75-1.35,12180,12180,POOLED,,,0.9995725740723971
prod_applied,m3_k320_cap0.85-1.20,3.0,320.0,0.85-1.20,12180,12180,PTS,5.554253975423663,-0.9470117772132355,0.9984993510905036
prod_applied,m3_k320_cap0.85-1.20,3.0,320.0,0.85-1.20,12180,12180,AST,1.6750126863393844,-0.2639807714124223,0.9989623675303333
prod_applied,m3_k320_cap0.85-1.20,3.0,320.0,0.85-1.20,12180,12180,REB,2.066901663739146,-0.19056899743279376,0.999253405603803
prod_applied,m3_k320_cap0.85-1.20,3.0,320.0,0.85-1.20,12180,12180,STL,0.8109589442590391,-0.02515120913237227,0.9999289162388648
prod_applied,m3_k320_cap0.85-1.20,3.0,320.0,0.85-1.20,12180,12180,BLK,0.5898042595370795,-0.010286797357126223,1.0002908704680615
prod_applied,m3_k320_cap0.85-1.20,3.0,320.0,0.85-1.20,12180,12180,FG3M,1.1091407748156592,-0.08677466927297821,1.0001140008703246
prod_applied,m3_k320_cap0.85-1.20,3.0,320.0,0.85-1.20,12180,12180,TOV,1.0694789065758603,-0.05450485563006829,0.999548176560865
prod_applied,m3_k320_cap0.85-1.20,3.0,320.0,0.85-1.20,12180,12180,FG3A,1.7886697393558253,-0.242572748257782,0.9994614629425471
prod_applied,m3_k320_cap0.85-1.20,3.0,320.0,0.85-1.20,12180,12180,OREB,0.9100025165993938,-0.027404241160792094,1.0000946153462718
prod_applied,m3_k320_cap0.85-1.20,3.0,320.0,0.85-1.20,12180,12180,POOLED,,,0.9995725740723971
prod_applied,m5_k0_capnone,5.0,0.0,none,12180,10599,PTS,5.677065618371811,-0.01851632325462962,1.0205774458864354
prod_applied,m5_k0_capnone,5.0,0.0,none,12180,10599,AST,1.7061431475587692,-0.07191466370569438,1.0175282921323676
prod_applied,m5_k0_capnone,5.0,0.0,none,12180,10599,REB,2.1205909976700092,0.003678597656050239,1.0252097685581782
prod_applied,m5_k0_capnone,5.0,0.0,none,12180,10599,STL,0.8352074350352132,-0.0039454788161726526,1.0298277998678034
prod_applied,m5_k0_capnone,5.0,0.0,none,12180,10599,BLK,0.5991280536209486,0.0004784353634219602,1.0161037540636098
prod_applied,m5_k0_capnone,5.0,0.0,none,12180,10599,FG3M,1.144738091863116,0.00027684256658712934,1.0322121582737422
prod_applied,m5_k0_capnone,5.0,0.0,none,12180,10599,TOV,1.0965351014000457,0.016635800858760815,1.024835229942569
prod_applied,m5_k0_capnone,5.0,0.0,none,12180,10599,FG3A,1.844165067830468,0.03318695761367573,1.0304707884559978
prod_applied,m5_k0_capnone,5.0,0.0,none,12180,10599,OREB,0.9367382587250255,0.015523309908966144,1.029477250283425
prod_applied,m5_k0_capnone,5.0,0.0,none,12180,10599,POOLED,,,1.025138054162681
prod_applied,m5_k0_cap0.75-1.35,5.0,0.0,0.75-1.35,12180,10599,PTS,5.659734099129525,-0.04881086788075694,1.0174617239922967
prod_applied,m5_k0_cap0.75-1.35,5.0,0.0,0.75-1.35,12180,10599,AST,1.6999450170770292,-0.08482878868670393,1.0138317833531818
prod_applied,m5_k0_cap0.75-1.35,5.0,0.0,0.75-1.35,12180,10599,REB,2.1141956521990055,-0.0025694324049403334,1.0221179084788978
prod_applied,m5_k0_cap0.75-1.35,5.0,0.0,0.75-1.35,12180,10599,STL,0.8255398846297094,-0.003051906183834764,1.0179075130664874
prod_applied,m5_k0_cap0.75-1.35,5.0,0.0,0.75-1.35,12180,10599,BLK,0.5965614569869768,0.0010308723171289344,1.0117508808185927
prod_applied,m5_k0_cap0.75-1.35,5.0,0.0,0.75-1.35,12180,10599,FG3M,1.136412071810475,-0.00674117896231991,1.0247045727487603
prod_applied,m5_k0_cap0.75-1.35,5.0,0.0,0.75-1.35,12180,10599,TOV,1.0888371816193174,0.012801756462637225,1.0176406591727964
prod_applied,m5_k0_cap0.75-1.35,5.0,0.0,0.75-1.35,12180,10599,FG3A,1.8390775280757392,0.028110516144476135,1.027628005456901
prod_applied,m5_k0_cap0.75-1.35,5.0,0.0,0.75-1.35,12180,10599,OREB,0.9291129574790049,0.013250355239203848,1.0210970287154273
prod_applied,m5_k0_cap0.75-1.35,5.0,0.0,0.75-1.35,12180,10599,POOLED,,,1.0193488973114824
prod_applied,m5_k0_cap0.85-1.20,5.0,0.0,0.85-1.20,12180,10599,PTS,5.621326385319765,-0.1383284803928494,1.0105570924278047
prod_applied,m5_k0_cap0.85-1.20,5.0,0.0,0.85-1.20,12180,10599,AST,1.6885437840611628,-0.11481442564748968,1.0070321914341585
prod_applied,m5_k0_cap0.85-1.20,5.0,0.0,0.85-1.20,12180,10599,REB,2.1007785657709905,-0.02409356639321444,1.015631354453768
prod_applied,m5_k0_cap0.85-1.20,5.0,0.0,0.85-1.20,12180,10599,STL,0.8196353823269865,-0.006891982318336351,1.0106271413161199
prod_applied,m5_k0_cap0.85-1.20,5.0,0.0,0.85-1.20,12180,10599,BLK,0.5943184468780841,-0.00040305707650975406,1.0079468009090073
prod_applied,m5_k0_cap0.85-1.20,5.0,0.0,0.85-1.20,12180,10599,FG3M,1.1283273965297107,-0.018914242938807502,1.0174146081884667
prod_applied,m5_k0_cap0.85-1.20,5.0,0.0,0.85-1.20,12180,10599,TOV,1.081189385770791,0.004569532459370267,1.0104929348482663
prod_applied,m5_k0_cap0.85-1.20,5.0,0.0,0.85-1.20,12180,10599,FG3A,1.8275916681175173,0.005387903684120201,1.021210009924013
prod_applied,m5_k0_cap0.85-1.20,5.0,0.0,0.85-1.20,12180,10599,OREB,0.9219034477428408,0.006865460890002451,1.0131737628618689
prod_applied,m5_k0_cap0.85-1.20,5.0,0.0,0.85-1.20,12180,10599,POOLED,,,1.0126762107070526
prod_applied,m5_k3_capnone,5.0,3.0,none,12180,10599,PTS,5.599458714989427,-0.19358166068704052,1.0066258975758375
prod_applied,m5_k3_capnone,5.0,3.0,none,12180,10599,AST,1.6875806735348455,-0.10698850530314379,1.0064578010552618
prod_applied,m5_k3_capnone,5.0,3.0,none,12180,10599,REB,2.0936131282378057,-0.03310940769791646,1.0121671897171045
prod_applied,m5_k3_capnone,5.0,3.0,none,12180,10599,STL,0.8256483247712777,-0.008027232146603683,1.018041221972472
prod_applied,m5_k3_capnone,5.0,3.0,none,12180,10599,BLK,0.5958694017749893,-0.0016874774835026938,1.0105771753066075
prod_applied,m5_k3_capnone,5.0,3.0,none,12180,10599,FG3M,1.1323272951335464,-0.015525154533865547,1.0210213231218552
prod_applied,m5_k3_capnone,5.0,3.0,none,12180,10599,TOV,1.0846967565907435,0.004833770893483839,1.0137709668749386
prod_applied,m5_k3_capnone,5.0,3.0,none,12180,10599,FG3A,1.8187982566830474,-0.018399354535239974,1.0162964835959407
prod_applied,m5_k3_capnone,5.0,3.0,none,12180,10599,OREB,0.9269780633091033,0.007920449945132225,1.0187507756834782
prod_applied,m5_k3_capnone,5.0,3.0,none,12180,10599,POOLED,,,1.0137454261003886
prod_applied,m5_k3_cap0.75-1.35,5.0,3.0,0.75-1.35,12180,10599,PTS,5.596305836115157,-0.20190129990758363,1.0060590982317752
prod_applied,m5_k3_cap0.75-1.35,5.0,3.0,0.75-1.35,12180,10599,AST,1.6871512532156407,-0.11110480711853883,1.0062016986733295
prod_applied,m5_k3_cap0.75-1.35,5.0,3.0,0.75-1.35,12180,10599,REB,2.0927703627196927,-0.03392445026647533,1.0117597507330087
prod_applied,m5_k3_cap0.75-1.35,5.0,3.0,0.75-1.35,12180,10599,STL,0.8226014441653189,-0.00697784887079145,1.0142843560499815
prod_applied,m5_k3_cap0.75-1.35,5.0,3.0,0.75-1.35,12180,10599,BLK,0.5953367733795197,-0.0009785722126773595,1.0096738530387108
prod_applied,m5_k3_cap0.75-1.35,5.0,3.0,0.75-1.35,12180,10599,FG3M,1.1299108617097613,-0.01805172950110494,1.0188424212600062
prod_applied,m5_k3_cap0.75-1.35,5.0,3.0,0.75-1.35,12180,10599,TOV,1.0828768234202977,0.0028066224683012918,1.0120700348875973
prod_applied,m5_k3_cap0.75-1.35,5.0,3.0,0.75-1.35,12180,10599,FG3A,1.8178698557434152,-0.019507197262528593,1.0157777176432856
prod_applied,m5_k3_cap0.75-1.35,5.0,3.0,0.75-1.35,12180,10599,OREB,0.9249536693469946,0.007108980426646278,1.0165259626044878
prod_applied,m5_k3_cap0.75-1.35,5.0,3.0,0.75-1.35,12180,10599,POOLED,,,1.012354988124687
prod_applied,m5_k3_cap0.85-1.20,5.0,3.0,0.85-1.20,12180,10599,PTS,5.584272810166548,-0.2453302814813884,1.0038958970791985
prod_applied,m5_k3_cap0.85-1.20,5.0,3.0,0.85-1.20,12180,10599,AST,1.6832705424921162,-0.12856593816894796,1.0038872780103165
prod_applied,m5_k3_cap0.85-1.20,5.0,3.0,0.85-1.20,12180,10599,REB,2.088105296339253,-0.04598711478966694,1.009504402280877
prod_applied,m5_k3_cap0.85-1.20,5.0,3.0,0.85-1.20,12180,10599,STL,0.8185512679536205,-0.009088348668260809,1.0092904061853059
prod_applied,m5_k3_cap0.85-1.20,5.0,3.0,0.85-1.20,12180,10599,BLK,0.5938307369347677,-0.0016147559797815704,1.0071196590295661
prod_applied,m5_k3_cap0.85-1.20,5.0,3.0,0.85-1.20,12180,10599,FG3M,1.1251114476287272,-0.025694844894268373,1.0145147819491043
prod_applied,m5_k3_cap0.85-1.20,5.0,3.0,0.85-1.20,12180,10599,TOV,1.078807200368371,-0.001786101885771631,1.008266514990354
prod_applied,m5_k3_cap0.85-1.20,5.0,3.0,0.85-1.20,12180,10599,FG3A,1.8147811781867775,-0.028489088751404962,1.014051846107925
prod_applied,m5_k3_cap0.85-1.20,5.0,3.0,0.85-1.20,12180,10599,OREB,0.9203396408242164,0.0034259819917217727,1.0114551358798227
prod_applied,m5_k3_cap0.85-1.20,5.0,3.0,0.85-1.20,12180,10599,POOLED,,,1.0091095468347189
prod_applied,m5_k5_capnone,5.0,5.0,none,12180,10599,PTS,5.574534081446344,-0.2754184468550788,1.0021451463302053
prod_applied,m5_k5_capnone,5.0,5.0,none,12180,10599,AST,1.682047972073697,-0.12302770359299679,1.0031581481060377
prod_applied,m5_k5_capnone,5.0,5.0,none,12180,10599,REB,2.0845193842461893,-0.05070233436359436,1.0077707760837278
prod_applied,m5_k5_capnone,5.0,5.0,none,12180,10599,STL,0.8223358162716403,-0.009891118799860358,1.0139568314400995
prod_applied,m5_k5_capnone,5.0,5.0,none,12180,10599,BLK,0.5948023533534328,-0.002574018438877417,1.0087674922173941
prod_applied,m5_k5_capnone,5.0,5.0,none,12180,10599,FG3M,1.127700720510797,-0.022796912561743023,1.0168495334254102
prod_applied,m5_k5_capnone,5.0,5.0,none,12180,10599,TOV,1.0808877735948528,-0.0008276395098175546,1.0102110443886845
prod_applied,m5_k5_capnone,5.0,5.0,none,12180,10599,FG3A,1.8103053923131853,-0.042760757329609315,1.0115508950387528
prod_applied,m5_k5_capnone,5.0,5.0,none,12180,10599,OREB,0.9234939228840223,0.0044471272839483105,1.0149216982747091
prod_applied,m5_k5_capnone,5.0,5.0,none,12180,10599,POOLED,,,1.0099257294783357
prod_applied,m5_k5_cap0.75-1.35,5.0,5.0,0.75-1.35,12180,10599,PTS,5.573258301075562,-0.2792808864130635,1.001915796740144
prod_applied,m5_k5_cap0.75-1.35,5.0,5.0,0.75-1.35,12180,10599,AST,1.682104135270223,-0.1248606841535823,1.0031916433268366
prod_applied,m5_k5_cap0.75-1.35,5.0,5.0,0.75-1.35,12180,10599,REB,2.0842660204953662,-0.05101783118677733,1.0076482861775518
prod_applied,m5_k5_cap0.75-1.35,5.0,5.0,0.75-1.35,12180,10599,STL,0.8208579618445555,-0.009123899214953754,1.0121346067934696
prod_applied,m5_k5_cap0.75-1.35,5.0,5.0,0.75-1.35,12180,10599,BLK,0.5946656257324052,-0.0019274336635218454,1.0085356061486803
prod_applied,m5_k5_cap0.75-1.35,5.0,5.0,0.75-1.35,12180,10599,FG3M,1.1265955205778477,-0.02410471816033803,1.015852972887919
prod_applied,m5_k5_cap0.75-1.35,5.0,5.0,0.75-1.35,12180,10599,TOV,1.0799996714104216,-0.0022588509815706006,1.0093810131336596
prod_applied,m5_k5_cap0.75-1.35,5.0,5.0,0.75-1.35,12180,10599,FG3A,1.8097537603264227,-0.04323727231870073,1.0112426576373117
prod_applied,m5_k5_cap0.75-1.35,5.0,5.0,0.75-1.35,12180,10599,OREB,0.9226448830073942,0.003947591225033699,1.0139886017245994
prod_applied,m5_k5_cap0.75-1.35,5.0,5.0,0.75-1.35,12180,10599,POOLED,,,1.0093212427300193
prod_applied,m5_k5_cap0.85-1.20,5.0,5.0,0.85-1.20,12180,10599,PTS,5.56735448097525,-0.3076587601817274,1.0008544551873089
prod_applied,m5_k5_cap0.85-1.20,5.0,5.0,0.85-1.20,12180,10599,AST,1.6806709112721552,-0.13736925721358675,1.0023368815390676
prod_applied,m5_k5_cap0.85-1.20,5.0,5.0,0.85-1.20,12180,10599,REB,2.0818840575519797,-0.05835612436589202,1.0064967149030406
prod_applied,m5_k5_cap0.85-1.20,5.0,5.0,0.85-1.20,12180,10599,STL,0.8179404257663154,-0.010483655690187764,1.0085372253113924
prod_applied,m5_k5_cap0.85-1.20,5.0,5.0,0.85-1.20,12180,10599,BLK,0.5935227966316949,-0.002293007248670045,1.0065974012316068
prod_applied,m5_k5_cap0.85-1.20,5.0,5.0,0.85-1.20,12180,10599,FG3M,1.123313748974593,-0.029681753680084192,1.0128937942132201
prod_applied,m5_k5_cap0.85-1.20,5.0,5.0,0.85-1.20,12180,10599,TOV,1.0775040765465083,-0.005510549091330181,1.007048599394294
prod_applied,m5_k5_cap0.85-1.20,5.0,5.0,0.85-1.20,12180,10599,FG3A,1.8082815349689516,-0.047980953765985254,1.0104200169467563
prod_applied,m5_k5_cap0.85-1.20,5.0,5.0,0.85-1.20,12180,10599,OREB,0.9194301733423909,0.0013261389637697467,1.0104556292687805
prod_applied,m5_k5_cap0.85-1.20,5.0,5.0,0.85-1.20,12180,10599,POOLED,,,1.0072934131106073
prod_applied,m5_k10_capnone,5.0,10.0,none,12180,10599,PTS,5.5434841968135276,-0.4199779154651931,0.9965632464396916
prod_applied,m5_k10_capnone,5.0,10.0,none,12180,10599,AST,1.675557444620859,-0.15175857597912096,0.9992872564264186
prod_applied,m5_k10_capnone,5.0,10.0,none,12180,10599,REB,2.072786398211832,-0.08204312837712688,1.0020984083758595
prod_applied,m5_k10_capnone,5.0,10.0,none,12180,10599,STL,0.817967261845237,-0.013202756157015752,1.0085703147439735
prod_applied,m5_k10_capnone,5.0,10.0,none,12180,10599,BLK,0.5932747702928418,-0.004060222988886508,1.0061767557744425
prod_applied,m5_k10_capnone,5.0,10.0,none,12180,10599,FG3M,1.121045262717796,-0.03560229217601918,1.0108482965471717
prod_applied,m5_k10_capnone,5.0,10.0,none,12180,10599,TOV,1.0758137840766204,-0.010918240082773567,1.0054688312046245
prod_applied,m5_k10_capnone,5.0,10.0,none,12180,10599,FG3A,1.7992054468391296,-0.08583630372913652,1.0053485383386962
prod_applied,m5_k10_capnone,5.0,10.0,none,12180,10599,OREB,0.9186352802003576,-0.0019593549183927754,1.009582040090045
prod_applied,m5_k10_capnone,5.0,10.0,none,12180,10599,POOLED,,,1.004882631993436
prod_applied,m5_k10_cap0.75-1.35,5.0,10.0,0.75-1.35,12180,10599,PTS,5.543292449529147,-0.42069336884399217,0.996528775646697
prod_applied,m5_k10_cap0.75-1.35,5.0,10.0,0.75-1.35,12180,10599,AST,1.6755424837683892,-0.1518583426398357,0.9992783339097562
prod_applied,m5_k10_cap0.75-1.35,5.0,10.0,0.75-1.35,12180,10599,REB,2.072794120351746,-0.08203964748324674,1.0021021416810005
prod_applied,m5_k10_cap0.75-1.35,5.0,10.0,0.75-1.35,12180,10599,STL,0.8177572925764756,-0.012950978380103553,1.0083114183536661
prod_applied,m5_k10_cap0.75-1.35,5.0,10.0,0.75-1.35,12180,10599,BLK,0.5934039585771168,-0.003584487817903956,1.006395855347296
prod_applied,m5_k10_cap0.75-1.35,5.0,10.0,0.75-1.35,12180,10599,FG3M,1.1208931881961728,-0.03587266225137091,1.0107111707091314
prod_applied,m5_k10_cap0.75-1.35,5.0,10.0,0.75-1.35,12180,10599,TOV,1.075619295682883,-0.011552673938400648,1.0052870599531045
prod_applied,m5_k10_cap0.75-1.35,5.0,10.0,0.75-1.35,12180,10599,FG3A,1.7990022277242692,-0.08597622811484994,1.005234984858494
prod_applied,m5_k10_cap0.75-1.35,5.0,10.0,0.75-1.35,12180,10599,OREB,0.9184962622919849,-0.002160740121515312,1.0094292591261862
prod_applied,m5_k10_cap0.75-1.35,5.0,10.0,0.75-1.35,12180,10599,POOLED,,,1.0048087777317036
prod_applied,m5_k10_cap0.85-1.20,5.0,10.0,0.85-1.20,12180,10599,PTS,5.542303353836711,-0.4300021820124277,0.9963509639349108
prod_applied,m5_k10_cap0.85-1.20,5.0,10.0,0.85-1.20,12180,10599,AST,1.675559911841585,-0.15777680867867142,0.9992887278544726
prod_applied,m5_k10_cap0.85-1.20,5.0,10.0,0.85-1.20,12180,10599,REB,2.0723979744861634,-0.08368272186001825,1.0019106230847152
prod_applied,m5_k10_cap0.85-1.20,5.0,10.0,0.85-1.20,12180,10599,STL,0.8164681007535879,-0.013295164753108246,1.006721818545427
prod_applied,m5_k10_cap0.85-1.20,5.0,10.0,0.85-1.20,12180,10599,BLK,0.5928341319151644,-0.0036931232025021895,1.0054294459013087
prod_applied,m5_k10_cap0.85-1.20,5.0,10.0,0.85-1.20,12180,10599,FG3M,1.119708002569305,-0.038512851184540564,1.0096424869442073
prod_applied,m5_k10_cap0.85-1.20,5.0,10.0,0.85-1.20,12180,10599,TOV,1.0746975748614493,-0.013455037478478302,1.0044256083052998
prod_applied,m5_k10_cap0.85-1.20,5.0,10.0,0.85-1.20,12180,10599,FG3A,1.7986814027792914,-0.08733220714956332,1.0050557163430154
prod_applied,m5_k10_cap0.85-1.20,5.0,10.0,0.85-1.20,12180,10599,OREB,0.917240120146446,-0.0033442144968286744,1.0080487563550975
prod_applied,m5_k10_cap0.85-1.20,5.0,10.0,0.85-1.20,12180,10599,POOLED,,,1.0040971274742727
prod_applied,m5_k20_capnone,5.0,20.0,none,12180,10599,PTS,5.52891056674097,-0.583243127457754,0.9939433158000649
prod_applied,m5_k20_capnone,5.0,20.0,none,12180,10599,AST,1.671859038745829,-0.18553354752297405,0.9970815607208641
prod_applied,m5_k20_capnone,5.0,20.0,none,12180,10599,REB,2.0654492957666095,-0.11729890166175945,0.9985512514238497
prod_applied,m5_k20_capnone,5.0,20.0,none,12180,10599,STL,0.8145215646526479,-0.01690285261460777,1.0043216998370612
prod_applied,m5_k20_capnone,5.0,20.0,none,12180,10599,BLK,0.5919212398487301,-0.005678905458552038,1.0038812075069408
prod_applied,m5_k20_capnone,5.0,20.0,none,12180,10599,FG3M,1.1153628055969476,-0.05065226132187864,1.0057244159226852
prod_applied,m5_k20_capnone,5.0,20.0,none,12180,10599,TOV,1.0719269127455524,-0.02304805521404038,1.0018361133196738
prod_applied,m5_k20_capnone,5.0,20.0,none,12180,10599,FG3A,1.7909235797564869,-0.13505412504127012,1.0007208494992268
prod_applied,m5_k20_capnone,5.0,20.0,none,12180,10599,OREB,0.9146211096495535,-0.009514132536874886,1.0051704584958066
prod_applied,m5_k20_capnone,5.0,20.0,none,12180,10599,POOLED,,,1.0012478747251303
prod_applied,m5_k20_cap0.75-1.35,5.0,20.0,0.75-1.35,12180,10599,PTS,5.52891056674097,-0.583243127457754,0.9939433158000649
prod_applied,m5_k20_cap0.75-1.35,5.0,20.0,0.75-1.35,12180,10599,AST,1.6718559281935776,-0.18553043697072277,0.9970797056157257
prod_applied,m5_k20_cap0.75-1.35,5.0,20.0,0.75-1.35,12180,10599,REB,2.0654492957666095,-0.11729890166175945,0.9985512514238497
prod_applied,m5_k20_cap0.75-1.35,5.0,20.0,0.75-1.35,12180,10599,STL,0.8145136129321147,-0.016885746304178918,1.0043118952034833
prod_applied,m5_k20_cap0.75-1.35,5.0,20.0,0.75-1.35,12180,10599,BLK,0.5919472731290574,-0.005651832903388794,1.003925359193231
prod_applied,m5_k20_cap0.75-1.35,5.0,20.0,0.75-1.35,12180,10599,FG3M,1.1153525912214783,-0.05066642502338691,1.0057152056040775
prod_applied,m5_k20_cap0.75-1.35,5.0,20.0,0.75-1.35,12180,10599,TOV,1.0719147054481095,-0.023091669518462494,1.0018247042289243
prod_applied,m5_k20_cap0.75-1.35,5.0,20.0,0.75-1.35,12180,10599,FG3A,1.7908919174750522,-0.1350945101560231,1.0007031574516527
prod_applied,m5_k20_cap0.75-1.35,5.0,20.0,0.75-1.35,12180,10599,OREB,0.9146155488335099,-0.009537266006318965,1.005164347147672
prod_applied,m5_k20_cap0.75-1.35,5.0,20.0,0.75-1.35,12180,10599,POOLED,,,1.0012465490742979
prod_applied,m5_k20_cap0.85-1.20,5.0,20.0,0.85-1.20,12180,10599,PTS,5.528828977236951,-0.5847875410346628,0.9939286482916686
prod_applied,m5_k20_cap0.85-1.20,5.0,20.0,0.85-1.20,12180,10599,AST,1.6716650879203658,-0.18623873014560638,0.9969658902084141
prod_applied,m5_k20_cap0.85-1.20,5.0,20.0,0.85-1.20,12180,10599,REB,2.0654783528767715,-0.11734108963157126,0.9985652992214764
prod_applied,m5_k20_cap0.85-1.20,5.0,20.0,0.85-1.20,12180,10599,STL,0.8143200795287215,-0.016942098445000806,1.0040732645703534
prod_applied,m5_k20_cap0.85-1.20,5.0,20.0,0.85-1.20,12180,10599,BLK,0.5919464198356923,-0.005331826204905685,1.0039239120325008
prod_applied,m5_k20_cap0.85-1.20,5.0,20.0,0.85-1.20,12180,10599,FG3M,1.1151770374401535,-0.05124862121741451,1.0055569084802178
prod_applied,m5_k20_cap0.85-1.20,5.0,20.0,0.85-1.20,12180,10599,TOV,1.0717285479317318,-0.024067191254235232,1.001650719118134
prod_applied,m5_k20_cap0.85-1.20,5.0,20.0,0.85-1.20,12180,10599,FG3A,1.790830858577111,-0.13542137273806734,1.0006690393502955
prod_applied,m5_k20_cap0.85-1.20,5.0,20.0,0.85-1.20,12180,10599,OREB,0.9143652344746295,-0.009933556535135356,1.0048892511584921
prod_applied,m5_k20_cap0.85-1.20,5.0,20.0,0.85-1.20,12180,10599,POOLED,,,1.0011358813812836
prod_applied,m5_k40_capnone,5.0,40.0,none,12180,10599,PTS,5.530760900682724,-0.7321257814044928,0.9942759540352476
prod_applied,m5_k40_capnone,5.0,40.0,none,12180,10599,AST,1.6711649221503095,-0.21716063438184321,0.9966675958815185
prod_applied,m5_k40_capnone,5.0,40.0,none,12180,10599,REB,2.0639650520702255,-0.14821883306440573,0.9978336867741244
prod_applied,m5_k40_capnone,5.0,40.0,none,12180,10599,STL,0.8122825484911096,-0.020359265430916946,1.0015609472494023
prod_applied,m5_k40_capnone,5.0,40.0,none,12180,10599,BLK,0.5908883581756786,-0.007294502955780232,1.0021294702294954
prod_applied,m5_k40_capnone,5.0,40.0,none,12180,10599,FG3M,1.111814327621191,-0.06510799325299986,1.0025247476876733
prod_applied,m5_k40_capnone,5.0,40.0,none,12180,10599,TOV,1.0698826190673039,-0.03547033809953698,0.9999254912345777
prod_applied,m5_k40_capnone,5.0,40.0,none,12180,10599,FG3A,1.7878432402682678,-0.17936993657645664,0.9989996370565295
prod_applied,m5_k40_capnone,5.0,40.0,none,12180,10599,OREB,0.9120434666729963,-0.016680204081293854,1.0023376236254444
prod_applied,m5_k40_capnone,5.0,40.0,none,12180,10599,POOLED,,,0.9995839059748903
prod_applied,m5_k40_cap0.75-1.35,5.0,40.0,0.75-1.35,12180,10599,PTS,5.530760900682724,-0.7321257814044928,0.9942759540352476
prod_applied,m5_k40_cap0.75-1.35,5.0,40.0,0.75-1.35,12180,10599,AST,1.6711649221503095,-0.21716063438184321,0.9966675958815185
prod_applied,m5_k40_cap0.75-1.35,5.0,40.0,0.75-1.35,12180,10599,REB,2.0639650520702255,-0.14821883306440573,0.9978336867741244
prod_applied,m5_k40_cap0.75-1.35,5.0,40.0,0.75-1.35,12180,10599,STL,0.8122818037662252,-0.02035852070603241,1.0015600289884323
prod_applied,m5_k40_cap0.75-1.35,5.0,40.0,0.75-1.35,12180,10599,BLK,0.5908799282881244,-0.007309563405730747,1.002115173385376
prod_applied,m5_k40_cap0.75-1.35,5.0,40.0,0.75-1.35,12180,10599,FG3M,1.1118165028584976,-0.06510732930779368,1.0025267091026127
prod_applied,m5_k40_cap0.75-1.35,5.0,40.0,0.75-1.35,12180,10599,TOV,1.0698826190673039,-0.03547033809953698,0.9999254912345777
prod_applied,m5_k40_cap0.75-1.35,5.0,40.0,0.75-1.35,12180,10599,FG3A,1.7878401756083295,-0.17937004910911647,0.9989979246054057
prod_applied,m5_k40_cap0.75-1.35,5.0,40.0,0.75-1.35,12180,10599,OREB,0.9120465236007528,-0.016676580853268126,1.002340983195262
prod_applied,m5_k40_cap0.75-1.35,5.0,40.0,0.75-1.35,12180,10599,POOLED,,,0.9995826163558396
prod_applied,m5_k40_cap0.85-1.20,5.0,40.0,0.85-1.20,12180,10599,PTS,5.530760722004217,-0.7321256027259874,0.9942759219138549
prod_applied,m5_k40_cap0.85-1.20,5.0,40.0,0.85-1.20,12180,10599,AST,1.671136325460528,-0.21712201202510323,0.9966505410752113
prod_applied,m5_k40_cap0.85-1.20,5.0,40.0,0.85-1.20,12180,10599,REB,2.0639650520702255,-0.14821883306440573,0.9978336867741244
prod_applied,m5_k40_cap0.85-1.20,5.0,40.0,0.85-1.20,12180,10599,STL,0.8122722583723803,-0.020351909098833644,1.0015482593231615
prod_applied,m5_k40_cap0.85-1.20,5.0,40.0,0.85-1.20,12180,10599,BLK,0.5909163957598697,-0.007263962837979509,1.002177021156846
prod_applied,m5_k40_cap0.85-1.20,5.0,40.0,0.85-1.20,12180,10599,FG3M,1.1118056717757838,-0.0651332862451559,1.0025169426981015
prod_applied,m5_k40_cap0.85-1.20,5.0,40.0,0.85-1.20,12180,10599,TOV,1.0698712362429341,-0.03556564483518768,0.999914852706531
prod_applied,m5_k40_cap0.85-1.20,5.0,40.0,0.85-1.20,12180,10599,FG3A,1.7878368085016056,-0.1794010036996989,0.998996043154997
prod_applied,m5_k40_cap0.85-1.20,5.0,40.0,0.85-1.20,12180,10599,OREB,0.9120193671150459,-0.016738661541008993,1.002311138162274
prod_applied,m5_k40_cap0.85-1.20,5.0,40.0,0.85-1.20,12180,10599,POOLED,,,0.9995804896627891
prod_applied,m5_k80_capnone,5.0,80.0,none,12180,10599,PTS,5.540208942896141,-0.841884499765841,0.9959744474892589
prod_applied,m5_k80_capnone,5.0,80.0,none,12180,10599,AST,1.672482273563757,-0.24110813155513613,0.9974532523112157
prod_applied,m5_k80_capnone,5.0,80.0,none,12180,10599,REB,2.0647727882914064,-0.17016371778854064,0.9982241906785939
prod_applied,m5_k80_capnone,5.0,80.0,none,12180,10599,STL,0.8113213445296713,-0.02285783964310623,1.0003757631630195
prod_applied,m5_k80_capnone,5.0,80.0,none,12180,10599,BLK,0.5902402865244337,-0.008758749042537248,1.0010303595573238
prod_applied,m5_k80_capnone,5.0,80.0,none,12180,10599,FG3M,1.109970180075506,-0.07614108808470821,1.0008618769123951
prod_applied,m5_k80_capnone,5.0,80.0,none,12180,10599,TOV,1.0692739264354723,-0.04517635872136952,0.9993565995935249
prod_applied,m5_k80_capnone,5.0,80.0,none,12180,10599,FG3A,1.787613129584751,-0.21164364143966427,0.9988710572771964
prod_applied,m5_k80_capnone,5.0,80.0,none,12180,10599,OREB,0.9107187597412045,-0.022178649481137732,1.0008817680149042
prod_applied,m5_k80_capnone,5.0,80.0,none,12180,10599,POOLED,,,0.9992254794441592
prod_applied,m5_k80_cap0.75-1.35,5.0,80.0,0.75-1.35,12180,10599,PTS,5.540208942896141,-0.841884499765841,0.9959744474892589
prod_applied,m5_k80_cap0.75-1.35,5.0,80.0,0.75-1.35,12180,10599,AST,1.672482273563757,-0.24110813155513613,0.9974532523112157
prod_applied,m5_k80_cap0.75-1.35,5.0,80.0,0.75-1.35,12180,10599,REB,2.0647727882914064,-0.17016371778854064,0.9982241906785939
prod_applied,m5_k80_cap0.75-1.35,5.0,80.0,0.75-1.35,12180,10599,STL,0.8113213445296713,-0.02285783964310623,1.0003757631630195
prod_applied,m5_k80_cap0.75-1.35,5.0,80.0,0.75-1.35,12180,10599,BLK,0.5902405636666247,-0.008759175460452795,1.0010308295824193
prod_applied,m5_k80_cap0.75-1.35,5.0,80.0,0.75-1.35,12180,10599,FG3M,1.1099708490042235,-0.0761404191559905,1.0008624800864838
prod_applied,m5_k80_cap0.75-1.35,5.0,80.0,0.75-1.35,12180,10599,TOV,1.0692739264354723,-0.04517635872136952,0.9993565995935249
prod_applied,m5_k80_cap0.75-1.35,5.0,80.0,0.75-1.35,12180,10599,FG3A,1.7876161861735285,-0.21163953718216305,0.9988727652183684
prod_applied,m5_k80_cap0.75-1.35,5.0,80.0,0.75-1.35,12180,10599,OREB,0.9107187597412045,-0.022178649481137732,1.0008817680149042
prod_applied,m5_k80_cap0.75-1.35,5.0,80.0,0.75-1.35,12180,10599,POOLED,,,0.9992257884597544
prod_applied,m5_k80_cap0.85-1.20,5.0,80.0,0.85-1.20,12180,10599,PTS,5.540208942896141,-0.841884499765841,0.9959744474892589
prod_applied,m5_k80_cap0.85-1.20,5.0,80.0,0.85-1.20,12180,10599,AST,1.672482273563757,-0.24110813155513613,0.9974532523112157
prod_applied,m5_k80_cap0.85-1.20,5.0,80.0,0.85-1.20,12180,10599,REB,2.0647727882914064,-0.17016371778854064,0.9982241906785939
prod_applied,m5_k80_cap0.85-1.20,5.0,80.0,0.85-1.20,12180,10599,STL,0.8113209236220864,-0.022857128257347682,1.0003752441753837
prod_applied,m5_k80_cap0.85-1.20,5.0,80.0,0.85-1.20,12180,10599,BLK,0.5902388756793097,-0.00876375904435774,1.0010279668050261
prod_applied,m5_k80_cap0.85-1.20,5.0,80.0,0.85-1.20,12180,10599,FG3M,1.1099745517824695,-0.07614026838314265,1.000865818887518
prod_applied,m5_k80_cap0.85-1.20,5.0,80.0,0.85-1.20,12180,10599,TOV,1.0692739264354723,-0.04517635872136952,0.9993565995935249
prod_applied,m5_k80_cap0.85-1.20,5.0,80.0,0.85-1.20,12180,10599,FG3A,1.787616799611644,-0.2116372860969694,0.9988731079914042
prod_applied,m5_k80_cap0.85-1.20,5.0,80.0,0.85-1.20,12180,10599,OREB,0.9107212752183119,-0.022175724438712487,1.000884532529358
prod_applied,m5_k80_cap0.85-1.20,5.0,80.0,0.85-1.20,12180,10599,POOLED,,,0.9992261289401426
prod_applied,m5_k160_capnone,5.0,160.0,none,12180,10599,PTS,5.5489912844559575,-0.910865763270374,0.9975532666047212
prod_applied,m5_k160_capnone,5.0,160.0,none,12180,10599,AST,1.6741460298628645,-0.25607913972724206,0.9984455014715383
prod_applied,m5_k160_capnone,5.0,160.0,none,12180,10599,REB,2.066114241688549,-0.1836442900297418,0.9988727226813833
prod_applied,m5_k160_capnone,5.0,160.0,none,12180,10599,STL,0.8110215651086291,-0.02437082901174737,1.0000061290234425
prod_applied,m5_k160_capnone,5.0,160.0,none,12180,10599,BLK,0.58992055563371,-0.00975850245224825,1.000488105265623
prod_applied,m5_k160_capnone,5.0,160.0,none,12180,10599,FG3M,1.1093358309275563,-0.08311674141016191,1.000289883276682
prod_applied,m5_k160_capnone,5.0,160.0,none,12180,10599,TOV,1.0693427721349666,-0.05128685511900829,0.9994209436333844
prod_applied,m5_k160_capnone,5.0,160.0,none,12180,10599,FG3A,1.78827720861113,-0.23187076040200116,0.9992421271178776
prod_applied,m5_k160_capnone,5.0,160.0,none,12180,10599,OREB,0.910231445212072,-0.025608800837648417,1.0003462083569084
prod_applied,m5_k160_capnone,5.0,160.0,none,12180,10599,POOLED,,,0.9994072097146179
prod_applied,m5_k160_cap0.75-1.35,5.0,160.0,0.75-1.35,12180,10599,PTS,5.5489912844559575,-0.910865763270374,0.9975532666047212
prod_applied,m5_k160_cap0.75-1.35,5.0,160.0,0.75-1.35,12180,10599,AST,1.6741460298628645,-0.25607913972724206,0.9984455014715383
prod_applied,m5_k160_cap0.75-1.35,5.0,160.0,0.75-1.35,12180,10599,REB,2.066114241688549,-0.1836442900297418,0.9988727226813833
prod_applied,m5_k160_cap0.75-1.35,5.0,160.0,0.75-1.35,12180,10599,STL,0.8110215651086291,-0.02437082901174737,1.0000061290234425
prod_applied,m5_k160_cap0.75-1.35,5.0,160.0,0.75-1.35,12180,10599,BLK,0.58992055563371,-0.00975850245224825,1.000488105265623
prod_applied,m5_k160_cap0.75-1.35,5.0,160.0,0.75-1.35,12180,10599,FG3M,1.1093358309275563,-0.08311674141016191,1.000289883276682
prod_applied,m5_k160_cap0.75-1.35,5.0,160.0,0.75-1.35,12180,10599,TOV,1.0693427721349666,-0.05128685511900829,0.9994209436333844
prod_applied,m5_k160_cap0.75-1.35,5.0,160.0,0.75-1.35,12180,10599,FG3A,1.78827720861113,-0.23187076040200116,0.9992421271178776
prod_applied,m5_k160_cap0.75-1.35,5.0,160.0,0.75-1.35,12180,10599,OREB,0.910231445212072,-0.025608800837648417,1.0003462083569084
prod_applied,m5_k160_cap0.75-1.35,5.0,160.0,0.75-1.35,12180,10599,POOLED,,,0.9994072097146179
prod_applied,m5_k160_cap0.85-1.20,5.0,160.0,0.85-1.20,12180,10599,PTS,5.5489912844559575,-0.910865763270374,0.9975532666047212
prod_applied,m5_k160_cap0.85-1.20,5.0,160.0,0.85-1.20,12180,10599,AST,1.6741460298628645,-0.25607913972724206,0.9984455014715383
prod_applied,m5_k160_cap0.85-1.20,5.0,160.0,0.85-1.20,12180,10599,REB,2.066114241688549,-0.1836442900297418,0.9988727226813833
prod_applied,m5_k160_cap0.85-1.20,5.0,160.0,0.85-1.20,12180,10599,STL,0.8110215651086291,-0.02437082901174737,1.0000061290234425
prod_applied,m5_k160_cap0.85-1.20,5.0,160.0,0.85-1.20,12180,10599,BLK,0.5899203433723439,-0.009758875234695744,1.0004877452765193
prod_applied,m5_k160_cap0.85-1.20,5.0,160.0,0.85-1.20,12180,10599,FG3M,1.1093364508268184,-0.08311612151089981,1.0002904422408327
prod_applied,m5_k160_cap0.85-1.20,5.0,160.0,0.85-1.20,12180,10599,TOV,1.0693427721349666,-0.05128685511900829,0.9994209436333844
prod_applied,m5_k160_cap0.85-1.20,5.0,160.0,0.85-1.20,12180,10599,FG3A,1.788279010697858,-0.23186840983565868,0.9992431340763999
prod_applied,m5_k160_cap0.85-1.20,5.0,160.0,0.85-1.20,12180,10599,OREB,0.910231445212072,-0.025608800837648417,1.0003462083569084
prod_applied,m5_k160_cap0.85-1.20,5.0,160.0,0.85-1.20,12180,10599,POOLED,,,0.9994073437072366
prod_applied,m5_k320_capnone,5.0,320.0,none,12180,10599,PTS,5.555131139737351,-0.9501254743486469,0.99865704067436
prod_applied,m5_k320_capnone,5.0,320.0,none,12180,10599,AST,1.6752819102691778,-0.2645849577682896,0.9991229302391985
prod_applied,m5_k320_capnone,5.0,320.0,none,12180,10599,REB,2.067140803368496,-0.19120865505697549,0.9993690187910365
prod_applied,m5_k320_capnone,5.0,320.0,none,12180,10599,STL,0.8109698590431689,-0.02522249173496582,0.9999423743902831
prod_applied,m5_k320_capnone,5.0,320.0,none,12180,10599,BLK,0.5897730632624537,-0.010318125861562282,1.0002379624936002
prod_applied,m5_k320_capnone,5.0,320.0,none,12180,10599,FG3M,1.1091399793236627,-0.08710282839668403,1.0001132835739261
prod_applied,m5_k320_capnone,5.0,320.0,none,12180,10599,TOV,1.0695706024743257,-0.054743963879208664,0.999633876678507
prod_applied,m5_k320_capnone,5.0,320.0,none,12180,10599,FG3A,1.7888425136622255,-0.2434072645605711,0.999558004666955
prod_applied,m5_k320_capnone,5.0,320.0,none,12180,10599,OREB,0.9100489364246395,-0.027547224737816303,1.0001456308285661
prod_applied,m5_k320_capnone,5.0,320.0,none,12180,10599,POOLED,,,0.9996422358151591
prod_applied,m5_k320_cap0.75-1.35,5.0,320.0,0.75-1.35,12180,10599,PTS,5.555131139737351,-0.9501254743486469,0.99865704067436
prod_applied,m5_k320_cap0.75-1.35,5.0,320.0,0.75-1.35,12180,10599,AST,1.6752819102691778,-0.2645849577682896,0.9991229302391985
prod_applied,m5_k320_cap0.75-1.35,5.0,320.0,0.75-1.35,12180,10599,REB,2.067140803368496,-0.19120865505697549,0.9993690187910365
prod_applied,m5_k320_cap0.75-1.35,5.0,320.0,0.75-1.35,12180,10599,STL,0.8109698590431689,-0.02522249173496582,0.9999423743902831
prod_applied,m5_k320_cap0.75-1.35,5.0,320.0,0.75-1.35,12180,10599,BLK,0.5897730632624537,-0.010318125861562282,1.0002379624936002
prod_applied,m5_k320_cap0.75-1.35,5.0,320.0,0.75-1.35,12180,10599,FG3M,1.1091399793236627,-0.08710282839668403,1.0001132835739261
prod_applied,m5_k320_cap0.75-1.35,5.0,320.0,0.75-1.35,12180,10599,TOV,1.0695706024743257,-0.054743963879208664,0.999633876678507
prod_applied,m5_k320_cap0.75-1.35,5.0,320.0,0.75-1.35,12180,10599,FG3A,1.7888425136622255,-0.2434072645605711,0.999558004666955
prod_applied,m5_k320_cap0.75-1.35,5.0,320.0,0.75-1.35,12180,10599,OREB,0.9100489364246395,-0.027547224737816303,1.0001456308285661
prod_applied,m5_k320_cap0.75-1.35,5.0,320.0,0.75-1.35,12180,10599,POOLED,,,0.9996422358151591
prod_applied,m5_k320_cap0.85-1.20,5.0,320.0,0.85-1.20,12180,10599,PTS,5.555131139737351,-0.9501254743486469,0.99865704067436
prod_applied,m5_k320_cap0.85-1.20,5.0,320.0,0.85-1.20,12180,10599,AST,1.6752819102691778,-0.2645849577682896,0.9991229302391985
prod_applied,m5_k320_cap0.85-1.20,5.0,320.0,0.85-1.20,12180,10599,REB,2.067140803368496,-0.19120865505697549,0.9993690187910365
prod_applied,m5_k320_cap0.85-1.20,5.0,320.0,0.85-1.20,12180,10599,STL,0.8109698590431689,-0.02522249173496582,0.9999423743902831
prod_applied,m5_k320_cap0.85-1.20,5.0,320.0,0.85-1.20,12180,10599,BLK,0.5897730632624537,-0.010318125861562282,1.0002379624936002
prod_applied,m5_k320_cap0.85-1.20,5.0,320.0,0.85-1.20,12180,10599,FG3M,1.1091399793236627,-0.08710282839668403,1.0001132835739261
prod_applied,m5_k320_cap0.85-1.20,5.0,320.0,0.85-1.20,12180,10599,TOV,1.0695706024743257,-0.054743963879208664,0.999633876678507
prod_applied,m5_k320_cap0.85-1.20,5.0,320.0,0.85-1.20,12180,10599,FG3A,1.7888425136622255,-0.2434072645605711,0.999558004666955
prod_applied,m5_k320_cap0.85-1.20,5.0,320.0,0.85-1.20,12180,10599,OREB,0.9100489364246395,-0.027547224737816303,1.0001456308285661
prod_applied,m5_k320_cap0.85-1.20,5.0,320.0,0.85-1.20,12180,10599,POOLED,,,0.9996422358151591
prod_applied,m8_k0_capnone,8.0,0.0,none,12180,8498,PTS,5.638769635779431,-0.250027751388648,1.0136929004664632
prod_applied,m8_k0_capnone,8.0,0.0,none,12180,8498,AST,1.6923377955683439,-0.11940283630043937,1.0092949054712288
prod_applied,m8_k0_capnone,8.0,0.0,none,12180,8498,REB,2.094616270683025,-0.04808336865229208,1.012652163686731
prod_applied,m8_k0_capnone,8.0,0.0,none,12180,8498,STL,0.8230687703960328,-0.007949916430071587,1.0148605788226825
prod_applied,m8_k0_capnone,8.0,0.0,none,12180,8498,BLK,0.594708464808255,-0.0021401547227566475,1.0086082599754016
prod_applied,m8_k0_capnone,8.0,0.0,none,12180,8498,FG3M,1.1313309223296464,-0.020138024075942656,1.0201228921797303
prod_applied,m8_k0_capnone,8.0,0.0,none,12180,8498,TOV,1.0851151616390806,0.00016766212197110003,1.0141620133935354
prod_applied,m8_k0_capnone,8.0,0.0,none,12180,8498,FG3A,1.8214531827066667,-0.03315962366990606,1.017779986217574
prod_applied,m8_k0_capnone,8.0,0.0,none,12180,8498,OREB,0.9288916163309556,0.0066320632036517245,1.0208537743438395
prod_applied,m8_k0_capnone,8.0,0.0,none,12180,8498,POOLED,,,1.014669719395243
prod_applied,m8_k0_cap0.75-1.35,8.0,0.0,0.75-1.35,12180,8498,PTS,5.633267757012874,-0.2656058180120831,1.0127038167114724
prod_applied,m8_k0_cap0.75-1.35,8.0,0.0,0.75-1.35,12180,8498,AST,1.6897060646112796,-0.12730545664277854,1.0077253650080356
prod_applied,m8_k0_cap0.75-1.35,8.0,0.0,0.75-1.35,12180,8498,REB,2.092779804566763,-0.050917832074137595,1.0117643154387252
prod_applied,m8_k0_cap0.75-1.35,8.0,0.0,0.75-1.35,12180,8498,STL,0.8196938320921728,-0.007994075134967282,1.0106992110685664
prod_applied,m8_k0_cap0.75-1.35,8.0,0.0,0.75-1.35,12180,8498,BLK,0.5939793278911857,-0.0013503963468520742,1.007371664970072
prod_applied,m8_k0_cap0.75-1.35,8.0,0.0,0.75-1.35,12180,8498,FG3M,1.1278624820262462,-0.023834054371251797,1.0169953940411913
prod_applied,m8_k0_cap0.75-1.35,8.0,0.0,0.75-1.35,12180,8498,TOV,1.0823714261682422,-0.0022448949654752027,1.0115976843824823
prod_applied,m8_k0_cap0.75-1.35,8.0,0.0,0.75-1.35,12180,8498,FG3A,1.8199516696536198,-0.03513229918935839,1.016940980335378
prod_applied,m8_k0_cap0.75-1.35,8.0,0.0,0.75-1.35,12180,8498,OREB,0.924941955642786,0.005022682907495931,1.0165130892197543
prod_applied,m8_k0_cap0.75-1.35,8.0,0.0,0.75-1.35,12180,8498,POOLED,,,1.0124790579084084
prod_applied,m8_k0_cap0.85-1.20,8.0,0.0,0.85-1.20,12180,8498,PTS,5.613003712049274,-0.32427849268465936,1.0090609088004994
prod_applied,m8_k0_cap0.85-1.20,8.0,0.0,0.85-1.20,12180,8498,AST,1.6830568969327497,-0.1484126953988686,1.0037598617372712
prod_applied,m8_k0_cap0.85-1.20,8.0,0.0,0.85-1.20,12180,8498,REB,2.086873435666372,-0.06655410719080959,1.0089088534000568
prod_applied,m8_k0_cap0.85-1.20,8.0,0.0,0.85-1.20,12180,8498,STL,0.8165766765148109,-0.0109169816872745,1.0068556946732115
prod_applied,m8_k0_cap0.85-1.20,8.0,0.0,0.85-1.20,12180,8498,BLK,0.5925802726597292,-0.002528366032012838,1.004998907987264
prod_applied,m8_k0_cap0.85-1.20,8.0,0.0,0.85-1.20,12180,8498,FG3M,1.1224723454832657,-0.03236362895427141,1.0121350993467388
prod_applied,m8_k0_cap0.85-1.20,8.0,0.0,0.85-1.20,12180,8498,TOV,1.077864729153909,-0.008013125700012731,1.0073856697692989
prod_applied,m8_k0_cap0.85-1.20,8.0,0.0,0.85-1.20,12180,8498,FG3A,1.8144383967726705,-0.050049075517075416,1.013860308896737
prod_applied,m8_k0_cap0.85-1.20,8.0,0.0,0.85-1.20,12180,8498,OREB,0.9199060420694923,-0.0001506290719877267,1.0109786099670806
prod_applied,m8_k0_cap0.85-1.20,8.0,0.0,0.85-1.20,12180,8498,POOLED,,,1.0086604349531287
prod_applied,m8_k3_capnone,8.0,3.0,none,12180,8498,PTS,5.5971685890876275,-0.36363523175277024,1.006214197059984
prod_applied,m8_k3_capnone,8.0,3.0,none,12180,8498,AST,1.6836805171733378,-0.14169404827674426,1.0041317831902001
prod_applied,m8_k3_capnone,8.0,3.0,none,12180,8498,REB,2.082540105778966,-0.07187933625665921,1.0068138845277776
prod_applied,m8_k3_capnone,8.0,3.0,none,12180,8498,STL,0.8191947695936448,-0.010861143397653079,1.0100838568304495
prod_applied,m8_k3_capnone,8.0,3.0,none,12180,8498,BLK,0.5934032347392403,-0.0034869792200481623,1.0063946277393092
prod_applied,m8_k3_capnone,8.0,3.0,none,12180,8498,FG3M,1.1253453865429948,-0.030479255248998118,1.0147257250402069
prod_applied,m8_k3_capnone,8.0,3.0,none,12180,8498,TOV,1.0798220608817155,-0.007654023676185173,1.0092150161429618
prod_applied,m8_k3_capnone,8.0,3.0,none,12180,8498,FG3A,1.8100827271246567,-0.06760549373045464,1.0114264756055973
prod_applied,m8_k3_capnone,8.0,3.0,none,12180,8498,OREB,0.9237788687375288,0.0012096400531357756,1.0152348543468723
prod_applied,m8_k3_capnone,8.0,3.0,none,12180,8498,POOLED,,,1.0093600467203732
prod_applied,m8_k3_cap0.75-1.35,8.0,3.0,0.75-1.35,12180,8498,PTS,5.5958623478793275,-0.3689724913992673,1.005979371464211
prod_applied,m8_k3_cap0.75-1.35,8.0,3.0,0.75-1.35,12180,8498,AST,1.683366982240018,-0.14468096248098153,1.0039447938008976
prod_applied,m8_k3_cap0.75-1.35,8.0,3.0,0.75-1.35,12180,8498,REB,2.0823577524829084,-0.07239350232888697,1.0067257249625186
prod_applied,m8_k3_cap0.75-1.35,8.0,3.0,0.75-1.35,12180,8498,STL,0.8179134736900823,-0.010539877790358101,1.0085039928517605
prod_applied,m8_k3_cap0.75-1.35,8.0,3.0,0.75-1.35,12180,8498,BLK,0.5933706151810182,-0.0026942016948857134,1.006339305917263
prod_applied,m8_k3_cap0.75-1.35,8.0,3.0,0.75-1.35,12180,8498,FG3M,1.1241210452662664,-0.03190283909321581,1.013621734563522
prod_applied,m8_k3_cap0.75-1.35,8.0,3.0,0.75-1.35,12180,8498,TOV,1.0788477928852573,-0.009261402436041066,1.0083044532572858
prod_applied,m8_k3_cap0.75-1.35,8.0,3.0,0.75-1.35,12180,8498,FG3A,1.8095936524567386,-0.06827075412491766,1.0111531935835838
prod_applied,m8_k3_cap0.75-1.35,8.0,3.0,0.75-1.35,12180,8498,OREB,0.9222033332260731,0.0004931124702861697,1.013503337617466
prod_applied,m8_k3_cap0.75-1.35,8.0,3.0,0.75-1.35,12180,8498,POOLED,,,1.0086751008909451
prod_applied,m8_k3_cap0.85-1.20,8.0,3.0,0.85-1.20,12180,8498,PTS,5.588257047212959,-0.4007602021864728,1.004612151345394
prod_applied,m8_k3_cap0.85-1.20,8.0,3.0,0.85-1.20,12180,8498,AST,1.6806137648689912,-0.1581626867344038,1.0023027999427512
prod_applied,m8_k3_cap0.85-1.20,8.0,3.0,0.85-1.20,12180,8498,REB,2.08022376194382,-0.08119920573765405,1.0056940371221534
prod_applied,m8_k3_cap0.85-1.20,8.0,3.0,0.85-1.20,12180,8498,STL,0.8157923201445791,-0.012445238969712035,1.0058885672732572
prod_applied,m8_k3_cap0.85-1.20,8.0,3.0,0.85-1.20,12180,8498,BLK,0.5923031611355217,-0.0033668900720562264,1.0045289349016444
prod_applied,m8_k3_cap0.85-1.20,8.0,3.0,0.85-1.20,12180,8498,FG3M,1.1206326667699293,-0.037506658175831854,1.0104762581246978
prod_applied,m8_k3_cap0.85-1.20,8.0,3.0,0.85-1.20,12180,8498,TOV,1.0762981784006627,-0.012539484118951314,1.0059215521141776
prod_applied,m8_k3_cap0.85-1.20,8.0,3.0,0.85-1.20,12180,8498,FG3A,1.8073945003031462,-0.07434873947167901,1.0099243653766201
prod_applied,m8_k3_cap0.85-1.20,8.0,3.0,0.85-1.20,12180,8498,OREB,0.9186993002476405,-0.0025592280354597634,1.0096523982521315
prod_applied,m8_k3_cap0.85-1.20,8.0,3.0,0.85-1.20,12180,8498,POOLED,,,1.006555673828092
prod_applied,m8_k5_capnone,8.0,5.0,none,12180,8498,PTS,5.580864865196393,-0.4208067629536264,1.0032832439926975
prod_applied,m8_k5_capnone,8.0,5.0,none,12180,8498,AST,1.6804863545135613,-0.1529336214054039,1.0022268135628591
prod_applied,m8_k5_capnone,8.0,5.0,none,12180,8498,REB,2.077682717500498,-0.08410426348285575,1.0044655571425172
prod_applied,m8_k5_capnone,8.0,5.0,none,12180,8498,STL,0.8175698919653036,-0.012292678656461728,1.0080803495784116
prod_applied,m8_k5_capnone,8.0,5.0,none,12180,8498,BLK,0.5928768708530515,-0.004088723448880362,1.0055019298969574
prod_applied,m8_k5_capnone,8.0,5.0,none,12180,8498,FG3M,1.1227544506435225,-0.03568463260043287,1.012389474018464
prod_applied,m8_k5_capnone,8.0,5.0,none,12180,8498,TOV,1.077628709954983,-0.011691783031196359,1.0071650833150272
prod_applied,m8_k5_capnone,8.0,5.0,none,12180,8498,FG3A,1.8055501868921227,-0.08491214339275344,1.0088938116979014
prod_applied,m8_k5_capnone,8.0,5.0,none,12180,8498,OREB,0.9216106117642152,-0.0014791917713421821,1.0128519355261627
prod_applied,m8_k5_capnone,8.0,5.0,none,12180,8498,POOLED,,,1.0072064665256664
prod_applied,m8_k5_cap0.75-1.35,8.0,5.0,0.75-1.35,12180,8498,PTS,5.580313409003214,-0.4237984015606536,1.0031841076093992
prod_applied,m8_k5_cap0.75-1.35,8.0,5.0,0.75-1.35,12180,8498,AST,1.6805339058805426,-0.15424097237679388,1.0022551727666589
prod_applied,m8_k5_cap0.75-1.35,8.0,5.0,0.75-1.35,12180,8498,REB,2.0776497794175675,-0.08437734010342023,1.0044496330702113
prod_applied,m8_k5_cap0.75-1.35,8.0,5.0,0.75-1.35,12180,8498,STL,0.8169207484172765,-0.01194107851585676,1.0072799423456444
prod_applied,m8_k5_cap0.75-1.35,8.0,5.0,0.75-1.35,12180,8498,BLK,0.5930404294219459,-0.0033752145412364867,1.0057793204729093
prod_applied,m8_k5_cap0.75-1.35,8.0,5.0,0.75-1.35,12180,8498,FG3M,1.1221594284093948,-0.036406151634152034,1.011852941523498
prod_applied,m8_k5_cap0.75-1.35,8.0,5.0,0.75-1.35,12180,8498,TOV,1.0770559014348742,-0.012896347770282663,1.0066297294073692
prod_applied,m8_k5_cap0.75-1.35,8.0,5.0,0.75-1.35,12180,8498,FG3A,1.8052240476093198,-0.08520350172498822,1.0087115736706451
prod_applied,m8_k5_cap0.75-1.35,8.0,5.0,0.75-1.35,12180,8498,OREB,0.9206944985106429,-0.0019444877224435444,1.011845125198463
prod_applied,m8_k5_cap0.75-1.35,8.0,5.0,0.75-1.35,12180,8498,POOLED,,,1.006887505118311
prod_applied,m8_k5_cap0.85-1.20,8.0,5.0,0.85-1.20,12180,8498,PTS,5.576684836938906,-0.44546940558253956,1.0025317919487131
prod_applied,m8_k5_cap0.85-1.20,8.0,5.0,0.85-1.20,12180,8498,AST,1.679103546198301,-0.1644772092277096,1.0014021192308586
prod_applied,m8_k5_cap0.85-1.20,8.0,5.0,0.85-1.20,12180,8498,REB,2.076704319239054,-0.08987489519422244,1.0039925458658143
prod_applied,m8_k5_cap0.85-1.20,8.0,5.0,0.85-1.20,12180,8498,STL,0.8153606632123643,-0.01339840626874539,1.005356325473013
prod_applied,m8_k5_cap0.85-1.20,8.0,5.0,0.85-1.20,12180,8498,BLK,0.5921806571105597,-0.0038295833462657952,1.0043211716381826
prod_applied,m8_k5_cap0.85-1.20,8.0,5.0,0.85-1.20,12180,8498,FG3M,1.1195332621941263,-0.040606057503748925,1.0094849232699636
prod_applied,m8_k5_cap0.85-1.20,8.0,5.0,0.85-1.20,12180,8498,TOV,1.0753332343232778,-0.015358666326826023,1.0050197034782644
prod_applied,m8_k5_cap0.85-1.20,8.0,5.0,0.85-1.20,12180,8498,FG3A,1.8039751243980273,-0.08860685363412873,1.0080137083283764
prod_applied,m8_k5_cap0.85-1.20,8.0,5.0,0.85-1.20,12180,8498,OREB,0.9180239831488602,-0.00409490778748352,1.0089102233879725
prod_applied,m8_k5_cap0.85-1.20,8.0,5.0,0.85-1.20,12180,8498,POOLED,,,1.0054480569579065
prod_applied,m8_k10_capnone,8.0,10.0,none,12180,8498,PTS,5.55852536358662,-0.5261292237751235,0.9992672270875034
prod_applied,m8_k10_capnone,8.0,10.0,none,12180,8498,AST,1.6761169172201185,-0.1741540791961505,0.999620920808117
prod_applied,m8_k10_capnone,8.0,10.0,none,12180,8498,REB,2.0704877907652888,-0.10658828218730504,1.0009871357113682
prod_applied,m8_k10_capnone,8.0,10.0,none,12180,8498,STL,0.8152896525771585,-0.014931702075214298,1.005268767911677
prod_applied,m8_k10_capnone,8.0,10.0,none,12180,8498,BLK,0.5920599965625504,-0.005184937386809216,1.0041165348580174
prod_applied,m8_k10_capnone,8.0,10.0,none,12180,8498,FG3M,1.1184366721065206,-0.045326407259586546,1.008496126243714
prod_applied,m8_k10_capnone,8.0,10.0,none,12180,8498,TOV,1.074400491869012,-0.019221338874907058,1.004147950876479
prod_applied,m8_k10_capnone,8.0,10.0,none,12180,8498,FG3A,1.7986053913119249,-0.11677574939886837,1.0050132431403311
prod_applied,m8_k10_capnone,8.0,10.0,none,12180,8498,OREB,0.9180025415936097,-0.0065991110466960485,1.0088866590751717
prod_applied,m8_k10_capnone,8.0,10.0,none,12180,8498,POOLED,,,1.0039782850791532
prod_applied,m8_k10_cap0.75-1.35,8.0,10.0,0.75-1.35,12180,8498,PTS,5.558439335956009,-0.5267377628205284,0.9992517617282092
prod_applied,m8_k10_cap0.75-1.35,8.0,10.0,0.75-1.35,12180,8498,AST,1.6761163439117475,-0.17418542734585252,0.9996205788922067
prod_applied,m8_k10_cap0.75-1.35,8.0,10.0,0.75-1.35,12180,8498,REB,2.070495028125938,-0.10658431651416066,1.0009906346476762
prod_applied,m8_k10_cap0.75-1.35,8.0,10.0,0.75-1.35,12180,8498,STL,0.8151453571832107,-0.01472501472469334,1.005090848748309
prod_applied,m8_k10_cap0.75-1.35,8.0,10.0,0.75-1.35,12180,8498,BLK,0.592321062632693,-0.004646995379664773,1.0045592953202047
prod_applied,m8_k10_cap0.75-1.35,8.0,10.0,0.75-1.35,12180,8498,FG3M,1.1183795919249906,-0.04548100353824207,1.0084446569532355
prod_applied,m8_k10_cap0.75-1.35,8.0,10.0,0.75-1.35,12180,8498,TOV,1.0742420364694036,-0.019745739459840813,1.003999856505687
prod_applied,m8_k10_cap0.75-1.35,8.0,10.0,0.75-1.35,12180,8498,FG3A,1.7984768381970044,-0.11687393551332309,1.0049414110511103
prod_applied,m8_k10_cap0.75-1.35,8.0,10.0,0.75-1.35,12180,8498,OREB,0.9177801278953133,-0.006769646364716792,1.0086422259686825
prod_applied,m8_k10_cap0.75-1.35,8.0,10.0,0.75-1.35,12180,8498,POOLED,,,1.00394902997948
prod_applied,m8_k10_cap0.85-1.20,8.0,10.0,0.85-1.20,12180,8498,PTS,5.557950996541207,-0.5345749625087161,0.9991639719744548
prod_applied,m8_k10_cap0.85-1.20,8.0,10.0,0.85-1.20,12180,8498,AST,1.6758653345156134,-0.17947981981338024,0.9994708791659422
prod_applied,m8_k10_cap0.85-1.20,8.0,10.0,0.85-1.20,12180,8498,REB,2.070475830869412,-0.10795075320643753,1.0009813536430217
prod_applied,m8_k10_cap0.85-1.20,8.0,10.0,0.85-1.20,12180,8498,STL,0.8144208777315176,-0.015391310337361006,1.004197550809989
prod_applied,m8_k10_cap0.85-1.20,8.0,10.0,0.85-1.20,12180,8498,BLK,0.591862555888228,-0.00482837706168912,1.0037816812166775
prod_applied,m8_k10_cap0.85-1.20,8.0,10.0,0.85-1.20,12180,8498,FG3M,1.1172793415229403,-0.047461407361824054,1.007452559415629
prod_applied,m8_k10_cap0.85-1.20,8.0,10.0,0.85-1.20,12180,8498,TOV,1.0735197980005162,-0.021497577996557136,1.003324843524898
prod_applied,m8_k10_cap0.85-1.20,8.0,10.0,0.85-1.20,12180,8498,FG3A,1.7981755993167186,-0.1179268519283854,1.0047730867118758
prod_applied,m8_k10_cap0.85-1.20,8.0,10.0,0.85-1.20,12180,8498,OREB,0.9164877640110637,-0.0077541564760929445,1.0072219154331292
prod_applied,m8_k10_cap0.85-1.20,8.0,10.0,0.85-1.20,12180,8498,POOLED,,,1.0033742046550687
prod_applied,m8_k20_capnone,8.0,20.0,none,12180,8498,PTS,5.544641804705321,-0.65219621564461,0.996771351926745
prod_applied,m8_k20_capnone,8.0,20.0,none,12180,8498,AST,1.6733308046639497,-0.20025361894363844,0.9979593085600338
prod_applied,m8_k20_capnone,8.0,20.0,none,12180,8498,REB,2.06582413121784,-0.13291412384014675,0.9987324673993139
prod_applied,m8_k20_capnone,8.0,20.0,none,12180,8498,STL,0.8132154622043498,-0.018093887356694423,1.0027112488828307
prod_applied,m8_k20_capnone,8.0,20.0,none,12180,8498,BLK,0.5912611515853567,-0.006444765138789596,1.0027617170100873
prod_applied,m8_k20_capnone,8.0,20.0,none,12180,8498,FG3M,1.1142851777962621,-0.05718108809557837,1.0047527172207131
prod_applied,m8_k20_capnone,8.0,20.0,none,12180,8498,TOV,1.071639361689507,-0.028895009916453124,1.0015673645561676
prod_applied,m8_k20_capnone,8.0,20.0,none,12180,8498,FG3A,1.7922887280003592,-0.1547666921348299,1.0014836583235351
prod_applied,m8_k20_capnone,8.0,20.0,none,12180,8498,OREB,0.9146615149516306,-0.012694976646248362,1.005214864004914
prod_applied,m8_k20_capnone,8.0,20.0,none,12180,8498,POOLED,,,1.0013282997649267
prod_applied,m8_k20_cap0.75-1.35,8.0,20.0,0.75-1.35,12180,8498,PTS,5.544641804705321,-0.65219621564461,0.996771351926745
prod_applied,m8_k20_cap0.75-1.35,8.0,20.0,0.75-1.35,12180,8498,AST,1.6733276941116983,-0.20025050839138714,0.9979574534548954
prod_applied,m8_k20_cap0.75-1.35,8.0,20.0,0.75-1.35,12180,8498,REB,2.06582413121784,-0.13291412384014675,0.9987324673993139
prod_applied,m8_k20_cap0.75-1.35,8.0,20.0,0.75-1.35,12180,8498,STL,0.8132100654310296,-0.018071116029818316,1.00270459455127
prod_applied,m8_k20_cap0.75-1.35,8.0,20.0,0.75-1.35,12180,8498,BLK,0.5913800697618097,-0.0063024592948248345,1.0029633987787674
prod_applied,m8_k20_cap0.75-1.35,8.0,20.0,0.75-1.35,12180,8498,FG3M,1.114288363899544,-0.057182016420569484,1.0047555901351104
prod_applied,m8_k20_cap0.75-1.35,8.0,20.0,0.75-1.35,12180,8498,TOV,1.0716249167995013,-0.028930237421133726,1.0015538641838113
prod_applied,m8_k20_cap0.75-1.35,8.0,20.0,0.75-1.35,12180,8498,FG3A,1.7922851749700144,-0.15477158560616291,1.001481672983912
prod_applied,m8_k20_cap0.75-1.35,8.0,20.0,0.75-1.35,12180,8498,OREB,0.9146414393122205,-0.012718256898689162,1.0051928008363982
prod_applied,m8_k20_cap0.75-1.35,8.0,20.0,0.75-1.35,12180,8498,POOLED,,,1.001345910472247
prod_applied,m8_k20_cap0.85-1.20,8.0,20.0,0.85-1.20,12180,8498,PTS,5.54463789219211,-0.6537318735970731,0.9967706485664162
prod_applied,m8_k20_cap0.85-1.20,8.0,20.0,0.85-1.20,12180,8498,AST,1.6732067773334205,-0.20090667253119152,0.997885339785496
prod_applied,m8_k20_cap0.85-1.20,8.0,20.0,0.85-1.20,12180,8498,REB,2.0658592361649037,-0.13295387810272308,0.998749439052355
prod_applied,m8_k20_cap0.85-1.20,8.0,20.0,0.85-1.20,12180,8498,STL,0.8130640858307224,-0.018148820312178387,1.0025245987271145
prod_applied,m8_k20_cap0.85-1.20,8.0,20.0,0.85-1.20,12180,8498,BLK,0.5913576201305518,-0.006057761982094335,1.002925324857073
prod_applied,m8_k20_cap0.85-1.20,8.0,20.0,0.85-1.20,12180,8498,FG3M,1.1140976042153772,-0.05761457683709656,1.0045835818244713
prod_applied,m8_k20_cap0.85-1.20,8.0,20.0,0.85-1.20,12180,8498,TOV,1.0714657822346285,-0.029803249651689154,1.0014051350567865
prod_applied,m8_k20_cap0.85-1.20,8.0,20.0,0.85-1.20,12180,8498,FG3A,1.7922056684825498,-0.1550742493367687,1.0014372468562003
prod_applied,m8_k20_cap0.85-1.20,8.0,20.0,0.85-1.20,12180,8498,OREB,0.9143318887944506,-0.013064652999571661,1.0048526041881995
prod_applied,m8_k20_cap0.85-1.20,8.0,20.0,0.85-1.20,12180,8498,POOLED,,,1.0012371021015682
prod_applied,m8_k40_capnone,8.0,40.0,none,12180,8498,PTS,5.543227994486715,-0.772012878551932,0.9965171884347459
prod_applied,m8_k40_capnone,8.0,40.0,none,12180,8498,AST,1.6727601199105382,-0.22575557024751106,0.997618957351335
prod_applied,m8_k40_capnone,8.0,40.0,none,12180,8498,REB,2.065017539523437,-0.1570789797224256,0.9983425168217399
prod_applied,m8_k40_capnone,8.0,40.0,none,12180,8498,STL,0.8117057915275026,-0.021069822715982844,1.0008497941514118
prod_applied,m8_k40_capnone,8.0,40.0,none,12180,8498,BLK,0.5905491945777606,-0.007794371998419852,1.0015542586315682
prod_applied,m8_k40_capnone,8.0,40.0,none,12180,8498,FG3M,1.11139246332133,-0.0689095050850644,1.0021443519774638
prod_applied,m8_k40_capnone,8.0,40.0,none,12180,8498,TOV,1.0700397718958539,-0.038952103214174305,1.0000723682063932
prod_applied,m8_k40_capnone,8.0,40.0,none,12180,8498,FG3A,1.7893224937038745,-0.19060484074480025,0.9998262048517373
prod_applied,m8_k40_capnone,8.0,40.0,none,12180,8498,OREB,0.9122531471292487,-0.018640183675951032,1.0025680628730467
prod_applied,m8_k40_capnone,8.0,40.0,none,12180,8498,POOLED,,,0.9999437448110491
prod_applied,m8_k40_cap0.75-1.35,8.0,40.0,0.75-1.35,12180,8498,PTS,5.543227994486715,-0.772012878551932,0.9965171884347459
prod_applied,m8_k40_cap0.75-1.35,8.0,40.0,0.75-1.35,12180,8498,AST,1.6727601199105382,-0.22575557024751106,0.997618957351335
prod_applied,m8_k40_cap0.75-1.35,8.0,40.0,0.75-1.35,12180,8498,REB,2.065017539523437,-0.1570789797224256,0.9983425168217399
prod_applied,m8_k40_cap0.75-1.35,8.0,40.0,0.75-1.35,12180,8498,STL,0.8117050468026181,-0.02106907799109831,1.0008488758904421
prod_applied,m8_k40_cap0.75-1.35,8.0,40.0,0.75-1.35,12180,8498,BLK,0.5905522793893748,-0.007797875139322406,1.0015594903823481
prod_applied,m8_k40_cap0.75-1.35,8.0,40.0,0.75-1.35,12180,8498,FG3M,1.1113973311345975,-0.06890755648281485,1.00214874129243
prod_applied,m8_k40_cap0.75-1.35,8.0,40.0,0.75-1.35,12180,8498,TOV,1.0700397718958539,-0.038952103214174305,1.0000723682063932
prod_applied,m8_k40_cap0.75-1.35,8.0,40.0,0.75-1.35,12180,8498,FG3A,1.7893261532890796,-0.19059635946092027,0.9998282497314054
prod_applied,m8_k40_cap0.75-1.35,8.0,40.0,0.75-1.35,12180,8498,OREB,0.9122562040570051,-0.018636560447925308,1.0025714224428643
prod_applied,m8_k40_cap0.75-1.35,8.0,40.0,0.75-1.35,12180,8498,POOLED,,,0.9999453122837451
prod_applied,m8_k40_cap0.85-1.20,8.0,40.0,0.85-1.20,12180,8498,PTS,5.5432278158082084,-0.7720126998734265,0.9965171563133532
prod_applied,m8_k40_cap0.85-1.20,8.0,40.0,0.85-1.20,12180,8498,AST,1.67272746049238,-0.22571280684034392,0.9975994795706881
prod_applied,m8_k40_cap0.85-1.20,8.0,40.0,0.85-1.20,12180,8498,REB,2.065017539523437,-0.1570789797224256,0.9983425168217399
prod_applied,m8_k40_cap0.85-1.20,8.0,40.0,0.85-1.20,12180,8498,STL,0.8116998368737941,-0.021057239075716556,1.0008424519419554
prod_applied,m8_k40_cap0.85-1.20,8.0,40.0,0.85-1.20,12180,8498,BLK,0.5906314256544853,-0.0076917452036403405,1.0016937201461071
prod_applied,m8_k40_cap0.85-1.20,8.0,40.0,0.85-1.20,12180,8498,FG3M,1.1113908315043617,-0.06892471004232338,1.002142880565508
prod_applied,m8_k40_cap0.85-1.20,8.0,40.0,0.85-1.20,12180,8498,TOV,1.0700333270547775,-0.039034329120745906,1.0000663447784355
prod_applied,m8_k40_cap0.85-1.20,8.0,40.0,0.85-1.20,12180,8498,FG3A,1.7893291757373748,-0.19061544576718248,0.9998299385957767
prod_applied,m8_k40_cap0.85-1.20,8.0,40.0,0.85-1.20,12180,8498,OREB,0.9122260780220028,-0.018682447307359032,1.0025383138691648
prod_applied,m8_k40_cap0.85-1.20,8.0,40.0,0.85-1.20,12180,8498,POOLED,,,0.9999525336225256
prod_applied,m8_k80_capnone,8.0,80.0,none,12180,8498,PTS,5.547731508641709,-0.8631408777427468,0.9973267941858126
prod_applied,m8_k80_capnone,8.0,80.0,none,12180,8498,AST,1.673486239744213,-0.24568972482773727,0.9980520086315279
prod_applied,m8_k80_capnone,8.0,80.0,none,12180,8498,REB,2.0655992882711622,-0.17487063655174206,0.9986237660110789
prod_applied,m8_k80_capnone,8.0,80.0,none,12180,8498,STL,0.8110980518788657,-0.023235892402641168,1.0001004387709467
prod_applied,m8_k80_capnone,8.0,80.0,none,12180,8498,BLK,0.590061100016689,-0.009058180325601984,1.0007264644516005
prod_applied,m8_k80_capnone,8.0,80.0,none,12180,8498,FG3M,1.1098735678322629,-0.07817092198374624,1.0007747614989897
prod_applied,m8_k80_capnone,8.0,80.0,none,12180,8498,TOV,1.0695112775900644,-0.04703582235107183,0.9995784309099898
prod_applied,m8_k80_capnone,8.0,80.0,none,12180,8498,FG3A,1.7886714831505237,-0.2176201511608754,0.9994624373290211
prod_applied,m8_k80_capnone,8.0,80.0,none,12180,8498,OREB,0.9109067746865304,-0.02323912746277265,1.0010883968219626
prod_applied,m8_k80_capnone,8.0,80.0,none,12180,8498,POOLED,,,0.9995259442901033
prod_applied,m8_k80_cap0.75-1.35,8.0,80.0,0.75-1.35,12180,8498,PTS,5.547731508641709,-0.8631408777427468,0.9973267941858126
prod_applied,m8_k80_cap0.75-1.35,8.0,80.0,0.75-1.35,12180,8498,AST,1.673486239744213,-0.24568972482773727,0.9980520086315279
prod_applied,m8_k80_cap0.75-1.35,8.0,80.0,0.75-1.35,12180,8498,REB,2.0655992882711622,-0.17487063655174206,0.9986237660110789
prod_applied,m8_k80_cap0.75-1.35,8.0,80.0,0.75-1.35,12180,8498,STL,0.8110980518788657,-0.023235892402641168,1.0001004387709467
prod_applied,m8_k80_cap0.75-1.35,8.0,80.0,0.75-1.35,12180,8498,BLK,0.5900614165073159,-0.009058567395081476,1.000727001210499
prod_applied,m8_k80_cap0.75-1.35,8.0,80.0,0.75-1.35,12180,8498,FG3M,1.109874540648648,-0.07816994916736111,1.0007756386890718
prod_applied,m8_k80_cap0.75-1.35,8.0,80.0,0.75-1.35,12180,8498,TOV,1.0695112775900644,-0.04703582235107183,0.9995784309099898
prod_applied,m8_k80_cap0.75-1.35,8.0,80.0,0.75-1.35,12180,8498,FG3A,1.7886745390964076,-0.21761604754626843,0.9994641449109612
prod_applied,m8_k80_cap0.75-1.35,8.0,80.0,0.75-1.35,12180,8498,OREB,0.9109067746865304,-0.02323912746277265,1.0010883968219626
prod_applied,m8_k80_cap0.75-1.35,8.0,80.0,0.75-1.35,12180,8498,POOLED,,,0.9995262911268723
prod_applied,m8_k80_cap0.85-1.20,8.0,80.0,0.85-1.20,12180,8498,PTS,5.547731508641709,-0.8631408777427468,0.9973267941858126
prod_applied,m8_k80_cap0.85-1.20,8.0,80.0,0.85-1.20,12180,8498,AST,1.673486239744213,-0.24568972482773727,0.9980520086315279
prod_applied,m8_k80_cap0.85-1.20,8.0,80.0,0.85-1.20,12180,8498,REB,2.0655992882711622,-0.17487063655174206,0.9986237660110789
prod_applied,m8_k80_cap0.85-1.20,8.0,80.0,0.85-1.20,12180,8498,STL,0.8110976309712808,-0.023235181016882617,1.000099919783311
prod_applied,m8_k80_cap0.85-1.20,8.0,80.0,0.85-1.20,12180,8498,BLK,0.5900644429523554,-0.009058452848594844,1.0007321339732655
prod_applied,m8_k80_cap0.85-1.20,8.0,80.0,0.85-1.20,12180,8498,FG3M,1.109879213739042,-0.07816952166286051,1.000779852422113
prod_applied,m8_k80_cap0.85-1.20,8.0,80.0,0.85-1.20,12180,8498,TOV,1.0695112775900644,-0.04703582235107183,0.9995784309099898
prod_applied,m8_k80_cap0.85-1.20,8.0,80.0,0.85-1.20,12180,8498,FG3A,1.7886783345342714,-0.2176097853543372,0.999466265701511
prod_applied,m8_k80_cap0.85-1.20,8.0,80.0,0.85-1.20,12180,8498,OREB,0.9109092901636379,-0.023236202420347407,1.0010911613364166
prod_applied,m8_k80_cap0.85-1.20,8.0,80.0,0.85-1.20,12180,8498,POOLED,,,0.9995278147727807
prod_applied,m8_k160_capnone,8.0,160.0,none,12180,8498,PTS,5.5532227854822045,-0.9218203480382564,0.9983139720113414
prod_applied,m8_k160_capnone,8.0,160.0,none,12180,8498,AST,1.6746884369814696,-0.25844141928021575,0.998768988155422
prod_applied,m8_k160_capnone,8.0,160.0,none,12180,8498,REB,2.066634710236258,-0.18607293842452274,0.9991243456675813
prod_applied,m8_k160_capnone,8.0,160.0,none,12180,8498,STL,0.810929346902313,-0.024564595006991794,0.9998924220944396
prod_applied,m8_k160_capnone,8.0,160.0,none,12180,8498,BLK,0.5898362530875109,-0.009911128775738152,1.0003451305991014
prod_applied,m8_k160_capnone,8.0,160.0,none,12180,8498,FG3M,1.1093363359624488,-0.08416822809296443,1.000290338667448
prod_applied,m8_k160_capnone,8.0,160.0,none,12180,8498,TOV,1.0695122240923522,-0.05224355041118894,0.9995793155227017
prod_applied,m8_k160_capnone,8.0,160.0,none,12180,8498,FG3A,1.7888832474649738,-0.23495534557570097,0.9995807656413207
prod_applied,m8_k160_capnone,8.0,160.0,none,12180,8498,OREB,0.9103467026165384,-0.026154340526463024,1.0004728764786806
prod_applied,m8_k160_capnone,8.0,160.0,none,12180,8498,POOLED,,,0.9995964616486708
prod_applied,m8_k160_cap0.75-1.35,8.0,160.0,0.75-1.35,12180,8498,PTS,5.5532227854822045,-0.9218203480382564,0.9983139720113414
prod_applied,m8_k160_cap0.75-1.35,8.0,160.0,0.75-1.35,12180,8498,AST,1.6746884369814696,-0.25844141928021575,0.998768988155422
prod_applied,m8_k160_cap0.75-1.35,8.0,160.0,0.75-1.35,12180,8498,REB,2.066634710236258,-0.18607293842452274,0.9991243456675813
prod_applied,m8_k160_cap0.75-1.35,8.0,160.0,0.75-1.35,12180,8498,STL,0.810929346902313,-0.024564595006991794,0.9998924220944396
prod_applied,m8_k160_cap0.75-1.35,8.0,160.0,0.75-1.35,12180,8498,BLK,0.5898362530875109,-0.009911128775738152,1.0003451305991014
prod_applied,m8_k160_cap0.75-1.35,8.0,160.0,0.75-1.35,12180,8498,FG3M,1.1093363359624488,-0.08416822809296443,1.000290338667448
prod_applied,m8_k160_cap0.75-1.35,8.0,160.0,0.75-1.35,12180,8498,TOV,1.0695122240923522,-0.05224355041118894,0.9995793155227017
prod_applied,m8_k160_cap0.75-1.35,8.0,160.0,0.75-1.35,12180,8498,FG3A,1.7888832474649738,-0.23495534557570097,0.9995807656413207
prod_applied,m8_k160_cap0.75-1.35,8.0,160.0,0.75-1.35,12180,8498,OREB,0.9103467026165384,-0.026154340526463024,1.0004728764786806
prod_applied,m8_k160_cap0.75-1.35,8.0,160.0,0.75-1.35,12180,8498,POOLED,,,0.9995964616486708
prod_applied,m8_k160_cap0.85-1.20,8.0,160.0,0.85-1.20,12180,8498,PTS,5.5532227854822045,-0.9218203480382564,0.9983139720113414
prod_applied,m8_k160_cap0.85-1.20,8.0,160.0,0.85-1.20,12180,8498,AST,1.6746884369814696,-0.25844141928021575,0.998768988155422
prod_applied,m8_k160_cap0.85-1.20,8.0,160.0,0.85-1.20,12180,8498,REB,2.066634710236258,-0.18607293842452274,0.9991243456675813
prod_applied,m8_k160_cap0.85-1.20,8.0,160.0,0.85-1.20,12180,8498,STL,0.810929346902313,-0.024564595006991794,0.9998924220944396
prod_applied,m8_k160_cap0.85-1.20,8.0,160.0,0.85-1.20,12180,8498,BLK,0.5898360969450192,-0.009911445439311006,1.0003448657859766
prod_applied,m8_k160_cap0.85-1.20,8.0,160.0,0.85-1.20,12180,8498,FG3M,1.1093370427127218,-0.08416752134269131,1.0002909759452931
prod_applied,m8_k160_cap0.85-1.20,8.0,160.0,0.85-1.20,12180,8498,TOV,1.0695122240923522,-0.05224355041118894,0.9995793155227017
prod_applied,m8_k160_cap0.85-1.20,8.0,160.0,0.85-1.20,12180,8498,FG3A,1.7888850495517012,-0.23495299500935846,0.9995817725998426
prod_applied,m8_k160_cap0.85-1.20,8.0,160.0,0.85-1.20,12180,8498,OREB,0.9103467026165384,-0.026154340526463024,1.0004728764786806
prod_applied,m8_k160_cap0.85-1.20,8.0,160.0,0.85-1.20,12180,8498,POOLED,,,0.99959661491792
prod_applied,m8_k320_capnone,8.0,320.0,none,12180,8498,PTS,5.55733782833373,-0.9556872841801531,0.9990537414988618
prod_applied,m8_k320_capnone,8.0,320.0,none,12180,8498,AST,1.6755679250796582,-0.2657846121953301,0.9992935068769496
prod_applied,m8_k320_capnone,8.0,320.0,none,12180,8498,REB,2.067433228722098,-0.1924425688670584,0.999510393214212
prod_applied,m8_k320_capnone,8.0,320.0,none,12180,8498,STL,0.8109290992276618,-0.02532055183270397,0.9998921167065438
prod_applied,m8_k320_capnone,8.0,320.0,none,12180,8498,BLK,0.5897322353198843,-0.01039460906520778,1.0001687194904312
prod_applied,m8_k320_capnone,8.0,320.0,none,12180,8498,FG3M,1.1091479335705845,-0.08763656007513736,1.0001204559310277
prod_applied,m8_k320_capnone,8.0,320.0,none,12180,8498,TOV,1.0696655471273953,-0.05522925933530628,0.9997226131222707
prod_applied,m8_k320_capnone,8.0,320.0,none,12180,8498,FG3A,1.7891659527533563,-0.2449744149856839,0.9997387338983396
prod_applied,m8_k320_capnone,8.0,320.0,none,12180,8498,OREB,0.9101130589364526,-0.02782387754094819,1.0002161015993793
prod_applied,m8_k320_capnone,8.0,320.0,none,12180,8498,POOLED,,,0.999746264704224
prod_applied,m8_k320_cap0.75-1.35,8.0,320.0,0.75-1.35,12180,8498,PTS,5.55733782833373,-0.9556872841801531,0.9990537414988618
prod_applied,m8_k320_cap0.75-1.35,8.0,320.0,0.75-1.35,12180,8498,AST,1.6755679250796582,-0.2657846121953301,0.9992935068769496
prod_applied,m8_k320_cap0.75-1.35,8.0,320.0,0.75-1.35,12180,8498,REB,2.067433228722098,-0.1924425688670584,0.999510393214212
prod_applied,m8_k320_cap0.75-1.35,8.0,320.0,0.75-1.35,12180,8498,STL,0.8109290992276618,-0.02532055183270397,0.9998921167065438
prod_applied,m8_k320_cap0.75-1.35,8.0,320.0,0.75-1.35,12180,8498,BLK,0.5897322353198843,-0.01039460906520778,1.0001687194904312
prod_applied,m8_k320_cap0.75-1.35,8.0,320.0,0.75-1.35,12180,8498,FG3M,1.1091479335705845,-0.08763656007513736,1.0001204559310277
prod_applied,m8_k320_cap0.75-1.35,8.0,320.0,0.75-1.35,12180,8498,TOV,1.0696655471273953,-0.05522925933530628,0.9997226131222707
prod_applied,m8_k320_cap0.75-1.35,8.0,320.0,0.75-1.35,12180,8498,FG3A,1.7891659527533563,-0.2449744149856839,0.9997387338983396
prod_applied,m8_k320_cap0.75-1.35,8.0,320.0,0.75-1.35,12180,8498,OREB,0.9101130589364526,-0.02782387754094819,1.0002161015993793
prod_applied,m8_k320_cap0.75-1.35,8.0,320.0,0.75-1.35,12180,8498,POOLED,,,0.999746264704224
prod_applied,m8_k320_cap0.85-1.20,8.0,320.0,0.85-1.20,12180,8498,PTS,5.55733782833373,-0.9556872841801531,0.9990537414988618
prod_applied,m8_k320_cap0.85-1.20,8.0,320.0,0.85-1.20,12180,8498,AST,1.6755679250796582,-0.2657846121953301,0.9992935068769496
prod_applied,m8_k320_cap0.85-1.20,8.0,320.0,0.85-1.20,12180,8498,REB,2.067433228722098,-0.1924425688670584,0.999510393214212
prod_applied,m8_k320_cap0.85-1.20,8.0,320.0,0.85-1.20,12180,8498,STL,0.8109290992276618,-0.02532055183270397,0.9998921167065438
prod_applied,m8_k320_cap0.85-1.20,8.0,320.0,0.85-1.20,12180,8498,BLK,0.5897322353198843,-0.01039460906520778,1.0001687194904312
prod_applied,m8_k320_cap0.85-1.20,8.0,320.0,0.85-1.20,12180,8498,FG3M,1.1091479335705845,-0.08763656007513736,1.0001204559310277
prod_applied,m8_k320_cap0.85-1.20,8.0,320.0,0.85-1.20,12180,8498,TOV,1.0696655471273953,-0.05522925933530628,0.9997226131222707
prod_applied,m8_k320_cap0.85-1.20,8.0,320.0,0.85-1.20,12180,8498,FG3A,1.7891659527533563,-0.2449744149856839,0.9997387338983396
prod_applied,m8_k320_cap0.85-1.20,8.0,320.0,0.85-1.20,12180,8498,OREB,0.9101130589364526,-0.02782387754094819,1.0002161015993793
prod_applied,m8_k320_cap0.85-1.20,8.0,320.0,0.85-1.20,12180,8498,POOLED,,,0.999746264704224
prod_applied,m12_k0_capnone,12.0,0.0,none,12180,6293,PTS,5.603157458322065,-0.5060320005300097,1.0072908280658424
prod_applied,m12_k0_capnone,12.0,0.0,none,12180,6293,AST,1.6874554353195366,-0.17015154134786167,1.0063831101200285
prod_applied,m12_k0_capnone,12.0,0.0,none,12180,6293,REB,2.0846577294662487,-0.10660623626304541,1.0078376597360652
prod_applied,m12_k0_capnone,12.0,0.0,none,12180,6293,STL,0.8182324686381637,-0.013402356122067832,1.008897320128041
prod_applied,m12_k0_capnone,12.0,0.0,none,12180,6293,BLK,0.5929849835500809,-0.004328987651905372,1.0056852858867988
prod_applied,m12_k0_capnone,12.0,0.0,none,12180,6293,FG3M,1.1216487562495394,-0.04217124862434198,1.0113924676246722
prod_applied,m12_k0_capnone,12.0,0.0,none,12180,6293,TOV,1.078209555401511,-0.01933462012274699,1.0077079486332405
prod_applied,m12_k0_capnone,12.0,0.0,none,12180,6293,FG3A,1.8124385471596982,-0.10766603813023659,1.0127428456916143
prod_applied,m12_k0_capnone,12.0,0.0,none,12180,6293,OREB,0.9195999325704423,-0.006609530480625356,1.010642195005449
prod_applied,m12_k0_capnone,12.0,0.0,none,12180,6293,POOLED,,,1.0087310734324169
prod_applied,m12_k0_cap0.75-1.35,12.0,0.0,0.75-1.35,12180,6293,PTS,5.602521808117005,-0.5121922921003977,1.0071765559565578
prod_applied,m12_k0_cap0.75-1.35,12.0,0.0,0.75-1.35,12180,6293,AST,1.6864625143889838,-0.17373040600334896,1.005790941086537
prod_applied,m12_k0_cap0.75-1.35,12.0,0.0,0.75-1.35,12180,6293,REB,2.0839421928597703,-0.10726392251110889,1.0074917301723123
prod_applied,m12_k0_cap0.75-1.35,12.0,0.0,0.75-1.35,12180,6293,STL,0.8171128493698373,-0.013837315002878952,1.007516806737686
prod_applied,m12_k0_cap0.75-1.35,12.0,0.0,0.75-1.35,12180,6293,BLK,0.5929577018852432,-0.0038512319338360156,1.0056390169766867
prod_applied,m12_k0_cap0.75-1.35,12.0,0.0,0.75-1.35,12180,6293,FG3M,1.1202620937653163,-0.043689111324428424,1.0101421118569982
prod_applied,m12_k0_cap0.75-1.35,12.0,0.0,0.75-1.35,12180,6293,TOV,1.0767925802926657,-0.020983030372213322,1.0063836262201757
prod_applied,m12_k0_cap0.75-1.35,12.0,0.0,0.75-1.35,12180,6293,FG3A,1.8117536827615142,-0.10845964805842392,1.0123601615335134
prod_applied,m12_k0_cap0.75-1.35,12.0,0.0,0.75-1.35,12180,6293,OREB,0.9183351810067526,-0.0069423221405508105,1.0092522304663138
prod_applied,m12_k0_cap0.75-1.35,12.0,0.0,0.75-1.35,12180,6293,POOLED,,,1.00797257566742
prod_applied,m12_k0_cap0.85-1.20,12.0,0.0,0.85-1.20,12180,6293,PTS,5.593305922356266,-0.5445548987118085,1.005519797732584
prod_applied,m12_k0_cap0.85-1.20,12.0,0.0,0.85-1.20,12180,6293,AST,1.6833584410878737,-0.186761619237065,1.0039396999352588
prod_applied,m12_k0_cap0.85-1.20,12.0,0.0,0.85-1.20,12180,6293,REB,2.0811822665237765,-0.11569129602975717,1.0061574307042531
prod_applied,m12_k0_cap0.85-1.20,12.0,0.0,0.85-1.20,12180,6293,STL,0.8152527547310338,-0.015287064358616712,1.0052232721149439
prod_applied,m12_k0_cap0.85-1.20,12.0,0.0,0.85-1.20,12180,6293,BLK,0.5918921148537057,-0.004737654914303831,1.0038318123624428
prod_applied,m12_k0_cap0.85-1.20,12.0,0.0,0.85-1.20,12180,6293,FG3M,1.1172819679877175,-0.048851284386938844,1.0074549277030962
prod_applied,m12_k0_cap0.85-1.20,12.0,0.0,0.85-1.20,12180,6293,TOV,1.074385911324755,-0.02448177058957802,1.0041343237199865
prod_applied,m12_k0_cap0.85-1.20,12.0,0.0,0.85-1.20,12180,6293,FG3A,1.8083311807208193,-0.116641372918643,1.0104477576831812
prod_applied,m12_k0_cap0.85-1.20,12.0,0.0,0.85-1.20,12180,6293,OREB,0.9157171980566421,-0.009815443362255075,1.0063750618830247
prod_applied,m12_k0_cap0.85-1.20,12.0,0.0,0.85-1.20,12180,6293,POOLED,,,1.0058982315376412
prod_applied,m12_k3_capnone,12.0,3.0,none,12180,6293,PTS,5.586021178199324,-0.5697491009765457,1.0042102046988928
prod_applied,m12_k3_capnone,12.0,3.0,none,12180,6293,AST,1.683677818424667,-0.18299896104723679,1.0041301736809807
prod_applied,m12_k3_capnone,12.0,3.0,none,12180,6293,REB,2.0788786907522407,-0.119357857671822,1.0050437560794967
prod_applied,m12_k3_capnone,12.0,3.0,none,12180,6293,STL,0.8163350822427408,-0.01523019954827177,1.0065578040088925
prod_applied,m12_k3_capnone,12.0,3.0,none,12180,6293,BLK,0.5923422860755224,-0.005227794918007535,1.0045952896619865
prod_applied,m12_k3_capnone,12.0,3.0,none,12180,6293,FG3M,1.118796226925877,-0.04832083844588554,1.0088203373962419
prod_applied,m12_k3_capnone,12.0,3.0,none,12180,6293,TOV,1.0758764075891543,-0.02389611182271861,1.005527359911809
prod_applied,m12_k3_capnone,12.0,3.0,none,12180,6293,FG3A,1.806753107416282,-0.12745069685726912,1.00956597195221
prod_applied,m12_k3_capnone,12.0,3.0,none,12180,6293,OREB,0.9173484014757287,-0.009654703077600153,1.008167757756064
prod_applied,m12_k3_capnone,12.0,3.0,none,12180,6293,POOLED,,,1.0062909616829527
prod_applied,m12_k3_cap0.75-1.35,12.0,3.0,0.75-1.35,12180,6293,PTS,5.585962795003231,-0.57260271417652,1.0041997090349077
prod_applied,m12_k3_cap0.75-1.35,12.0,3.0,0.75-1.35,12180,6293,AST,1.683372925128083,-0.1841703945115191,1.0039483380854155
prod_applied,m12_k3_cap0.75-1.35,12.0,3.0,0.75-1.35,12180,6293,REB,2.078799681698029,-0.11945527127168394,1.0050055587777673
prod_applied,m12_k3_cap0.75-1.35,12.0,3.0,0.75-1.35,12180,6293,STL,0.8159175875025669,-0.0153929237998146,1.0060430244802459
prod_applied,m12_k3_cap0.75-1.35,12.0,3.0,0.75-1.35,12180,6293,BLK,0.5925223829710586,-0.004685620777172431,1.0049007287589267
prod_applied,m12_k3_cap0.75-1.35,12.0,3.0,0.75-1.35,12180,6293,FG3M,1.1181399507863536,-0.04893022920779859,1.0082285721573492
prod_applied,m12_k3_cap0.75-1.35,12.0,3.0,0.75-1.35,12180,6293,TOV,1.075263888148917,-0.024997398226688665,1.0049548916884221
prod_applied,m12_k3_cap0.75-1.35,12.0,3.0,0.75-1.35,12180,6293,FG3A,1.8064547361653998,-0.1278058044150949,1.0093992499686348
prod_applied,m12_k3_cap0.75-1.35,12.0,3.0,0.75-1.35,12180,6293,OREB,0.9168332071047234,-0.009706475464615652,1.0076015580951831
prod_applied,m12_k3_cap0.75-1.35,12.0,3.0,0.75-1.35,12180,6293,POOLED,,,1.0060312923385393
prod_applied,m12_k3_cap0.85-1.20,12.0,3.0,0.85-1.20,12180,6293,PTS,5.58147450992613,-0.5905382047462217,1.0033928410456467
prod_applied,m12_k3_cap0.85-1.20,12.0,3.0,0.85-1.20,12180,6293,AST,1.681761886581776,-0.19318191537020696,1.0029875293145167
prod_applied,m12_k3_cap0.85-1.20,12.0,3.0,0.85-1.20,12180,6293,REB,2.0773977275579187,-0.12412787573210532,1.0043277774040413
prod_applied,m12_k3_cap0.85-1.20,12.0,3.0,0.85-1.20,12180,6293,STL,0.8146815316033401,-0.016421159650056902,1.0045189423494867
prod_applied,m12_k3_cap0.85-1.20,12.0,3.0,0.85-1.20,12180,6293,BLK,0.5917086898971418,-0.005278861703158674,1.003520728970792
prod_applied,m12_k3_cap0.85-1.20,12.0,3.0,0.85-1.20,12180,6293,FG3M,1.11618176271507,-0.05238483600789836,1.006462870858744
prod_applied,m12_k3_cap0.85-1.20,12.0,3.0,0.85-1.20,12180,6293,TOV,1.0735818042841234,-0.027228430458557325,1.0033827953623151
prod_applied,m12_k3_cap0.85-1.20,12.0,3.0,0.85-1.20,12180,6293,FG3A,1.8045866471496992,-0.13152061539378337,1.0083554111092534
prod_applied,m12_k3_cap0.85-1.20,12.0,3.0,0.85-1.20,12180,6293,OREB,0.9150076123124139,-0.01150530343892826,1.0055952257078666
prod_applied,m12_k3_cap0.85-1.20,12.0,3.0,0.85-1.20,12180,6293,POOLED,,,1.004727124680296
prod_applied,m12_k5_capnone,12.0,5.0,none,12180,6293,PTS,5.5782313547429245,-0.6034981085562633,1.0028098125488865
prod_applied,m12_k5_capnone,12.0,5.0,none,12180,6293,AST,1.6819974183323785,-0.18992579641739696,1.003127998313426
prod_applied,m12_k5_capnone,12.0,5.0,none,12180,6293,REB,2.0763764855246705,-0.12615137371207938,1.0038340531027976
prod_applied,m12_k5_capnone,12.0,5.0,none,12180,6293,STL,0.815469931774663,-0.016184580406425182,1.005491055838652
prod_applied,m12_k5_capnone,12.0,5.0,none,12180,6293,BLK,0.5920116551690996,-0.005675430405159292,1.0040345492606728
prod_applied,m12_k5_capnone,12.0,5.0,none,12180,6293,FG3M,1.1174206586701192,-0.05165712775641353,1.0075799853120218
prod_applied,m12_k5_capnone,12.0,5.0,none,12180,6293,TOV,1.074790170947231,-0.026375490555067892,1.00451214974911
prod_applied,m12_k5_capnone,12.0,5.0,none,12180,6293,FG3A,1.8040043414867273,-0.1379591695881648,1.0080300340667576
prod_applied,m12_k5_capnone,12.0,5.0,none,12180,6293,OREB,0.91624339539393,-0.011295321886966313,1.0069533538262139
prod_applied,m12_k5_capnone,12.0,5.0,none,12180,6293,POOLED,,,1.0051525546687263
prod_applied,m12_k5_cap0.75-1.35,12.0,5.0,0.75-1.35,12180,6293,PTS,5.578169105285599,-0.6052482702905831,1.0027986218393834
prod_applied,m12_k5_cap0.75-1.35,12.0,5.0,0.75-1.35,12180,6293,AST,1.6819039739523542,-0.190307822429561,1.003072268933068
prod_applied,m12_k5_cap0.75-1.35,12.0,5.0,0.75-1.35,12180,6293,REB,2.0763518676158936,-0.12618715899663244,1.0038221514581207
prod_applied,m12_k5_cap0.75-1.35,12.0,5.0,0.75-1.35,12180,6293,STL,0.8152333585637018,-0.016227510938857583,1.0051993562450756
prod_applied,m12_k5_cap0.75-1.35,12.0,5.0,0.75-1.35,12180,6293,BLK,0.5922486107348286,-0.005157646582496473,1.004436419008598
prod_applied,m12_k5_cap0.75-1.35,12.0,5.0,0.75-1.35,12180,6293,FG3M,1.1170187661886828,-0.05198801308652188,1.0072175982222533
prod_applied,m12_k5_cap0.75-1.35,12.0,5.0,0.75-1.35,12180,6293,TOV,1.0744084323457714,-0.027175266407533538,1.0041553721439926
prod_applied,m12_k5_cap0.75-1.35,12.0,5.0,0.75-1.35,12180,6293,FG3A,1.8038225322439538,-0.1381652564213771,1.0079284438582574
prod_applied,m12_k5_cap0.75-1.35,12.0,5.0,0.75-1.35,12180,6293,OREB,0.9159916610055251,-0.011279489177406746,1.0066766972217003
prod_applied,m12_k5_cap0.75-1.35,12.0,5.0,0.75-1.35,12180,6293,POOLED,,,1.0050341032144943
prod_applied,m12_k5_cap0.85-1.20,12.0,5.0,0.85-1.20,12180,6293,PTS,5.575553175499313,-0.617606749328341,1.0023283509072902
prod_applied,m12_k5_cap0.85-1.20,12.0,5.0,0.85-1.20,12180,6293,AST,1.6807706065901613,-0.19735662792592895,1.0023963389221187
prod_applied,m12_k5_cap0.85-1.20,12.0,5.0,0.85-1.20,12180,6293,REB,2.0755619689974,-0.1291018953615548,1.0034402712272135
prod_applied,m12_k5_cap0.85-1.20,12.0,5.0,0.85-1.20,12180,6293,STL,0.8143507651322233,-0.017093522717207762,1.0041111005452457
prod_applied,m12_k5_cap0.85-1.20,12.0,5.0,0.85-1.20,12180,6293,BLK,0.5915999448963737,-0.005588698743639025,1.0033363006121994
prod_applied,m12_k5_cap0.85-1.20,12.0,5.0,0.85-1.20,12180,6293,FG3M,1.115507061008509,-0.054548044471120154,1.0058544912567453
prod_applied,m12_k5_cap0.85-1.20,12.0,5.0,0.85-1.20,12180,6293,TOV,1.0731618959577383,-0.028943414734026816,1.002990343861514
prod_applied,m12_k5_cap0.85-1.20,12.0,5.0,0.85-1.20,12180,6293,FG3A,1.8026237771891587,-0.14028718311404084,1.007258611158339
prod_applied,m12_k5_cap0.85-1.20,12.0,5.0,0.85-1.20,12180,6293,OREB,0.9145824391971691,-0.012568186286571716,1.0051279595900373
prod_applied,m12_k5_cap0.85-1.20,12.0,5.0,0.85-1.20,12180,6293,POOLED,,,1.004093752008967
prod_applied,m12_k10_capnone,12.0,10.0,none,12180,6293,PTS,5.566618957775422,-0.6677427925191007,1.0007222287099116
prod_applied,m12_k10_capnone,12.0,10.0,none,12180,6293,AST,1.6792046860882621,-0.20342301124486578,1.001462438143516
prod_applied,m12_k10_capnone,12.0,10.0,none,12180,6293,REB,2.072422593107885,-0.13906364582701003,1.0019225250740686
prod_applied,m12_k10_capnone,12.0,10.0,none,12180,6293,STL,0.8140758007151503,-0.017971208829730724,1.0037720638116177
prod_applied,m12_k10_capnone,12.0,10.0,none,12180,6293,BLK,0.591449564307788,-0.00650113468389867,1.0030812595075862
prod_applied,m12_k10_capnone,12.0,10.0,none,12180,6293,FG3M,1.1150543957811967,-0.05808171601757732,1.0054463223012604
prod_applied,m12_k10_capnone,12.0,10.0,none,12180,6293,TOV,1.0730023627580134,-0.031279792128433806,1.0028412421654398
prod_applied,m12_k10_capnone,12.0,10.0,none,12180,6293,FG3A,1.799305060464897,-0.15792880835334464,1.0054041998048395
prod_applied,m12_k10_capnone,12.0,10.0,none,12180,6293,OREB,0.9145061513605437,-0.014432607087403522,1.005044119102529
prod_applied,m12_k10_capnone,12.0,10.0,none,12180,6293,POOLED,,,1.003299599846752
prod_applied,m12_k10_cap0.75-1.35,12.0,10.0,0.75-1.35,12180,6293,PTS,5.566570999550294,-0.6681954079287773,1.000713607163817
prod_applied,m12_k10_cap0.75-1.35,12.0,10.0,0.75-1.35,12180,6293,AST,1.6791734327672152,-0.20332239042308334,1.0014437989464278
prod_applied,m12_k10_cap0.75-1.35,12.0,10.0,0.75-1.35,12180,6293,REB,2.072414509674475,-0.13904435935980583,1.0019186170998744
prod_applied,m12_k10_cap0.75-1.35,12.0,10.0,0.75-1.35,12180,6293,STL,0.8139982395909391,-0.017893364871586756,1.0036764293637535
prod_applied,m12_k10_cap0.75-1.35,12.0,10.0,0.75-1.35,12180,6293,BLK,0.5916534577323638,-0.006120813740910223,1.0034270568256858
prod_applied,m12_k10_cap0.75-1.35,12.0,10.0,0.75-1.35,12180,6293,FG3M,1.1149510195564183,-0.05811074855691413,1.0053531077949458
prod_applied,m12_k10_cap0.75-1.35,12.0,10.0,0.75-1.35,12180,6293,TOV,1.0729168014674222,-0.03154580309865003,1.0027612755279784
prod_applied,m12_k10_cap0.75-1.35,12.0,10.0,0.75-1.35,12180,6293,FG3A,1.7992644693680262,-0.15799233726824632,1.0053815185707533
prod_applied,m12_k10_cap0.75-1.35,12.0,10.0,0.75-1.35,12180,6293,OREB,0.9144916216805832,-0.014366372217552494,1.0050281509547205
prod_applied,m12_k10_cap0.75-1.35,12.0,10.0,0.75-1.35,12180,6293,POOLED,,,1.0033003958053284
prod_applied,m12_k10_cap0.85-1.20,12.0,10.0,0.85-1.20,12180,6293,PTS,5.5660108011727,-0.6729405062721133,1.0006128991805336
prod_applied,m12_k10_cap0.85-1.20,12.0,10.0,0.85-1.20,12180,6293,AST,1.678802665587064,-0.20687299141374904,1.0012226767644246
prod_applied,m12_k10_cap0.85-1.20,12.0,10.0,0.85-1.20,12180,6293,REB,2.072199481109158,-0.13984727988281387,1.0018146605208245
prod_applied,m12_k10_cap0.85-1.20,12.0,10.0,0.85-1.20,12180,6293,STL,0.8136512564073711,-0.018472548449993863,1.003248592022351
prod_applied,m12_k10_cap0.85-1.20,12.0,10.0,0.85-1.20,12180,6293,BLK,0.5913440668666327,-0.0062521060262551225,1.0029023389156457
prod_applied,m12_k10_cap0.85-1.20,12.0,10.0,0.85-1.20,12180,6293,FG3M,1.114146958130504,-0.05930962377266536,1.0046280843282442
prod_applied,m12_k10_cap0.85-1.20,12.0,10.0,0.85-1.20,12180,6293,TOV,1.0722673637615923,-0.03285425805195405,1.0021543030382354
prod_applied,m12_k10_cap0.85-1.20,12.0,10.0,0.85-1.20,12180,6293,FG3A,1.7988256746074969,-0.15859751390855636,1.00513633163454
prod_applied,m12_k10_cap0.85-1.20,12.0,10.0,0.85-1.20,12180,6293,OREB,0.9137642791914274,-0.014898701948707158,1.004228800080796
prod_applied,m12_k10_cap0.85-1.20,12.0,10.0,0.85-1.20,12180,6293,POOLED,,,1.0028831873872883
prod_applied,m12_k20_capnone,12.0,20.0,none,12180,6293,PTS,5.557641165231153,-0.7487724039830991,0.9991082729798814
prod_applied,m12_k20_capnone,12.0,20.0,none,12180,6293,AST,1.6767441168438488,-0.22068988417670257,0.9999949769726737
prod_applied,m12_k20_capnone,12.0,20.0,none,12180,6293,REB,2.0692402903318006,-0.15476797120720134,1.000384025714156
prod_applied,m12_k20_capnone,12.0,20.0,none,12180,6293,STL,0.8126515168267978,-0.02018150885346802,1.0020158927317142
prod_applied,m12_k20_capnone,12.0,20.0,none,12180,6293,BLK,0.5908092552554678,-0.007472296854799422,1.0019953139774256
prod_applied,m12_k20_capnone,12.0,20.0,none,12180,6293,FG3M,1.1126937817381812,-0.06616389722655383,1.0033177528638388
prod_applied,m12_k20_capnone,12.0,20.0,none,12180,6293,TOV,1.0713800838258596,-0.03770291579619074,1.0013250402669853
prod_applied,m12_k20_capnone,12.0,20.0,none,12180,6293,FG3A,1.7944875463362346,-0.18271142007183488,1.002712300001965
prod_applied,m12_k20_capnone,12.0,20.0,none,12180,6293,OREB,0.9127701645414296,-0.01825908332406497,1.0031362660598848
prod_applied,m12_k20_capnone,12.0,20.0,none,12180,6293,POOLED,,,1.0015544268409473
prod_applied,m12_k20_cap0.75-1.35,12.0,20.0,0.75-1.35,12180,6293,PTS,5.557641165231153,-0.7487724039830991,0.9991082729798814
prod_applied,m12_k20_cap0.75-1.35,12.0,20.0,0.75-1.35,12180,6293,AST,1.6767410062915975,-0.22068677362445124,0.9999931218675353
prod_applied,m12_k20_cap0.75-1.35,12.0,20.0,0.75-1.35,12180,6293,REB,2.0692402903318006,-0.15476797120720134,1.000384025714156
prod_applied,m12_k20_cap0.75-1.35,12.0,20.0,0.75-1.35,12180,6293,STL,0.8126504724948747,-0.02015331348715431,1.0020146050491558
prod_applied,m12_k20_cap0.75-1.35,12.0,20.0,0.75-1.35,12180,6293,BLK,0.5909002990610516,-0.007354868776251391,1.0021497216238024
prod_applied,m12_k20_cap0.75-1.35,12.0,20.0,0.75-1.35,12180,6293,FG3M,1.1127048321252253,-0.06613763027237336,1.0033277170154133
prod_applied,m12_k20_cap0.75-1.35,12.0,20.0,0.75-1.35,12180,6293,TOV,1.0713758077166717,-0.03771062511621782,1.0013210437625986
prod_applied,m12_k20_cap0.75-1.35,12.0,20.0,0.75-1.35,12180,6293,FG3A,1.794508128235868,-0.18269547247867512,1.0027238006245032
prod_applied,m12_k20_cap0.75-1.35,12.0,20.0,0.75-1.35,12180,6293,OREB,0.9127843705839758,-0.018242181032131925,1.0031518785295173
prod_applied,m12_k20_cap0.75-1.35,12.0,20.0,0.75-1.35,12180,6293,POOLED,,,1.0015749096851736
prod_applied,m12_k20_cap0.85-1.20,12.0,20.0,0.85-1.20,12180,6293,PTS,5.55753351110713,-0.7499163656933988,0.9990889197825926
prod_applied,m12_k20_cap0.85-1.20,12.0,20.0,0.85-1.20,12180,6293,AST,1.676607222000866,-0.2211123694883808,0.9999133341304648
prod_applied,m12_k20_cap0.85-1.20,12.0,20.0,0.85-1.20,12180,6293,REB,2.069212010572115,-0.15475699161358844,1.0003703537303017
prod_applied,m12_k20_cap0.85-1.20,12.0,20.0,0.85-1.20,12180,6293,STL,0.8125622911811833,-0.020306480257149623,1.001905875691084
prod_applied,m12_k20_cap0.85-1.20,12.0,20.0,0.85-1.20,12180,6293,BLK,0.5909159001469242,-0.0071248360528876325,1.0021761806117047
prod_applied,m12_k20_cap0.85-1.20,12.0,20.0,0.85-1.20,12180,6293,FG3M,1.1124777374434371,-0.06642819306120264,1.0031229453796242
prod_applied,m12_k20_cap0.85-1.20,12.0,20.0,0.85-1.20,12180,6293,TOV,1.071191143589864,-0.038304465060962495,1.0011484543921194
prod_applied,m12_k20_cap0.85-1.20,12.0,20.0,0.85-1.20,12180,6293,FG3A,1.7944008309718964,-0.18286787556629375,1.0026638457440358
prod_applied,m12_k20_cap0.85-1.20,12.0,20.0,0.85-1.20,12180,6293,OREB,0.9126041083454169,-0.018379298289934003,1.0029537699629534
prod_applied,m12_k20_cap0.85-1.20,12.0,20.0,0.85-1.20,12180,6293,POOLED,,,1.0014826310472091
prod_applied,m12_k40_capnone,12.0,40.0,none,12180,6293,PTS,5.554406777669343,-0.8303128870415022,0.9985268206559632
prod_applied,m12_k40_capnone,12.0,40.0,none,12180,6293,AST,1.6756652676534998,-0.23838614608235123,0.9993515611047291
prod_applied,m12_k40_capnone,12.0,40.0,none,12180,6293,REB,2.0676605331727744,-0.17013243746880513,0.9996202846282217
prod_applied,m12_k40_capnone,12.0,40.0,none,12180,6293,STL,0.8116132048843053,-0.0222997834943189,1.0007356329322208
prod_applied,m12_k40_capnone,12.0,40.0,none,12180,6293,BLK,0.5902839863118267,-0.008512961489786254,1.0011044731257894
prod_applied,m12_k40_capnone,12.0,40.0,none,12180,6293,FG3M,1.1107880057409798,-0.07445368209922461,1.001599311615801
prod_applied,m12_k40_capnone,12.0,40.0,none,12180,6293,TOV,1.0703173521996214,-0.04447386914798725,1.000331798181846
prod_applied,m12_k40_capnone,12.0,40.0,none,12180,6293,FG3A,1.79156978585869,-0.20730483754321585,1.0010819324213893
prod_applied,m12_k40_capnone,12.0,40.0,none,12180,6293,OREB,0.9113719321667192,-0.02209028065588987,1.0015996058381347
prod_applied,m12_k40_capnone,12.0,40.0,none,12180,6293,POOLED,,,1.0004390467226771
prod_applied,m12_k40_cap0.75-1.35,12.0,40.0,0.75-1.35,12180,6293,PTS,5.554406777669343,-0.8303128870415022,0.9985268206559632
prod_applied,m12_k40_cap0.75-1.35,12.0,40.0,0.75-1.35,12180,6293,AST,1.6756652676534998,-0.23838614608235123,0.9993515611047291
prod_applied,m12_k40_cap0.75-1.35,12.0,40.0,0.75-1.35,12180,6293,REB,2.0676605331727744,-0.17013243746880513,0.9996202846282217
prod_applied,m12_k40_cap0.75-1.35,12.0,40.0,0.75-1.35,12180,6293,STL,0.8116124601594206,-0.022299038769434364,1.0007347146712506
prod_applied,m12_k40_cap0.75-1.35,12.0,40.0,0.75-1.35,12180,6293,BLK,0.5902900884004616,-0.00851009484195166,1.001114822090643
prod_applied,m12_k40_cap0.75-1.35,12.0,40.0,0.75-1.35,12180,6293,FG3M,1.1107970363023223,-0.07444675828033805,1.0016074544873277
prod_applied,m12_k40_cap0.75-1.35,12.0,40.0,0.75-1.35,12180,6293,TOV,1.0703173521996214,-0.04447386914798725,1.000331798181846
prod_applied,m12_k40_cap0.75-1.35,12.0,40.0,0.75-1.35,12180,6293,FG3A,1.7915799683941622,-0.2072894747605749,1.0010876221535827
prod_applied,m12_k40_cap0.75-1.35,12.0,40.0,0.75-1.35,12180,6293,OREB,0.9113756824209386,-0.022085964101401456,1.0016037273751444
prod_applied,m12_k40_cap0.75-1.35,12.0,40.0,0.75-1.35,12180,6293,POOLED,,,1.0004420894831898
prod_applied,m12_k40_cap0.85-1.20,12.0,40.0,0.85-1.20,12180,6293,PTS,5.554406598990838,-0.8303127083629968,0.9985267885345709
prod_applied,m12_k40_cap0.85-1.20,12.0,40.0,0.85-1.20,12180,6293,AST,1.6756290138709657,-0.23834278076201582,0.9993299396777826
prod_applied,m12_k40_cap0.85-1.20,12.0,40.0,0.85-1.20,12180,6293,REB,2.0676605331727744,-0.17013243746880513,0.9996202846282217
prod_applied,m12_k40_cap0.85-1.20,12.0,40.0,0.85-1.20,12180,6293,STL,0.8116098961694336,-0.02228388609532341,1.000731553219309
prod_applied,m12_k40_cap0.85-1.20,12.0,40.0,0.85-1.20,12180,6293,BLK,0.5903647186959792,-0.008403279736545739,1.0012413929013135
prod_applied,m12_k40_cap0.85-1.20,12.0,40.0,0.85-1.20,12180,6293,FG3M,1.1107874163784286,-0.07444139813142295,1.0015987801866513
prod_applied,m12_k40_cap0.85-1.20,12.0,40.0,0.85-1.20,12180,6293,TOV,1.0703078177111074,-0.04451536448369981,1.0003228871312866
prod_applied,m12_k40_cap0.85-1.20,12.0,40.0,0.85-1.20,12180,6293,FG3A,1.7915832440689583,-0.2072984523258724,1.0010894525142422
prod_applied,m12_k40_cap0.85-1.20,12.0,40.0,0.85-1.20,12180,6293,OREB,0.9113702330259443,-0.022091657551693976,1.0015977384789696
prod_applied,m12_k40_cap0.85-1.20,12.0,40.0,0.85-1.20,12180,6293,POOLED,,,1.0004509796969276
prod_applied,m12_k80_capnone,12.0,80.0,none,12180,6293,PTS,5.555134453700411,-0.8952461083333603,0.9986576364321306
prod_applied,m12_k80_capnone,12.0,80.0,none,12180,6293,AST,1.6755437622429443,-0.2526671699113098,0.9992790963803804
prod_applied,m12_k80_capnone,12.0,80.0,none,12180,6293,REB,2.0673758580119297,-0.1820772548008628,0.9994826570724674
prod_applied,m12_k80_capnone,12.0,80.0,none,12180,6293,STL,0.8111439660307461,-0.02390690294418496,1.0001570518565472
prod_applied,m12_k80_capnone,12.0,80.0,none,12180,6293,BLK,0.5899423189582638,-0.009477411942621812,1.0005250152311074
prod_applied,m12_k80_capnone,12.0,80.0,none,12180,6293,FG3M,1.1096607388523287,-0.081231265470548,1.0005828532692536
prod_applied,m12_k80_capnone,12.0,80.0,none,12180,6293,TOV,1.0698375505153186,-0.05009403660273772,0.9998833696100369
prod_applied,m12_k80_capnone,12.0,80.0,none,12180,6293,FG3A,1.7902530194155586,-0.2268118584001703,1.0003461580709607
prod_applied,m12_k80_capnone,12.0,80.0,none,12180,6293,OREB,0.9105658809336438,-0.02516502327915382,1.0007137538946649
prod_applied,m12_k80_capnone,12.0,80.0,none,12180,6293,POOLED,,,0.999958621313061
prod_applied,m12_k80_cap0.75-1.35,12.0,80.0,0.75-1.35,12180,6293,PTS,5.555134453700411,-0.8952461083333603,0.9986576364321306
prod_applied,m12_k80_cap0.75-1.35,12.0,80.0,0.75-1.35,12180,6293,AST,1.6755437622429443,-0.2526671699113098,0.9992790963803804
prod_applied,m12_k80_cap0.75-1.35,12.0,80.0,0.75-1.35,12180,6293,REB,2.0673758580119297,-0.1820772548008628,0.9994826570724674
prod_applied,m12_k80_cap0.75-1.35,12.0,80.0,0.75-1.35,12180,6293,STL,0.8111439660307461,-0.02390690294418496,1.0001570518565472
prod_applied,m12_k80_cap0.75-1.35,12.0,80.0,0.75-1.35,12180,6293,BLK,0.5899426541196563,-0.00947778034133573,1.0005255836550813
prod_applied,m12_k80_cap0.75-1.35,12.0,80.0,0.75-1.35,12180,6293,FG3M,1.109662790945969,-0.08122921337690749,1.0005847036453532
prod_applied,m12_k80_cap0.75-1.35,12.0,80.0,0.75-1.35,12180,6293,TOV,1.0698375505153186,-0.05009403660273772,0.9998833696100369
prod_applied,m12_k80_cap0.75-1.35,12.0,80.0,0.75-1.35,12180,6293,FG3A,1.7902563613148514,-0.22680746883215402,1.000348025436122
prod_applied,m12_k80_cap0.75-1.35,12.0,80.0,0.75-1.35,12180,6293,OREB,0.9105658809336438,-0.02516502327915382,1.0007137538946649
prod_applied,m12_k80_cap0.75-1.35,12.0,80.0,0.75-1.35,12180,6293,POOLED,,,0.9999590975536427
prod_applied,m12_k80_cap0.85-1.20,12.0,80.0,0.85-1.20,12180,6293,PTS,5.555134453700411,-0.8952461083333603,0.9986576364321306
prod_applied,m12_k80_cap0.85-1.20,12.0,80.0,0.85-1.20,12180,6293,AST,1.6755437622429443,-0.2526671699113098,0.9992790963803804
prod_applied,m12_k80_cap0.85-1.20,12.0,80.0,0.85-1.20,12180,6293,REB,2.0673758580119297,-0.1820772548008628,0.9994826570724674
prod_applied,m12_k80_cap0.85-1.20,12.0,80.0,0.85-1.20,12180,6293,STL,0.8111435451231613,-0.023906191558426413,1.0001565328689115
prod_applied,m12_k80_cap0.85-1.20,12.0,80.0,0.85-1.20,12180,6293,BLK,0.5899473388892272,-0.009474009763512247,1.000533528888023
prod_applied,m12_k80_cap0.85-1.20,12.0,80.0,0.85-1.20,12180,6293,FG3M,1.1096685110638975,-0.08122721386518651,1.000589861484788
prod_applied,m12_k80_cap0.85-1.20,12.0,80.0,0.85-1.20,12180,6293,TOV,1.0698375505153186,-0.05009403660273772,0.9998833696100369
prod_applied,m12_k80_cap0.85-1.20,12.0,80.0,0.85-1.20,12180,6293,FG3A,1.7902642281250851,-0.22679713444534577,1.000352421202144
prod_applied,m12_k80_cap0.85-1.20,12.0,80.0,0.85-1.20,12180,6293,OREB,0.9105688217451633,-0.025161672902316638,1.0007169858525022
prod_applied,m12_k80_cap0.85-1.20,12.0,80.0,0.85-1.20,12180,6293,POOLED,,,0.9999613433101537
prod_applied,m12_k160_capnone,12.0,160.0,none,12180,6293,PTS,5.5576220314731595,-0.9386990035230193,0.9991048332659208
prod_applied,m12_k160_capnone,12.0,160.0,none,12180,6293,AST,1.6758630289836087,-0.26210670133662195,0.9994695041675744
prod_applied,m12_k160_capnone,12.0,160.0,none,12180,6293,REB,2.067623687363388,-0.18986548046602877,0.9996024713470398
prod_applied,m12_k160_capnone,12.0,160.0,none,12180,6293,STL,0.8109976145985196,-0.02491510376043807,0.9999765975560524
prod_applied,m12_k160_capnone,12.0,160.0,none,12180,6293,BLK,0.5897744693980703,-0.010130893310829463,1.0002403472587102
prod_applied,m12_k160_capnone,12.0,160.0,none,12180,6293,FG3M,1.1092537164220617,-0.08577614834301187,1.0002158404964647
prod_applied,m12_k160_capnone,12.0,160.0,none,12180,6293,TOV,1.069762256628227,-0.05384490683814107,0.9998129990145199
prod_applied,m12_k160_capnone,12.0,160.0,none,12180,6293,FG3A,1.7898143946106124,-0.2397922039347751,1.0001010661014436
prod_applied,m12_k160_capnone,12.0,160.0,none,12180,6293,OREB,0.91021097644715,-0.027174792904499284,1.000323713142656
prod_applied,m12_k160_capnone,12.0,160.0,none,12180,6293,POOLED,,,0.9998719302611535
prod_applied,m12_k160_cap0.75-1.35,12.0,160.0,0.75-1.35,12180,6293,PTS,5.5576220314731595,-0.9386990035230193,0.9991048332659208
prod_applied,m12_k160_cap0.75-1.35,12.0,160.0,0.75-1.35,12180,6293,AST,1.6758630289836087,-0.26210670133662195,0.9994695041675744
prod_applied,m12_k160_cap0.75-1.35,12.0,160.0,0.75-1.35,12180,6293,REB,2.067623687363388,-0.18986548046602877,0.9996024713470398
prod_applied,m12_k160_cap0.75-1.35,12.0,160.0,0.75-1.35,12180,6293,STL,0.8109976145985196,-0.02491510376043807,0.9999765975560524
prod_applied,m12_k160_cap0.75-1.35,12.0,160.0,0.75-1.35,12180,6293,BLK,0.5897744693980703,-0.010130893310829463,1.0002403472587102
prod_applied,m12_k160_cap0.75-1.35,12.0,160.0,0.75-1.35,12180,6293,FG3M,1.1092537164220617,-0.08577614834301187,1.0002158404964647
prod_applied,m12_k160_cap0.75-1.35,12.0,160.0,0.75-1.35,12180,6293,TOV,1.069762256628227,-0.05384490683814107,0.9998129990145199
prod_applied,m12_k160_cap0.75-1.35,12.0,160.0,0.75-1.35,12180,6293,FG3A,1.7898143946106124,-0.2397922039347751,1.0001010661014436
prod_applied,m12_k160_cap0.75-1.35,12.0,160.0,0.75-1.35,12180,6293,OREB,0.91021097644715,-0.027174792904499284,1.000323713142656
prod_applied,m12_k160_cap0.75-1.35,12.0,160.0,0.75-1.35,12180,6293,POOLED,,,0.9998719302611535
prod_applied,m12_k160_cap0.85-1.20,12.0,160.0,0.85-1.20,12180,6293,PTS,5.5576220314731595,-0.9386990035230193,0.9991048332659208
prod_applied,m12_k160_cap0.85-1.20,12.0,160.0,0.85-1.20,12180,6293,AST,1.6758630289836087,-0.26210670133662195,0.9994695041675744
prod_applied,m12_k160_cap0.85-1.20,12.0,160.0,0.85-1.20,12180,6293,REB,2.067623687363388,-0.18986548046602877,0.9996024713470398
prod_applied,m12_k160_cap0.85-1.20,12.0,160.0,0.85-1.20,12180,6293,STL,0.8109976145985196,-0.02491510376043807,0.9999765975560524
prod_applied,m12_k160_cap0.85-1.20,12.0,160.0,0.85-1.20,12180,6293,BLK,0.5897743132555787,-0.010131209974402314,1.0002400824455857
prod_applied,m12_k160_cap0.85-1.20,12.0,160.0,0.85-1.20,12180,6293,FG3M,1.1092549324543712,-0.0857749323107023,1.0002169369947325
prod_applied,m12_k160_cap0.85-1.20,12.0,160.0,0.85-1.20,12180,6293,TOV,1.069762256628227,-0.05384490683814107,0.9998129990145199
prod_applied,m12_k160_cap0.85-1.20,12.0,160.0,0.85-1.20,12180,6293,FG3A,1.7898162116300405,-0.2397898384357325,1.0001020814039647
prod_applied,m12_k160_cap0.85-1.20,12.0,160.0,0.85-1.20,12180,6293,OREB,0.91021097644715,-0.027174792904499284,1.000323713142656
prod_applied,m12_k160_cap0.85-1.20,12.0,160.0,0.85-1.20,12180,6293,POOLED,,,0.9998721354820052
prod_applied,m12_k320_capnone,12.0,320.0,none,12180,6293,PTS,5.5596687462991605,-0.9643482547872546,0.9994727752856181
prod_applied,m12_k320_capnone,12.0,320.0,none,12180,6293,AST,1.6761973518493205,-0.2676645720125278,0.9996688912911316
prod_applied,m12_k320_capnone,12.0,320.0,none,12180,6293,REB,2.067958574861434,-0.19438991273818007,0.9997643742951999
prod_applied,m12_k320_capnone,12.0,320.0,none,12180,6293,STL,0.8109773997194176,-0.025499686162767578,0.9999516721978755
prod_applied,m12_k320_capnone,12.0,320.0,none,12180,6293,BLK,0.5897000443490615,-0.010506567498501622,1.0001141245401493
prod_applied,m12_k320_capnone,12.0,320.0,none,12180,6293,FG3M,1.1091140064404934,-0.08846158221590254,1.0000898637838593
prod_applied,m12_k320_capnone,12.0,320.0,none,12180,6293,TOV,1.0698198210830454,-0.05604903624628993,0.9998667994639675
prod_applied,m12_k320_capnone,12.0,320.0,none,12180,6293,FG3A,1.7896732949891794,-0.24745738214638066,1.0000222233553764
prod_applied,m12_k320_capnone,12.0,320.0,none,12180,6293,OREB,0.9100524454137098,-0.028347376462108626,1.0001494872146866
prod_applied,m12_k320_capnone,12.0,320.0,none,12180,6293,POOLED,,,0.9999000234919849
prod_applied,m12_k320_cap0.75-1.35,12.0,320.0,0.75-1.35,12180,6293,PTS,5.5596687462991605,-0.9643482547872546,0.9994727752856181
prod_applied,m12_k320_cap0.75-1.35,12.0,320.0,0.75-1.35,12180,6293,AST,1.6761973518493205,-0.2676645720125278,0.9996688912911316
prod_applied,m12_k320_cap0.75-1.35,12.0,320.0,0.75-1.35,12180,6293,REB,2.067958574861434,-0.19438991273818007,0.9997643742951999
prod_applied,m12_k320_cap0.75-1.35,12.0,320.0,0.75-1.35,12180,6293,STL,0.8109773997194176,-0.025499686162767578,0.9999516721978755
prod_applied,m12_k320_cap0.75-1.35,12.0,320.0,0.75-1.35,12180,6293,BLK,0.5897000443490615,-0.010506567498501622,1.0001141245401493
prod_applied,m12_k320_cap0.75-1.35,12.0,320.0,0.75-1.35,12180,6293,FG3M,1.1091140064404934,-0.08846158221590254,1.0000898637838593
prod_applied,m12_k320_cap0.75-1.35,12.0,320.0,0.75-1.35,12180,6293,TOV,1.0698198210830454,-0.05604903624628993,0.9998667994639675
prod_applied,m12_k320_cap0.75-1.35,12.0,320.0,0.75-1.35,12180,6293,FG3A,1.7896732949891794,-0.24745738214638066,1.0000222233553764
prod_applied,m12_k320_cap0.75-1.35,12.0,320.0,0.75-1.35,12180,6293,OREB,0.9100524454137098,-0.028347376462108626,1.0001494872146866
prod_applied,m12_k320_cap0.75-1.35,12.0,320.0,0.75-1.35,12180,6293,POOLED,,,0.9999000234919849
prod_applied,m12_k320_cap0.85-1.20,12.0,320.0,0.85-1.20,12180,6293,PTS,5.5596687462991605,-0.9643482547872546,0.9994727752856181
prod_applied,m12_k320_cap0.85-1.20,12.0,320.0,0.85-1.20,12180,6293,AST,1.6761973518493205,-0.2676645720125278,0.9996688912911316
prod_applied,m12_k320_cap0.85-1.20,12.0,320.0,0.85-1.20,12180,6293,REB,2.067958574861434,-0.19438991273818007,0.9997643742951999
prod_applied,m12_k320_cap0.85-1.20,12.0,320.0,0.85-1.20,12180,6293,STL,0.8109773997194176,-0.025499686162767578,0.9999516721978755
prod_applied,m12_k320_cap0.85-1.20,12.0,320.0,0.85-1.20,12180,6293,BLK,0.5897000443490615,-0.010506567498501622,1.0001141245401493
prod_applied,m12_k320_cap0.85-1.20,12.0,320.0,0.85-1.20,12180,6293,FG3M,1.1091140064404934,-0.08846158221590254,1.0000898637838593
prod_applied,m12_k320_cap0.85-1.20,12.0,320.0,0.85-1.20,12180,6293,TOV,1.0698198210830454,-0.05604903624628993,0.9998667994639675
prod_applied,m12_k320_cap0.85-1.20,12.0,320.0,0.85-1.20,12180,6293,FG3A,1.7896732949891794,-0.24745738214638066,1.0000222233553764
prod_applied,m12_k320_cap0.85-1.20,12.0,320.0,0.85-1.20,12180,6293,OREB,0.9100524454137098,-0.028347376462108626,1.0001494872146866
prod_applied,m12_k320_cap0.85-1.20,12.0,320.0,0.85-1.20,12180,6293,POOLED,,,0.9999000234919849
season_2023-24,no_adjustment,,,,4333,0,PTS,5.697575243869509,-1.0449915977360666,1.0000000000000022
season_2023-24,no_adjustment,,,,4333,0,AST,1.7226279022833109,-0.3879961728082227,1.0
season_2023-24,no_adjustment,,,,4333,0,REB,2.0667686414331508,-0.28145655740464376,1.000000000000001
season_2023-24,no_adjustment,,,,4333,0,STL,0.7896408141382373,-0.04817763041283212,1.0000000000000009
season_2023-24,no_adjustment,,,,4333,0,BLK,0.6214364982103371,-0.0186255191557067,1.0
season_2023-24,no_adjustment,,,,4333,0,FG3M,1.1153126881697526,-0.12313574584439203,1.0000000000000029
season_2023-24,no_adjustment,,,,4333,0,TOV,1.0817780395146055,-0.08342808911712686,0.9999999999999983
season_2023-24,no_adjustment,,,,4333,0,FG3A,1.7922944211995286,-0.32387672766925163,1.000000000000002
season_2023-24,no_adjustment,,,,4333,0,OREB,0.9035084871316008,-0.021825736579130076,0.999999999999998
season_2023-24,no_adjustment,,,,4333,0,POOLED,,,1.0000000000000009
season_2023-24,m3_k0_capnone,3.0,0.0,none,4333,3459,PTS,5.881236901597971,-0.044277903647022346,1.0322350561190203
season_2023-24,m3_k0_capnone,3.0,0.0,none,4333,3459,AST,1.7665603593413615,-0.15519963033662387,1.0255031611875198
season_2023-24,m3_k0_capnone,3.0,0.0,none,4333,3459,REB,2.1315424808516705,-0.08496379346687034,1.03134063393453
season_2023-24,m3_k0_capnone,3.0,0.0,none,4333,3459,STL,0.8210559650631668,-0.026044046569457368,1.0397841022936674
season_2023-24,m3_k0_capnone,3.0,0.0,none,4333,3459,BLK,0.6374290732480304,-0.008996216237108999,1.0257348499545007
season_2023-24,m3_k0_capnone,3.0,0.0,none,4333,3459,FG3M,1.1599970228488503,-0.022318260238746005,1.0400644009102318
season_2023-24,m3_k0_capnone,3.0,0.0,none,4333,3459,TOV,1.1093793930103215,-0.01452785045638718,1.0255148029332328
season_2023-24,m3_k0_capnone,3.0,0.0,none,4333,3459,FG3A,1.8517906360946608,-0.02831845929327435,1.0331955588275037
season_2023-24,m3_k0_capnone,3.0,0.0,none,4333,3459,OREB,0.929022352634949,0.02187739472556915,1.0282386561573384
season_2023-24,m3_k0_capnone,3.0,0.0,none,4333,3459,POOLED,,,1.0312901358130604
season_2023-24,m3_k0_cap0.75-1.35,3.0,0.0,0.75-1.35,4333,3459,PTS,5.848976790289525,-0.10496806466549749,1.026572978844454
season_2023-24,m3_k0_cap0.75-1.35,3.0,0.0,0.75-1.35,4333,3459,AST,1.750679321589518,-0.1731050500670365,1.0162840850708534
season_2023-24,m3_k0_cap0.75-1.35,3.0,0.0,0.75-1.35,4333,3459,REB,2.1169165720504672,-0.09651438258411237,1.0242639304719394
season_2023-24,m3_k0_cap0.75-1.35,3.0,0.0,0.75-1.35,4333,3459,STL,0.8060394011032872,-0.026889575488957717,1.0207671471274533
season_2023-24,m3_k0_cap0.75-1.35,3.0,0.0,0.75-1.35,4333,3459,BLK,0.6320784786709808,-0.00706182867994686,1.0171248075890156
season_2023-24,m3_k0_cap0.75-1.35,3.0,0.0,0.75-1.35,4333,3459,FG3M,1.1425899798390804,-0.03645639376983395,1.0244570800266728
season_2023-24,m3_k0_cap0.75-1.35,3.0,0.0,0.75-1.35,4333,3459,TOV,1.0942318704916902,-0.02160203015461498,1.0115123717825434
season_2023-24,m3_k0_cap0.75-1.35,3.0,0.0,0.75-1.35,4333,3459,FG3A,1.8372020026109799,-0.03846241943548371,1.025055917644044
season_2023-24,m3_k0_cap0.75-1.35,3.0,0.0,0.75-1.35,4333,3459,OREB,0.9185211691781895,0.020919346488892286,1.0166159834250679
season_2023-24,m3_k0_cap0.75-1.35,3.0,0.0,0.75-1.35,4333,3459,POOLED,,,1.0202949224424491
season_2023-24,m3_k0_cap0.85-1.20,3.0,0.0,0.85-1.20,4333,3459,PTS,5.784112253311434,-0.2245587167562842,1.0151883925596332
season_2023-24,m3_k0_cap0.85-1.20,3.0,0.0,0.85-1.20,4333,3459,AST,1.736767253327895,-0.2071229276620162,1.0082080123199229
season_2023-24,m3_k0_cap0.85-1.20,3.0,0.0,0.85-1.20,4333,3459,REB,2.0976883337850882,-0.12304585119193331,1.0149604032749884
season_2023-24,m3_k0_cap0.85-1.20,3.0,0.0,0.85-1.20,4333,3459,STL,0.7994292690052921,-0.03047081156662559,1.0123960852729454
season_2023-24,m3_k0_cap0.85-1.20,3.0,0.0,0.85-1.20,4333,3459,BLK,0.628540485268521,-0.009076955654459823,1.011431557494036
season_2023-24,m3_k0_cap0.85-1.20,3.0,0.0,0.85-1.20,4333,3459,FG3M,1.1302573703583507,-0.05548393207567861,1.0133995446721995
season_2023-24,m3_k0_cap0.85-1.20,3.0,0.0,0.85-1.20,4333,3459,TOV,1.0875202761877976,-0.028824152811845315,1.0053081468318277
season_2023-24,m3_k0_cap0.85-1.20,3.0,0.0,0.85-1.20,4333,3459,FG3A,1.8211408787865493,-0.06720333755305122,1.0160947092429815
season_2023-24,m3_k0_cap0.85-1.20,3.0,0.0,0.85-1.20,4333,3459,OREB,0.912172360003779,0.0138569163554749,1.0095891438714448
season_2023-24,m3_k0_cap0.85-1.20,3.0,0.0,0.85-1.20,4333,3459,POOLED,,,1.01184177728222
season_2023-24,m3_k3_capnone,3.0,3.0,none,4333,3459,PTS,5.755198030580876,-0.2778680751796241,1.010113563093946
season_2023-24,m3_k3_capnone,3.0,3.0,none,4333,3459,AST,1.7349562120943665,-0.20124573469722246,1.0071566876367872
season_2023-24,m3_k3_capnone,3.0,3.0,none,4333,3459,REB,2.0876148749206376,-0.128348353551818,1.0100863894823922
season_2023-24,m3_k3_capnone,3.0,3.0,none,4333,3459,STL,0.8066550423251141,-0.02979548046535748,1.0215467942920933
season_2023-24,m3_k3_capnone,3.0,3.0,none,4333,3459,BLK,0.6315383292504829,-0.010801715383777503,1.0162556127122206
season_2023-24,m3_k3_capnone,3.0,3.0,none,4333,3459,FG3M,1.1381939220829478,-0.046114015115979005,1.0205155326895339
season_2023-24,m3_k3_capnone,3.0,3.0,none,4333,3459,TOV,1.092385794242734,-0.02804637278614741,1.0098058514229835
season_2023-24,m3_k3_capnone,3.0,3.0,none,4333,3459,FG3A,1.8104637310314464,-0.09530587117472306,1.010137458230641
season_2023-24,m3_k3_capnone,3.0,3.0,none,4333,3459,OREB,0.9166578119623373,0.013941243806467697,1.0145536262448185
season_2023-24,m3_k3_capnone,3.0,3.0,none,4333,3459,POOLED,,,1.0133523906450463
season_2023-24,m3_k3_cap0.75-1.35,3.0,3.0,0.75-1.35,4333,3459,PTS,5.752199020265762,-0.29106292910822035,1.0095871970194759
season_2023-24,m3_k3_cap0.75-1.35,3.0,3.0,0.75-1.35,4333,3459,AST,1.733011308936486,-0.2065332225155768,1.006027654979588
season_2023-24,m3_k3_cap0.75-1.35,3.0,3.0,0.75-1.35,4333,3459,REB,2.086965876780229,-0.13135050510588583,1.009772373618498
season_2023-24,m3_k3_cap0.75-1.35,3.0,3.0,0.75-1.35,4333,3459,STL,0.8027307909282774,-0.030677124426195107,1.0165771279240758
season_2023-24,m3_k3_cap0.75-1.35,3.0,3.0,0.75-1.35,4333,3459,BLK,0.630080989931906,-0.00992404569187644,1.0139104988948413
season_2023-24,m3_k3_cap0.75-1.35,3.0,3.0,0.75-1.35,4333,3459,FG3M,1.1339548649172284,-0.05022455481788464,1.0167147535800667
season_2023-24,m3_k3_cap0.75-1.35,3.0,3.0,0.75-1.35,4333,3459,TOV,1.0892939229878797,-0.03057180385889726,1.006947713115571
season_2023-24,m3_k3_cap0.75-1.35,3.0,3.0,0.75-1.35,4333,3459,FG3A,1.8089156627934893,-0.09779850975134081,1.009273722775324
season_2023-24,m3_k3_cap0.75-1.35,3.0,3.0,0.75-1.35,4333,3459,OREB,0.9149792659860776,0.013659740429752104,1.0126958174913128
season_2023-24,m3_k3_cap0.75-1.35,3.0,3.0,0.75-1.35,4333,3459,POOLED,,,1.0112785399331952
season_2023-24,m3_k3_cap0.85-1.20,3.0,3.0,0.85-1.20,4333,3459,PTS,5.737316007765766,-0.34750284410022475,1.006975030990425
season_2023-24,m3_k3_cap0.85-1.20,3.0,3.0,0.85-1.20,4333,3459,AST,1.7311458308647567,-0.22742693395559951,1.0049447292535756
season_2023-24,m3_k3_cap0.85-1.20,3.0,3.0,0.85-1.20,4333,3459,REB,2.0822868159225685,-0.14532638700153622,1.007508423622423
season_2023-24,m3_k3_cap0.85-1.20,3.0,3.0,0.85-1.20,4333,3459,STL,0.7983046965667739,-0.03254837921223555,1.0109719283418659
season_2023-24,m3_k3_cap0.85-1.20,3.0,3.0,0.85-1.20,4333,3459,BLK,0.627714990236976,-0.01042312718526539,1.0101031916289438
season_2023-24,m3_k3_cap0.85-1.20,3.0,3.0,0.85-1.20,4333,3459,FG3M,1.1269690051803907,-0.062301569095180684,1.010451165071716
season_2023-24,m3_k3_cap0.85-1.20,3.0,3.0,0.85-1.20,4333,3459,TOV,1.0856606446077959,-0.03468726652058979,1.0035890958693623
season_2023-24,m3_k3_cap0.85-1.20,3.0,3.0,0.85-1.20,4333,3459,FG3A,1.806232197189019,-0.10861038508873123,1.007776499120142
season_2023-24,m3_k3_cap0.85-1.20,3.0,3.0,0.85-1.20,4333,3459,OREB,0.9107879953521861,0.009715174110710751,1.008056933968262
season_2023-24,m3_k3_cap0.85-1.20,3.0,3.0,0.85-1.20,4333,3459,POOLED,,,1.0078196664296353
season_2023-24,m3_k5_capnone,3.0,5.0,none,4333,3459,PTS,5.725986570441447,-0.3713643929059281,1.0049865645219025
season_2023-24,m3_k5_capnone,3.0,5.0,none,4333,3459,AST,1.7277800833709676,-0.22087503984791634,1.0029908844973587
season_2023-24,m3_k5_capnone,3.0,5.0,none,4333,3459,REB,2.0770863063575447,-0.1467217193259758,1.0049921721849049
season_2023-24,m3_k5_capnone,3.0,5.0,none,4333,3459,STL,0.802596714672144,-0.0314626737988322,1.0164073339446704
season_2023-24,m3_k5_capnone,3.0,5.0,none,4333,3459,BLK,0.6299358290159104,-0.011433628202304626,1.0136769095958322
season_2023-24,m3_k5_capnone,3.0,5.0,none,4333,3459,FG3M,1.1319263165060118,-0.055421888705835094,1.0148959377154814
season_2023-24,m3_k5_capnone,3.0,5.0,none,4333,3459,TOV,1.0881389699674455,-0.033905026941011066,1.0058800698669133
season_2023-24,m3_k5_capnone,3.0,5.0,none,4333,3459,FG3A,1.8020258972051895,-0.12354659889722212,1.0054296190907916
season_2023-24,m3_k5_capnone,3.0,5.0,none,4333,3459,OREB,0.9136207992254698,0.010165842367861664,1.0111922712823331
season_2023-24,m3_k5_capnone,3.0,5.0,none,4333,3459,POOLED,,,1.0089390847444653
season_2023-24,m3_k5_cap0.75-1.35,3.0,5.0,0.75-1.35,4333,3459,PTS,5.7242901552287435,-0.37739850245757683,1.0046888211591398
season_2023-24,m3_k5_cap0.75-1.35,3.0,5.0,0.75-1.35,4333,3459,AST,1.7275157066798748,-0.22291408534847482,1.0028374116024041
season_2023-24,m3_k5_cap0.75-1.35,3.0,5.0,0.75-1.35,4333,3459,REB,2.077267879839861,-0.14801182317709446,1.005080025986572
season_2023-24,m3_k5_cap0.75-1.35,3.0,5.0,0.75-1.35,4333,3459,STL,0.8006396358923447,-0.03228589111783863,1.0139288921711975
season_2023-24,m3_k5_cap0.75-1.35,3.0,5.0,0.75-1.35,4333,3459,BLK,0.62897496175265,-0.011135504717722452,1.0121307061365445
season_2023-24,m3_k5_cap0.75-1.35,3.0,5.0,0.75-1.35,4333,3459,FG3M,1.1299676518633976,-0.057558230616880285,1.013139780304748
season_2023-24,m3_k5_cap0.75-1.35,3.0,5.0,0.75-1.35,4333,3459,TOV,1.086578054514295,-0.03559046974959471,1.0044371533016527
season_2023-24,m3_k5_cap0.75-1.35,3.0,5.0,0.75-1.35,4333,3459,FG3A,1.8010305163338316,-0.12454814840331761,1.0048742522606635
season_2023-24,m3_k5_cap0.75-1.35,3.0,5.0,0.75-1.35,4333,3459,OREB,0.9129126704235824,0.009919513608379818,1.0104085168273689
season_2023-24,m3_k5_cap0.75-1.35,3.0,5.0,0.75-1.35,4333,3459,POOLED,,,1.007947284416699
season_2023-24,m3_k5_cap0.85-1.20,3.0,5.0,0.85-1.20,4333,3459,PTS,5.7163679143961375,-0.41337185884582833,1.0032983628512606
season_2023-24,m3_k5_cap0.85-1.20,3.0,5.0,0.85-1.20,4333,3459,AST,1.727725925205076,-0.23908256876905706,1.0029594452261037
season_2023-24,m3_k5_cap0.85-1.20,3.0,5.0,0.85-1.20,4333,3459,REB,2.0752254329981312,-0.1574896694014511,1.004091794018666
season_2023-24,m3_k5_cap0.85-1.20,3.0,5.0,0.85-1.20,4333,3459,STL,0.7975386007282215,-0.03385081260567236,1.010001745665343
season_2023-24,m3_k5_cap0.85-1.20,3.0,5.0,0.85-1.20,4333,3459,BLK,0.6271262055487322,-0.011218362264821216,1.0091557341012007
season_2023-24,m3_k5_cap0.85-1.20,3.0,5.0,0.85-1.20,4333,3459,FG3M,1.1250210412074557,-0.06637168803643267,1.008704601983537
season_2023-24,m3_k5_cap0.85-1.20,3.0,5.0,0.85-1.20,4333,3459,TOV,1.0844736835793964,-0.038244222248869766,1.0024918642885363
season_2023-24,m3_k5_cap0.85-1.20,3.0,5.0,0.85-1.20,4333,3459,FG3A,1.7998285789393136,-0.1306649832871749,1.0042036384483897
season_2023-24,m3_k5_cap0.85-1.20,3.0,5.0,0.85-1.20,4333,3459,OREB,0.9099093262471074,0.007337703315292225,1.0070844261085203
season_2023-24,m3_k5_cap0.85-1.20,3.0,5.0,0.85-1.20,4333,3459,POOLED,,,1.0057768458546175
season_2023-24,m3_k10_capnone,3.0,10.0,none,4333,3459,PTS,5.69377218531154,-0.5228237321539777,0.9993325127979577
season_2023-24,m3_k10_capnone,3.0,10.0,none,4333,3459,AST,1.7210165343907542,-0.2552099092505067,0.9990645873723392
season_2023-24,m3_k10_capnone,3.0,10.0,none,4333,3459,REB,2.0647018378512234,-0.17810681743889806,0.9989999830941445
season_2023-24,m3_k10_capnone,3.0,10.0,none,4333,3459,STL,0.7975065446110945,-0.03426797091233588,1.009961149844366
season_2023-24,m3_k10_capnone,3.0,10.0,none,4333,3459,BLK,0.6276682644584516,-0.012352586074919004,1.0100280016800771
season_2023-24,m3_k10_capnone,3.0,10.0,none,4333,3459,FG3M,1.1238334000802574,-0.0703428906205675,1.0076397516148505
season_2023-24,m3_k10_capnone,3.0,10.0,none,4333,3459,TOV,1.0832572247387848,-0.04368093041941737,1.0013673648106605
season_2023-24,m3_k10_capnone,3.0,10.0,none,4333,3459,FG3A,1.7927420918069108,-0.1690479754227038,1.0002497751497135
season_2023-24,m3_k10_capnone,3.0,10.0,none,4333,3459,OREB,0.909620732621598,0.003920474033746465,1.0067650117038747
season_2023-24,m3_k10_capnone,3.0,10.0,none,4333,3459,POOLED,,,1.003712015340887
season_2023-24,m3_k10_cap0.75-1.35,3.0,10.0,0.75-1.35,4333,3459,PTS,5.693183805073365,-0.5242243821698724,0.9992292442647673
season_2023-24,m3_k10_cap0.75-1.35,3.0,10.0,0.75-1.35,4333,3459,AST,1.7210100401212216,-0.25541287280370223,0.9990608173942006
season_2023-24,m3_k10_cap0.75-1.35,3.0,10.0,0.75-1.35,4333,3459,REB,2.064754361803411,-0.17815934139108536,0.9990253966557472
season_2023-24,m3_k10_cap0.75-1.35,3.0,10.0,0.75-1.35,4333,3459,STL,0.7971484436340477,-0.034789627340626815,1.0095076512781378
season_2023-24,m3_k10_cap0.75-1.35,3.0,10.0,0.75-1.35,4333,3459,BLK,0.6272900713264108,-0.012376209071186256,1.0094194227936906
season_2023-24,m3_k10_cap0.75-1.35,3.0,10.0,0.75-1.35,4333,3459,FG3M,1.1234744571575848,-0.07103236741688353,1.0073179199648747
season_2023-24,m3_k10_cap0.75-1.35,3.0,10.0,0.75-1.35,4333,3459,TOV,1.082946221286391,-0.04431866203961809,1.0010798719599705
season_2023-24,m3_k10_cap0.75-1.35,3.0,10.0,0.75-1.35,4333,3459,FG3A,1.7924623922149492,-0.16912539765852785,1.000093718427864
season_2023-24,m3_k10_cap0.75-1.35,3.0,10.0,0.75-1.35,4333,3459,OREB,0.9093048405665081,0.003831990355245651,1.006415383493859
season_2023-24,m3_k10_cap0.75-1.35,3.0,10.0,0.75-1.35,4333,3459,POOLED,,,1.0034610473592345
season_2023-24,m3_k10_cap0.85-1.20,3.0,10.0,0.85-1.20,4333,3459,PTS,5.689804655598041,-0.5347629554448791,0.9986361587273785
season_2023-24,m3_k10_cap0.85-1.20,3.0,10.0,0.85-1.20,4333,3459,AST,1.721464519237883,-0.26289893648035484,0.9993246463476612
season_2023-24,m3_k10_cap0.85-1.20,3.0,10.0,0.85-1.20,4333,3459,REB,2.064845883896478,-0.18172517197275834,0.9990696793544644
season_2023-24,m3_k10_cap0.85-1.20,3.0,10.0,0.85-1.20,4333,3459,STL,0.7957893564851478,-0.036096478130831625,1.007786505252545
season_2023-24,m3_k10_cap0.85-1.20,3.0,10.0,0.85-1.20,4333,3459,BLK,0.6261956153981951,-0.012560313836210755,1.0076582518110277
season_2023-24,m3_k10_cap0.85-1.20,3.0,10.0,0.85-1.20,4333,3459,FG3M,1.1216079737182099,-0.07479502432631986,1.0056444131006805
season_2023-24,m3_k10_cap0.85-1.20,3.0,10.0,0.85-1.20,4333,3459,TOV,1.0821914519410138,-0.045824040534586996,1.0003821601209357
season_2023-24,m3_k10_cap0.85-1.20,3.0,10.0,0.85-1.20,4333,3459,FG3A,1.7917650685585713,-0.17116309749150962,0.9997046508460371
season_2023-24,m3_k10_cap0.85-1.20,3.0,10.0,0.85-1.20,4333,3459,OREB,0.9080395120784823,0.00277670263602425,1.0050149223957647
season_2023-24,m3_k10_cap0.85-1.20,3.0,10.0,0.85-1.20,4333,3459,POOLED,,,1.0025801542173884
season_2023-24,m3_k20_capnone,3.0,20.0,none,4333,3459,PTS,5.677076554712997,-0.6836082903460059,0.9964022082589333
season_2023-24,m3_k20_capnone,3.0,20.0,none,4333,3459,AST,1.7177310318668153,-0.29419416141884625,0.9971573254966991
season_2023-24,m3_k20_capnone,3.0,20.0,none,4333,3459,REB,2.0588378465584856,-0.2113739061049927,0.9961627079511117
season_2023-24,m3_k20_capnone,3.0,20.0,none,4333,3459,STL,0.7940383410126152,-0.037638563124485866,1.0055690217572884
season_2023-24,m3_k20_capnone,3.0,20.0,none,4333,3459,BLK,0.6254514913453383,-0.013578911911198933,1.0064608260804828
season_2023-24,m3_k20_capnone,3.0,20.0,none,4333,3459,FG3M,1.118074557170835,-0.08636221316687323,1.002476318103776
season_2023-24,m3_k20_capnone,3.0,20.0,none,4333,3459,TOV,1.08033477466467,-0.05424548791751601,0.998665840128734
season_2023-24,m3_k20_capnone,3.0,20.0,none,4333,3459,FG3A,1.7872313573358642,-0.21722834160808702,0.9971750936655417
season_2023-24,m3_k20_capnone,3.0,20.0,none,4333,3459,OREB,0.9065520179946074,-0.0032062369799146524,1.0033685692014551
season_2023-24,m3_k20_capnone,3.0,20.0,none,4333,3459,POOLED,,,1.0003819900715583
season_2023-24,m3_k20_cap0.75-1.35,3.0,20.0,0.75-1.35,4333,3459,PTS,5.677076554712997,-0.6836082903460059,0.9964022082589333
season_2023-24,m3_k20_cap0.75-1.35,3.0,20.0,0.75-1.35,4333,3459,AST,1.7177310318668153,-0.29419416141884625,0.9971573254966991
season_2023-24,m3_k20_cap0.75-1.35,3.0,20.0,0.75-1.35,4333,3459,REB,2.0588378465584856,-0.2113739061049927,0.9961627079511117
season_2023-24,m3_k20_cap0.75-1.35,3.0,20.0,0.75-1.35,4333,3459,STL,0.7940343890115049,-0.037656390349645026,1.0055640169487228
season_2023-24,m3_k20_cap0.75-1.35,3.0,20.0,0.75-1.35,4333,3459,BLK,0.625400460170406,-0.013573075731098467,1.0063787079958848
season_2023-24,m3_k20_cap0.75-1.35,3.0,20.0,0.75-1.35,4333,3459,FG3M,1.1180831382700829,-0.08638394139108914,1.0024840119992537
season_2023-24,m3_k20_cap0.75-1.35,3.0,20.0,0.75-1.35,4333,3459,TOV,1.0803236325667727,-0.0542582854005076,0.9986555403283217
season_2023-24,m3_k20_cap0.75-1.35,3.0,20.0,0.75-1.35,4333,3459,FG3A,1.7872626489678,-0.21717141423254144,0.9971925526452526
season_2023-24,m3_k20_cap0.75-1.35,3.0,20.0,0.75-1.35,4333,3459,OREB,0.9065152748407956,-0.0032153342228806534,1.0033279020086892
season_2023-24,m3_k20_cap0.75-1.35,3.0,20.0,0.75-1.35,4333,3459,POOLED,,,1.000369441514763
season_2023-24,m3_k20_cap0.85-1.20,3.0,20.0,0.85-1.20,4333,3459,PTS,5.675914625432372,-0.6860357045977592,0.996198274264051
season_2023-24,m3_k20_cap0.85-1.20,3.0,20.0,0.85-1.20,4333,3459,AST,1.7174866582053792,-0.295171581050184,0.9970154645288648
season_2023-24,m3_k20_cap0.85-1.20,3.0,20.0,0.85-1.20,4333,3459,REB,2.0589418553028342,-0.21163591943910218,0.9962130322797587
season_2023-24,m3_k20_cap0.85-1.20,3.0,20.0,0.85-1.20,4333,3459,STL,0.7936207064445696,-0.038647918375803884,1.0050401299363896
season_2023-24,m3_k20_cap0.85-1.20,3.0,20.0,0.85-1.20,4333,3459,BLK,0.6248889885370967,-0.013912576407587866,1.0055556606937353
season_2023-24,m3_k20_cap0.85-1.20,3.0,20.0,0.85-1.20,4333,3459,FG3M,1.117589629720907,-0.08727192265228051,1.0020415275243522
season_2023-24,m3_k20_cap0.85-1.20,3.0,20.0,0.85-1.20,4333,3459,TOV,1.0801099417652635,-0.05525323523228057,0.9984580036861423
season_2023-24,m3_k20_cap0.85-1.20,3.0,20.0,0.85-1.20,4333,3459,FG3A,1.7870178392490668,-0.21742590692686328,0.9970559625204173
season_2023-24,m3_k20_cap0.85-1.20,3.0,20.0,0.85-1.20,4333,3459,OREB,0.9061744664506904,-0.0033952232019483332,1.0029506964871482
season_2023-24,m3_k20_cap0.85-1.20,3.0,20.0,0.85-1.20,4333,3459,POOLED,,,1.000058750213429
season_2023-24,m3_k40_capnone,3.0,40.0,none,4333,3459,PTS,5.67497414099917,-0.8198686982795166,0.9960332067760501
season_2023-24,m3_k40_capnone,3.0,40.0,none,4333,3459,AST,1.7174172015031113,-0.32900340095573716,0.9969751443284456
season_2023-24,m3_k40_capnone,3.0,40.0,none,4333,3459,REB,2.0598490294309193,-0.23851382054685977,0.9966519658448896
season_2023-24,m3_k40_capnone,3.0,40.0,none,4333,3459,STL,0.7917471397325039,-0.04122520868306153,1.002667447726301
season_2023-24,m3_k40_capnone,3.0,40.0,none,4333,3459,BLK,0.6235653718139607,-0.01503245431614285,1.0034257299173037
season_2023-24,m3_k40_capnone,3.0,40.0,none,4333,3459,FG3M,1.11513540760694,-0.10008515199016998,0.9998410485555399
season_2023-24,m3_k40_capnone,3.0,40.0,none,4333,3459,TOV,1.0794863983746465,-0.06484501488533624,0.9978815976510403
season_2023-24,m3_k40_capnone,3.0,40.0,none,4333,3459,FG3A,1.786763048607894,-0.2577511675498553,0.9969138035993388
season_2023-24,m3_k40_capnone,3.0,40.0,none,4333,3459,OREB,0.9047350608578044,-0.010048022410209821,1.0013575674646908
season_2023-24,m3_k40_capnone,3.0,40.0,none,4333,3459,POOLED,,,0.9990830568737333
season_2023-24,m3_k40_cap0.75-1.35,3.0,40.0,0.75-1.35,4333,3459,PTS,5.67497414099917,-0.8198686982795166,0.9960332067760501
season_2023-24,m3_k40_cap0.75-1.35,3.0,40.0,0.75-1.35,4333,3459,AST,1.7174172015031113,-0.32900340095573716,0.9969751443284456
season_2023-24,m3_k40_cap0.75-1.35,3.0,40.0,0.75-1.35,4333,3459,REB,2.0598490294309193,-0.23851382054685977,0.9966519658448896
season_2023-24,m3_k40_cap0.75-1.35,3.0,40.0,0.75-1.35,4333,3459,STL,0.7917471397325039,-0.04122520868306153,1.002667447726301
season_2023-24,m3_k40_cap0.75-1.35,3.0,40.0,0.75-1.35,4333,3459,BLK,0.6235437566032217,-0.015053793115893473,1.0033909472632414
season_2023-24,m3_k40_cap0.75-1.35,3.0,40.0,0.75-1.35,4333,3459,FG3M,1.1151491197060819,-0.10007546439244716,0.9998533429544895
season_2023-24,m3_k40_cap0.75-1.35,3.0,40.0,0.75-1.35,4333,3459,TOV,1.0794863983746465,-0.06484501488533624,0.9978815976510403
season_2023-24,m3_k40_cap0.75-1.35,3.0,40.0,0.75-1.35,4333,3459,FG3A,1.7867975374059186,-0.257703125026962,0.9969330464188314
season_2023-24,m3_k40_cap0.75-1.35,3.0,40.0,0.75-1.35,4333,3459,OREB,0.9047350608578044,-0.010048022410209821,1.0013575674646908
season_2023-24,m3_k40_cap0.75-1.35,3.0,40.0,0.75-1.35,4333,3459,POOLED,,,0.9990826962697755
season_2023-24,m3_k40_cap0.85-1.20,3.0,40.0,0.85-1.20,4333,3459,PTS,5.67497414099917,-0.8198686982795166,0.9960332067760501
season_2023-24,m3_k40_cap0.85-1.20,3.0,40.0,0.85-1.20,4333,3459,AST,1.717373186099176,-0.32896541838162763,0.9969495930158976
season_2023-24,m3_k40_cap0.85-1.20,3.0,40.0,0.85-1.20,4333,3459,REB,2.0598490294309193,-0.23851382054685977,0.9966519658448896
season_2023-24,m3_k40_cap0.85-1.20,3.0,40.0,0.85-1.20,4333,3459,STL,0.7917179971955152,-0.04125821618217881,1.0026305416590524
season_2023-24,m3_k40_cap0.85-1.20,3.0,40.0,0.85-1.20,4333,3459,BLK,0.6235001139774949,-0.015073496043064375,1.0033207186463957
season_2023-24,m3_k40_cap0.85-1.20,3.0,40.0,0.85-1.20,4333,3459,FG3M,1.1151416829936969,-0.10015591999238793,0.9998466751271942
season_2023-24,m3_k40_cap0.85-1.20,3.0,40.0,0.85-1.20,4333,3459,TOV,1.0794600938904257,-0.0648874815751305,0.9978572816793161
season_2023-24,m3_k40_cap0.85-1.20,3.0,40.0,0.85-1.20,4333,3459,FG3A,1.786823194689654,-0.257677799164675,0.9969473617475139
season_2023-24,m3_k40_cap0.85-1.20,3.0,40.0,0.85-1.20,4333,3459,OREB,0.9047109352554216,-0.010057981831100458,1.0013308653332482
season_2023-24,m3_k40_cap0.85-1.20,3.0,40.0,0.85-1.20,4333,3459,POOLED,,,0.9990631344255063
season_2023-24,m3_k80_capnone,3.0,80.0,none,4333,3459,PTS,5.68120145012718,-0.9156924062135072,0.9971261820965094
season_2023-24,m3_k80_capnone,3.0,80.0,none,4333,3459,AST,1.7188333997526164,-0.3540931189334261,0.9977972593351908
season_2023-24,m3_k80_capnone,3.0,80.0,none,4333,3459,REB,2.061971645370638,-0.2571001383823866,0.9976789873978424
season_2023-24,m3_k80_capnone,3.0,80.0,none,4333,3459,STL,0.7905811875235784,-0.04409122260974787,1.0011908875130373
season_2023-24,m3_k80_capnone,3.0,80.0,none,4333,3459,BLK,0.6224737809212333,-0.01640294571077664,1.0016691692777677
season_2023-24,m3_k80_capnone,3.0,80.0,none,4333,3459,FG3M,1.114351374604604,-0.11000117317863838,0.9991380770833669
season_2023-24,m3_k80_capnone,3.0,80.0,none,4333,3459,TOV,1.0798940215111297,-0.07279539688067345,0.9982584061289292
season_2023-24,m3_k80_capnone,3.0,80.0,none,4333,3459,FG3A,1.7885212540227122,-0.2860021470947582,0.9978947838412131
season_2023-24,m3_k80_capnone,3.0,80.0,none,4333,3459,OREB,0.9040866352901704,-0.01501587756745535,1.0006398923383701
season_2023-24,m3_k80_capnone,3.0,80.0,none,4333,3459,POOLED,,,0.9990437383346917
season_2023-24,m3_k80_cap0.75-1.35,3.0,80.0,0.75-1.35,4333,3459,PTS,5.68120145012718,-0.9156924062135072,0.9971261820965094
season_2023-24,m3_k80_cap0.75-1.35,3.0,80.0,0.75-1.35,4333,3459,AST,1.7188333997526164,-0.3540931189334261,0.9977972593351908
season_2023-24,m3_k80_cap0.75-1.35,3.0,80.0,0.75-1.35,4333,3459,REB,2.061971645370638,-0.2571001383823866,0.9976789873978424
season_2023-24,m3_k80_cap0.75-1.35,3.0,80.0,0.75-1.35,4333,3459,STL,0.7905811875235784,-0.04409122260974787,1.0011908875130373
season_2023-24,m3_k80_cap0.75-1.35,3.0,80.0,0.75-1.35,4333,3459,BLK,0.6224735951159505,-0.01640317951738507,1.0016688702845746
season_2023-24,m3_k80_cap0.75-1.35,3.0,80.0,0.75-1.35,4333,3459,FG3M,1.114355653644238,-0.1099968941390044,0.9991419137111389
season_2023-24,m3_k80_cap0.75-1.35,3.0,80.0,0.75-1.35,4333,3459,TOV,1.0798940215111297,-0.07279539688067345,0.9982584061289292
season_2023-24,m3_k80_cap0.75-1.35,3.0,80.0,0.75-1.35,4333,3459,FG3A,1.7885322916935142,-0.2859881644424074,0.9979009422439127
season_2023-24,m3_k80_cap0.75-1.35,3.0,80.0,0.75-1.35,4333,3459,OREB,0.9040866352901704,-0.01501587756745535,1.0006398923383701
season_2023-24,m3_k80_cap0.75-1.35,3.0,80.0,0.75-1.35,4333,3459,POOLED,,,0.9990448156721672
season_2023-24,m3_k80_cap0.85-1.20,3.0,80.0,0.85-1.20,4333,3459,PTS,5.68120145012718,-0.9156924062135072,0.9971261820965094
season_2023-24,m3_k80_cap0.85-1.20,3.0,80.0,0.85-1.20,4333,3459,AST,1.7188333997526164,-0.3540931189334261,0.9977972593351908
season_2023-24,m3_k80_cap0.85-1.20,3.0,80.0,0.85-1.20,4333,3459,REB,2.061971645370638,-0.2571001383823866,0.9976789873978424
season_2023-24,m3_k80_cap0.85-1.20,3.0,80.0,0.85-1.20,4333,3459,STL,0.7905811875235784,-0.04409122260974787,1.0011908875130373
season_2023-24,m3_k80_cap0.85-1.20,3.0,80.0,0.85-1.20,4333,3459,BLK,0.6224597873593521,-0.016421079246254296,1.0016466511895616
season_2023-24,m3_k80_cap0.85-1.20,3.0,80.0,0.85-1.20,4333,3459,FG3M,1.114366807851028,-0.10999562123662746,0.999151914679395
season_2023-24,m3_k80_cap0.85-1.20,3.0,80.0,0.85-1.20,4333,3459,TOV,1.0798940215111297,-0.07279539688067345,0.9982584061289292
season_2023-24,m3_k80_cap0.85-1.20,3.0,80.0,0.85-1.20,4333,3459,FG3A,1.7885599043145075,-0.2859540007393085,0.9979163485413751
season_2023-24,m3_k80_cap0.85-1.20,3.0,80.0,0.85-1.20,4333,3459,OREB,0.9040866352901704,-0.01501587756745535,1.0006398923383701
season_2023-24,m3_k80_cap0.85-1.20,3.0,80.0,0.85-1.20,4333,3459,POOLED,,,0.9990451699133567
season_2023-24,m3_k160_capnone,3.0,160.0,none,4333,3459,PTS,5.687460837935379,-0.9747709187190117,0.9982247876506763
season_2023-24,m3_k160_capnone,3.0,160.0,none,4333,3459,AST,1.7203771096465938,-0.3695703232438252,0.9986933959250668
season_2023-24,m3_k160_capnone,3.0,160.0,none,4333,3459,REB,2.064024779989757,-0.26835905952524086,0.9986723906157736
season_2023-24,m3_k160_capnone,3.0,160.0,none,4333,3459,STL,0.7900641185492324,-0.045957562971182274,1.0005360721019187
season_2023-24,m3_k160_capnone,3.0,160.0,none,4333,3459,BLK,0.6219303859317682,-0.017415051590084784,1.0007947517129319
season_2023-24,m3_k160_capnone,3.0,160.0,none,4333,3459,FG3M,1.1145791298832766,-0.11605594553654922,0.9993422846397664
season_2023-24,m3_k160_capnone,3.0,160.0,none,4333,3459,TOV,1.0805300770942141,-0.077692460510678,0.9988463784854117
season_2023-24,m3_k160_capnone,3.0,160.0,none,4333,3459,FG3A,1.7900776347605702,-0.3033484664847409,0.9987631572063528
season_2023-24,m3_k160_capnone,3.0,160.0,none,4333,3459,OREB,0.9038191333946844,-0.018131417473807927,1.000343822185963
season_2023-24,m3_k160_capnone,3.0,160.0,none,4333,3459,POOLED,,,0.9993574489470957
season_2023-24,m3_k160_cap0.75-1.35,3.0,160.0,0.75-1.35,4333,3459,PTS,5.687460837935379,-0.9747709187190117,0.9982247876506763
season_2023-24,m3_k160_cap0.75-1.35,3.0,160.0,0.75-1.35,4333,3459,AST,1.7203771096465938,-0.3695703232438252,0.9986933959250668
season_2023-24,m3_k160_cap0.75-1.35,3.0,160.0,0.75-1.35,4333,3459,REB,2.064024779989757,-0.26835905952524086,0.9986723906157736
season_2023-24,m3_k160_cap0.75-1.35,3.0,160.0,0.75-1.35,4333,3459,STL,0.7900641185492324,-0.045957562971182274,1.0005360721019187
season_2023-24,m3_k160_cap0.75-1.35,3.0,160.0,0.75-1.35,4333,3459,BLK,0.6219303859317682,-0.017415051590084784,1.0007947517129319
season_2023-24,m3_k160_cap0.75-1.35,3.0,160.0,0.75-1.35,4333,3459,FG3M,1.1145791298832766,-0.11605594553654922,0.9993422846397664
season_2023-24,m3_k160_cap0.75-1.35,3.0,160.0,0.75-1.35,4333,3459,TOV,1.0805300770942141,-0.077692460510678,0.9988463784854117
season_2023-24,m3_k160_cap0.75-1.35,3.0,160.0,0.75-1.35,4333,3459,FG3A,1.7900776347605702,-0.3033484664847409,0.9987631572063528
season_2023-24,m3_k160_cap0.75-1.35,3.0,160.0,0.75-1.35,4333,3459,OREB,0.9038191333946844,-0.018131417473807927,1.000343822185963
season_2023-24,m3_k160_cap0.75-1.35,3.0,160.0,0.75-1.35,4333,3459,POOLED,,,0.9993574489470957
season_2023-24,m3_k160_cap0.85-1.20,3.0,160.0,0.85-1.20,4333,3459,PTS,5.687460837935379,-0.9747709187190117,0.9982247876506763
season_2023-24,m3_k160_cap0.85-1.20,3.0,160.0,0.85-1.20,4333,3459,AST,1.7203771096465938,-0.3695703232438252,0.9986933959250668
season_2023-24,m3_k160_cap0.85-1.20,3.0,160.0,0.85-1.20,4333,3459,REB,2.064024779989757,-0.26835905952524086,0.9986723906157736
season_2023-24,m3_k160_cap0.85-1.20,3.0,160.0,0.85-1.20,4333,3459,STL,0.7900641185492324,-0.045957562971182274,1.0005360721019187
season_2023-24,m3_k160_cap0.85-1.20,3.0,160.0,0.85-1.20,4333,3459,BLK,0.6219302320299724,-0.017415205491880564,1.0007945040580288
season_2023-24,m3_k160_cap0.85-1.20,3.0,160.0,0.85-1.20,4333,3459,FG3M,1.1145814777898428,-0.1160535976299829,0.9993443897952006
season_2023-24,m3_k160_cap0.85-1.20,3.0,160.0,0.85-1.20,4333,3459,TOV,1.0805300770942141,-0.077692460510678,0.9988463784854117
season_2023-24,m3_k160_cap0.85-1.20,3.0,160.0,0.85-1.20,4333,3459,FG3A,1.7900838440515547,-0.30334071542553426,0.998766621643284
season_2023-24,m3_k160_cap0.85-1.20,3.0,160.0,0.85-1.20,4333,3459,OREB,0.9038191333946844,-0.018131417473807927,1.000343822185963
season_2023-24,m3_k160_cap0.85-1.20,3.0,160.0,0.85-1.20,4333,3459,POOLED,,,0.9993580402734804
season_2023-24,m3_k320_capnone,3.0,320.0,none,4333,3459,PTS,5.691922363296409,-1.0082246564090602,0.9990078445073332
season_2023-24,m3_k320_capnone,3.0,320.0,none,4333,3459,AST,1.721395371065504,-0.3783448208276351,0.99928450525144
season_2023-24,m3_k320_capnone,3.0,320.0,none,4333,3459,REB,2.065312110868606,-0.27464348291082646,0.9992952619198187
season_2023-24,m3_k320_capnone,3.0,320.0,none,4333,3459,STL,0.7898410086108201,-0.047016905147853116,1.0002535259943497
season_2023-24,m3_k320_capnone,3.0,320.0,none,4333,3459,BLK,0.6216837587951687,-0.017990762994255123,1.000397885520956
season_2023-24,m3_k320_capnone,3.0,320.0,none,4333,3459,FG3M,1.1148813053187032,-0.11944583064082451,0.9996132180189271
season_2023-24,m3_k320_capnone,3.0,320.0,none,4333,3459,TOV,1.081052954083216,-0.08044038515318767,0.9993297280912481
season_2023-24,m3_k320_capnone,3.0,320.0,none,4333,3459,FG3A,1.791084619211681,-0.31314312922070114,0.9993249981847098
season_2023-24,m3_k320_capnone,3.0,320.0,none,4333,3459,OREB,0.9036689921890653,-0.019892839181652345,1.0001776464302756
season_2023-24,m3_k320_capnone,3.0,320.0,none,4333,3459,POOLED,,,0.9996316237687842
season_2023-24,m3_k320_cap0.75-1.35,3.0,320.0,0.75-1.35,4333,3459,PTS,5.691922363296409,-1.0082246564090602,0.9990078445073332
season_2023-24,m3_k320_cap0.75-1.35,3.0,320.0,0.75-1.35,4333,3459,AST,1.721395371065504,-0.3783448208276351,0.99928450525144
season_2023-24,m3_k320_cap0.75-1.35,3.0,320.0,0.75-1.35,4333,3459,REB,2.065312110868606,-0.27464348291082646,0.9992952619198187
season_2023-24,m3_k320_cap0.75-1.35,3.0,320.0,0.75-1.35,4333,3459,STL,0.7898410086108201,-0.047016905147853116,1.0002535259943497
season_2023-24,m3_k320_cap0.75-1.35,3.0,320.0,0.75-1.35,4333,3459,BLK,0.6216837587951687,-0.017990762994255123,1.000397885520956
season_2023-24,m3_k320_cap0.75-1.35,3.0,320.0,0.75-1.35,4333,3459,FG3M,1.1148813053187032,-0.11944583064082451,0.9996132180189271
season_2023-24,m3_k320_cap0.75-1.35,3.0,320.0,0.75-1.35,4333,3459,TOV,1.081052954083216,-0.08044038515318767,0.9993297280912481
season_2023-24,m3_k320_cap0.75-1.35,3.0,320.0,0.75-1.35,4333,3459,FG3A,1.791084619211681,-0.31314312922070114,0.9993249981847098
season_2023-24,m3_k320_cap0.75-1.35,3.0,320.0,0.75-1.35,4333,3459,OREB,0.9036689921890653,-0.019892839181652345,1.0001776464302756
season_2023-24,m3_k320_cap0.75-1.35,3.0,320.0,0.75-1.35,4333,3459,POOLED,,,0.9996316237687842
season_2023-24,m3_k320_cap0.85-1.20,3.0,320.0,0.85-1.20,4333,3459,PTS,5.691922363296409,-1.0082246564090602,0.9990078445073332
season_2023-24,m3_k320_cap0.85-1.20,3.0,320.0,0.85-1.20,4333,3459,AST,1.721395371065504,-0.3783448208276351,0.99928450525144
season_2023-24,m3_k320_cap0.85-1.20,3.0,320.0,0.85-1.20,4333,3459,REB,2.065312110868606,-0.27464348291082646,0.9992952619198187
season_2023-24,m3_k320_cap0.85-1.20,3.0,320.0,0.85-1.20,4333,3459,STL,0.7898410086108201,-0.047016905147853116,1.0002535259943497
season_2023-24,m3_k320_cap0.85-1.20,3.0,320.0,0.85-1.20,4333,3459,BLK,0.6216837587951687,-0.017990762994255123,1.000397885520956
season_2023-24,m3_k320_cap0.85-1.20,3.0,320.0,0.85-1.20,4333,3459,FG3M,1.1148813053187032,-0.11944583064082451,0.9996132180189271
season_2023-24,m3_k320_cap0.85-1.20,3.0,320.0,0.85-1.20,4333,3459,TOV,1.081052954083216,-0.08044038515318767,0.9993297280912481
season_2023-24,m3_k320_cap0.85-1.20,3.0,320.0,0.85-1.20,4333,3459,FG3A,1.791084619211681,-0.31314312922070114,0.9993249981847098
season_2023-24,m3_k320_cap0.85-1.20,3.0,320.0,0.85-1.20,4333,3459,OREB,0.9036689921890653,-0.019892839181652345,1.0001776464302756
season_2023-24,m3_k320_cap0.85-1.20,3.0,320.0,0.85-1.20,4333,3459,POOLED,,,0.9996316237687842
season_2023-24,m5_k0_capnone,5.0,0.0,none,4333,2959,PTS,5.799296424195329,-0.24264850521857392,1.017853415878146
season_2023-24,m5_k0_capnone,5.0,0.0,none,4333,2959,AST,1.7487426070743068,-0.18351779757988698,1.0151598059896634
season_2023-24,m5_k0_capnone,5.0,0.0,none,4333,2959,REB,2.0935184456180105,-0.12048114584575581,1.0129428150053181
season_2023-24,m5_k0_capnone,5.0,0.0,none,4333,2959,STL,0.8089138371504516,-0.026862215964540397,1.0244073288350077
season_2023-24,m5_k0_capnone,5.0,0.0,none,4333,2959,BLK,0.6327600348276059,-0.008300091128985027,1.0182215506328953
season_2023-24,m5_k0_capnone,5.0,0.0,none,4333,2959,FG3M,1.140406841875636,-0.04099201873663733,1.022499657694262
season_2023-24,m5_k0_capnone,5.0,0.0,none,4333,2959,TOV,1.099323250927408,-0.027137524467948655,1.0162188644730423
season_2023-24,m5_k0_capnone,5.0,0.0,none,4333,2959,FG3A,1.8249208866382436,-0.07778787765444163,1.0182037421155854
season_2023-24,m5_k0_capnone,5.0,0.0,none,4333,2959,OREB,0.923396937407253,0.018162169828521983,1.0220124664670178
season_2023-24,m5_k0_capnone,5.0,0.0,none,4333,2959,POOLED,,,1.0186132941212154
season_2023-24,m5_k0_cap0.75-1.35,5.0,0.0,0.75-1.35,4333,2959,PTS,5.782286797874079,-0.2830239927635464,1.0148680009264872
season_2023-24,m5_k0_cap0.75-1.35,5.0,0.0,0.75-1.35,4333,2959,AST,1.7426314452795109,-0.19930569355577332,1.0116122251181963
season_2023-24,m5_k0_cap0.75-1.35,5.0,0.0,0.75-1.35,4333,2959,REB,2.0891739477466857,-0.12957722483083728,1.010840742337759
season_2023-24,m5_k0_cap0.75-1.35,5.0,0.0,0.75-1.35,4333,2959,STL,0.8012325379196248,-0.027802966119432528,1.0146797424523184
season_2023-24,m5_k0_cap0.75-1.35,5.0,0.0,0.75-1.35,4333,2959,BLK,0.6302037462702271,-0.007848027019563351,1.0141080353103473
season_2023-24,m5_k0_cap0.75-1.35,5.0,0.0,0.75-1.35,4333,2959,FG3M,1.1317832827504688,-0.05163212348043779,1.0147676922852444
season_2023-24,m5_k0_cap0.75-1.35,5.0,0.0,0.75-1.35,4333,2959,TOV,1.092565125711157,-0.03088969904717705,1.0099716261585325
season_2023-24,m5_k0_cap0.75-1.35,5.0,0.0,0.75-1.35,4333,2959,FG3A,1.8205517300763083,-0.08392971844475676,1.0157659972282185
season_2023-24,m5_k0_cap0.75-1.35,5.0,0.0,0.75-1.35,4333,2959,OREB,0.9167242795800156,0.017022975816613002,1.0146271923691272
season_2023-24,m5_k0_cap0.75-1.35,5.0,0.0,0.75-1.35,4333,2959,POOLED,,,1.0134712504651364
season_2023-24,m5_k0_cap0.85-1.20,5.0,0.0,0.85-1.20,4333,2959,PTS,5.750664748725788,-0.3741134652724953,1.0093179120211557
season_2023-24,m5_k0_cap0.85-1.20,5.0,0.0,0.85-1.20,4333,2959,AST,1.736438297521777,-0.2293794168769207,1.0080170507050075
season_2023-24,m5_k0_cap0.85-1.20,5.0,0.0,0.85-1.20,4333,2959,REB,2.079481591857087,-0.15051829096858965,1.0061511241118517
season_2023-24,m5_k0_cap0.85-1.20,5.0,0.0,0.85-1.20,4333,2959,STL,0.7967972801701886,-0.03129640473743733,1.009062938368709
season_2023-24,m5_k0_cap0.85-1.20,5.0,0.0,0.85-1.20,4333,2959,BLK,0.6273917953551847,-0.009911453430627866,1.0095831145450873
season_2023-24,m5_k0_cap0.85-1.20,5.0,0.0,0.85-1.20,4333,2959,FG3M,1.1235481736509239,-0.06793400789231681,1.0073840148763027
season_2023-24,m5_k0_cap0.85-1.20,5.0,0.0,0.85-1.20,4333,2959,TOV,1.087290496685711,-0.03640227934052003,1.0050957377296892
season_2023-24,m5_k0_cap0.85-1.20,5.0,0.0,0.85-1.20,4333,2959,FG3A,1.8121981517900552,-0.10591454058336838,1.0111051679652103
season_2023-24,m5_k0_cap0.85-1.20,5.0,0.0,0.85-1.20,4333,2959,OREB,0.9116305296378067,0.01037205409937004,1.0089894479375499
season_2023-24,m5_k0_cap0.85-1.20,5.0,0.0,0.85-1.20,4333,2959,POOLED,,,1.0083007231400625
season_2023-24,m5_k3_capnone,5.0,3.0,none,4333,2959,PTS,5.739487955952238,-0.39735932969470883,1.007356236695222
season_2023-24,m5_k3_capnone,5.0,3.0,none,4333,2959,AST,1.732697020578187,-0.22047397989778353,1.0058452079416162
season_2023-24,m5_k3_capnone,5.0,3.0,none,4333,2959,REB,2.0740437455429723,-0.1516124188328625,1.003520037978116
season_2023-24,m5_k3_capnone,5.0,3.0,none,4333,2959,STL,0.8016663357318738,-0.03000348387356946,1.0152291033826073
season_2023-24,m5_k3_capnone,5.0,3.0,none,4333,2959,BLK,0.6294332871189436,-0.010469515469925748,1.0128682318010551
season_2023-24,m5_k3_capnone,5.0,3.0,none,4333,2959,FG3M,1.1296899124135176,-0.05741802507654276,1.0128907564634289
season_2023-24,m5_k3_capnone,5.0,3.0,none,4333,2959,TOV,1.0894405191244558,-0.036412491022062086,1.0070832271778105
season_2023-24,m5_k3_capnone,5.0,3.0,none,4333,2959,FG3A,1.8051606592806564,-0.1261425191880954,1.0071786409246983
season_2023-24,m5_k3_capnone,5.0,3.0,none,4333,2959,OREB,0.9161674979377028,0.010976199654715357,1.0140109484154256
season_2023-24,m5_k3_capnone,5.0,3.0,none,4333,2959,POOLED,,,1.0095535989755533
season_2023-24,m5_k3_cap0.75-1.35,5.0,3.0,0.75-1.35,4333,2959,PTS,5.735331222304296,-0.4084863886549697,1.006626674825475
season_2023-24,m5_k3_cap0.75-1.35,5.0,3.0,0.75-1.35,4333,2959,AST,1.731815187921775,-0.22543028822101793,1.0053332966604607
season_2023-24,m5_k3_cap0.75-1.35,5.0,3.0,0.75-1.35,4333,2959,REB,2.073637557407905,-0.15411368199795217,1.003323505029568
season_2023-24,m5_k3_cap0.75-1.35,5.0,3.0,0.75-1.35,4333,2959,STL,0.7991093781419747,-0.030678181166631194,1.0119909759402084
season_2023-24,m5_k3_cap0.75-1.35,5.0,3.0,0.75-1.35,4333,2959,BLK,0.6287004059337225,-0.009869052287579783,1.0116888978106444
season_2023-24,m5_k3_cap0.75-1.35,5.0,3.0,0.75-1.35,4333,2959,FG3M,1.126698605647391,-0.06141607837638899,1.010208722269919
season_2023-24,m5_k3_cap0.75-1.35,5.0,3.0,0.75-1.35,4333,2959,TOV,1.0876401387576309,-0.03809510467005396,1.0054189482767222
season_2023-24,m5_k3_cap0.75-1.35,5.0,3.0,0.75-1.35,4333,2959,FG3A,1.8039294316498342,-0.1282964721937519,1.0064916847994885
season_2023-24,m5_k3_cap0.75-1.35,5.0,3.0,0.75-1.35,4333,2959,OREB,0.9142390406280637,0.011202227707486953,1.011876538681477
season_2023-24,m5_k3_cap0.75-1.35,5.0,3.0,0.75-1.35,4333,2959,POOLED,,,1.0081065826993294
season_2023-24,m5_k3_cap0.85-1.20,5.0,3.0,0.85-1.20,4333,2959,PTS,5.7226899317430835,-0.4586316144051461,1.0044079607198886
season_2023-24,m5_k3_cap0.85-1.20,5.0,3.0,0.85-1.20,4333,2959,AST,1.7313233414545237,-0.2447767068752715,1.0050477756453888
season_2023-24,m5_k3_cap0.85-1.20,5.0,3.0,0.85-1.20,4333,2959,REB,2.0710463973223865,-0.1670366981244894,1.002069779753515
season_2023-24,m5_k3_cap0.85-1.20,5.0,3.0,0.85-1.20,4333,2959,STL,0.7960599402375457,-0.032986402449611145,1.0081291721303876
season_2023-24,m5_k3_cap0.85-1.20,5.0,3.0,0.85-1.20,4333,2959,BLK,0.626720640962327,-0.01089349482472888,1.0085031097581292
season_2023-24,m5_k3_cap0.85-1.20,5.0,3.0,0.85-1.20,4333,2959,FG3M,1.1217223725869123,-0.07224206415239344,1.0057469842181044
season_2023-24,m5_k3_cap0.85-1.20,5.0,3.0,0.85-1.20,4333,2959,TOV,1.0852422923676057,-0.04130329554070105,1.0032023693645629
season_2023-24,m5_k3_cap0.85-1.20,5.0,3.0,0.85-1.20,4333,2959,FG3A,1.8022961416659253,-0.13730117240755563,1.005580400378475
season_2023-24,m5_k3_cap0.85-1.20,5.0,3.0,0.85-1.20,4333,2959,OREB,0.9105630753572963,0.007224559532793009,1.007807993312924
season_2023-24,m5_k3_cap0.85-1.20,5.0,3.0,0.85-1.20,4333,2959,POOLED,,,1.0056106161423752
season_2023-24,m5_k5_capnone,5.0,5.0,none,4333,2959,PTS,5.719955390999352,-0.4685726487803586,1.0039280125618237
season_2023-24,m5_k5_capnone,5.0,5.0,none,4333,2959,AST,1.7278360435491402,-0.23702303751661527,1.003023369851914
season_2023-24,m5_k5_capnone,5.0,5.0,none,4333,2959,REB,2.0681265461791423,-0.16594552042958743,1.000657018264537
season_2023-24,m5_k5_capnone,5.0,5.0,none,4333,2959,STL,0.7991830272902118,-0.03153365679607002,1.0120842451164194
season_2023-24,m5_k5_capnone,5.0,5.0,none,4333,2959,BLK,0.6283378195258317,-0.011262852696049971,1.011105432872658
season_2023-24,m5_k5_capnone,5.0,5.0,none,4333,2959,FG3M,1.125884953804041,-0.06460971179192875,1.0094791942622305
season_2023-24,m5_k5_capnone,5.0,5.0,none,4333,2959,TOV,1.086321668119117,-0.04080069560902187,1.0042001486798053
season_2023-24,m5_k5_capnone,5.0,5.0,none,4333,2959,FG3A,1.7995051475911652,-0.14833072658340493,1.0040231818535785
season_2023-24,m5_k5_capnone,5.0,5.0,none,4333,2959,OREB,0.9135029873416243,0.007618340616230344,1.0110618775057127
season_2023-24,m5_k5_capnone,5.0,5.0,none,4333,2959,POOLED,,,1.0066180534409646
season_2023-24,m5_k5_cap0.75-1.35,5.0,5.0,0.75-1.35,4333,2959,PTS,5.71777617405489,-0.4742841923756134,1.0035455310936225
season_2023-24,m5_k5_cap0.75-1.35,5.0,5.0,0.75-1.35,4333,2959,AST,1.7277965592081657,-0.23905533898525408,1.0030004488595614
season_2023-24,m5_k5_cap0.75-1.35,5.0,5.0,0.75-1.35,4333,2959,REB,2.0680846975625804,-0.16712780208245306,1.0006367699330483
season_2023-24,m5_k5_cap0.75-1.35,5.0,5.0,0.75-1.35,4333,2959,STL,0.7977903041346617,-0.032134172209206655,1.010320502500012
season_2023-24,m5_k5_cap0.75-1.35,5.0,5.0,0.75-1.35,4333,2959,BLK,0.6278572898000869,-0.01089373285734432,1.0103321765107793
season_2023-24,m5_k5_cap0.75-1.35,5.0,5.0,0.75-1.35,4333,2959,FG3M,1.1242638301599568,-0.06679924302532013,1.0080256793320415
season_2023-24,m5_k5_cap0.75-1.35,5.0,5.0,0.75-1.35,4333,2959,TOV,1.0852303750010017,-0.04206060287093892,1.003191352902619
season_2023-24,m5_k5_cap0.75-1.35,5.0,5.0,0.75-1.35,4333,2959,FG3A,1.7986121263432815,-0.14928388605950962,1.0035249259658623
season_2023-24,m5_k5_cap0.75-1.35,5.0,5.0,0.75-1.35,4333,2959,OREB,0.912788001118555,0.007848972633941409,1.0102705332812227
season_2023-24,m5_k5_cap0.75-1.35,5.0,5.0,0.75-1.35,4333,2959,POOLED,,,1.0058719911531964
season_2023-24,m5_k5_cap0.85-1.20,5.0,5.0,0.85-1.20,4333,2959,PTS,5.7093241852429495,-0.5078193397716583,1.0020620949913903
season_2023-24,m5_k5_cap0.85-1.20,5.0,5.0,0.85-1.20,4333,2959,AST,1.7285972749276053,-0.2539762737535479,1.0034652710758847
season_2023-24,m5_k5_cap0.85-1.20,5.0,5.0,0.85-1.20,4333,2959,REB,2.067062737188333,-0.17603494350401847,1.0001422973763432
season_2023-24,m5_k5_cap0.85-1.20,5.0,5.0,0.85-1.20,4333,2959,STL,0.7955598406367488,-0.03403884978312777,1.007495846709712
season_2023-24,m5_k5_cap0.85-1.20,5.0,5.0,0.85-1.20,4333,2959,BLK,0.6262938783038056,-0.011448810927792572,1.0078163740099868
season_2023-24,m5_k5_cap0.85-1.20,5.0,5.0,0.85-1.20,4333,2959,FG3M,1.1207848230152135,-0.07500997070870319,1.0049063683247828
season_2023-24,m5_k5_cap0.85-1.20,5.0,5.0,0.85-1.20,4333,2959,TOV,1.0840019926172069,-0.04418550127406616,1.0020558312531447
season_2023-24,m5_k5_cap0.85-1.20,5.0,5.0,0.85-1.20,4333,2959,FG3A,1.797712026683633,-0.15467325552920683,1.0030227207204507
season_2023-24,m5_k5_cap0.85-1.20,5.0,5.0,0.85-1.20,4333,2959,OREB,0.9099757785231529,0.005371027336301401,1.0071579752527642
season_2023-24,m5_k5_cap0.85-1.20,5.0,5.0,0.85-1.20,4333,2959,POOLED,,,1.0042360866349398
season_2023-24,m5_k10_capnone,5.0,10.0,none,4333,2959,PTS,5.694676878029426,-0.5904383832128376,0.9994912983653548
season_2023-24,m5_k10_capnone,5.0,10.0,none,4333,2959,AST,1.7226276609201432,-0.2665676493770168,0.9999998598866492
season_2023-24,m5_k10_capnone,5.0,10.0,none,4333,2959,REB,2.060846985509796,-0.19150405267584275,0.9971348239930493
season_2023-24,m5_k10_capnone,5.0,10.0,none,4333,2959,STL,0.7959421417575282,-0.034371956502410365,1.007979992303423
season_2023-24,m5_k10_capnone,5.0,10.0,none,4333,2959,BLK,0.6266308576449463,-0.012498848862823408,1.0083586326995089
season_2023-24,m5_k10_capnone,5.0,10.0,none,4333,2959,FG3M,1.1206915720836008,-0.07674870033614316,1.004822758649575
season_2023-24,m5_k10_capnone,5.0,10.0,none,4333,2959,TOV,1.0827083259120052,-0.048555291101264476,1.0008599605126163
season_2023-24,m5_k10_capnone,5.0,10.0,none,4333,2959,FG3A,1.7925537224499246,-0.18595546498660695,1.0001446755886378
season_2023-24,m5_k10_capnone,5.0,10.0,none,4333,2959,OREB,0.9100159305171891,0.0018855939857898895,1.0072024153378414
season_2023-24,m5_k10_capnone,5.0,10.0,none,4333,2959,POOLED,,,1.0028882685929617
season_2023-24,m5_k10_cap0.75-1.35,5.0,10.0,0.75-1.35,4333,2959,PTS,5.694056752693658,-0.5918249194161076,0.9993824581466257
season_2023-24,m5_k10_cap0.75-1.35,5.0,10.0,0.75-1.35,4333,2959,AST,1.7225791307498066,-0.26681264883101646,0.9999716877141955
season_2023-24,m5_k10_cap0.75-1.35,5.0,10.0,0.75-1.35,4333,2959,REB,2.0608995094619837,-0.19155657662803005,0.997160237554652
season_2023-24,m5_k10_cap0.75-1.35,5.0,10.0,0.75-1.35,4333,2959,STL,0.7955815226849324,-0.034788304909463864,1.0075233048245857
season_2023-24,m5_k10_cap0.75-1.35,5.0,10.0,0.75-1.35,4333,2959,BLK,0.626473376927833,-0.012274811281653746,1.0081052186860628
season_2023-24,m5_k10_cap0.75-1.35,5.0,10.0,0.75-1.35,4333,2959,FG3M,1.1203100217806723,-0.07744066936992579,1.0044806570067124
season_2023-24,m5_k10_cap0.75-1.35,5.0,10.0,0.75-1.35,4333,2959,TOV,1.0824500333927538,-0.04912700912816571,1.0006211938619571
season_2023-24,m5_k10_cap0.75-1.35,5.0,10.0,0.75-1.35,4333,2959,FG3A,1.792339305280573,-0.1860152327007585,1.0000250428057562
season_2023-24,m5_k10_cap0.75-1.35,5.0,10.0,0.75-1.35,4333,2959,OREB,0.9098426525859409,0.0019702601138751803,1.007010631936007
season_2023-24,m5_k10_cap0.75-1.35,5.0,10.0,0.75-1.35,4333,2959,POOLED,,,1.002697825837395
season_2023-24,m5_k10_cap0.85-1.20,5.0,10.0,0.85-1.20,4333,2959,PTS,5.6906529279636375,-0.6020781578184761,0.998785041774866
season_2023-24,m5_k10_cap0.85-1.20,5.0,10.0,0.85-1.20,4333,2959,AST,1.7231321784184161,-0.2741232695904355,1.000292736541906
season_2023-24,m5_k10_cap0.85-1.20,5.0,10.0,0.85-1.20,4333,2959,REB,2.061054195591591,-0.1948611206107395,0.9972350819888601
season_2023-24,m5_k10_cap0.85-1.20,5.0,10.0,0.85-1.20,4333,2959,STL,0.7944134597165651,-0.03607314360972715,1.0060440715485777
season_2023-24,m5_k10_cap0.85-1.20,5.0,10.0,0.85-1.20,4333,2959,BLK,0.6255253320546617,-0.012621690424954724,1.0065796486947578
season_2023-24,m5_k10_cap0.85-1.20,5.0,10.0,0.85-1.20,4333,2959,FG3M,1.1187062133809955,-0.08108672353948267,1.0030426670899038
season_2023-24,m5_k10_cap0.85-1.20,5.0,10.0,0.85-1.20,4333,2959,TOV,1.0819771008879968,-0.050407846443760444,1.000184013139589
season_2023-24,m5_k10_cap0.85-1.20,5.0,10.0,0.85-1.20,4333,2959,FG3A,1.7918314487676263,-0.18812785490501288,0.999741687288415
season_2023-24,m5_k10_cap0.85-1.20,5.0,10.0,0.85-1.20,4333,2959,OREB,0.9086776298882023,0.0013452716095172373,1.00572118893206
season_2023-24,m5_k10_cap0.85-1.20,5.0,10.0,0.85-1.20,4333,2959,POOLED,,,1.0019584596665485
season_2023-24,m5_k20_capnone,5.0,20.0,none,4333,2959,PTS,5.680162018232811,-0.7247338558552813,0.9969437480171197
season_2023-24,m5_k20_capnone,5.0,20.0,none,4333,2959,AST,1.719470292561611,-0.3012480812117963,0.9981669809727832
season_2023-24,m5_k20_capnone,5.0,20.0,none,4333,2959,REB,2.0581344162491115,-0.21937175310261092,0.9958223552404735
season_2023-24,m5_k20_capnone,5.0,20.0,none,4333,2959,STL,0.7933931417056845,-0.03786903454646291,1.00475194227586
season_2023-24,m5_k20_capnone,5.0,20.0,none,4333,2959,BLK,0.6247760647432331,-0.01393359411187983,1.0053739465617382
season_2023-24,m5_k20_capnone,5.0,20.0,none,4333,2959,FG3M,1.1166577523433587,-0.09030237872422714,1.0012059973744374
season_2023-24,m5_k20_capnone,5.0,20.0,none,4333,2959,TOV,1.080481834738523,-0.057281645855976566,0.9988017830564707
season_2023-24,m5_k20_capnone,5.0,20.0,none,4333,2959,FG3A,1.7880619685544894,-0.22711571959332047,0.9976385282490569
season_2023-24,m5_k20_capnone,5.0,20.0,none,4333,2959,OREB,0.9071695396217073,-0.004607108513643913,1.0040520399556263
season_2023-24,m5_k20_capnone,5.0,20.0,none,4333,2959,POOLED,,,1.000306369078174
season_2023-24,m5_k20_cap0.75-1.35,5.0,20.0,0.75-1.35,4333,2959,PTS,5.680162018232811,-0.7247338558552813,0.9969437480171197
season_2023-24,m5_k20_cap0.75-1.35,5.0,20.0,0.75-1.35,4333,2959,AST,1.719470292561611,-0.3012480812117963,0.9981669809727832
season_2023-24,m5_k20_cap0.75-1.35,5.0,20.0,0.75-1.35,4333,2959,REB,2.0581344162491115,-0.21937175310261092,0.9958223552404735
season_2023-24,m5_k20_cap0.75-1.35,5.0,20.0,0.75-1.35,4333,2959,STL,0.7933830269706343,-0.037879948462361784,1.004739132989829
season_2023-24,m5_k20_cap0.75-1.35,5.0,20.0,0.75-1.35,4333,2959,BLK,0.6247362521989996,-0.0139224495853458,1.0053098812158048
season_2023-24,m5_k20_cap0.75-1.35,5.0,20.0,0.75-1.35,4333,2959,FG3M,1.1166738608577844,-0.09033035484354858,1.0012204404222003
season_2023-24,m5_k20_cap0.75-1.35,5.0,20.0,0.75-1.35,4333,2959,TOV,1.0804706926406256,-0.05729444333896817,0.9987914832560584
season_2023-24,m5_k20_cap0.75-1.35,5.0,20.0,0.75-1.35,4333,2959,FG3A,1.788112618322705,-0.22703554696735787,0.9976667879856361
season_2023-24,m5_k20_cap0.75-1.35,5.0,20.0,0.75-1.35,4333,2959,OREB,0.9071428402230979,-0.004606162001407632,1.0040224891556175
season_2023-24,m5_k20_cap0.75-1.35,5.0,20.0,0.75-1.35,4333,2959,POOLED,,,1.0002981443617247
season_2023-24,m5_k20_cap0.85-1.20,5.0,20.0,0.85-1.20,4333,2959,PTS,5.67921517791033,-0.7272013859354898,0.996777564986277
season_2023-24,m5_k20_cap0.85-1.20,5.0,20.0,0.85-1.20,4333,2959,AST,1.7191905893453525,-0.3022741162702304,0.9980046109009367
season_2023-24,m5_k20_cap0.85-1.20,5.0,20.0,0.85-1.20,4333,2959,REB,2.0582284734512433,-0.2196238148945036,0.9958678645443433
season_2023-24,m5_k20_cap0.85-1.20,5.0,20.0,0.85-1.20,4333,2959,STL,0.7929676163790278,-0.03881018838812205,1.0042130576095183
season_2023-24,m5_k20_cap0.85-1.20,5.0,20.0,0.85-1.20,4333,2959,BLK,0.624389273805175,-0.014056503250157618,1.004751532301919
season_2023-24,m5_k20_cap0.85-1.20,5.0,20.0,0.85-1.20,4333,2959,FG3M,1.1162199531687138,-0.09126045960823284,1.0008134624563927
season_2023-24,m5_k20_cap0.85-1.20,5.0,20.0,0.85-1.20,4333,2959,TOV,1.0803038595345162,-0.058246877714099476,0.99863726205724
season_2023-24,m5_k20_cap0.85-1.20,5.0,20.0,0.85-1.20,4333,2959,FG3A,1.787946302319313,-0.22736187534069371,0.9975739929618807
season_2023-24,m5_k20_cap0.85-1.20,5.0,20.0,0.85-1.20,4333,2959,OREB,0.906929468199705,-0.004639424938073064,1.0037863297543148
season_2023-24,m5_k20_cap0.85-1.20,5.0,20.0,0.85-1.20,4333,2959,POOLED,,,1.0000472975080914
season_2023-24,m5_k40_capnone,5.0,40.0,none,4333,2959,PTS,5.677730849443063,-0.8421377194172277,0.996517045659417
season_2023-24,m5_k40_capnone,5.0,40.0,none,4333,2959,AST,1.7184879567672573,-0.3329551143183722,0.9975967267739213
season_2023-24,m5_k40_capnone,5.0,40.0,none,4333,2959,REB,2.0598602636613674,-0.2428450836525973,0.9966574014946391
season_2023-24,m5_k40_capnone,5.0,40.0,none,4333,2959,STL,0.7915086942413075,-0.04144571878016482,1.002365480696574
season_2023-24,m5_k40_capnone,5.0,40.0,none,4333,2959,BLK,0.623220738268796,-0.015347536165420462,1.0028711542749698
season_2023-24,m5_k40_capnone,5.0,40.0,none,4333,2959,FG3M,1.1146293789717543,-0.10235213510064073,0.9993873384520386
season_2023-24,m5_k40_capnone,5.0,40.0,none,4333,2959,TOV,1.0798308245820718,-0.06649313632278318,0.9981999866318148
season_2023-24,m5_k40_capnone,5.0,40.0,none,4333,2959,FG3A,1.787639831495316,-0.2631184014040659,0.9974029993905276
season_2023-24,m5_k40_capnone,5.0,40.0,none,4333,2959,OREB,0.9052562353968118,-0.010789430132054844,1.0019344016023113
season_2023-24,m5_k40_capnone,5.0,40.0,none,4333,2959,POOLED,,,0.999214726108468
season_2023-24,m5_k40_cap0.75-1.35,5.0,40.0,0.75-1.35,4333,2959,PTS,5.677730849443063,-0.8421377194172277,0.996517045659417
season_2023-24,m5_k40_cap0.75-1.35,5.0,40.0,0.75-1.35,4333,2959,AST,1.7184879567672573,-0.3329551143183722,0.9975967267739213
season_2023-24,m5_k40_cap0.75-1.35,5.0,40.0,0.75-1.35,4333,2959,REB,2.0598602636613674,-0.2428450836525973,0.9966574014946391
season_2023-24,m5_k40_cap0.75-1.35,5.0,40.0,0.75-1.35,4333,2959,STL,0.7915086942413075,-0.04144571878016482,1.002365480696574
season_2023-24,m5_k40_cap0.75-1.35,5.0,40.0,0.75-1.35,4333,2959,BLK,0.623202483134341,-0.015365514888886964,1.0028417785712453
season_2023-24,m5_k40_cap0.75-1.35,5.0,40.0,0.75-1.35,4333,2959,FG3M,1.1146434654290078,-0.10234229686350865,0.9993999685040438
season_2023-24,m5_k40_cap0.75-1.35,5.0,40.0,0.75-1.35,4333,2959,TOV,1.0798308245820718,-0.06649313632278318,0.9981999866318148
season_2023-24,m5_k40_cap0.75-1.35,5.0,40.0,0.75-1.35,4333,2959,FG3A,1.7876768049759455,-0.26306787419856686,0.9974236285238844
season_2023-24,m5_k40_cap0.75-1.35,5.0,40.0,0.75-1.35,4333,2959,OREB,0.9052562353968118,-0.010789430132054844,1.0019344016023113
season_2023-24,m5_k40_cap0.75-1.35,5.0,40.0,0.75-1.35,4333,2959,POOLED,,,0.9992151576064279
season_2023-24,m5_k40_cap0.85-1.20,5.0,40.0,0.85-1.20,4333,2959,PTS,5.677730849443063,-0.8421377194172277,0.996517045659417
season_2023-24,m5_k40_cap0.85-1.20,5.0,40.0,0.85-1.20,4333,2959,AST,1.718443941363322,-0.33291713174426274,0.9975711754613732
season_2023-24,m5_k40_cap0.85-1.20,5.0,40.0,0.85-1.20,4333,2959,REB,2.0598602636613674,-0.2428450836525973,0.9966574014946391
season_2023-24,m5_k40_cap0.85-1.20,5.0,40.0,0.85-1.20,4333,2959,STL,0.7914769591239759,-0.04147613369893899,1.0023252913892795
season_2023-24,m5_k40_cap0.85-1.20,5.0,40.0,0.85-1.20,4333,2959,BLK,0.6231760500015685,-0.015370264849088627,1.0027992430380919
season_2023-24,m5_k40_cap0.85-1.20,5.0,40.0,0.85-1.20,4333,2959,FG3M,1.1146487323769005,-0.1024348281215112,0.9994046908997886
season_2023-24,m5_k40_cap0.85-1.20,5.0,40.0,0.85-1.20,4333,2959,TOV,1.079804520097851,-0.06653560301257744,0.9981756706600905
season_2023-24,m5_k40_cap0.85-1.20,5.0,40.0,0.85-1.20,4333,2959,FG3A,1.787711786796488,-0.26303158166504575,0.9974431464223551
season_2023-24,m5_k40_cap0.85-1.20,5.0,40.0,0.85-1.20,4333,2959,OREB,0.905232983442268,-0.010798515905106514,1.001908666421209
season_2023-24,m5_k40_cap0.85-1.20,5.0,40.0,0.85-1.20,4333,2959,POOLED,,,0.9992002590495827
season_2023-24,m5_k80_capnone,5.0,80.0,none,4333,2959,PTS,5.68268117094059,-0.9272193501015273,0.9973858927190242
season_2023-24,m5_k80_capnone,5.0,80.0,none,4333,2959,AST,1.7193861851510879,-0.3561358172541476,0.9981181559128781
season_2023-24,m5_k80_capnone,5.0,80.0,none,4333,2959,REB,2.0619899972367213,-0.2593481491491294,0.9976878668949062
season_2023-24,m5_k80_capnone,5.0,80.0,none,4333,2959,STL,0.79050822350624,-0.04423363756014132,1.0010984859856187
season_2023-24,m5_k80_capnone,5.0,80.0,none,4333,2959,BLK,0.6223043764772513,-0.0165949480036584,1.0013965679026153
season_2023-24,m5_k80_capnone,5.0,80.0,none,4333,2959,FG3M,1.1141589297434695,-0.11119975785275815,0.9989655291843106
season_2023-24,m5_k80_capnone,5.0,80.0,none,4333,2959,TOV,1.080132231435367,-0.07364535412049603,0.99847860834744
season_2023-24,m5_k80_capnone,5.0,80.0,none,4333,2959,FG3A,1.78904021093873,-0.288773569853607,0.9981843327623499
season_2023-24,m5_k80_capnone,5.0,80.0,none,4333,2959,OREB,0.9043903251895461,-0.015413859392353929,1.0009760152455713
season_2023-24,m5_k80_capnone,5.0,80.0,none,4333,2959,POOLED,,,0.9991434949949684
season_2023-24,m5_k80_cap0.75-1.35,5.0,80.0,0.75-1.35,4333,2959,PTS,5.68268117094059,-0.9272193501015273,0.9973858927190242
season_2023-24,m5_k80_cap0.75-1.35,5.0,80.0,0.75-1.35,4333,2959,AST,1.7193861851510879,-0.3561358172541476,0.9981181559128781
season_2023-24,m5_k80_cap0.75-1.35,5.0,80.0,0.75-1.35,4333,2959,REB,2.0619899972367213,-0.2593481491491294,0.9976878668949062
season_2023-24,m5_k80_cap0.75-1.35,5.0,80.0,0.75-1.35,4333,2959,STL,0.79050822350624,-0.04423363756014132,1.0010984859856187
season_2023-24,m5_k80_cap0.75-1.35,5.0,80.0,0.75-1.35,4333,2959,BLK,0.6223041906719685,-0.016595181810266833,1.0013962689094225
season_2023-24,m5_k80_cap0.75-1.35,5.0,80.0,0.75-1.35,4333,2959,FG3M,1.1141632171050326,-0.11119547049119517,0.9989693732736037
season_2023-24,m5_k80_cap0.75-1.35,5.0,80.0,0.75-1.35,4333,2959,TOV,1.080132231435367,-0.07364535412049603,0.99847860834744
season_2023-24,m5_k80_cap0.75-1.35,5.0,80.0,0.75-1.35,4333,2959,FG3A,1.7890512735753192,-0.28875956223546917,0.9981905050945618
season_2023-24,m5_k80_cap0.75-1.35,5.0,80.0,0.75-1.35,4333,2959,OREB,0.9043903251895461,-0.015413859392353929,1.0009760152455713
season_2023-24,m5_k80_cap0.75-1.35,5.0,80.0,0.75-1.35,4333,2959,POOLED,,,0.999144574709225
season_2023-24,m5_k80_cap0.85-1.20,5.0,80.0,0.85-1.20,4333,2959,PTS,5.68268117094059,-0.9272193501015273,0.9973858927190242
season_2023-24,m5_k80_cap0.85-1.20,5.0,80.0,0.85-1.20,4333,2959,AST,1.7193861851510879,-0.3561358172541476,0.9981181559128781
season_2023-24,m5_k80_cap0.85-1.20,5.0,80.0,0.85-1.20,4333,2959,REB,2.0619899972367213,-0.2593481491491294,0.9976878668949062
season_2023-24,m5_k80_cap0.85-1.20,5.0,80.0,0.85-1.20,4333,2959,STL,0.79050822350624,-0.04423363756014132,1.0010984859856187
season_2023-24,m5_k80_cap0.85-1.20,5.0,80.0,0.85-1.20,4333,2959,BLK,0.6222930276157571,-0.016610436838749024,1.0013783055998267
season_2023-24,m5_k80_cap0.85-1.20,5.0,80.0,0.85-1.20,4333,2959,FG3M,1.11417444022647,-0.11119423200528714,0.9989794360313903
season_2023-24,m5_k80_cap0.85-1.20,5.0,80.0,0.85-1.20,4333,2959,TOV,1.080132231435367,-0.07364535412049603,0.99847860834744
season_2023-24,m5_k80_cap0.85-1.20,5.0,80.0,0.85-1.20,4333,2959,FG3A,1.7890790877474563,-0.28872519698122645,0.9982060238462848
season_2023-24,m5_k80_cap0.85-1.20,5.0,80.0,0.85-1.20,4333,2959,OREB,0.9043903251895461,-0.015413859392353929,1.0009760152455713
season_2023-24,m5_k80_cap0.85-1.20,5.0,80.0,0.85-1.20,4333,2959,POOLED,,,0.9991454211758822
season_2023-24,m5_k160_capnone,5.0,160.0,none,4333,2959,PTS,5.688256954277408,-0.9806315125714551,0.998364516624486
season_2023-24,m5_k160_capnone,5.0,160.0,none,4333,2959,AST,1.7206732175703527,-0.37060846296887284,0.9988652890677278
season_2023-24,m5_k160_capnone,5.0,160.0,none,4333,2959,REB,2.064056014986192,-0.2695044039121872,0.9986875035780128
season_2023-24,m5_k160_capnone,5.0,160.0,none,4333,2959,STL,0.7900328153463111,-0.04602837976872714,1.000496429770417
season_2023-24,m5_k160_capnone,5.0,160.0,none,4333,2959,BLK,0.6218546207615095,-0.017511779466941504,1.0006728323044698
season_2023-24,m5_k160_capnone,5.0,160.0,none,4333,2959,FG3M,1.1145063722377437,-0.11666430210880951,0.999277049440432
season_2023-24,m5_k160_capnone,5.0,160.0,none,4333,2959,TOV,1.0806742644693992,-0.07812398810098306,0.998979665878868
season_2023-24,m5_k160_capnone,5.0,160.0,none,4333,2959,FG3A,1.7903772301759433,-0.3047564246225523,0.998930314684404
season_2023-24,m5_k160_capnone,5.0,160.0,none,4333,2959,OREB,0.9039651477307414,-0.018330826714411136,1.0005054303370062
season_2023-24,m5_k160_capnone,5.0,160.0,none,4333,2959,POOLED,,,0.9994198924095359
season_2023-24,m5_k160_cap0.75-1.35,5.0,160.0,0.75-1.35,4333,2959,PTS,5.688256954277408,-0.9806315125714551,0.998364516624486
season_2023-24,m5_k160_cap0.75-1.35,5.0,160.0,0.75-1.35,4333,2959,AST,1.7206732175703527,-0.37060846296887284,0.9988652890677278
season_2023-24,m5_k160_cap0.75-1.35,5.0,160.0,0.75-1.35,4333,2959,REB,2.064056014986192,-0.2695044039121872,0.9986875035780128
season_2023-24,m5_k160_cap0.75-1.35,5.0,160.0,0.75-1.35,4333,2959,STL,0.7900328153463111,-0.04602837976872714,1.000496429770417
season_2023-24,m5_k160_cap0.75-1.35,5.0,160.0,0.75-1.35,4333,2959,BLK,0.6218546207615095,-0.017511779466941504,1.0006728323044698
season_2023-24,m5_k160_cap0.75-1.35,5.0,160.0,0.75-1.35,4333,2959,FG3M,1.1145063722377437,-0.11666430210880951,0.999277049440432
season_2023-24,m5_k160_cap0.75-1.35,5.0,160.0,0.75-1.35,4333,2959,TOV,1.0806742644693992,-0.07812398810098306,0.998979665878868
season_2023-24,m5_k160_cap0.75-1.35,5.0,160.0,0.75-1.35,4333,2959,FG3A,1.7903772301759433,-0.3047564246225523,0.998930314684404
season_2023-24,m5_k160_cap0.75-1.35,5.0,160.0,0.75-1.35,4333,2959,OREB,0.9039651477307414,-0.018330826714411136,1.0005054303370062
season_2023-24,m5_k160_cap0.75-1.35,5.0,160.0,0.75-1.35,4333,2959,POOLED,,,0.9994198924095359
season_2023-24,m5_k160_cap0.85-1.20,5.0,160.0,0.85-1.20,4333,2959,PTS,5.688256954277408,-0.9806315125714551,0.998364516624486
season_2023-24,m5_k160_cap0.85-1.20,5.0,160.0,0.85-1.20,4333,2959,AST,1.7206732175703527,-0.37060846296887284,0.9988652890677278
season_2023-24,m5_k160_cap0.85-1.20,5.0,160.0,0.85-1.20,4333,2959,REB,2.064056014986192,-0.2695044039121872,0.9986875035780128
season_2023-24,m5_k160_cap0.85-1.20,5.0,160.0,0.85-1.20,4333,2959,STL,0.7900328153463111,-0.04602837976872714,1.000496429770417
season_2023-24,m5_k160_cap0.85-1.20,5.0,160.0,0.85-1.20,4333,2959,BLK,0.6218544630121688,-0.017511937216282178,1.000672578458194
season_2023-24,m5_k160_cap0.85-1.20,5.0,160.0,0.85-1.20,4333,2959,FG3M,1.1145087222712002,-0.11666195207535329,0.9992791565028563
season_2023-24,m5_k160_cap0.85-1.20,5.0,160.0,0.85-1.20,4333,2959,TOV,1.0806742644693992,-0.07812398810098306,0.998979665878868
season_2023-24,m5_k160_cap0.85-1.20,5.0,160.0,0.85-1.20,4333,2959,FG3A,1.7903834458475973,-0.30474866718267596,0.9989337826813919
season_2023-24,m5_k160_cap0.85-1.20,5.0,160.0,0.85-1.20,4333,2959,OREB,0.9039651477307414,-0.018330826714411136,1.0005054303370062
season_2023-24,m5_k160_cap0.85-1.20,5.0,160.0,0.85-1.20,4333,2959,POOLED,,,0.9994204836554401
season_2023-24,m5_k320_capnone,5.0,320.0,none,4333,2959,PTS,5.69236277904535,-1.0111791332644806,0.9990851433107873
season_2023-24,m5_k320_capnone,5.0,320.0,none,4333,2959,AST,1.7215496279017337,-0.3788680428030387,0.9993740526435524
season_2023-24,m5_k320_capnone,5.0,320.0,none,4333,2959,REB,2.0653282999808256,-0.2752215606594532,0.9993030949747117
season_2023-24,m5_k320_capnone,5.0,320.0,none,4333,2959,STL,0.7898261312760321,-0.04705215020929158,1.0002346853588082
season_2023-24,m5_k320_capnone,5.0,320.0,none,4333,2959,BLK,0.6216450183287845,-0.018038865936459494,1.000335545335763
season_2023-24,m5_k320_capnone,5.0,320.0,none,4333,2959,FG3M,1.1148504925098277,-0.11975222494940498,0.9995855909604328
season_2023-24,m5_k320_capnone,5.0,320.0,none,4333,2959,TOV,1.0811282981842147,-0.08065778647965018,0.9993993764832904
season_2023-24,m5_k320_capnone,5.0,320.0,none,4333,2959,FG3A,1.7912505670324783,-0.3138525756356214,0.999417587783179
season_2023-24,m5_k320_capnone,5.0,320.0,none,4333,2959,OREB,0.9037423253362753,-0.019992550620417545,1.000258811298403
season_2023-24,m5_k320_capnone,5.0,320.0,none,4333,2959,POOLED,,,0.999665987572103
season_2023-24,m5_k320_cap0.75-1.35,5.0,320.0,0.75-1.35,4333,2959,PTS,5.69236277904535,-1.0111791332644806,0.9990851433107873
season_2023-24,m5_k320_cap0.75-1.35,5.0,320.0,0.75-1.35,4333,2959,AST,1.7215496279017337,-0.3788680428030387,0.9993740526435524
season_2023-24,m5_k320_cap0.75-1.35,5.0,320.0,0.75-1.35,4333,2959,REB,2.0653282999808256,-0.2752215606594532,0.9993030949747117
season_2023-24,m5_k320_cap0.75-1.35,5.0,320.0,0.75-1.35,4333,2959,STL,0.7898261312760321,-0.04705215020929158,1.0002346853588082
season_2023-24,m5_k320_cap0.75-1.35,5.0,320.0,0.75-1.35,4333,2959,BLK,0.6216450183287845,-0.018038865936459494,1.000335545335763
season_2023-24,m5_k320_cap0.75-1.35,5.0,320.0,0.75-1.35,4333,2959,FG3M,1.1148504925098277,-0.11975222494940498,0.9995855909604328
season_2023-24,m5_k320_cap0.75-1.35,5.0,320.0,0.75-1.35,4333,2959,TOV,1.0811282981842147,-0.08065778647965018,0.9993993764832904
season_2023-24,m5_k320_cap0.75-1.35,5.0,320.0,0.75-1.35,4333,2959,FG3A,1.7912505670324783,-0.3138525756356214,0.999417587783179
season_2023-24,m5_k320_cap0.75-1.35,5.0,320.0,0.75-1.35,4333,2959,OREB,0.9037423253362753,-0.019992550620417545,1.000258811298403
season_2023-24,m5_k320_cap0.75-1.35,5.0,320.0,0.75-1.35,4333,2959,POOLED,,,0.999665987572103
season_2023-24,m5_k320_cap0.85-1.20,5.0,320.0,0.85-1.20,4333,2959,PTS,5.69236277904535,-1.0111791332644806,0.9990851433107873
season_2023-24,m5_k320_cap0.85-1.20,5.0,320.0,0.85-1.20,4333,2959,AST,1.7215496279017337,-0.3788680428030387,0.9993740526435524
season_2023-24,m5_k320_cap0.85-1.20,5.0,320.0,0.85-1.20,4333,2959,REB,2.0653282999808256,-0.2752215606594532,0.9993030949747117
season_2023-24,m5_k320_cap0.85-1.20,5.0,320.0,0.85-1.20,4333,2959,STL,0.7898261312760321,-0.04705215020929158,1.0002346853588082
season_2023-24,m5_k320_cap0.85-1.20,5.0,320.0,0.85-1.20,4333,2959,BLK,0.6216450183287845,-0.018038865936459494,1.000335545335763
season_2023-24,m5_k320_cap0.85-1.20,5.0,320.0,0.85-1.20,4333,2959,FG3M,1.1148504925098277,-0.11975222494940498,0.9995855909604328
season_2023-24,m5_k320_cap0.85-1.20,5.0,320.0,0.85-1.20,4333,2959,TOV,1.0811282981842147,-0.08065778647965018,0.9993993764832904
season_2023-24,m5_k320_cap0.85-1.20,5.0,320.0,0.85-1.20,4333,2959,FG3A,1.7912505670324783,-0.3138525756356214,0.999417587783179
season_2023-24,m5_k320_cap0.85-1.20,5.0,320.0,0.85-1.20,4333,2959,OREB,0.9037423253362753,-0.019992550620417545,1.000258811298403
season_2023-24,m5_k320_cap0.85-1.20,5.0,320.0,0.85-1.20,4333,2959,POOLED,,,0.999665987572103
season_2023-24,m8_k0_capnone,8.0,0.0,none,4333,2293,PTS,5.778081712810785,-0.446115108217642,1.0141299527422498
season_2023-24,m8_k0_capnone,8.0,0.0,none,4333,2293,AST,1.7395782970836309,-0.2330821694612074,1.0098398468861747
season_2023-24,m8_k0_capnone,8.0,0.0,none,4333,2293,REB,2.0741047450335075,-0.16102688994565184,1.0035495524043136
season_2023-24,m8_k0_capnone,8.0,0.0,none,4333,2293,STL,0.8012858455698004,-0.02657595830456069,1.0147472511844167
season_2023-24,m8_k0_capnone,8.0,0.0,none,4333,2293,BLK,0.6281315242214298,-0.010748710483912965,1.010773467651761
season_2023-24,m8_k0_capnone,8.0,0.0,none,4333,2293,FG3M,1.1295981540631292,-0.06508339655765528,1.0128084850507912
season_2023-24,m8_k0_capnone,8.0,0.0,none,4333,2293,TOV,1.0870332235717624,-0.04229317848107286,1.0048579134214197
season_2023-24,m8_k0_capnone,8.0,0.0,none,4333,2293,FG3A,1.810109729506562,-0.13740177109769805,1.009939945187752
season_2023-24,m8_k0_capnone,8.0,0.0,none,4333,2293,OREB,0.9180099522259897,0.010787998890025274,1.0160501703093299
season_2023-24,m8_k0_capnone,8.0,0.0,none,4333,2293,POOLED,,,1.0107440649820232
season_2023-24,m8_k0_cap0.75-1.35,8.0,0.0,0.75-1.35,4333,2293,PTS,5.7696322878676,-0.4650192334261479,1.0126469666329787
season_2023-24,m8_k0_cap0.75-1.35,8.0,0.0,0.75-1.35,4333,2293,AST,1.7381988529353833,-0.24345487420779788,1.0090390679446406
season_2023-24,m8_k0_cap0.75-1.35,8.0,0.0,0.75-1.35,4333,2293,REB,2.0725277464053757,-0.16669637033343643,1.0027865262017106
season_2023-24,m8_k0_cap0.75-1.35,8.0,0.0,0.75-1.35,4333,2293,STL,0.7972586208866882,-0.028928005966760983,1.00964717959363
season_2023-24,m8_k0_cap0.75-1.35,8.0,0.0,0.75-1.35,4333,2293,BLK,0.6262658447950736,-0.010903327000161214,1.007771263192047
season_2023-24,m8_k0_cap0.75-1.35,8.0,0.0,0.75-1.35,4333,2293,FG3M,1.125936040978164,-0.07027764811258387,1.0095249995100906
season_2023-24,m8_k0_cap0.75-1.35,8.0,0.0,0.75-1.35,4333,2293,TOV,1.0856300409051796,-0.0438423779277723,1.003560805682745
season_2023-24,m8_k0_cap0.75-1.35,8.0,0.0,0.75-1.35,4333,2293,FG3A,1.8088199768278925,-0.1403541608471572,1.0092203353605862
season_2023-24,m8_k0_cap0.75-1.35,8.0,0.0,0.75-1.35,4333,2293,OREB,0.9144750417863211,0.010008431171878504,1.0121377439292623
season_2023-24,m8_k0_cap0.75-1.35,8.0,0.0,0.75-1.35,4333,2293,POOLED,,,1.008481654227521
season_2023-24,m8_k0_cap0.85-1.20,8.0,0.0,0.85-1.20,4333,2293,PTS,5.751480039605611,-0.5226322292185209,1.0094610063805853
season_2023-24,m8_k0_cap0.85-1.20,8.0,0.0,0.85-1.20,4333,2293,AST,1.7340752073463594,-0.26533600423557274,1.006645256963431
season_2023-24,m8_k0_cap0.85-1.20,8.0,0.0,0.85-1.20,4333,2293,REB,2.0687483596608476,-0.18422990068862957,1.0009578809103308
season_2023-24,m8_k0_cap0.85-1.20,8.0,0.0,0.85-1.20,4333,2293,STL,0.7944192632097088,-0.0325366123664588,1.0060514210840117
season_2023-24,m8_k0_cap0.85-1.20,8.0,0.0,0.85-1.20,4333,2293,BLK,0.6244807123940042,-0.012487286765433894,1.0048986729817673
season_2023-24,m8_k0_cap0.85-1.20,8.0,0.0,0.85-1.20,4333,2293,FG3M,1.1202504714956174,-0.08162499120794353,1.0044272636528246
season_2023-24,m8_k0_cap0.85-1.20,8.0,0.0,0.85-1.20,4333,2293,TOV,1.0835559609462602,-0.0462232803009404,1.0016435177704759
season_2023-24,m8_k0_cap0.85-1.20,8.0,0.0,0.85-1.20,4333,2293,FG3A,1.8039544771646479,-0.153519449644398,1.006505658795344
season_2023-24,m8_k0_cap0.85-1.20,8.0,0.0,0.85-1.20,4333,2293,OREB,0.9106377754805851,0.004400540263958616,1.0078906711453437
season_2023-24,m8_k0_cap0.85-1.20,8.0,0.0,0.85-1.20,4333,2293,POOLED,,,1.0053868166315683
season_2023-24,m8_k3_capnone,8.0,3.0,none,4333,2293,PTS,5.744525548451536,-0.5412703356684635,1.0082404009727748
season_2023-24,m8_k3_capnone,8.0,3.0,none,4333,2293,AST,1.7317703946296925,-0.2558229945271183,1.0053072937772942
season_2023-24,m8_k3_capnone,8.0,3.0,none,4333,2293,REB,2.067049488469136,-0.18133114021271207,1.0001358870220678
season_2023-24,m8_k3_capnone,8.0,3.0,none,4333,2293,STL,0.7978359349803393,-0.029939114763818237,1.010378289337851
season_2023-24,m8_k3_capnone,8.0,3.0,none,4333,2293,BLK,0.6265282291416768,-0.012016766688557693,1.0081934854904777
season_2023-24,m8_k3_capnone,8.0,3.0,none,4333,2293,FG3M,1.1246147841705711,-0.07433939753852871,1.008340348047225
season_2023-24,m8_k3_capnone,8.0,3.0,none,4333,2293,TOV,1.0842364563138627,-0.04743119460821352,1.0022725704437099
season_2023-24,m8_k3_capnone,8.0,3.0,none,4333,2293,FG3A,1.8020206267337344,-0.16868243061875413,1.0054266784626267
season_2023-24,m8_k3_capnone,8.0,3.0,none,4333,2293,OREB,0.9142318386986882,0.005574399977616384,1.0118685676115
season_2023-24,m8_k3_capnone,8.0,3.0,none,4333,2293,POOLED,,,1.0066848356850586
season_2023-24,m8_k3_cap0.75-1.35,8.0,3.0,0.75-1.35,4333,2293,PTS,5.741598244035202,-0.548240695842506,1.0077266202342958
season_2023-24,m8_k3_cap0.75-1.35,8.0,3.0,0.75-1.35,4333,2293,AST,1.731904335604908,-0.2600159451614458,1.0053850476410497
season_2023-24,m8_k3_cap0.75-1.35,8.0,3.0,0.75-1.35,4333,2293,REB,2.0669035892247756,-0.18314082595959896,1.0000652940967467
season_2023-24,m8_k3_cap0.75-1.35,8.0,3.0,0.75-1.35,4333,2293,STL,0.7960124459483148,-0.031268570658131205,1.0080690254302924
season_2023-24,m8_k3_cap0.75-1.35,8.0,3.0,0.75-1.35,4333,2293,BLK,0.6256407949992355,-0.011919587489458629,1.0067654487642845
season_2023-24,m8_k3_cap0.75-1.35,8.0,3.0,0.75-1.35,4333,2293,FG3M,1.123090988718201,-0.07638635680914492,1.0069740985025608
season_2023-24,m8_k3_cap0.75-1.35,8.0,3.0,0.75-1.35,4333,2293,TOV,1.083766763899662,-0.0486678912759751,1.0018383848741717
season_2023-24,m8_k3_cap0.75-1.35,8.0,3.0,0.75-1.35,4333,2293,FG3A,1.801230166968887,-0.17007523308251207,1.0049856461436628
season_2023-24,m8_k3_cap0.75-1.35,8.0,3.0,0.75-1.35,4333,2293,OREB,0.9128992737495853,0.005682174667018813,1.0103936894359409
season_2023-24,m8_k3_cap0.75-1.35,8.0,3.0,0.75-1.35,4333,2293,POOLED,,,1.0058003616803337
season_2023-24,m8_k3_cap0.85-1.20,8.0,3.0,0.85-1.20,4333,2293,PTS,5.731846615417626,-0.5820072873396358,1.0060150801141248
season_2023-24,m8_k3_cap0.85-1.20,8.0,3.0,0.85-1.20,4333,2293,AST,1.7313345791298818,-0.27521784596930676,1.0050542992105436
season_2023-24,m8_k3_cap0.85-1.20,8.0,3.0,0.85-1.20,4333,2293,REB,2.0655117959427516,-0.19391801950542548,0.9993918789625502
season_2023-24,m8_k3_cap0.85-1.20,8.0,3.0,0.85-1.20,4333,2293,STL,0.7940490701824043,-0.033764190049512616,1.005582609162596
season_2023-24,m8_k3_cap0.85-1.20,8.0,3.0,0.85-1.20,4333,2293,BLK,0.6241873982911531,-0.012972811925038113,1.0044266792966592
season_2023-24,m8_k3_cap0.85-1.20,8.0,3.0,0.85-1.20,4333,2293,FG3M,1.119287590349356,-0.08417574120878761,1.0035639352280028
season_2023-24,m8_k3_cap0.85-1.20,8.0,3.0,0.85-1.20,4333,2293,TOV,1.0826616001082923,-0.050040462459647,1.0008167669904646
season_2023-24,m8_k3_cap0.85-1.20,8.0,3.0,0.85-1.20,4333,2293,FG3A,1.7991627568756619,-0.17608290676860058,1.0038321469926463
season_2023-24,m8_k3_cap0.85-1.20,8.0,3.0,0.85-1.20,4333,2293,OREB,0.909917644194393,0.0024289898517242904,1.0070936323831752
season_2023-24,m8_k3_cap0.85-1.20,8.0,3.0,0.85-1.20,4333,2293,POOLED,,,1.003975225371196
season_2023-24,m8_k5_capnone,8.0,5.0,none,4333,2293,PTS,5.730494423703168,-0.5893711914574478,1.0057777525393967
season_2023-24,m8_k5_capnone,8.0,5.0,none,4333,2293,AST,1.7286100598915106,-0.26716778850165035,1.003472692855068
season_2023-24,m8_k5_capnone,8.0,5.0,none,4333,2293,REB,2.064583209349224,-0.1912880144611514,0.9989425850382513
season_2023-24,m8_k5_capnone,8.0,5.0,none,4333,2293,STL,0.7964389093436091,-0.031588729732938046,1.0086090980654179
season_2023-24,m8_k5_capnone,8.0,5.0,none,4333,2293,BLK,0.6258678674902777,-0.012569395090368363,1.0071308481119188
season_2023-24,m8_k5_capnone,8.0,5.0,none,4333,2293,FG3M,1.122625778395391,-0.07883820371756253,1.006556986487478
season_2023-24,m8_k5_capnone,8.0,5.0,none,4333,2293,TOV,1.0830459474996672,-0.05009177053719567,1.0011720592753286
season_2023-24,m8_k5_capnone,8.0,5.0,none,4333,2293,FG3A,1.798921442745328,-0.1840490187405638,1.0036975072105438
season_2023-24,m8_k5_capnone,8.0,5.0,none,4333,2293,OREB,0.9125876333432519,0.0030272173500314474,1.0100487669357407
season_2023-24,m8_k5_capnone,8.0,5.0,none,4333,2293,POOLED,,,1.005045366279905
season_2023-24,m8_k5_cap0.75-1.35,8.0,5.0,0.75-1.35,4333,2293,PTS,5.729143592278052,-0.5938336473475915,1.0055406637134845
season_2023-24,m8_k5_cap0.75-1.35,8.0,5.0,0.75-1.35,4333,2293,AST,1.7289225804891115,-0.2690588661458384,1.0036541136930717
season_2023-24,m8_k5_cap0.75-1.35,8.0,5.0,0.75-1.35,4333,2293,REB,2.064623550121227,-0.1921800932895753,0.9989621038035326
season_2023-24,m8_k5_cap0.75-1.35,8.0,5.0,0.75-1.35,4333,2293,STL,0.7953348905574233,-0.032502169104848884,1.007210970250317
season_2023-24,m8_k5_cap0.75-1.35,8.0,5.0,0.75-1.35,4333,2293,BLK,0.6252921538528591,-0.012463978094839404,1.0062044241907675
season_2023-24,m8_k5_cap0.75-1.35,8.0,5.0,0.75-1.35,4333,2293,FG3M,1.1218050804121513,-0.0801021021613433,1.005821140843521
season_2023-24,m8_k5_cap0.75-1.35,8.0,5.0,0.75-1.35,4333,2293,TOV,1.082752896981038,-0.05110058090236588,1.0009011621893047
season_2023-24,m8_k5_cap0.75-1.35,8.0,5.0,0.75-1.35,4333,2293,FG3A,1.7983542039488276,-0.18470116353316876,1.0033810197016888
season_2023-24,m8_k5_cap0.75-1.35,8.0,5.0,0.75-1.35,4333,2293,OREB,0.9119275124684142,0.003216279359010176,1.0093181474847455
season_2023-24,m8_k5_cap0.75-1.35,8.0,5.0,0.75-1.35,4333,2293,POOLED,,,1.0045548606522703
season_2023-24,m8_k5_cap0.85-1.20,8.0,5.0,0.85-1.20,4333,2293,PTS,5.722550101361346,-0.6171608782805847,1.0043834186338692
season_2023-24,m8_k5_cap0.85-1.20,8.0,5.0,0.85-1.20,4333,2293,AST,1.7294718343574256,-0.28132149980706894,1.0039729601877707
season_2023-24,m8_k5_cap0.85-1.20,8.0,5.0,0.85-1.20,4333,2293,REB,2.06391707598007,-0.1996018597703603,0.998620278343733
season_2023-24,m8_k5_cap0.85-1.20,8.0,5.0,0.85-1.20,4333,2293,STL,0.793762749938171,-0.03463562358960009,1.0052200136139529
season_2023-24,m8_k5_cap0.85-1.20,8.0,5.0,0.85-1.20,4333,2293,BLK,0.6240552315505488,-0.013253693079444205,1.0042139998982251
season_2023-24,m8_k5_cap0.85-1.20,8.0,5.0,0.85-1.20,4333,2293,FG3M,1.1187931837894538,-0.08585023951262051,1.003120645588114
season_2023-24,m8_k5_cap0.85-1.20,8.0,5.0,0.85-1.20,4333,2293,TOV,1.0820384010715665,-0.052328550886229244,1.000240679277494
season_2023-24,m8_k5_cap0.85-1.20,8.0,5.0,0.85-1.20,4333,2293,FG3A,1.7971552373380453,-0.1885548704615155,1.0027120634205104
season_2023-24,m8_k5_cap0.85-1.20,8.0,5.0,0.85-1.20,4333,2293,OREB,0.9095684851105016,0.001199993591883218,1.0067071843432682
season_2023-24,m8_k5_cap0.85-1.20,8.0,5.0,0.85-1.20,4333,2293,POOLED,,,1.0032434714785485
season_2023-24,m8_k10_capnone,8.0,10.0,none,4333,2293,PTS,5.710351995062485,-0.6773578386542068,1.0022424892425486
season_2023-24,m8_k10_capnone,8.0,10.0,none,4333,2293,AST,1.724447082618451,-0.2887481242045068,1.001056049500144
season_2023-24,m8_k10_capnone,8.0,10.0,none,4333,2293,REB,2.060530932315579,-0.20995208846995148,0.9969819025736503
season_2023-24,m8_k10_capnone,8.0,10.0,none,4333,2293,STL,0.7945033508066524,-0.03460778393363918,1.0061579094967659
season_2023-24,m8_k10_capnone,8.0,10.0,none,4333,2293,BLK,0.624783868754732,-0.013532292491135805,1.005386504580975
season_2023-24,m8_k10_capnone,8.0,10.0,none,4333,2293,FG3M,1.1194807136270186,-0.08695788529547598,1.0037370914017927
season_2023-24,m8_k10_capnone,8.0,10.0,none,4333,2293,TOV,1.0814460167330762,-0.05523825014438332,0.9996930767963453
season_2023-24,m8_k10_capnone,8.0,10.0,none,4333,2293,FG3A,1.7942787572088619,-0.21166191045842436,1.0011071484605798
season_2023-24,m8_k10_capnone,8.0,10.0,none,4333,2293,OREB,0.9100093878337572,-0.0016151164716128304,1.0071951739189449
season_2023-24,m8_k10_capnone,8.0,10.0,none,4333,2293,POOLED,,,1.0026174828857495
season_2023-24,m8_k10_cap0.75-1.35,8.0,10.0,0.75-1.35,4333,2293,PTS,5.71016471593546,-0.6786377278412292,1.0022096192726035
season_2023-24,m8_k10_cap0.75-1.35,8.0,10.0,0.75-1.35,4333,2293,AST,1.7244251231506194,-0.28903136096193066,1.0010433018441918
season_2023-24,m8_k10_cap0.75-1.35,8.0,10.0,0.75-1.35,4333,2293,REB,2.0605739988449234,-0.2099951549992956,0.9970027401886988
season_2023-24,m8_k10_cap0.75-1.35,8.0,10.0,0.75-1.35,4333,2293,STL,0.7941370648293549,-0.03494228938586682,1.0056940454579026
season_2023-24,m8_k10_cap0.75-1.35,8.0,10.0,0.75-1.35,4333,2293,BLK,0.6246324774812078,-0.013335391201569572,1.0051428895471617
season_2023-24,m8_k10_cap0.75-1.35,8.0,10.0,0.75-1.35,4333,2293,FG3M,1.1193249435017465,-0.0874756324883205,1.0035974264209093
season_2023-24,m8_k10_cap0.75-1.35,8.0,10.0,0.75-1.35,4333,2293,TOV,1.0813109762628172,-0.0556936905889931,0.99956824483884
season_2023-24,m8_k10_cap0.75-1.35,8.0,10.0,0.75-1.35,4333,2293,FG3A,1.7941201071191748,-0.21172337638233682,1.0010186305877289
season_2023-24,m8_k10_cap0.75-1.35,8.0,10.0,0.75-1.35,4333,2293,OREB,0.9098474379611342,-0.0014953386494148525,1.0070159283723565
season_2023-24,m8_k10_cap0.75-1.35,8.0,10.0,0.75-1.35,4333,2293,POOLED,,,1.0024769807255993
season_2023-24,m8_k10_cap0.85-1.20,8.0,10.0,0.85-1.20,4333,2293,PTS,5.706690537681261,-0.6867834889793163,1.0015998549245264
season_2023-24,m8_k10_cap0.85-1.20,8.0,10.0,0.85-1.20,4333,2293,AST,1.7250810065291295,-0.2959166801380561,1.001424047667269
season_2023-24,m8_k10_cap0.85-1.20,8.0,10.0,0.85-1.20,4333,2293,REB,2.060660241670411,-0.21282274039294255,0.9970444685291424
season_2023-24,m8_k10_cap0.85-1.20,8.0,10.0,0.85-1.20,4333,2293,STL,0.7930840403550271,-0.03650908154694795,1.0043604967665563
season_2023-24,m8_k10_cap0.85-1.20,8.0,10.0,0.85-1.20,4333,2293,BLK,0.6237665016505965,-0.013891298315345127,1.0037493829972484
season_2023-24,m8_k10_cap0.85-1.20,8.0,10.0,0.85-1.20,4333,2293,FG3M,1.11785791790992,-0.08997931139003951,1.0022820772749814
season_2023-24,m8_k10_cap0.85-1.20,8.0,10.0,0.85-1.20,4333,2293,TOV,1.0812163946296194,-0.056918228845497326,0.9994808131941374
season_2023-24,m8_k10_cap0.85-1.20,8.0,10.0,0.85-1.20,4333,2293,FG3A,1.7937086493134116,-0.21336135609553555,1.0007890601550498
season_2023-24,m8_k10_cap0.85-1.20,8.0,10.0,0.85-1.20,4333,2293,OREB,0.9086830472885622,-0.00197062341320521,1.00572718489163
season_2023-24,m8_k10_cap0.85-1.20,8.0,10.0,0.85-1.20,4333,2293,POOLED,,,1.0018285984889488
season_2023-24,m8_k20_capnone,8.0,20.0,none,4333,2293,PTS,5.694758778938685,-0.7795462997189189,0.9995056730608618
season_2023-24,m8_k20_capnone,8.0,20.0,none,4333,2293,AST,1.7214425923179584,-0.31556630561260623,0.9993119175860432
season_2023-24,m8_k20_capnone,8.0,20.0,none,4333,2293,REB,2.059230071907664,-0.23081583785879706,0.9963524850462909
season_2023-24,m8_k20_capnone,8.0,20.0,none,4333,2293,STL,0.7926949333748267,-0.03820569621575257,1.003867732242188
season_2023-24,m8_k20_capnone,8.0,20.0,none,4333,2293,BLK,0.6236370906172742,-0.014639797081479784,1.0035411380137385
season_2023-24,m8_k20_capnone,8.0,20.0,none,4333,2293,FG3M,1.1165020372503758,-0.09676837757726672,1.0010663817360297
season_2023-24,m8_k20_capnone,8.0,20.0,none,4333,2293,TOV,1.0802437881321298,-0.06186242269493746,0.9985817318096364
season_2023-24,m8_k20_capnone,8.0,20.0,none,4333,2293,FG3A,1.790325526016933,-0.2431682918046733,0.9989014666567593
season_2023-24,m8_k20_capnone,8.0,20.0,none,4333,2293,OREB,0.9074267757526269,-0.007021087847978172,1.0043367479960967
season_2023-24,m8_k20_capnone,8.0,20.0,none,4333,2293,POOLED,,,1.0006072526830718
season_2023-24,m8_k20_cap0.75-1.35,8.0,20.0,0.75-1.35,4333,2293,PTS,5.694758778938685,-0.7795462997189189,0.9995056730608618
season_2023-24,m8_k20_cap0.75-1.35,8.0,20.0,0.75-1.35,4333,2293,AST,1.7214425923179584,-0.31556630561260623,0.9993119175860432
season_2023-24,m8_k20_cap0.75-1.35,8.0,20.0,0.75-1.35,4333,2293,REB,2.059230071907664,-0.23081583785879706,0.9963524850462909
season_2023-24,m8_k20_cap0.75-1.35,8.0,20.0,0.75-1.35,4333,2293,STL,0.7926918216607262,-0.03819978911422184,1.0038637915718924
season_2023-24,m8_k20_cap0.75-1.35,8.0,20.0,0.75-1.35,4333,2293,BLK,0.6236521389427215,-0.014554108445463811,1.0035653534009754
season_2023-24,m8_k20_cap0.75-1.35,8.0,20.0,0.75-1.35,4333,2293,FG3M,1.116529999590508,-0.09679578351908087,1.001091453037046
season_2023-24,m8_k20_cap0.75-1.35,8.0,20.0,0.75-1.35,4333,2293,TOV,1.0802326460342324,-0.061875220177929076,0.9985714320092242
season_2023-24,m8_k20_cap0.75-1.35,8.0,20.0,0.75-1.35,4333,2293,FG3A,1.7904020747843352,-0.24306222017952442,0.9989441765857178
season_2023-24,m8_k20_cap0.75-1.35,8.0,20.0,0.75-1.35,4333,2293,OREB,0.9074092490518498,-0.007013837732456249,1.0043173495056268
season_2023-24,m8_k20_cap0.75-1.35,8.0,20.0,0.75-1.35,4333,2293,POOLED,,,1.0006137368670756
season_2023-24,m8_k20_cap0.85-1.20,8.0,20.0,0.85-1.20,4333,2293,PTS,5.694061792057274,-0.7820867331734278,0.9993833426217577
season_2023-24,m8_k20_cap0.85-1.20,8.0,20.0,0.85-1.20,4333,2293,AST,1.7212288836036709,-0.3166232259308397,0.9991878578781955
season_2023-24,m8_k20_cap0.85-1.20,8.0,20.0,0.85-1.20,4333,2293,REB,2.059304273047224,-0.23104804358811698,0.996388387051998
season_2023-24,m8_k20_cap0.85-1.20,8.0,20.0,0.85-1.20,4333,2293,STL,0.7922430178619635,-0.03902536830136044,1.0032954270817003
season_2023-24,m8_k20_cap0.85-1.20,8.0,20.0,0.85-1.20,4333,2293,BLK,0.6233019716100835,-0.014753501332352816,1.00300187292687
season_2023-24,m8_k20_cap0.85-1.20,8.0,20.0,0.85-1.20,4333,2293,FG3M,1.1161192236699804,-0.0975164136867943,1.0007231474265343
season_2023-24,m8_k20_cap0.85-1.20,8.0,20.0,0.85-1.20,4333,2293,TOV,1.0801632742657732,-0.06275535917451434,0.9985073044655642
season_2023-24,m8_k20_cap0.85-1.20,8.0,20.0,0.85-1.20,4333,2293,FG3A,1.7902968422515946,-0.24343888941492817,0.9988854627206876
season_2023-24,m8_k20_cap0.85-1.20,8.0,20.0,0.85-1.20,4333,2293,OREB,0.9072017654951239,-0.006971395622380743,1.0040877074384176
season_2023-24,m8_k20_cap0.85-1.20,8.0,20.0,0.85-1.20,4333,2293,POOLED,,,1.0003845010679693
season_2023-24,m8_k40_capnone,8.0,40.0,none,4333,2293,PTS,5.689214905814912,-0.8734670565954153,0.99853264982089
season_2023-24,m8_k40_capnone,8.0,40.0,none,4333,2293,AST,1.7200829772147141,-0.341188126432994,0.9985226495720733
season_2023-24,m8_k40_capnone,8.0,40.0,none,4333,2293,REB,2.0607741928776955,-0.2493257602836607,0.9970996034895825
season_2023-24,m8_k40_capnone,8.0,40.0,none,4333,2293,STL,0.7911812119571221,-0.04169577720604666,1.0019507575992848
season_2023-24,m8_k40_capnone,8.0,40.0,none,4333,2293,BLK,0.622605142474733,-0.015785196981745957,1.0018805529893424
season_2023-24,m8_k40_capnone,8.0,40.0,none,4333,2293,FG3M,1.1147969131050748,-0.10606294208183567,0.9995375511548058
season_2023-24,m8_k40_capnone,8.0,40.0,none,4333,2293,TOV,1.0798792970239284,-0.06913366658393971,0.9982447947533388
season_2023-24,m8_k40_capnone,8.0,40.0,none,4333,2293,FG3A,1.7895787794060671,-0.2721956171264462,0.9984848238317673
season_2023-24,m8_k40_capnone,8.0,40.0,none,4333,2293,OREB,0.905498696479203,-0.012260897624759405,1.0022027566712945
season_2023-24,m8_k40_capnone,8.0,40.0,none,4333,2293,POOLED,,,0.9996062377647088
season_2023-24,m8_k40_cap0.75-1.35,8.0,40.0,0.75-1.35,4333,2293,PTS,5.689214905814912,-0.8734670565954153,0.99853264982089
season_2023-24,m8_k40_cap0.75-1.35,8.0,40.0,0.75-1.35,4333,2293,AST,1.7200829772147141,-0.341188126432994,0.9985226495720733
season_2023-24,m8_k40_cap0.75-1.35,8.0,40.0,0.75-1.35,4333,2293,REB,2.0607741928776955,-0.2493257602836607,0.9970996034895825
season_2023-24,m8_k40_cap0.75-1.35,8.0,40.0,0.75-1.35,4333,2293,STL,0.7911812119571221,-0.04169577720604666,1.0019507575992848
season_2023-24,m8_k40_cap0.75-1.35,8.0,40.0,0.75-1.35,4333,2293,BLK,0.6225985725381065,-0.015793633096625667,1.0018699808123854
season_2023-24,m8_k40_cap0.75-1.35,8.0,40.0,0.75-1.35,4333,2293,FG3M,1.1148128659544883,-0.10605519509214995,0.9995518546318332
season_2023-24,m8_k40_cap0.75-1.35,8.0,40.0,0.75-1.35,4333,2293,TOV,1.0798792970239284,-0.06913366658393971,0.9982447947533388
season_2023-24,m8_k40_cap0.75-1.35,8.0,40.0,0.75-1.35,4333,2293,FG3A,1.789620402503676,-0.2721404403039683,0.9985080471912313
season_2023-24,m8_k40_cap0.75-1.35,8.0,40.0,0.75-1.35,4333,2293,OREB,0.905498696479203,-0.012260897624759405,1.0022027566712945
season_2023-24,m8_k40_cap0.75-1.35,8.0,40.0,0.75-1.35,4333,2293,POOLED,,,0.9996092327268794
season_2023-24,m8_k40_cap0.85-1.20,8.0,40.0,0.85-1.20,4333,2293,PTS,5.689214905814912,-0.8734670565954153,0.99853264982089
season_2023-24,m8_k40_cap0.85-1.20,8.0,40.0,0.85-1.20,4333,2293,AST,1.7200389779256489,-0.3411501277440145,0.998497107614343
season_2023-24,m8_k40_cap0.85-1.20,8.0,40.0,0.85-1.20,4333,2293,REB,2.0607741928776955,-0.2493257602836607,0.9970996034895825
season_2023-24,m8_k40_cap0.85-1.20,8.0,40.0,0.85-1.20,4333,2293,STL,0.7911619986843451,-0.04171162441804469,1.0019264259380625
season_2023-24,m8_k40_cap0.85-1.20,8.0,40.0,0.85-1.20,4333,2293,BLK,0.622598615392777,-0.01575510974268274,1.0018700497730448
season_2023-24,m8_k40_cap0.85-1.20,8.0,40.0,0.85-1.20,4333,2293,FG3M,1.1148162388668017,-0.10614569329792131,0.9995548788172022
season_2023-24,m8_k40_cap0.85-1.20,8.0,40.0,0.85-1.20,4333,2293,TOV,1.079852992539708,-0.06917613327373395,0.9982204787816149
season_2023-24,m8_k40_cap0.85-1.20,8.0,40.0,0.85-1.20,4333,2293,FG3A,1.7896680159621041,-0.2720915161325612,0.9985346128368445
season_2023-24,m8_k40_cap0.85-1.20,8.0,40.0,0.85-1.20,4333,2293,OREB,0.9054736035863677,-0.01224779801756537,1.0021749839461984
season_2023-24,m8_k40_cap0.85-1.20,8.0,40.0,0.85-1.20,4333,2293,POOLED,,,0.9996011990019756
season_2023-24,m8_k80_capnone,8.0,80.0,none,4333,2293,PTS,5.689557179706924,-0.9438839949042684,0.9985927234271806
season_2023-24,m8_k80_capnone,8.0,80.0,none,4333,2293,AST,1.7203323293038664,-0.3605318392231649,0.9986674005591099
season_2023-24,m8_k80_capnone,8.0,80.0,none,4333,2293,REB,2.0625988987086386,-0.2627975840345745,0.9979824821022935
season_2023-24,m8_k80_capnone,8.0,80.0,none,4333,2293,STL,0.7903495812813195,-0.044370539140369154,1.0008975816984036
season_2023-24,m8_k80_capnone,8.0,80.0,none,4333,2293,BLK,0.622004541979581,-0.01684468559385997,1.0009140817619817
season_2023-24,m8_k80_capnone,8.0,80.0,none,4333,2293,FG3M,1.1143730370305058,-0.11318193740336238,0.9991574998211619
season_2023-24,m8_k80_capnone,8.0,80.0,none,4333,2293,TOV,1.0802792112886115,-0.07504178856234416,0.9986144771189215
season_2023-24,m8_k80_capnone,8.0,80.0,none,4333,2293,FG3A,1.7902379669967519,-0.29361290734559986,0.9988526136228238
season_2023-24,m8_k80_capnone,8.0,80.0,none,4333,2293,OREB,0.9045573049557208,-0.01621657524732358,1.001160827860564
season_2023-24,m8_k80_capnone,8.0,80.0,none,4333,2293,POOLED,,,0.9994266319969377
season_2023-24,m8_k80_cap0.75-1.35,8.0,80.0,0.75-1.35,4333,2293,PTS,5.689557179706924,-0.9438839949042684,0.9985927234271806
season_2023-24,m8_k80_cap0.75-1.35,8.0,80.0,0.75-1.35,4333,2293,AST,1.7203323293038664,-0.3605318392231649,0.9986674005591099
season_2023-24,m8_k80_cap0.75-1.35,8.0,80.0,0.75-1.35,4333,2293,REB,2.0625988987086386,-0.2627975840345745,0.9979824821022935
season_2023-24,m8_k80_cap0.75-1.35,8.0,80.0,0.75-1.35,4333,2293,STL,0.7903495812813195,-0.044370539140369154,1.0008975816984036
season_2023-24,m8_k80_cap0.75-1.35,8.0,80.0,0.75-1.35,4333,2293,BLK,0.6220044667821797,-0.016844808792586766,1.000913960756213
season_2023-24,m8_k80_cap0.75-1.35,8.0,80.0,0.75-1.35,4333,2293,FG3M,1.1143773243920687,-0.1131776500417994,0.9991613439104549
season_2023-24,m8_k80_cap0.75-1.35,8.0,80.0,0.75-1.35,4333,2293,TOV,1.0802792112886115,-0.07504178856234416,0.9986144771189215
season_2023-24,m8_k80_cap0.75-1.35,8.0,80.0,0.75-1.35,4333,2293,FG3A,1.7902490296333409,-0.293598899727462,0.9988587859550356
season_2023-24,m8_k80_cap0.75-1.35,8.0,80.0,0.75-1.35,4333,2293,OREB,0.9045573049557208,-0.01621657524732358,1.001160827860564
season_2023-24,m8_k80_cap0.75-1.35,8.0,80.0,0.75-1.35,4333,2293,POOLED,,,0.9994277314875752
season_2023-24,m8_k80_cap0.85-1.20,8.0,80.0,0.85-1.20,4333,2293,PTS,5.689557179706924,-0.9438839949042684,0.9985927234271806
season_2023-24,m8_k80_cap0.85-1.20,8.0,80.0,0.85-1.20,4333,2293,AST,1.7203323293038664,-0.3605318392231649,0.9986674005591099
season_2023-24,m8_k80_cap0.85-1.20,8.0,80.0,0.85-1.20,4333,2293,REB,2.0625988987086386,-0.2627975840345745,0.9979824821022935
season_2023-24,m8_k80_cap0.85-1.20,8.0,80.0,0.85-1.20,4333,2293,STL,0.7903495812813195,-0.044370539140369154,1.0008975816984036
season_2023-24,m8_k80_cap0.85-1.20,8.0,80.0,0.85-1.20,4333,2293,BLK,0.621998336412166,-0.016855026598200235,1.0009040959188058
season_2023-24,m8_k80_cap0.85-1.20,8.0,80.0,0.85-1.20,4333,2293,FG3M,1.1143894742439189,-0.11317743447016712,0.9991722375835737
season_2023-24,m8_k80_cap0.85-1.20,8.0,80.0,0.85-1.20,4333,2293,TOV,1.0802792112886115,-0.07504178856234416,0.9986144771189215
season_2023-24,m8_k80_cap0.85-1.20,8.0,80.0,0.85-1.20,4333,2293,FG3A,1.7902788084438324,-0.29356256983486506,0.9988754008650299
season_2023-24,m8_k80_cap0.85-1.20,8.0,80.0,0.85-1.20,4333,2293,OREB,0.9045573049557208,-0.01621657524732358,1.001160827860564
season_2023-24,m8_k80_cap0.85-1.20,8.0,80.0,0.85-1.20,4333,2293,POOLED,,,0.9994296919037647
season_2023-24,m8_k160_capnone,8.0,160.0,none,4333,2293,PTS,5.692065264130472,-0.989235543756268,0.9990329254984471
season_2023-24,m8_k160_capnone,8.0,160.0,none,4333,2293,AST,1.7212103440768247,-0.37287943019316405,0.9991770955267779
season_2023-24,m8_k160_capnone,8.0,160.0,none,4333,2293,REB,2.0643780887887067,-0.2712860968476313,0.9988433380512373
season_2023-24,m8_k160_capnone,8.0,160.0,none,4333,2293,STL,0.789955265189028,-0.04609742145337105,1.0003982203619182
season_2023-24,m8_k160_capnone,8.0,160.0,none,4333,2293,BLK,0.621711761060798,-0.01764010012911395,1.0004429460632802
season_2023-24,m8_k160_capnone,8.0,160.0,none,4333,2293,FG3M,1.11467180204398,-0.11768944563381313,0.9994253753834533
season_2023-24,m8_k160_capnone,8.0,160.0,none,4333,2293,TOV,1.0807879597916135,-0.0788426177808596,0.9990847662950914
season_2023-24,m8_k160_capnone,8.0,160.0,none,4333,2293,FG3A,1.7910294930510708,-0.30725975027342806,0.999294240871649
season_2023-24,m8_k160_capnone,8.0,160.0,none,4333,2293,OREB,0.9040607761579748,-0.01874389666057526,1.0006112715422582
season_2023-24,m8_k160_capnone,8.0,160.0,none,4333,2293,POOLED,,,0.9995900199549013
season_2023-24,m8_k160_cap0.75-1.35,8.0,160.0,0.75-1.35,4333,2293,PTS,5.692065264130472,-0.989235543756268,0.9990329254984471
season_2023-24,m8_k160_cap0.75-1.35,8.0,160.0,0.75-1.35,4333,2293,AST,1.7212103440768247,-0.37287943019316405,0.9991770955267779
season_2023-24,m8_k160_cap0.75-1.35,8.0,160.0,0.75-1.35,4333,2293,REB,2.0643780887887067,-0.2712860968476313,0.9988433380512373
season_2023-24,m8_k160_cap0.75-1.35,8.0,160.0,0.75-1.35,4333,2293,STL,0.789955265189028,-0.04609742145337105,1.0003982203619182
season_2023-24,m8_k160_cap0.75-1.35,8.0,160.0,0.75-1.35,4333,2293,BLK,0.621711761060798,-0.01764010012911395,1.0004429460632802
season_2023-24,m8_k160_cap0.75-1.35,8.0,160.0,0.75-1.35,4333,2293,FG3M,1.11467180204398,-0.11768944563381313,0.9994253753834533
season_2023-24,m8_k160_cap0.75-1.35,8.0,160.0,0.75-1.35,4333,2293,TOV,1.0807879597916135,-0.0788426177808596,0.9990847662950914
season_2023-24,m8_k160_cap0.75-1.35,8.0,160.0,0.75-1.35,4333,2293,FG3A,1.7910294930510708,-0.30725975027342806,0.999294240871649
season_2023-24,m8_k160_cap0.75-1.35,8.0,160.0,0.75-1.35,4333,2293,OREB,0.9040607761579748,-0.01874389666057526,1.0006112715422582
season_2023-24,m8_k160_cap0.75-1.35,8.0,160.0,0.75-1.35,4333,2293,POOLED,,,0.9995900199549013
season_2023-24,m8_k160_cap0.85-1.20,8.0,160.0,0.85-1.20,4333,2293,PTS,5.692065264130472,-0.989235543756268,0.9990329254984471
season_2023-24,m8_k160_cap0.85-1.20,8.0,160.0,0.85-1.20,4333,2293,AST,1.7212103440768247,-0.37287943019316405,0.9991770955267779
season_2023-24,m8_k160_cap0.85-1.20,8.0,160.0,0.85-1.20,4333,2293,REB,2.0643780887887067,-0.2712860968476313,0.9988433380512373
season_2023-24,m8_k160_cap0.85-1.20,8.0,160.0,0.85-1.20,4333,2293,STL,0.789955265189028,-0.04609742145337105,1.0003982203619182
season_2023-24,m8_k160_cap0.85-1.20,8.0,160.0,0.85-1.20,4333,2293,BLK,0.621711761060798,-0.01764010012911395,1.0004429460632802
season_2023-24,m8_k160_cap0.85-1.20,8.0,160.0,0.85-1.20,4333,2293,FG3M,1.1146741520774364,-0.11768709560035691,0.9994274824458773
season_2023-24,m8_k160_cap0.85-1.20,8.0,160.0,0.85-1.20,4333,2293,TOV,1.0807879597916135,-0.0788426177808596,0.9990847662950914
season_2023-24,m8_k160_cap0.85-1.20,8.0,160.0,0.85-1.20,4333,2293,FG3A,1.7910357087227247,-0.30725199283355176,0.9992977088686367
season_2023-24,m8_k160_cap0.85-1.20,8.0,160.0,0.85-1.20,4333,2293,OREB,0.9040607761579748,-0.01874389666057526,1.0006112715422582
season_2023-24,m8_k160_cap0.85-1.20,8.0,160.0,0.85-1.20,4333,2293,POOLED,,,0.9995906394059471
season_2023-24,m8_k320_capnone,8.0,320.0,none,4333,2293,PTS,5.694335667111498,-1.015551886569158,0.9994314113251099
season_2023-24,m8_k320_capnone,8.0,320.0,none,4333,2293,AST,1.7218274694524767,-0.38002255442652444,0.9995353420028938
season_2023-24,m8_k320_capnone,8.0,320.0,none,4333,2293,REB,2.0654954708958675,-0.27612726619146793,0.9993839801360649
season_2023-24,m8_k320_capnone,8.0,320.0,none,4333,2293,STL,0.7897893110770129,-0.04708676306253948,1.0001880563113223
season_2023-24,m8_k320_capnone,8.0,320.0,none,4333,2293,BLK,0.6215727305091758,-0.018103701483404507,1.000219221592602
season_2023-24,m8_k320_capnone,8.0,320.0,none,4333,2293,FG3M,1.1149476119138222,-0.12027357437243223,0.9996726691448958
season_2023-24,m8_k320_capnone,8.0,320.0,none,4333,2293,TOV,1.08118883495194,-0.08102237559118741,0.9994553369164976
season_2023-24,m8_k320_capnone,8.0,320.0,none,4333,2293,FG3A,1.7915967251882903,-0.31512544429733613,0.9996107246649979
season_2023-24,m8_k320_capnone,8.0,320.0,none,4333,2293,OREB,0.9037933945898268,-0.02020207918643275,1.0003153345677236
season_2023-24,m8_k320_capnone,8.0,320.0,none,4333,2293,POOLED,,,0.9997568974069008
season_2023-24,m8_k320_cap0.75-1.35,8.0,320.0,0.75-1.35,4333,2293,PTS,5.694335667111498,-1.015551886569158,0.9994314113251099
season_2023-24,m8_k320_cap0.75-1.35,8.0,320.0,0.75-1.35,4333,2293,AST,1.7218274694524767,-0.38002255442652444,0.9995353420028938
season_2023-24,m8_k320_cap0.75-1.35,8.0,320.0,0.75-1.35,4333,2293,REB,2.0654954708958675,-0.27612726619146793,0.9993839801360649
season_2023-24,m8_k320_cap0.75-1.35,8.0,320.0,0.75-1.35,4333,2293,STL,0.7897893110770129,-0.04708676306253948,1.0001880563113223
season_2023-24,m8_k320_cap0.75-1.35,8.0,320.0,0.75-1.35,4333,2293,BLK,0.6215727305091758,-0.018103701483404507,1.000219221592602
season_2023-24,m8_k320_cap0.75-1.35,8.0,320.0,0.75-1.35,4333,2293,FG3M,1.1149476119138222,-0.12027357437243223,0.9996726691448958
season_2023-24,m8_k320_cap0.75-1.35,8.0,320.0,0.75-1.35,4333,2293,TOV,1.08118883495194,-0.08102237559118741,0.9994553369164976
season_2023-24,m8_k320_cap0.75-1.35,8.0,320.0,0.75-1.35,4333,2293,FG3A,1.7915967251882903,-0.31512544429733613,0.9996107246649979
season_2023-24,m8_k320_cap0.75-1.35,8.0,320.0,0.75-1.35,4333,2293,OREB,0.9037933945898268,-0.02020207918643275,1.0003153345677236
season_2023-24,m8_k320_cap0.75-1.35,8.0,320.0,0.75-1.35,4333,2293,POOLED,,,0.9997568974069008
season_2023-24,m8_k320_cap0.85-1.20,8.0,320.0,0.85-1.20,4333,2293,PTS,5.694335667111498,-1.015551886569158,0.9994314113251099
season_2023-24,m8_k320_cap0.85-1.20,8.0,320.0,0.85-1.20,4333,2293,AST,1.7218274694524767,-0.38002255442652444,0.9995353420028938
season_2023-24,m8_k320_cap0.85-1.20,8.0,320.0,0.85-1.20,4333,2293,REB,2.0654954708958675,-0.27612726619146793,0.9993839801360649
season_2023-24,m8_k320_cap0.85-1.20,8.0,320.0,0.85-1.20,4333,2293,STL,0.7897893110770129,-0.04708676306253948,1.0001880563113223
season_2023-24,m8_k320_cap0.85-1.20,8.0,320.0,0.85-1.20,4333,2293,BLK,0.6215727305091758,-0.018103701483404507,1.000219221592602
season_2023-24,m8_k320_cap0.85-1.20,8.0,320.0,0.85-1.20,4333,2293,FG3M,1.1149476119138222,-0.12027357437243223,0.9996726691448958
season_2023-24,m8_k320_cap0.85-1.20,8.0,320.0,0.85-1.20,4333,2293,TOV,1.08118883495194,-0.08102237559118741,0.9994553369164976
season_2023-24,m8_k320_cap0.85-1.20,8.0,320.0,0.85-1.20,4333,2293,FG3A,1.7915967251882903,-0.31512544429733613,0.9996107246649979
season_2023-24,m8_k320_cap0.85-1.20,8.0,320.0,0.85-1.20,4333,2293,OREB,0.9037933945898268,-0.02020207918643275,1.0003153345677236
season_2023-24,m8_k320_cap0.85-1.20,8.0,320.0,0.85-1.20,4333,2293,POOLED,,,0.9997568974069008
season_2023-24,m12_k0_capnone,12.0,0.0,none,4333,1646,PTS,5.749294102914402,-0.6467241165589136,1.0090773455077322
season_2023-24,m12_k0_capnone,12.0,0.0,none,4333,1646,AST,1.7365546710789552,-0.28165007981403584,1.0080846065346931
season_2023-24,m12_k0_capnone,12.0,0.0,none,4333,1646,REB,2.0749101429524646,-0.20778040283381483,1.0039392418464752
season_2023-24,m12_k0_capnone,12.0,0.0,none,4333,1646,STL,0.79653664328381,-0.029964221375279328,1.0087328681877965
season_2023-24,m12_k0_capnone,12.0,0.0,none,4333,1646,BLK,0.625024710442653,-0.014021359913187372,1.0057740609742902
season_2023-24,m12_k0_capnone,12.0,0.0,none,4333,1646,FG3M,1.1214320432241687,-0.08410460560826195,1.005486672140762
season_2023-24,m12_k0_capnone,12.0,0.0,none,4333,1646,TOV,1.08501821212616,-0.05303543186209403,1.0029952286820378
season_2023-24,m12_k0_capnone,12.0,0.0,none,4333,1646,FG3A,1.805771965332365,-0.19885653133477085,1.0075197154961961
season_2023-24,m12_k0_capnone,12.0,0.0,none,4333,1646,OREB,0.9124619384683307,-0.0009144254148950389,1.0099096482924614
season_2023-24,m12_k0_capnone,12.0,0.0,none,4333,1646,POOLED,,,1.0068354875180494
season_2023-24,m12_k0_cap0.75-1.35,12.0,0.0,0.75-1.35,4333,1646,PTS,5.746226482085724,-0.6547067033402375,1.0085389373784182
season_2023-24,m12_k0_cap0.75-1.35,12.0,0.0,0.75-1.35,4333,1646,AST,1.7354445034361459,-0.28662564909018245,1.0074401448715924
season_2023-24,m12_k0_cap0.75-1.35,12.0,0.0,0.75-1.35,4333,1646,REB,2.0738976388258568,-0.20942967092592937,1.0034493446677055
season_2023-24,m12_k0_cap0.75-1.35,12.0,0.0,0.75-1.35,4333,1646,STL,0.795109337240263,-0.03255596200792115,1.0069253298513887
season_2023-24,m12_k0_cap0.75-1.35,12.0,0.0,0.75-1.35,4333,1646,BLK,0.6241825189670017,-0.014284043446905946,1.0044188276108224
season_2023-24,m12_k0_cap0.75-1.35,12.0,0.0,0.75-1.35,4333,1646,FG3M,1.1197669971829078,-0.0867709466853503,1.0039937759700988
season_2023-24,m12_k0_cap0.75-1.35,12.0,0.0,0.75-1.35,4333,1646,TOV,1.08415523389385,-0.05440193631675353,1.0021974881097693
season_2023-24,m12_k0_cap0.75-1.35,12.0,0.0,0.75-1.35,4333,1646,FG3A,1.8050736499108164,-0.2002177635494981,1.0071300945648978
season_2023-24,m12_k0_cap0.75-1.35,12.0,0.0,0.75-1.35,4333,1646,OREB,0.9112947303216996,-0.0003325001802346673,1.008617786441405
season_2023-24,m12_k0_cap0.75-1.35,12.0,0.0,0.75-1.35,4333,1646,POOLED,,,1.0058568588295664
season_2023-24,m12_k0_cap0.85-1.20,12.0,0.0,0.85-1.20,4333,1646,PTS,5.732415797509735,-0.6890369538270763,1.0061149791181303
season_2023-24,m12_k0_cap0.85-1.20,12.0,0.0,0.85-1.20,4333,1646,AST,1.7330596825746407,-0.30086098971157177,1.006055736283792
season_2023-24,m12_k0_cap0.85-1.20,12.0,0.0,0.85-1.20,4333,1646,REB,2.071949870481449,-0.21952952853535374,1.0025069226155414
season_2023-24,m12_k0_cap0.85-1.20,12.0,0.0,0.85-1.20,4333,1646,STL,0.7934306100244211,-0.0354217866231237,1.0047993921012308
season_2023-24,m12_k0_cap0.85-1.20,12.0,0.0,0.85-1.20,4333,1646,BLK,0.6227803927147844,-0.01532815384549225,1.0021625612726603
season_2023-24,m12_k0_cap0.85-1.20,12.0,0.0,0.85-1.20,4333,1646,FG3M,1.1159902353321023,-0.09439241850352448,1.0006074952518158
season_2023-24,m12_k0_cap0.85-1.20,12.0,0.0,0.85-1.20,4333,1646,TOV,1.0829487497159787,-0.055843933419970855,1.0010822092505194
season_2023-24,m12_k0_cap0.85-1.20,12.0,0.0,0.85-1.20,4333,1646,FG3A,1.801024402939558,-0.2088812949676294,1.004870841328731
season_2023-24,m12_k0_cap0.85-1.20,12.0,0.0,0.85-1.20,4333,1646,OREB,0.908978141408158,-0.0028381458277997196,1.0060537940201537
season_2023-24,m12_k0_cap0.85-1.20,12.0,0.0,0.85-1.20,4333,1646,POOLED,,,1.003805992360286
season_2023-24,m12_k3_capnone,12.0,3.0,none,4333,1646,PTS,5.7328076747055565,-0.7010076794632782,1.0061837587619347
season_2023-24,m12_k3_capnone,12.0,3.0,none,4333,1646,AST,1.7328224041936522,-0.2951969974442142,1.0059179941859926
season_2023-24,m12_k3_capnone,12.0,3.0,none,4333,1646,REB,2.0712088733550136,-0.21801951671391406,1.0021483933096575
season_2023-24,m12_k3_capnone,12.0,3.0,none,4333,1646,STL,0.794899719213981,-0.03251515467709472,1.0066598698820852
season_2023-24,m12_k3_capnone,12.0,3.0,none,4333,1646,BLK,0.6243529722850436,-0.014544338869170344,1.0046931168077602
season_2023-24,m12_k3_capnone,12.0,3.0,none,4333,1646,FG3M,1.1192385449187197,-0.08927780922306391,1.0035199606268381
season_2023-24,m12_k3_capnone,12.0,3.0,none,4333,1646,TOV,1.0836007075346186,-0.056471894198259966,1.0016848816979398
season_2023-24,m12_k3_capnone,12.0,3.0,none,4333,1646,FG3A,1.8011733172685505,-0.21705674813787376,1.0049539271918746
season_2023-24,m12_k3_capnone,12.0,3.0,none,4333,1646,OREB,0.9104816141141174,-0.0036736338363139442,1.007717832296908
season_2023-24,m12_k3_capnone,12.0,3.0,none,4333,1646,POOLED,,,1.0048310816401098
season_2023-24,m12_k3_cap0.75-1.35,12.0,3.0,0.75-1.35,4333,1646,PTS,5.731678954140967,-0.7054103260024671,1.0059856533370342
season_2023-24,m12_k3_cap0.75-1.35,12.0,3.0,0.75-1.35,4333,1646,AST,1.7323188159573963,-0.2969035371303037,1.00562565697516
season_2023-24,m12_k3_cap0.75-1.35,12.0,3.0,0.75-1.35,4333,1646,REB,2.0709001698470226,-0.21846925627807712,1.001999028014577
season_2023-24,m12_k3_cap0.75-1.35,12.0,3.0,0.75-1.35,4333,1646,STL,0.7942014594666763,-0.03407509833344369,1.0057755947346985
season_2023-24,m12_k3_cap0.75-1.35,12.0,3.0,0.75-1.35,4333,1646,BLK,0.6239640089564887,-0.01459756421766166,1.0040672067917327
season_2023-24,m12_k3_cap0.75-1.35,12.0,3.0,0.75-1.35,4333,1646,FG3M,1.1183942988629565,-0.09043254212907988,1.0027630015563296
season_2023-24,m12_k3_cap0.75-1.35,12.0,3.0,0.75-1.35,4333,1646,TOV,1.083160732512545,-0.05756628724319208,1.0012781670060136
season_2023-24,m12_k3_cap0.75-1.35,12.0,3.0,0.75-1.35,4333,1646,FG3A,1.800799049900398,-0.21756029242942274,1.004745106942408
season_2023-24,m12_k3_cap0.75-1.35,12.0,3.0,0.75-1.35,4333,1646,OREB,0.9100618010953151,-0.0031084977480406216,1.0072531847315762
season_2023-24,m12_k3_cap0.75-1.35,12.0,3.0,0.75-1.35,4333,1646,POOLED,,,1.0043880666766143
season_2023-24,m12_k3_cap0.85-1.20,12.0,3.0,0.85-1.20,4333,1646,PTS,5.7228902292507025,-0.7247019826929255,1.0044431155882398
season_2023-24,m12_k3_cap0.85-1.20,12.0,3.0,0.85-1.20,4333,1646,AST,1.7314173225268736,-0.3074290412144873,1.0051023324491102
season_2023-24,m12_k3_cap0.85-1.20,12.0,3.0,0.85-1.20,4333,1646,REB,2.0699312750867076,-0.2245518351664842,1.0015302311009355
season_2023-24,m12_k3_cap0.85-1.20,12.0,3.0,0.85-1.20,4333,1646,STL,0.7930672192647059,-0.036288227237451336,1.0043391945617817
season_2023-24,m12_k3_cap0.85-1.20,12.0,3.0,0.85-1.20,4333,1646,BLK,0.6227931333663718,-0.01543787369077897,1.0021830632090996
season_2023-24,m12_k3_cap0.85-1.20,12.0,3.0,0.85-1.20,4333,1646,FG3M,1.115682285391165,-0.09586643132819343,1.0003313843959063
season_2023-24,m12_k3_cap0.85-1.20,12.0,3.0,0.85-1.20,4333,1646,TOV,1.0824170968813633,-0.05854633462217968,1.0005907472174633
season_2023-24,m12_k3_cap0.85-1.20,12.0,3.0,0.85-1.20,4333,1646,FG3A,1.798460269286715,-0.22217069424716462,1.0034401982253918
season_2023-24,m12_k3_cap0.85-1.20,12.0,3.0,0.85-1.20,4333,1646,OREB,0.908406181851743,-0.004428622104349979,1.0054207512047721
season_2023-24,m12_k3_cap0.85-1.20,12.0,3.0,0.85-1.20,4333,1646,POOLED,,,1.0030423353280777
season_2023-24,m12_k5_capnone,12.0,5.0,none,4333,1646,PTS,5.725253622517466,-0.7296634393462946,1.0048579224430167
season_2023-24,m12_k5_capnone,12.0,5.0,none,4333,1646,AST,1.7310105813788563,-0.30239777550284613,1.0048662157883512
season_2023-24,m12_k5_capnone,12.0,5.0,none,4333,1646,REB,2.069550083088672,-0.22341352446665405,1.001345792460638
season_2023-24,m12_k5_capnone,12.0,5.0,none,4333,1646,STL,0.7941640539164818,-0.03383447857999173,1.0057282243993197
season_2023-24,m12_k5_capnone,12.0,5.0,none,4333,1646,BLK,0.6240154574042288,-0.014804668388931767,1.0041499963412495
season_2023-24,m12_k5_capnone,12.0,5.0,none,4333,1646,FG3M,1.1182003355119554,-0.0920283662098907,1.0025890921647675
season_2023-24,m12_k5_capnone,12.0,5.0,none,4333,1646,TOV,1.0829420180148779,-0.058345579065363584,1.0010759864387642
season_2023-24,m12_k5_capnone,12.0,5.0,none,4333,1646,FG3A,1.799044502683629,-0.22650883548043335,1.0037661677703524
season_2023-24,m12_k5_capnone,12.0,5.0,none,4333,1646,OREB,0.9094987425098635,-0.00515793358128299,1.0066299934793954
season_2023-24,m12_k5_capnone,12.0,5.0,none,4333,1646,POOLED,,,1.003889932365095
season_2023-24,m12_k5_cap0.75-1.35,12.0,5.0,0.75-1.35,4333,1646,PTS,5.724694933667474,-0.7328993927619438,1.0047598651421337
season_2023-24,m12_k5_cap0.75-1.35,12.0,5.0,0.75-1.35,4333,1646,AST,1.730767694898619,-0.30301632709957627,1.0047252181417234
season_2023-24,m12_k5_cap0.75-1.35,12.0,5.0,0.75-1.35,4333,1646,REB,2.0694203861957985,-0.22361896121594987,1.001283038995991
season_2023-24,m12_k5_cap0.75-1.35,12.0,5.0,0.75-1.35,4333,1646,STL,0.7936819066168943,-0.0349085406973343,1.0051176337472727
season_2023-24,m12_k5_cap0.75-1.35,12.0,5.0,0.75-1.35,4333,1646,BLK,0.6237880508039656,-0.014770621058106288,1.0037840593534508
season_2023-24,m12_k5_cap0.75-1.35,12.0,5.0,0.75-1.35,4333,1646,FG3M,1.1177021255123136,-0.09276754157380197,1.0021423923245107
season_2023-24,m12_k5_cap0.75-1.35,12.0,5.0,0.75-1.35,4333,1646,TOV,1.082618190573983,-0.05920879245936405,1.0007766390411776
season_2023-24,m12_k5_cap0.75-1.35,12.0,5.0,0.75-1.35,4333,1646,FG3A,1.79883882634451,-0.22668913379802155,1.003651411881651
season_2023-24,m12_k5_cap0.75-1.35,12.0,5.0,0.75-1.35,4333,1646,OREB,0.9093416126341752,-0.004676978277780628,1.0064560826883777
season_2023-24,m12_k5_cap0.75-1.35,12.0,5.0,0.75-1.35,4333,1646,POOLED,,,1.003632926812921
season_2023-24,m12_k5_cap0.85-1.20,12.0,5.0,0.85-1.20,4333,1646,PTS,5.718509687959628,-0.7461729586239109,1.003674272509636
season_2023-24,m12_k5_cap0.85-1.20,12.0,5.0,0.85-1.20,4333,1646,AST,1.7302200354119763,-0.3116804419597209,1.0044072971990075
season_2023-24,m12_k5_cap0.85-1.20,12.0,5.0,0.85-1.20,4333,1646,REB,2.068780000425725,-0.22776629606019436,1.0009731902024515
season_2023-24,m12_k5_cap0.85-1.20,12.0,5.0,0.85-1.20,4333,1646,STL,0.792819363827258,-0.036867907267984,1.0040253107895523
season_2023-24,m12_k5_cap0.85-1.20,12.0,5.0,0.85-1.20,4333,1646,BLK,0.6227988163420276,-0.015522571486286404,1.0021922081107464
season_2023-24,m12_k5_cap0.85-1.20,12.0,5.0,0.85-1.20,4333,1646,FG3M,1.1154997469598507,-0.09686215496942133,1.000167718696367
season_2023-24,m12_k5_cap0.85-1.20,12.0,5.0,0.85-1.20,4333,1646,TOV,1.082121022229344,-0.06013508078339449,1.0003170546102884
season_2023-24,m12_k5_cap0.85-1.20,12.0,5.0,0.85-1.20,4333,1646,FG3A,1.7972991940590834,-0.2296253658286081,1.002792383215816
season_2023-24,m12_k5_cap0.85-1.20,12.0,5.0,0.85-1.20,4333,1646,OREB,0.9080860661521912,-0.005405122414767839,1.005066448279995
season_2023-24,m12_k5_cap0.85-1.20,12.0,5.0,0.85-1.20,4333,1646,POOLED,,,1.0026239870682065
season_2023-24,m12_k10_capnone,12.0,10.0,none,4333,1646,PTS,5.713347256356917,-0.7839458725933032,1.0027681973141804
season_2023-24,m12_k10_capnone,12.0,10.0,none,4333,1646,AST,1.727873192902377,-0.31648874446084885,1.0030449353642268
season_2023-24,m12_k10_capnone,12.0,10.0,none,4333,1646,REB,2.0665129096655632,-0.23413931435138433,0.9998762649275499
season_2023-24,m12_k10_capnone,12.0,10.0,none,4333,1646,STL,0.7929896647642597,-0.03632413397099622,1.004240979653107
season_2023-24,m12_k10_capnone,12.0,10.0,none,4333,1646,BLK,0.6234187372438468,-0.015292838649176415,1.0031897692511114
season_2023-24,m12_k10_capnone,12.0,10.0,none,4333,1646,FG3M,1.1165681346775456,-0.09728100571711125,1.0011256453200192
season_2023-24,m12_k10_capnone,12.0,10.0,none,4333,1646,TOV,1.0818388746108372,-0.06212322211809269,1.0000562362092849
season_2023-24,m12_k10_capnone,12.0,10.0,none,4333,1646,FG3A,1.795769366938995,-0.2441620437899519,1.0019388252835961
season_2023-24,m12_k10_capnone,12.0,10.0,none,4333,1646,OREB,0.9079527635351693,-0.008022155287828174,1.0049189094146487
season_2023-24,m12_k10_capnone,12.0,10.0,none,4333,1646,POOLED,,,1.002351084748636
season_2023-24,m12_k10_cap0.75-1.35,12.0,10.0,0.75-1.35,4333,1646,PTS,5.713274767951815,-0.7851351377511158,1.0027554746379543
season_2023-24,m12_k10_cap0.75-1.35,12.0,10.0,0.75-1.35,4333,1646,AST,1.727783847551592,-0.316565198036621,1.0029930696359017
season_2023-24,m12_k10_cap0.75-1.35,12.0,10.0,0.75-1.35,4333,1646,REB,2.0665129096655632,-0.23413931435138433,0.9998762649275499
season_2023-24,m12_k10_cap0.75-1.35,12.0,10.0,0.75-1.35,4333,1646,STL,0.7927862663282816,-0.036649742128449535,1.0039833961640874
season_2023-24,m12_k10_cap0.75-1.35,12.0,10.0,0.75-1.35,4333,1646,BLK,0.6233526724645798,-0.015097955331270601,1.0030834594681213
season_2023-24,m12_k10_cap0.75-1.35,12.0,10.0,0.75-1.35,4333,1646,FG3M,1.1164617015272453,-0.09758395807249338,1.0010302163417342
season_2023-24,m12_k10_cap0.75-1.35,12.0,10.0,0.75-1.35,4333,1646,TOV,1.0817299585382598,-0.062455372482527055,0.9999555537507777
season_2023-24,m12_k10_cap0.75-1.35,12.0,10.0,0.75-1.35,4333,1646,FG3A,1.7957616265296013,-0.24409703189818463,1.0019345065682654
season_2023-24,m12_k10_cap0.75-1.35,12.0,10.0,0.75-1.35,4333,1646,OREB,0.9079402935560056,-0.007741272902522078,1.004905107685787
season_2023-24,m12_k10_cap0.75-1.35,12.0,10.0,0.75-1.35,4333,1646,POOLED,,,1.002279672131131
season_2023-24,m12_k10_cap0.85-1.20,12.0,10.0,0.85-1.20,4333,1646,PTS,5.711007355434946,-0.7901824313241832,1.002357513677402
season_2023-24,m12_k10_cap0.85-1.20,12.0,10.0,0.85-1.20,4333,1646,AST,1.727540258893526,-0.3211950992844133,1.0028516643691328
season_2023-24,m12_k10_cap0.85-1.20,12.0,10.0,0.85-1.20,4333,1646,REB,2.066167092997151,-0.23568219643719368,0.9997089425376706
season_2023-24,m12_k10_cap0.85-1.20,12.0,10.0,0.85-1.20,4333,1646,STL,0.7923007443102316,-0.03820570420668273,1.0033685317733962
season_2023-24,m12_k10_cap0.85-1.20,12.0,10.0,0.85-1.20,4333,1646,BLK,0.6227474766271327,-0.015715814851398814,1.0021095935313924
season_2023-24,m12_k10_cap0.85-1.20,12.0,10.0,0.85-1.20,4333,1646,FG3M,1.1152784969865306,-0.0994233549993228,0.9999693438588287
season_2023-24,m12_k10_cap0.85-1.20,12.0,10.0,0.85-1.20,4333,1646,TOV,1.0816055421914135,-0.06345777108717433,0.9998405427759736
season_2023-24,m12_k10_cap0.85-1.20,12.0,10.0,0.85-1.20,4333,1646,FG3A,1.7952243746894405,-0.24511846395795958,1.0016347501031413
season_2023-24,m12_k10_cap0.85-1.20,12.0,10.0,0.85-1.20,4333,1646,OREB,0.9073190399177063,-0.007764837327279111,1.0042175063548116
season_2023-24,m12_k10_cap0.85-1.20,12.0,10.0,0.85-1.20,4333,1646,POOLED,,,1.0017842654424165
season_2023-24,m12_k20_capnone,12.0,20.0,none,4333,1646,PTS,5.702583055180696,-0.8509152309075165,1.0008789372841698
season_2023-24,m12_k20_capnone,12.0,20.0,none,4333,1646,AST,1.724948152615698,-0.3345115076672552,1.0013469248520308
season_2023-24,m12_k20_capnone,12.0,20.0,none,4333,1646,REB,2.0644220855241127,-0.24683414151510105,0.9988646257437849
season_2023-24,m12_k20_capnone,12.0,20.0,none,4333,1646,STL,0.7918425672681318,-0.03943333150797521,1.0027882970212199
season_2023-24,m12_k20_capnone,12.0,20.0,none,4333,1646,BLK,0.6227337727178434,-0.015918821757071943,1.0020875415448598
season_2023-24,m12_k20_capnone,12.0,20.0,none,4333,1646,FG3M,1.1151561755150297,-0.10397432935069707,0.9998596692601279
season_2023-24,m12_k20_capnone,12.0,20.0,none,4333,1646,TOV,1.0809426816179721,-0.0672003328529925,0.9992277917778679
season_2023-24,m12_k20_capnone,12.0,20.0,none,4333,1646,FG3A,1.792723311646022,-0.2651592637217554,1.000239296870773
season_2023-24,m12_k20_capnone,12.0,20.0,none,4333,1646,OREB,0.9063567154627883,-0.01152079108195933,1.0031524090495576
season_2023-24,m12_k20_capnone,12.0,20.0,none,4333,1646,POOLED,,,1.0009383881560434
season_2023-24,m12_k20_cap0.75-1.35,12.0,20.0,0.75-1.35,4333,1646,PTS,5.702583055180696,-0.8509152309075165,1.0008789372841698
season_2023-24,m12_k20_cap0.75-1.35,12.0,20.0,0.75-1.35,4333,1646,AST,1.724948152615698,-0.3345115076672552,1.0013469248520308
season_2023-24,m12_k20_cap0.75-1.35,12.0,20.0,0.75-1.35,4333,1646,REB,2.0644220855241127,-0.24683414151510105,0.9988646257437849
season_2023-24,m12_k20_cap0.75-1.35,12.0,20.0,0.75-1.35,4333,1646,STL,0.7918469713836914,-0.039426894744010406,1.0027938743868787
season_2023-24,m12_k20_cap0.75-1.35,12.0,20.0,0.75-1.35,4333,1646,BLK,0.6227422099737655,-0.015817733297437502,1.0021011185651127
season_2023-24,m12_k20_cap0.75-1.35,12.0,20.0,0.75-1.35,4333,1646,FG3M,1.1151877183129508,-0.10399518546387079,0.999887950833767
season_2023-24,m12_k20_cap0.75-1.35,12.0,20.0,0.75-1.35,4333,1646,TOV,1.080940929373367,-0.06720302014406793,0.9992261719958597
season_2023-24,m12_k20_cap0.75-1.35,12.0,20.0,0.75-1.35,4333,1646,FG3A,1.7928070322945278,-0.26504602021550244,1.000286008308088
season_2023-24,m12_k20_cap0.75-1.35,12.0,20.0,0.75-1.35,4333,1646,OREB,0.9063540587234759,-0.011501806163850223,1.0031494685798772
season_2023-24,m12_k20_cap0.75-1.35,12.0,20.0,0.75-1.35,4333,1646,POOLED,,,1.0009483422832854
season_2023-24,m12_k20_cap0.85-1.20,12.0,20.0,0.85-1.20,4333,1646,PTS,5.702016157719182,-0.853064212350541,1.0007794392631257
season_2023-24,m12_k20_cap0.85-1.20,12.0,20.0,0.85-1.20,4333,1646,AST,1.7246505435698019,-0.3352804572777561,1.0011741602953312
season_2023-24,m12_k20_cap0.85-1.20,12.0,20.0,0.85-1.20,4333,1646,REB,2.0643366232320215,-0.24690668381277014,0.9988232750621566
season_2023-24,m12_k20_cap0.85-1.20,12.0,20.0,0.85-1.20,4333,1646,STL,0.7915377618047371,-0.04020682412141222,1.0024022918174142
season_2023-24,m12_k20_cap0.85-1.20,12.0,20.0,0.85-1.20,4333,1646,BLK,0.6225087415003305,-0.01597853758458301,1.0017254269633042
season_2023-24,m12_k20_cap0.85-1.20,12.0,20.0,0.85-1.20,4333,1646,FG3M,1.1148245300903195,-0.1045222956059147,0.999562312807334
season_2023-24,m12_k20_cap0.85-1.20,12.0,20.0,0.85-1.20,4333,1646,TOV,1.0808574657262575,-0.06791661248976542,0.9991490178625156
season_2023-24,m12_k20_cap0.85-1.20,12.0,20.0,0.85-1.20,4333,1646,FG3A,1.7926511987257967,-0.26519423351381,1.0001990618963332
season_2023-24,m12_k20_cap0.85-1.20,12.0,20.0,0.85-1.20,4333,1646,OREB,0.9062419484194281,-0.011264073101569006,1.003025385291624
season_2023-24,m12_k20_cap0.85-1.20,12.0,20.0,0.85-1.20,4333,1646,POOLED,,,1.0007600412510156
season_2023-24,m12_k40_capnone,12.0,40.0,none,4333,1646,PTS,5.696098011276993,-0.9160299563414143,0.9997407260932458
season_2023-24,m12_k40_capnone,12.0,40.0,none,4333,1646,AST,1.7232177245663296,-0.3525525978264744,1.0003423968009788
season_2023-24,m12_k40_capnone,12.0,40.0,none,4333,1646,REB,2.0641996847461863,-0.2588370953604035,0.9987570177738032
season_2023-24,m12_k40_capnone,12.0,40.0,none,4333,1646,STL,0.7908035235300175,-0.04251163530040787,1.00147245351426
season_2023-24,m12_k40_capnone,12.0,40.0,none,4333,1646,BLK,0.6221554334787968,-0.01666074526126139,1.001156892571534
season_2023-24,m12_k40_capnone,12.0,40.0,none,4333,1646,FG3M,1.1143371358297793,-0.1105389704215938,0.9991253104619738
season_2023-24,m12_k40_capnone,12.0,40.0,none,4333,1646,TOV,1.0806398125128396,-0.07263075253212976,0.9989478183507234
season_2023-24,m12_k40_capnone,12.0,40.0,none,4333,1646,FG3A,1.7915452155375209,-0.2852356898248536,0.999581985162068
season_2023-24,m12_k40_capnone,12.0,40.0,none,4333,1646,OREB,0.9051661880166726,-0.015006416171656762,1.0018347374802563
season_2023-24,m12_k40_capnone,12.0,40.0,none,4333,1646,POOLED,,,1.000106593134316
season_2023-24,m12_k40_cap0.75-1.35,12.0,40.0,0.75-1.35,4333,1646,PTS,5.696098011276993,-0.9160299563414143,0.9997407260932458
season_2023-24,m12_k40_cap0.75-1.35,12.0,40.0,0.75-1.35,4333,1646,AST,1.7232177245663296,-0.3525525978264744,1.0003423968009788
season_2023-24,m12_k40_cap0.75-1.35,12.0,40.0,0.75-1.35,4333,1646,REB,2.0641996847461863,-0.2588370953604035,0.9987570177738032
season_2023-24,m12_k40_cap0.75-1.35,12.0,40.0,0.75-1.35,4333,1646,STL,0.7908035235300175,-0.04251163530040787,1.00147245351426
season_2023-24,m12_k40_cap0.75-1.35,12.0,40.0,0.75-1.35,4333,1646,BLK,0.6221510208710477,-0.01666484055542287,1.0011497919140062
season_2023-24,m12_k40_cap0.75-1.35,12.0,40.0,0.75-1.35,4333,1646,FG3M,1.1143533671773587,-0.11053094493374242,0.9991398636431145
season_2023-24,m12_k40_cap0.75-1.35,12.0,40.0,0.75-1.35,4333,1646,TOV,1.0806398125128396,-0.07263075253212976,0.9989478183507234
season_2023-24,m12_k40_cap0.75-1.35,12.0,40.0,0.75-1.35,4333,1646,FG3A,1.79158683863513,-0.2851805130023756,0.9996052085215321
season_2023-24,m12_k40_cap0.75-1.35,12.0,40.0,0.75-1.35,4333,1646,OREB,0.9051661880166726,-0.015006416171656762,1.0018347374802563
season_2023-24,m12_k40_cap0.75-1.35,12.0,40.0,0.75-1.35,4333,1646,POOLED,,,1.000110001565769
season_2023-24,m12_k40_cap0.85-1.20,12.0,40.0,0.85-1.20,4333,1646,PTS,5.696098011276993,-0.9160299563414143,0.9997407260932458
season_2023-24,m12_k40_cap0.85-1.20,12.0,40.0,0.85-1.20,4333,1646,AST,1.7231735094429863,-0.3525143833032171,1.000316729549633
season_2023-24,m12_k40_cap0.85-1.20,12.0,40.0,0.85-1.20,4333,1646,REB,2.0641996847461863,-0.2588370953604035,0.9987570177738032
season_2023-24,m12_k40_cap0.85-1.20,12.0,40.0,0.85-1.20,4333,1646,STL,0.7907879077219209,-0.04253656237053038,1.0014526776771744
season_2023-24,m12_k40_cap0.85-1.20,12.0,40.0,0.85-1.20,4333,1646,BLK,0.6221434542903125,-0.016600897963497414,1.0011376159623893
season_2023-24,m12_k40_cap0.85-1.20,12.0,40.0,0.85-1.20,4333,1646,FG3M,1.1143489766140418,-0.11058923842129366,0.9991359270221439
season_2023-24,m12_k40_cap0.85-1.20,12.0,40.0,0.85-1.20,4333,1646,TOV,1.0806214408267611,-0.07266061862949981,0.998930835489723
season_2023-24,m12_k40_cap0.85-1.20,12.0,40.0,0.85-1.20,4333,1646,FG3A,1.7916339358397093,-0.2851171732687973,0.9996314861263844
season_2023-24,m12_k40_cap0.85-1.20,12.0,40.0,0.85-1.20,4333,1646,OREB,0.9051507463028313,-0.0149833091628569,1.0018176466459574
season_2023-24,m12_k40_cap0.85-1.20,12.0,40.0,0.85-1.20,4333,1646,POOLED,,,1.000102295815606
season_2023-24,m12_k80_capnone,12.0,80.0,none,4333,1646,PTS,5.6941808184472045,-0.9673403073456248,0.999404233331373
season_2023-24,m12_k80_capnone,12.0,80.0,none,4333,1646,AST,1.7225809261191212,-0.36680115942071806,0.9999727299411977
season_2023-24,m12_k80_capnone,12.0,80.0,none,4333,1646,REB,2.064615341752387,-0.26804685888326907,0.9989581322081275
season_2023-24,m12_k80_capnone,12.0,80.0,none,4333,1646,STL,0.7902046048978248,-0.044851093359977376,1.0007139838132653
season_2023-24,m12_k80_capnone,12.0,80.0,none,4333,1646,BLK,0.6217863782935072,-0.01738021110564153,1.0005630182394787
season_2023-24,m12_k80_capnone,12.0,80.0,none,4333,1646,FG3M,1.1142387381968286,-0.11564570830361637,0.99903708620523
season_2023-24,m12_k80_capnone,12.0,80.0,none,4333,1646,TOV,1.0808203627436517,-0.07698352604521574,0.9991147197151596
season_2023-24,m12_k80_capnone,12.0,80.0,none,4333,1646,FG3A,1.7915089752530435,-0.30079607341592945,0.9995617651111385
season_2023-24,m12_k80_capnone,12.0,80.0,none,4333,1646,OREB,0.9044597841996939,-0.017735636460037795,1.0010528922324917
season_2023-24,m12_k80_capnone,12.0,80.0,none,4333,1646,POOLED,,,0.9998198400886068
season_2023-24,m12_k80_cap0.75-1.35,12.0,80.0,0.75-1.35,4333,1646,PTS,5.6941808184472045,-0.9673403073456248,0.999404233331373
season_2023-24,m12_k80_cap0.75-1.35,12.0,80.0,0.75-1.35,4333,1646,AST,1.7225809261191212,-0.36680115942071806,0.9999727299411977
season_2023-24,m12_k80_cap0.75-1.35,12.0,80.0,0.75-1.35,4333,1646,REB,2.064615341752387,-0.26804685888326907,0.9989581322081275
season_2023-24,m12_k80_cap0.75-1.35,12.0,80.0,0.75-1.35,4333,1646,STL,0.7902046048978248,-0.044851093359977376,1.0007139838132653
season_2023-24,m12_k80_cap0.75-1.35,12.0,80.0,0.75-1.35,4333,1646,BLK,0.6217863555793567,-0.01738028182111776,1.0005629816884383
season_2023-24,m12_k80_cap0.75-1.35,12.0,80.0,0.75-1.35,4333,1646,FG3M,1.114243025558391,-0.11564142094205339,0.9990409302945226
season_2023-24,m12_k80_cap0.75-1.35,12.0,80.0,0.75-1.35,4333,1646,TOV,1.0808203627436517,-0.07698352604521574,0.9991147197151596
season_2023-24,m12_k80_cap0.75-1.35,12.0,80.0,0.75-1.35,4333,1646,FG3A,1.7915200378896328,-0.30078206579779165,0.9995679374433504
season_2023-24,m12_k80_cap0.75-1.35,12.0,80.0,0.75-1.35,4333,1646,OREB,0.9044597841996939,-0.017735636460037795,1.0010528922324917
season_2023-24,m12_k80_cap0.75-1.35,12.0,80.0,0.75-1.35,4333,1646,POOLED,,,0.9998209489631027
season_2023-24,m12_k80_cap0.85-1.20,12.0,80.0,0.85-1.20,4333,1646,PTS,5.6941808184472045,-0.9673403073456248,0.999404233331373
season_2023-24,m12_k80_cap0.85-1.20,12.0,80.0,0.85-1.20,4333,1646,AST,1.7225809261191212,-0.36680115942071806,0.9999727299411977
season_2023-24,m12_k80_cap0.85-1.20,12.0,80.0,0.85-1.20,4333,1646,REB,2.064615341752387,-0.26804685888326907,0.9989581322081275
season_2023-24,m12_k80_cap0.85-1.20,12.0,80.0,0.85-1.20,4333,1646,STL,0.7902046048978248,-0.044851093359977376,1.0007139838132653
season_2023-24,m12_k80_cap0.85-1.20,12.0,80.0,0.85-1.20,4333,1646,BLK,0.6217823128974849,-0.017386278003017754,1.0005564763063381
season_2023-24,m12_k80_cap0.85-1.20,12.0,80.0,0.85-1.20,4333,1646,FG3M,1.11425519225038,-0.11564118853028255,0.9990518390666705
season_2023-24,m12_k80_cap0.85-1.20,12.0,80.0,0.85-1.20,4333,1646,TOV,1.0808203627436517,-0.07698352604521574,0.9991147197151596
season_2023-24,m12_k80_cap0.85-1.20,12.0,80.0,0.85-1.20,4333,1646,FG3A,1.7915501852968154,-0.30074536730850326,0.9995847580096737
season_2023-24,m12_k80_cap0.85-1.20,12.0,80.0,0.85-1.20,4333,1646,OREB,0.9044597841996939,-0.017735636460037795,1.0010528922324917
season_2023-24,m12_k80_cap0.85-1.20,12.0,80.0,0.85-1.20,4333,1646,POOLED,,,0.9998233071804775
season_2023-24,m12_k160_capnone,12.0,160.0,none,4333,1646,PTS,5.694850277999061,-1.0015936408054225,0.9995217323591526
season_2023-24,m12_k160_capnone,12.0,160.0,none,4333,1646,AST,1.7224816476562261,-0.3761794208526086,0.9999150979576664
season_2023-24,m12_k160_capnone,12.0,160.0,none,4333,1646,REB,2.0654660858053226,-0.27405478656636834,0.9993697622454139
season_2023-24,m12_k160_capnone,12.0,160.0,none,4333,1646,STL,0.7898962911024374,-0.04635058399276383,1.0003235356628313
season_2023-24,m12_k160_capnone,12.0,160.0,none,4333,1646,BLK,0.6215990008425069,-0.017920723334259533,1.0002614951529847
season_2023-24,m12_k160_capnone,12.0,160.0,none,4333,1646,FG3M,1.1146200484755506,-0.11898691248076404,0.9993789726400986
season_2023-24,m12_k160_capnone,12.0,160.0,none,4333,1646,TOV,1.0811361302185483,-0.0798599694594887,0.9994066164475413
season_2023-24,m12_k160_capnone,12.0,160.0,none,4333,1646,FG3A,1.791763801742715,-0.3110444025213564,0.9997039440336734
season_2023-24,m12_k160_capnone,12.0,160.0,none,4333,1646,OREB,0.9040300173918856,-0.01954639437793855,1.000577227848671
season_2023-24,m12_k160_capnone,12.0,160.0,none,4333,1646,POOLED,,,0.9998287093720037
season_2023-24,m12_k160_cap0.75-1.35,12.0,160.0,0.75-1.35,4333,1646,PTS,5.694850277999061,-1.0015936408054225,0.9995217323591526
season_2023-24,m12_k160_cap0.75-1.35,12.0,160.0,0.75-1.35,4333,1646,AST,1.7224816476562261,-0.3761794208526086,0.9999150979576664
season_2023-24,m12_k160_cap0.75-1.35,12.0,160.0,0.75-1.35,4333,1646,REB,2.0654660858053226,-0.27405478656636834,0.9993697622454139
season_2023-24,m12_k160_cap0.75-1.35,12.0,160.0,0.75-1.35,4333,1646,STL,0.7898962911024374,-0.04635058399276383,1.0003235356628313
season_2023-24,m12_k160_cap0.75-1.35,12.0,160.0,0.75-1.35,4333,1646,BLK,0.6215990008425069,-0.017920723334259533,1.0002614951529847
season_2023-24,m12_k160_cap0.75-1.35,12.0,160.0,0.75-1.35,4333,1646,FG3M,1.1146200484755506,-0.11898691248076404,0.9993789726400986
season_2023-24,m12_k160_cap0.75-1.35,12.0,160.0,0.75-1.35,4333,1646,TOV,1.0811361302185483,-0.0798599694594887,0.9994066164475413
season_2023-24,m12_k160_cap0.75-1.35,12.0,160.0,0.75-1.35,4333,1646,FG3A,1.791763801742715,-0.3110444025213564,0.9997039440336734
season_2023-24,m12_k160_cap0.75-1.35,12.0,160.0,0.75-1.35,4333,1646,OREB,0.9040300173918856,-0.01954639437793855,1.000577227848671
season_2023-24,m12_k160_cap0.75-1.35,12.0,160.0,0.75-1.35,4333,1646,POOLED,,,0.9998287093720037
season_2023-24,m12_k160_cap0.85-1.20,12.0,160.0,0.85-1.20,4333,1646,PTS,5.694850277999061,-1.0015936408054225,0.9995217323591526
season_2023-24,m12_k160_cap0.85-1.20,12.0,160.0,0.85-1.20,4333,1646,AST,1.7224816476562261,-0.3761794208526086,0.9999150979576664
season_2023-24,m12_k160_cap0.85-1.20,12.0,160.0,0.85-1.20,4333,1646,REB,2.0654660858053226,-0.27405478656636834,0.9993697622454139
season_2023-24,m12_k160_cap0.85-1.20,12.0,160.0,0.85-1.20,4333,1646,STL,0.7898962911024374,-0.04635058399276383,1.0003235356628313
season_2023-24,m12_k160_cap0.85-1.20,12.0,160.0,0.85-1.20,4333,1646,BLK,0.6215990008425069,-0.017920723334259533,1.0002614951529847
season_2023-24,m12_k160_cap0.85-1.20,12.0,160.0,0.85-1.20,4333,1646,FG3M,1.114622398509007,-0.11898456244730782,0.9993810797025225
season_2023-24,m12_k160_cap0.85-1.20,12.0,160.0,0.85-1.20,4333,1646,TOV,1.0811361302185483,-0.0798599694594887,0.9994066164475413
season_2023-24,m12_k160_cap0.85-1.20,12.0,160.0,0.85-1.20,4333,1646,FG3A,1.7917700174143691,-0.31103664508148005,0.9997074120306613
season_2023-24,m12_k160_cap0.85-1.20,12.0,160.0,0.85-1.20,4333,1646,OREB,0.9040300173918856,-0.01954639437793855,1.000577227848671
season_2023-24,m12_k160_cap0.85-1.20,12.0,160.0,0.85-1.20,4333,1646,POOLED,,,0.9998293288230495
season_2023-24,m12_k320_capnone,12.0,320.0,none,4333,1646,PTS,5.695777980393992,-1.0219010934559665,0.9996845564299588
season_2023-24,m12_k320_capnone,12.0,320.0,none,4333,1646,AST,1.7224986126634056,-0.38171712496095694,0.9999249462871617
season_2023-24,m12_k320_capnone,12.0,320.0,none,4333,1646,REB,2.066053344278923,-0.27755075371215937,0.9996539055509718
season_2023-24,m12_k320_capnone,12.0,320.0,none,4333,1646,STL,0.7897609773560168,-0.04721669663304137,1.0001521745274926
season_2023-24,m12_k320_capnone,12.0,320.0,none,4333,1646,BLK,0.6215143182341012,-0.01824716753049823,1.0001252260270972
season_2023-24,m12_k320_capnone,12.0,320.0,none,4333,1646,FG3M,1.114920591999872,-0.12094000474245296,0.9996484428321883
season_2023-24,m12_k320_capnone,12.0,320.0,none,4333,1646,TOV,1.08139658867536,-0.08154342239303813,0.9996473852996514
season_2023-24,m12_k320_capnone,12.0,320.0,none,4333,1646,FG3A,1.791984724051676,-0.31706969228198684,0.999827206320465
season_2023-24,m12_k320_capnone,12.0,320.0,none,4333,1646,OREB,0.9037815344640954,-0.020615053401296553,1.000302207822485
season_2023-24,m12_k320_capnone,12.0,320.0,none,4333,1646,POOLED,,,0.9998851167886081
season_2023-24,m12_k320_cap0.75-1.35,12.0,320.0,0.75-1.35,4333,1646,PTS,5.695777980393992,-1.0219010934559665,0.9996845564299588
season_2023-24,m12_k320_cap0.75-1.35,12.0,320.0,0.75-1.35,4333,1646,AST,1.7224986126634056,-0.38171712496095694,0.9999249462871617
season_2023-24,m12_k320_cap0.75-1.35,12.0,320.0,0.75-1.35,4333,1646,REB,2.066053344278923,-0.27755075371215937,0.9996539055509718
season_2023-24,m12_k320_cap0.75-1.35,12.0,320.0,0.75-1.35,4333,1646,STL,0.7897609773560168,-0.04721669663304137,1.0001521745274926
season_2023-24,m12_k320_cap0.75-1.35,12.0,320.0,0.75-1.35,4333,1646,BLK,0.6215143182341012,-0.01824716753049823,1.0001252260270972
season_2023-24,m12_k320_cap0.75-1.35,12.0,320.0,0.75-1.35,4333,1646,FG3M,1.114920591999872,-0.12094000474245296,0.9996484428321883
season_2023-24,m12_k320_cap0.75-1.35,12.0,320.0,0.75-1.35,4333,1646,TOV,1.08139658867536,-0.08154342239303813,0.9996473852996514
season_2023-24,m12_k320_cap0.75-1.35,12.0,320.0,0.75-1.35,4333,1646,FG3A,1.791984724051676,-0.31706969228198684,0.999827206320465
season_2023-24,m12_k320_cap0.75-1.35,12.0,320.0,0.75-1.35,4333,1646,OREB,0.9037815344640954,-0.020615053401296553,1.000302207822485
season_2023-24,m12_k320_cap0.75-1.35,12.0,320.0,0.75-1.35,4333,1646,POOLED,,,0.9998851167886081
season_2023-24,m12_k320_cap0.85-1.20,12.0,320.0,0.85-1.20,4333,1646,PTS,5.695777980393992,-1.0219010934559665,0.9996845564299588
season_2023-24,m12_k320_cap0.85-1.20,12.0,320.0,0.85-1.20,4333,1646,AST,1.7224986126634056,-0.38171712496095694,0.9999249462871617
season_2023-24,m12_k320_cap0.85-1.20,12.0,320.0,0.85-1.20,4333,1646,REB,2.066053344278923,-0.27755075371215937,0.9996539055509718
season_2023-24,m12_k320_cap0.85-1.20,12.0,320.0,0.85-1.20,4333,1646,STL,0.7897609773560168,-0.04721669663304137,1.0001521745274926
season_2023-24,m12_k320_cap0.85-1.20,12.0,320.0,0.85-1.20,4333,1646,BLK,0.6215143182341012,-0.01824716753049823,1.0001252260270972
season_2023-24,m12_k320_cap0.85-1.20,12.0,320.0,0.85-1.20,4333,1646,FG3M,1.114920591999872,-0.12094000474245296,0.9996484428321883
season_2023-24,m12_k320_cap0.85-1.20,12.0,320.0,0.85-1.20,4333,1646,TOV,1.08139658867536,-0.08154342239303813,0.9996473852996514
season_2023-24,m12_k320_cap0.85-1.20,12.0,320.0,0.85-1.20,4333,1646,FG3A,1.791984724051676,-0.31706969228198684,0.999827206320465
season_2023-24,m12_k320_cap0.85-1.20,12.0,320.0,0.85-1.20,4333,1646,OREB,0.9037815344640954,-0.020615053401296553,1.000302207822485
season_2023-24,m12_k320_cap0.85-1.20,12.0,320.0,0.85-1.20,4333,1646,POOLED,,,0.9998851167886081
season_2024-25,no_adjustment,,,,4774,0,PTS,5.697439402256717,-1.2127351701208795,1.0000000000000029
season_2024-25,no_adjustment,,,,4774,0,AST,1.6931552946025568,-0.2977321995688257,0.9999999999999999
season_2024-25,no_adjustment,,,,4774,0,REB,2.0564027764157724,-0.1792369841118322,1.0000000000000022
season_2024-25,no_adjustment,,,,4774,0,STL,0.8284500736451735,-0.028304076347207142,0.9999999999999998
season_2024-25,no_adjustment,,,,4774,0,BLK,0.5733136687541566,0.013266661556733365,1.000000000000003
season_2024-25,no_adjustment,,,,4774,0,FG3M,1.1260410718702218,-0.11039328476902167,1.0000000000000022
season_2024-25,no_adjustment,,,,4774,0,TOV,1.083027204795129,-0.07591043955182677,1.000000000000001
season_2024-25,no_adjustment,,,,4774,0,FG3A,1.8356511565407616,-0.29519076376042647,0.9999999999999977
season_2024-25,no_adjustment,,,,4774,0,OREB,0.9073809260088888,-0.06447623074439902,1.0000000000000018
season_2024-25,no_adjustment,,,,4774,0,POOLED,,,1.000000000000001
season_2024-25,m3_k0_capnone,3.0,0.0,none,4774,3844,PTS,5.840742992316617,-0.24939867655443002,1.0251522798124286
season_2024-25,m3_k0_capnone,3.0,0.0,none,4774,3844,AST,1.7429922876028394,-0.10990064510487894,1.029434389839581
season_2024-25,m3_k0_capnone,3.0,0.0,none,4774,3844,REB,2.123011135102412,0.01188063774813586,1.0323907161819437
season_2024-25,m3_k0_capnone,3.0,0.0,none,4774,3844,STL,0.8590655543070567,0.008527245935592186,1.036955130593658
season_2024-25,m3_k0_capnone,3.0,0.0,none,4774,3844,BLK,0.5858170276878392,0.020150585944435837,1.0218089322043462
season_2024-25,m3_k0_capnone,3.0,0.0,none,4774,3844,FG3M,1.1730425885337787,-0.01763824469943981,1.0417404993811596
season_2024-25,m3_k0_capnone,3.0,0.0,none,4774,3844,TOV,1.1215692423928647,-0.011156243099056008,1.0355873217469431
season_2024-25,m3_k0_capnone,3.0,0.0,none,4774,3844,FG3A,1.9153474948704612,0.028133114538697566,1.043415840774388
season_2024-25,m3_k0_capnone,3.0,0.0,none,4774,3844,OREB,0.941501165084479,-0.00865211164427911,1.037602993514168
season_2024-25,m3_k0_capnone,3.0,0.0,none,4774,3844,POOLED,,,1.0337875671165129
season_2024-25,m3_k0_cap0.75-1.35,3.0,0.0,0.75-1.35,4774,3844,PTS,5.791645651729359,-0.2872159946540094,1.0165348400959462
season_2024-25,m3_k0_cap0.75-1.35,3.0,0.0,0.75-1.35,4774,3844,AST,1.7253535648329015,-0.12818236716993464,1.019016725951238
season_2024-25,m3_k0_cap0.75-1.35,3.0,0.0,0.75-1.35,4774,3844,REB,2.107119230679157,0.008266041991679822,1.0246627046243275
season_2024-25,m3_k0_cap0.75-1.35,3.0,0.0,0.75-1.35,4774,3844,STL,0.8436890874358051,0.005691462203045113,1.018394607322056
season_2024-25,m3_k0_cap0.75-1.35,3.0,0.0,0.75-1.35,4774,3844,BLK,0.5818307926753368,0.021373889571330133,1.0148559582395622
season_2024-25,m3_k0_cap0.75-1.35,3.0,0.0,0.75-1.35,4774,3844,FG3M,1.1551075314131196,-0.029743705093530425,1.025812965680394
season_2024-25,m3_k0_cap0.75-1.35,3.0,0.0,0.75-1.35,4774,3844,TOV,1.1063898746856669,-0.013854696815396644,1.0215716371547272
season_2024-25,m3_k0_cap0.75-1.35,3.0,0.0,0.75-1.35,4774,3844,FG3A,1.9018606392406097,0.016940984906041318,1.0360686628632718
season_2024-25,m3_k0_cap0.75-1.35,3.0,0.0,0.75-1.35,4774,3844,OREB,0.9273618924887884,-0.013884734144061554,1.022020483247083
season_2024-25,m3_k0_cap0.75-1.35,3.0,0.0,0.75-1.35,4774,3844,POOLED,,,1.0221042872420671
season_2024-25,m3_k0_cap0.85-1.20,3.0,0.0,0.85-1.20,4774,3844,PTS,5.733568728185341,-0.3747634311997373,1.0063413269326444
season_2024-25,m3_k0_cap0.85-1.20,3.0,0.0,0.85-1.20,4774,3844,AST,1.7079776671530456,-0.16031940253473353,1.0087542900510895
season_2024-25,m3_k0_cap0.85-1.20,3.0,0.0,0.85-1.20,4774,3844,REB,2.0850486494889964,-0.01725053262674009,1.0139300886974862
season_2024-25,m3_k0_cap0.85-1.20,3.0,0.0,0.85-1.20,4774,3844,STL,0.8369166616697759,-0.0008171764895794919,1.0102197927116467
season_2024-25,m3_k0_cap0.85-1.20,3.0,0.0,0.85-1.20,4774,3844,BLK,0.5792773586550046,0.02103232780261382,1.0104021414905549
season_2024-25,m3_k0_cap0.85-1.20,3.0,0.0,0.85-1.20,4774,3844,FG3M,1.1468584319770214,-0.03954980903740926,1.018487212080308
season_2024-25,m3_k0_cap0.85-1.20,3.0,0.0,0.85-1.20,4774,3844,TOV,1.0964231346510245,-0.022738522550364623,1.0123689689387172
season_2024-25,m3_k0_cap0.85-1.20,3.0,0.0,0.85-1.20,4774,3844,FG3A,1.883288396821992,-0.011510942500528068,1.0259511400690082
season_2024-25,m3_k0_cap0.85-1.20,3.0,0.0,0.85-1.20,4774,3844,OREB,0.9181926201500896,-0.023344668678772638,1.0119152759676773
season_2024-25,m3_k0_cap0.85-1.20,3.0,0.0,0.85-1.20,4774,3844,POOLED,,,1.0131522485487923
season_2024-25,m3_k3_capnone,3.0,3.0,none,4774,3844,PTS,5.714209371026027,-0.45314392504328116,1.0029434220507345
season_2024-25,m3_k3_capnone,3.0,3.0,none,4774,3844,AST,1.708247301582903,-0.1522156239097076,1.008913539725775
season_2024-25,m3_k3_capnone,3.0,3.0,none,4774,3844,REB,2.0760965828293996,-0.029811969487323016,1.0095768234897822
season_2024-25,m3_k3_capnone,3.0,3.0,none,4774,3844,STL,0.8444769498750503,-0.0003525954256972261,1.0193456150705116
season_2024-25,m3_k3_capnone,3.0,3.0,none,4774,3844,BLK,0.5801308137226977,0.018388340771352044,1.0118907769691885
season_2024-25,m3_k3_capnone,3.0,3.0,none,4774,3844,FG3M,1.1508087341282602,-0.03578254867713217,1.0219953453535267
season_2024-25,m3_k3_capnone,3.0,3.0,none,4774,3844,TOV,1.1017132847878164,-0.023187991229682244,1.017253564739607
season_2024-25,m3_k3_capnone,3.0,3.0,none,4774,3844,FG3A,1.8706670268876475,-0.03399113621512982,1.0190754491789542
season_2024-25,m3_k3_capnone,3.0,3.0,none,4774,3844,OREB,0.924632839813119,-0.020956923362091137,1.0190128680356048
season_2024-25,m3_k3_capnone,3.0,3.0,none,4774,3844,POOLED,,,1.0144452671792983
season_2024-25,m3_k3_cap0.75-1.35,3.0,3.0,0.75-1.35,4774,3844,PTS,5.710604296268396,-0.4620692724365204,1.0023106685446237
season_2024-25,m3_k3_cap0.75-1.35,3.0,3.0,0.75-1.35,4774,3844,AST,1.7073878888146936,-0.15840690694145518,1.008405959132932
season_2024-25,m3_k3_cap0.75-1.35,3.0,3.0,0.75-1.35,4774,3844,REB,2.074587728398072,-0.029233016885697995,1.0088430886161317
season_2024-25,m3_k3_cap0.75-1.35,3.0,3.0,0.75-1.35,4774,3844,STL,0.8405381652794158,-5.286617617295256e-05,1.0145912131808432
season_2024-25,m3_k3_cap0.75-1.35,3.0,3.0,0.75-1.35,4774,3844,BLK,0.5800302169064179,0.019062785655744603,1.0117153113876711
season_2024-25,m3_k3_cap0.75-1.35,3.0,3.0,0.75-1.35,4774,3844,FG3M,1.1474749539242024,-0.03977523153730998,1.0190347249220526
season_2024-25,m3_k3_cap0.75-1.35,3.0,3.0,0.75-1.35,4774,3844,TOV,1.0989854263790706,-0.024515625578392274,1.0147348298484906
season_2024-25,m3_k3_cap0.75-1.35,3.0,3.0,0.75-1.35,4774,3844,FG3A,1.8702555888733825,-0.034861842213825545,1.0188513118134208
season_2024-25,m3_k3_cap0.75-1.35,3.0,3.0,0.75-1.35,4774,3844,OREB,0.9218134303153951,-0.02261749756297075,1.0159056730120934
season_2024-25,m3_k3_cap0.75-1.35,3.0,3.0,0.75-1.35,4774,3844,POOLED,,,1.0127103089398066
season_2024-25,m3_k3_cap0.85-1.20,3.0,3.0,0.85-1.20,4774,3844,PTS,5.694411489706691,-0.49415427029875786,0.9994685485292198
season_2024-25,m3_k3_cap0.85-1.20,3.0,3.0,0.85-1.20,4774,3844,AST,1.6992490962777154,-0.1753219566226915,1.003599080187496
season_2024-25,m3_k3_cap0.85-1.20,3.0,3.0,0.85-1.20,4774,3844,REB,2.0683440368721695,-0.0392429957193659,1.005806868476036
season_2024-25,m3_k3_cap0.85-1.20,3.0,3.0,0.85-1.20,4774,3844,STL,0.8359250061453479,-0.003657079434280009,1.0090227917625556
season_2024-25,m3_k3_cap0.85-1.20,3.0,3.0,0.85-1.20,4774,3844,BLK,0.5785922285862101,0.019613428491903857,1.0092071061963792
season_2024-25,m3_k3_cap0.85-1.20,3.0,3.0,0.85-1.20,4774,3844,FG3M,1.1431595822534915,-0.046527967992278985,1.0152023854288372
season_2024-25,m3_k3_cap0.85-1.20,3.0,3.0,0.85-1.20,4774,3844,TOV,1.093389260392813,-0.028781025539983907,1.0095676780341314
season_2024-25,m3_k3_cap0.85-1.20,3.0,3.0,0.85-1.20,4774,3844,FG3A,1.8673346640288955,-0.046921852203120736,1.0172600918073325
season_2024-25,m3_k3_cap0.85-1.20,3.0,3.0,0.85-1.20,4774,3844,OREB,0.9169119866487025,-0.027118193143232758,1.010503924390099
season_2024-25,m3_k3_cap0.85-1.20,3.0,3.0,0.85-1.20,4774,3844,POOLED,,,1.0088487194235654
season_2024-25,m3_k5_capnone,3.0,5.0,none,4774,3844,PTS,5.6851457972086665,-0.5400472080419252,0.9978422578670754
season_2024-25,m3_k5_capnone,3.0,5.0,none,4774,3844,AST,1.701320200049709,-0.16817422060051027,1.0048223015769315
season_2024-25,m3_k5_capnone,3.0,5.0,none,4774,3844,REB,2.0644471536425715,-0.047868158026869265,1.003911868491456
season_2024-25,m3_k5_capnone,3.0,5.0,none,4774,3844,STL,0.8400566348391583,-0.0036879201810884796,1.0140099706225092
season_2024-25,m3_k5_capnone,3.0,5.0,none,4774,3844,BLK,0.5786654131322733,0.017754146888607377,1.0093347580387333
season_2024-25,m3_k5_capnone,3.0,5.0,none,4774,3844,FG3M,1.1449578742412454,-0.04305467263562065,1.0167993893327598
season_2024-25,m3_k5_capnone,3.0,5.0,none,4774,3844,TOV,1.0973342617298876,-0.02844021571568718,1.0132102470477333
season_2024-25,m3_k5_capnone,3.0,5.0,none,4774,3844,FG3A,1.8593710933806615,-0.06174153942006421,1.012921810745673
season_2024-25,m3_k5_capnone,3.0,5.0,none,4774,3844,OREB,0.9203837722167049,-0.025732954510953122,1.0143300854526562
season_2024-25,m3_k5_capnone,3.0,5.0,none,4774,3844,POOLED,,,1.0096869654639475
season_2024-25,m3_k5_cap0.75-1.35,3.0,5.0,0.75-1.35,4774,3844,PTS,5.684298928171372,-0.5431088682281503,0.9976936175784293
season_2024-25,m3_k5_cap0.75-1.35,3.0,5.0,0.75-1.35,4774,3844,AST,1.7015594779461636,-0.17152752473894659,1.004963622279892
season_2024-25,m3_k5_cap0.75-1.35,3.0,5.0,0.75-1.35,4774,3844,REB,2.0639837948635753,-0.047887806137065815,1.003686543577334
season_2024-25,m3_k5_cap0.75-1.35,3.0,5.0,0.75-1.35,4774,3844,STL,0.8383843912140058,-0.0031449235626743394,1.0119914499193912
season_2024-25,m3_k5_cap0.75-1.35,3.0,5.0,0.75-1.35,4774,3844,BLK,0.5789040084976207,0.018163623371235556,1.009750927019783
season_2024-25,m3_k5_cap0.75-1.35,3.0,5.0,0.75-1.35,4774,3844,FG3M,1.1437359239430052,-0.04474201430732962,1.0157142155067191
season_2024-25,m3_k5_cap0.75-1.35,3.0,5.0,0.75-1.35,4774,3844,TOV,1.096389552093569,-0.02920585905280003,1.0123379608926524
season_2024-25,m3_k5_cap0.75-1.35,3.0,5.0,0.75-1.35,4774,3844,FG3A,1.8594567849221149,-0.06192618641249937,1.0129684925681686
season_2024-25,m3_k5_cap0.75-1.35,3.0,5.0,0.75-1.35,4774,3844,OREB,0.9190337994190205,-0.026783985607984465,1.0128423169102623
season_2024-25,m3_k5_cap0.75-1.35,3.0,5.0,0.75-1.35,4774,3844,POOLED,,,1.0091054606947367
season_2024-25,m3_k5_cap0.85-1.20,3.0,5.0,0.85-1.20,4774,3844,PTS,5.677843577892755,-0.5629512455346646,0.9965605909987942
season_2024-25,m3_k5_cap0.85-1.20,3.0,5.0,0.85-1.20,4774,3844,AST,1.6970378374165456,-0.18404905770427846,1.0022930813413071
season_2024-25,m3_k5_cap0.85-1.20,3.0,5.0,0.85-1.20,4774,3844,REB,2.06116475501353,-0.052020759765254686,1.0023156838010412
season_2024-25,m3_k5_cap0.85-1.20,3.0,5.0,0.85-1.20,4774,3844,STL,0.8352627604745897,-0.005459283936976187,1.0082234126667888
season_2024-25,m3_k5_cap0.85-1.20,3.0,5.0,0.85-1.20,4774,3844,BLK,0.5780453409236933,0.01872596700787659,1.0082531996486683
season_2024-25,m3_k5_cap0.85-1.20,3.0,5.0,0.85-1.20,4774,3844,FG3M,1.1408102543050014,-0.05041866336400451,1.0131160246315458
season_2024-25,m3_k5_cap0.85-1.20,3.0,5.0,0.85-1.20,4774,3844,TOV,1.0922822102293066,-0.03242430765786818,1.008545496727323
season_2024-25,m3_k5_cap0.85-1.20,3.0,5.0,0.85-1.20,4774,3844,FG3A,1.85833180673307,-0.06775263137247724,1.0123556429071443
season_2024-25,m3_k5_cap0.85-1.20,3.0,5.0,0.85-1.20,4774,3844,OREB,0.9160380843885273,-0.029634922650553015,1.0095408203230793
season_2024-25,m3_k5_cap0.85-1.20,3.0,5.0,0.85-1.20,4774,3844,POOLED,,,1.0068004392272991
season_2024-25,m3_k10_capnone,3.0,10.0,none,4774,3844,PTS,5.656819058847173,-0.6856755530366707,0.9928704211591195
season_2024-25,m3_k10_capnone,3.0,10.0,none,4774,3844,AST,1.6932034325095053,-0.19386954290293393,1.0000284308870555
season_2024-25,m3_k10_capnone,3.0,10.0,none,4774,3844,REB,2.051709812623814,-0.07627729488769516,0.9977178771368254
season_2024-25,m3_k10_capnone,3.0,10.0,none,4774,3844,STL,0.834899409732387,-0.008780574098092455,1.0077848216716745
season_2024-25,m3_k10_capnone,3.0,10.0,none,4774,3844,BLK,0.5767196050408587,0.01674010792827777,1.0059407903078699
season_2024-25,m3_k10_capnone,3.0,10.0,none,4774,3844,FG3M,1.1376755364207929,-0.05548421106116831,1.0103321848920217
season_2024-25,m3_k10_capnone,3.0,10.0,none,4774,3844,TOV,1.0916062945033966,-0.037253824589772846,1.0079213981608999
season_2024-25,m3_k10_capnone,3.0,10.0,none,4774,3844,FG3A,1.8459153200173684,-0.11124092949722549,1.0055915653908585
season_2024-25,m3_k10_capnone,3.0,10.0,none,4774,3844,OREB,0.9148431283931457,-0.03361347471572662,1.0082238916097577
season_2024-25,m3_k10_capnone,3.0,10.0,none,4774,3844,POOLED,,,1.0040457090240091
season_2024-25,m3_k10_cap0.75-1.35,3.0,10.0,0.75-1.35,4774,3844,PTS,5.6569599270676685,-0.6861564173471479,0.9928951459890913
season_2024-25,m3_k10_cap0.75-1.35,3.0,10.0,0.75-1.35,4774,3844,AST,1.6931955645099228,-0.19422283843830473,1.0000237839420247
season_2024-25,m3_k10_cap0.75-1.35,3.0,10.0,0.75-1.35,4774,3844,REB,2.0517083653222077,-0.0762758475860889,0.9977171733342325
season_2024-25,m3_k10_cap0.75-1.35,3.0,10.0,0.75-1.35,4774,3844,STL,0.83468020659023,-0.008432545388993962,1.0075202274020494
season_2024-25,m3_k10_cap0.75-1.35,3.0,10.0,0.75-1.35,4774,3844,BLK,0.5767418212471994,0.016801878527424575,1.0059795408340677
season_2024-25,m3_k10_cap0.75-1.35,3.0,10.0,0.75-1.35,4774,3844,FG3M,1.1376152892901712,-0.05553043766582663,1.0102786813990083
season_2024-25,m3_k10_cap0.75-1.35,3.0,10.0,0.75-1.35,4774,3844,TOV,1.0915696356095619,-0.037567598179085955,1.0078875496170476
season_2024-25,m3_k10_cap0.75-1.35,3.0,10.0,0.75-1.35,4774,3844,FG3A,1.845972533451892,-0.11129598650156541,1.0056227333141972
season_2024-25,m3_k10_cap0.75-1.35,3.0,10.0,0.75-1.35,4774,3844,OREB,0.9143568380198281,-0.03425248537813732,1.0076879641294914
season_2024-25,m3_k10_cap0.75-1.35,3.0,10.0,0.75-1.35,4774,3844,POOLED,,,1.0039569777734678
season_2024-25,m3_k10_cap0.85-1.20,3.0,10.0,0.85-1.20,4774,3844,PTS,5.656001537453361,-0.6925505987000373,0.9927269318938386
season_2024-25,m3_k10_cap0.85-1.20,3.0,10.0,0.85-1.20,4774,3844,AST,1.692513547274328,-0.20157197856393558,0.9996209755063373
season_2024-25,m3_k10_cap0.85-1.20,3.0,10.0,0.85-1.20,4774,3844,REB,2.0511278483916464,-0.0770510259206345,0.997434876044412
season_2024-25,m3_k10_cap0.85-1.20,3.0,10.0,0.85-1.20,4774,3844,STL,0.8334936541289586,-0.009143012439755495,1.0060879715558393
season_2024-25,m3_k10_cap0.85-1.20,3.0,10.0,0.85-1.20,4774,3844,BLK,0.5768096640717004,0.017231793390573458,1.0060978754006382
season_2024-25,m3_k10_cap0.85-1.20,3.0,10.0,0.85-1.20,4774,3844,FG3M,1.1367220541695005,-0.05859163334961542,1.0094854286989206
season_2024-25,m3_k10_cap0.85-1.20,3.0,10.0,0.85-1.20,4774,3844,TOV,1.0900894773317726,-0.03943919461390653,1.0065208634698892
season_2024-25,m3_k10_cap0.85-1.20,3.0,10.0,0.85-1.20,4774,3844,FG3A,1.845817106472512,-0.1122205045017386,1.0055380620089622
season_2024-25,m3_k10_cap0.85-1.20,3.0,10.0,0.85-1.20,4774,3844,OREB,0.913334460949246,-0.035527623130300334,1.0065612299858953
season_2024-25,m3_k10_cap0.85-1.20,3.0,10.0,0.85-1.20,4774,3844,POOLED,,,1.0033415793960814
season_2024-25,m3_k20_capnone,3.0,20.0,none,4774,3844,PTS,5.649093245844637,-0.8420170948693779,0.991514406209759
season_2024-25,m3_k20_capnone,3.0,20.0,none,4774,3844,AST,1.6884056480937144,-0.22257051727879282,0.9971947957024476
season_2024-25,m3_k20_capnone,3.0,20.0,none,4774,3844,REB,2.0463868654893407,-0.10736545308780206,0.9951294021573514
season_2024-25,m3_k20_capnone,3.0,20.0,none,4774,3844,STL,0.8315106469667873,-0.014438759097957336,1.0036943364711732
season_2024-25,m3_k20_capnone,3.0,20.0,none,4774,3844,BLK,0.5753610185992274,0.015717381009993,1.003571081515502
season_2024-25,m3_k20_capnone,3.0,20.0,none,4774,3844,FG3M,1.1320595465342453,-0.07053819646318799,1.0053448091853612
season_2024-25,m3_k20_capnone,3.0,20.0,none,4774,3844,TOV,1.0870594885664506,-0.04818042123756605,1.0037231601879155
season_2024-25,m3_k20_capnone,3.0,20.0,none,4774,3844,FG3A,1.8368625920463495,-0.1668035110708218,1.000659948651609
season_2024-25,m3_k20_capnone,3.0,20.0,none,4774,3844,OREB,0.9107137044735009,-0.04247303638806039,1.0036729650900564
season_2024-25,m3_k20_capnone,3.0,20.0,none,4774,3844,POOLED,,,1.0005005450190196
season_2024-25,m3_k20_cap0.75-1.35,3.0,20.0,0.75-1.35,4774,3844,PTS,5.649093245844637,-0.8420170948693779,0.991514406209759
season_2024-25,m3_k20_cap0.75-1.35,3.0,20.0,0.75-1.35,4774,3844,AST,1.6884056480937144,-0.22257051727879282,0.9971947957024476
season_2024-25,m3_k20_cap0.75-1.35,3.0,20.0,0.75-1.35,4774,3844,REB,2.0463868654893407,-0.10736545308780206,0.9951294021573514
season_2024-25,m3_k20_cap0.75-1.35,3.0,20.0,0.75-1.35,4774,3844,STL,0.8315009277018736,-0.014405171305130136,1.0036826046055811
season_2024-25,m3_k20_cap0.75-1.35,3.0,20.0,0.75-1.35,4774,3844,BLK,0.5753193785459229,0.015684689491316198,1.0034984510244218
season_2024-25,m3_k20_cap0.75-1.35,3.0,20.0,0.75-1.35,4774,3844,FG3M,1.1320169898245933,-0.07054678615085282,1.0053070159727377
season_2024-25,m3_k20_cap0.75-1.35,3.0,20.0,0.75-1.35,4774,3844,TOV,1.0870602532825615,-0.048181185953676896,1.0037238662792376
season_2024-25,m3_k20_cap0.75-1.35,3.0,20.0,0.75-1.35,4774,3844,FG3A,1.8368881592554298,-0.16681898433040065,1.000673876793124
season_2024-25,m3_k20_cap0.75-1.35,3.0,20.0,0.75-1.35,4774,3844,OREB,0.9106595949759301,-0.0425754428735965,1.0036133324748893
season_2024-25,m3_k20_cap0.75-1.35,3.0,20.0,0.75-1.35,4774,3844,POOLED,,,1.0004819723577276
season_2024-25,m3_k20_cap0.85-1.20,3.0,20.0,0.85-1.20,4774,3844,PTS,5.649435979031611,-0.8428601154623833,0.9915745618626367
season_2024-25,m3_k20_cap0.85-1.20,3.0,20.0,0.85-1.20,4774,3844,AST,1.6882357184555987,-0.22358135407538599,0.9970944330017212
season_2024-25,m3_k20_cap0.85-1.20,3.0,20.0,0.85-1.20,4774,3844,REB,2.0463718248296736,-0.10739871066617139,0.9951220880942507
season_2024-25,m3_k20_cap0.85-1.20,3.0,20.0,0.85-1.20,4774,3844,STL,0.8313010606793708,-0.014202886137440071,1.0034413504505502
season_2024-25,m3_k20_cap0.85-1.20,3.0,20.0,0.85-1.20,4774,3844,BLK,0.5753583849080486,0.015775867423479716,1.0035664877105357
season_2024-25,m3_k20_cap0.85-1.20,3.0,20.0,0.85-1.20,4774,3844,FG3M,1.1319703431234935,-0.07077064028678422,1.005265590573376
season_2024-25,m3_k20_cap0.85-1.20,3.0,20.0,0.85-1.20,4774,3844,TOV,1.086905805604912,-0.048726456144810006,1.0035812588941546
season_2024-25,m3_k20_cap0.85-1.20,3.0,20.0,0.85-1.20,4774,3844,FG3A,1.8368750426226956,-0.1668951847292686,1.0006667312999906
season_2024-25,m3_k20_cap0.85-1.20,3.0,20.0,0.85-1.20,4774,3844,OREB,0.910242934194334,-0.04338405695109802,1.0031541418861816
season_2024-25,m3_k20_cap0.85-1.20,3.0,20.0,0.85-1.20,4774,3844,POOLED,,,1.0003851826414885
season_2024-25,m3_k40_capnone,3.0,40.0,none,4774,3844,PTS,5.657159386766774,-0.9808702974820062,0.9929301546456164
season_2024-25,m3_k40_capnone,3.0,40.0,none,4774,3844,AST,1.6872123877230452,-0.24904569343171495,0.9964900402825089
season_2024-25,m3_k40_capnone,3.0,40.0,none,4774,3844,REB,2.047230664481775,-0.13510855231572294,0.9955397298432072
season_2024-25,m3_k40_capnone,3.0,40.0,none,4774,3844,STL,0.8292304936444935,-0.019784282906051612,1.000942024177614
season_2024-25,m3_k40_capnone,3.0,40.0,none,4774,3844,BLK,0.5745618786024661,0.014901207367990034,1.0021771848751204
season_2024-25,m3_k40_capnone,3.0,40.0,none,4774,3844,FG3M,1.128601012266155,-0.08494381847508477,1.0022733987772612
season_2024-25,m3_k40_capnone,3.0,40.0,none,4774,3844,TOV,1.0845221382912902,-0.05881218654282667,1.0013803286653773
season_2024-25,m3_k40_capnone,3.0,40.0,none,4774,3844,FG3A,1.833830134724081,-0.21495586827436652,0.9990079695642627
season_2024-25,m3_k40_capnone,3.0,40.0,none,4774,3844,OREB,0.9085668622047975,-0.05045862139618511,1.0013069882360508
season_2024-25,m3_k40_capnone,3.0,40.0,none,4774,3844,POOLED,,,0.9991164243407799
season_2024-25,m3_k40_cap0.75-1.35,3.0,40.0,0.75-1.35,4774,3844,PTS,5.657159386766774,-0.9808702974820062,0.9929301546456164
season_2024-25,m3_k40_cap0.75-1.35,3.0,40.0,0.75-1.35,4774,3844,AST,1.6872123877230452,-0.24904569343171495,0.9964900402825089
season_2024-25,m3_k40_cap0.75-1.35,3.0,40.0,0.75-1.35,4774,3844,REB,2.047230664481775,-0.13510855231572294,0.9955397298432072
season_2024-25,m3_k40_cap0.75-1.35,3.0,40.0,0.75-1.35,4774,3844,STL,0.8292285936132631,-0.01978238287482128,1.0009397307005645
season_2024-25,m3_k40_cap0.75-1.35,3.0,40.0,0.75-1.35,4774,3844,BLK,0.5745557337081768,0.01489438989515844,1.0021664666686232
season_2024-25,m3_k40_cap0.75-1.35,3.0,40.0,0.75-1.35,4774,3844,FG3M,1.128598381049837,-0.08494644969140275,1.0022710620806843
season_2024-25,m3_k40_cap0.75-1.35,3.0,40.0,0.75-1.35,4774,3844,TOV,1.0845221382912902,-0.05881218654282667,1.0013803286653773
season_2024-25,m3_k40_cap0.75-1.35,3.0,40.0,0.75-1.35,4774,3844,FG3A,1.8338305395140788,-0.2149554634843691,0.9990081900800161
season_2024-25,m3_k40_cap0.75-1.35,3.0,40.0,0.75-1.35,4774,3844,OREB,0.9085650933073706,-0.0504603902936119,1.0013050387819942
season_2024-25,m3_k40_cap0.75-1.35,3.0,40.0,0.75-1.35,4774,3844,POOLED,,,0.9991145268609548
season_2024-25,m3_k40_cap0.85-1.20,3.0,40.0,0.85-1.20,4774,3844,PTS,5.657159386766774,-0.9808702974820062,0.9929301546456164
season_2024-25,m3_k40_cap0.85-1.20,3.0,40.0,0.85-1.20,4774,3844,AST,1.687218034929417,-0.24903093476535576,0.99649337559758
season_2024-25,m3_k40_cap0.85-1.20,3.0,40.0,0.85-1.20,4774,3844,REB,2.047230664481775,-0.13510855231572294,0.9955397298432072
season_2024-25,m3_k40_cap0.85-1.20,3.0,40.0,0.85-1.20,4774,3844,STL,0.8292304742874013,-0.019731960533875673,1.0009420008121839
season_2024-25,m3_k40_cap0.85-1.20,3.0,40.0,0.85-1.20,4774,3844,BLK,0.5745428770901619,0.014863904985043313,1.002144041565725
season_2024-25,m3_k40_cap0.85-1.20,3.0,40.0,0.85-1.20,4774,3844,FG3M,1.1285468623341484,-0.08492146589246047,1.0022253100055818
season_2024-25,m3_k40_cap0.85-1.20,3.0,40.0,0.85-1.20,4774,3844,TOV,1.0845367161959594,-0.058826764447496106,1.0013937889963873
season_2024-25,m3_k40_cap0.85-1.20,3.0,40.0,0.85-1.20,4774,3844,FG3A,1.8338391666510023,-0.21499495781524586,0.9990128898493011
season_2024-25,m3_k40_cap0.85-1.20,3.0,40.0,0.85-1.20,4774,3844,OREB,0.9084893943528466,-0.050618942814293674,1.0012216130096927
season_2024-25,m3_k40_cap0.85-1.20,3.0,40.0,0.85-1.20,4774,3844,POOLED,,,0.9991003227028085
season_2024-25,m3_k80_capnone,3.0,80.0,none,4774,3844,PTS,5.670974265786991,-1.0795946562542733,0.995354906897434
season_2024-25,m3_k80_capnone,3.0,80.0,none,4774,3844,AST,1.6888625795472014,-0.2700078646624699,0.9974646654863616
season_2024-25,m3_k80_capnone,3.0,80.0,none,4774,3844,REB,2.0500554297950497,-0.15455717000719385,0.9969133738324447
season_2024-25,m3_k80_capnone,3.0,80.0,none,4774,3844,STL,0.8283587659185859,-0.0235287609996751,0.9998897848772152
season_2024-25,m3_k80_capnone,3.0,80.0,none,4774,3844,BLK,0.5740074934896175,0.014264018041047164,1.0012102009306187
season_2024-25,m3_k80_capnone,3.0,80.0,none,4774,3844,FG3M,1.1268859437200505,-0.09553695902488482,1.0007503028716598
season_2024-25,m3_k80_capnone,3.0,80.0,none,4774,3844,TOV,1.0835922653682042,-0.06627320932406747,1.0005217418090464
season_2024-25,m3_k80_capnone,3.0,80.0,none,4774,3844,FG3A,1.8336948584329278,-0.249043623214071,0.9989342756651407
season_2024-25,m3_k80_capnone,3.0,80.0,none,4774,3844,OREB,0.9076697972985451,-0.05647764527351097,1.0003183572426728
season_2024-25,m3_k80_capnone,3.0,80.0,none,4774,3844,POOLED,,,0.9990397344013993
season_2024-25,m3_k80_cap0.75-1.35,3.0,80.0,0.75-1.35,4774,3844,PTS,5.670974265786991,-1.0795946562542733,0.995354906897434
season_2024-25,m3_k80_cap0.75-1.35,3.0,80.0,0.75-1.35,4774,3844,AST,1.6888625795472014,-0.2700078646624699,0.9974646654863616
season_2024-25,m3_k80_cap0.75-1.35,3.0,80.0,0.75-1.35,4774,3844,REB,2.0500554297950497,-0.15455717000719385,0.9969133738324447
season_2024-25,m3_k80_cap0.75-1.35,3.0,80.0,0.75-1.35,4774,3844,STL,0.8283587659185859,-0.0235287609996751,0.9998897848772152
season_2024-25,m3_k80_cap0.75-1.35,3.0,80.0,0.75-1.35,4774,3844,BLK,0.5740074934896175,0.014264018041047164,1.0012102009306187
season_2024-25,m3_k80_cap0.75-1.35,3.0,80.0,0.75-1.35,4774,3844,FG3M,1.1268856086700654,-0.0955372940748699,1.0007500053247997
season_2024-25,m3_k80_cap0.75-1.35,3.0,80.0,0.75-1.35,4774,3844,TOV,1.0835922653682042,-0.06627320932406747,1.0005217418090464
season_2024-25,m3_k80_cap0.75-1.35,3.0,80.0,0.75-1.35,4774,3844,FG3A,1.8336948584329278,-0.249043623214071,0.9989342756651407
season_2024-25,m3_k80_cap0.75-1.35,3.0,80.0,0.75-1.35,4774,3844,OREB,0.9076697972985451,-0.05647764527351097,1.0003183572426728
season_2024-25,m3_k80_cap0.75-1.35,3.0,80.0,0.75-1.35,4774,3844,POOLED,,,0.999039701340637
season_2024-25,m3_k80_cap0.85-1.20,3.0,80.0,0.85-1.20,4774,3844,PTS,5.670974265786991,-1.0795946562542733,0.995354906897434
season_2024-25,m3_k80_cap0.85-1.20,3.0,80.0,0.85-1.20,4774,3844,AST,1.6888625795472014,-0.2700078646624699,0.9974646654863616
season_2024-25,m3_k80_cap0.85-1.20,3.0,80.0,0.85-1.20,4774,3844,REB,2.0500554297950497,-0.15455717000719385,0.9969133738324447
season_2024-25,m3_k80_cap0.85-1.20,3.0,80.0,0.85-1.20,4774,3844,STL,0.8283576920487947,-0.023526946027211934,0.9998884886376164
season_2024-25,m3_k80_cap0.85-1.20,3.0,80.0,0.85-1.20,4774,3844,BLK,0.5740056221681035,0.014262791932615045,1.001206936885793
season_2024-25,m3_k80_cap0.85-1.20,3.0,80.0,0.85-1.20,4774,3844,FG3M,1.126885539739711,-0.09553736300522435,1.0007499441100218
season_2024-25,m3_k80_cap0.85-1.20,3.0,80.0,0.85-1.20,4774,3844,TOV,1.0835922653682042,-0.06627320932406747,1.0005217418090464
season_2024-25,m3_k80_cap0.85-1.20,3.0,80.0,0.85-1.20,4774,3844,FG3A,1.8336945871691257,-0.24904357239672206,0.9989341278898942
season_2024-25,m3_k80_cap0.85-1.20,3.0,80.0,0.85-1.20,4774,3844,OREB,0.9076687121345028,-0.05647873043755315,1.0003171613127042
season_2024-25,m3_k80_cap0.85-1.20,3.0,80.0,0.85-1.20,4774,3844,POOLED,,,0.9990390385401462
season_2024-25,m3_k160_capnone,3.0,160.0,none,4774,3844,PTS,5.681928394179878,-1.1409002581238066,0.9972775475118385
season_2024-25,m3_k160_capnone,3.0,160.0,none,4774,3844,AST,1.6906345393859077,-0.2828606409025621,0.9985112084965361
season_2024-25,m3_k160_capnone,3.0,160.0,none,4774,3844,REB,2.0525829746778173,-0.16613411005200576,0.9981424836701454
season_2024-25,m3_k160_capnone,3.0,160.0,none,4774,3844,STL,0.8281978768508983,-0.02572260178960934,0.9996955799724107
season_2024-25,m3_k160_capnone,3.0,160.0,none,4774,3844,BLK,0.5736586639942188,0.013806245937733096,1.0006017565232899
season_2024-25,m3_k160_capnone,3.0,160.0,none,4774,3844,FG3M,1.1262889916005656,-0.10227527006638681,1.0002201693495376
season_2024-25,m3_k160_capnone,3.0,160.0,none,4774,3844,TOV,1.0832609041173116,-0.07073809106764783,1.0002157834273682
season_2024-25,m3_k160_capnone,3.0,160.0,none,4774,3844,FG3A,1.8343301617652867,-0.27013450412425094,0.999280367203337
season_2024-25,m3_k160_capnone,3.0,160.0,none,4774,3844,OREB,0.9074188498112209,-0.06018552405282374,1.000041794797804
season_2024-25,m3_k160_capnone,3.0,160.0,none,4774,3844,POOLED,,,0.999331854550252
season_2024-25,m3_k160_cap0.75-1.35,3.0,160.0,0.75-1.35,4774,3844,PTS,5.681928394179878,-1.1409002581238066,0.9972775475118385
season_2024-25,m3_k160_cap0.75-1.35,3.0,160.0,0.75-1.35,4774,3844,AST,1.6906345393859077,-0.2828606409025621,0.9985112084965361
season_2024-25,m3_k160_cap0.75-1.35,3.0,160.0,0.75-1.35,4774,3844,REB,2.0525829746778173,-0.16613411005200576,0.9981424836701454
season_2024-25,m3_k160_cap0.75-1.35,3.0,160.0,0.75-1.35,4774,3844,STL,0.8281978768508983,-0.02572260178960934,0.9996955799724107
season_2024-25,m3_k160_cap0.75-1.35,3.0,160.0,0.75-1.35,4774,3844,BLK,0.5736586639942188,0.013806245937733096,1.0006017565232899
season_2024-25,m3_k160_cap0.75-1.35,3.0,160.0,0.75-1.35,4774,3844,FG3M,1.1262889916005656,-0.10227527006638681,1.0002201693495376
season_2024-25,m3_k160_cap0.75-1.35,3.0,160.0,0.75-1.35,4774,3844,TOV,1.0832609041173116,-0.07073809106764783,1.0002157834273682
season_2024-25,m3_k160_cap0.75-1.35,3.0,160.0,0.75-1.35,4774,3844,FG3A,1.8343301617652867,-0.27013450412425094,0.999280367203337
season_2024-25,m3_k160_cap0.75-1.35,3.0,160.0,0.75-1.35,4774,3844,OREB,0.9074188498112209,-0.06018552405282374,1.000041794797804
season_2024-25,m3_k160_cap0.75-1.35,3.0,160.0,0.75-1.35,4774,3844,POOLED,,,0.999331854550252
season_2024-25,m3_k160_cap0.85-1.20,3.0,160.0,0.85-1.20,4774,3844,PTS,5.681928394179878,-1.1409002581238066,0.9972775475118385
season_2024-25,m3_k160_cap0.85-1.20,3.0,160.0,0.85-1.20,4774,3844,AST,1.6906345393859077,-0.2828606409025621,0.9985112084965361
season_2024-25,m3_k160_cap0.85-1.20,3.0,160.0,0.85-1.20,4774,3844,REB,2.0525829746778173,-0.16613411005200576,0.9981424836701454
season_2024-25,m3_k160_cap0.85-1.20,3.0,160.0,0.85-1.20,4774,3844,STL,0.8281978768508983,-0.02572260178960934,0.9996955799724107
season_2024-25,m3_k160_cap0.85-1.20,3.0,160.0,0.85-1.20,4774,3844,BLK,0.5736586639942188,0.013806245937733096,1.0006017565232899
season_2024-25,m3_k160_cap0.85-1.20,3.0,160.0,0.85-1.20,4774,3844,FG3M,1.1262891447407153,-0.10227511692623709,1.0002203053482621
season_2024-25,m3_k160_cap0.85-1.20,3.0,160.0,0.85-1.20,4774,3844,TOV,1.0832609041173116,-0.07073809106764783,1.0002157834273682
season_2024-25,m3_k160_cap0.85-1.20,3.0,160.0,0.85-1.20,4774,3844,FG3A,1.8343300011833956,-0.27013466470614245,0.9992802797238121
season_2024-25,m3_k160_cap0.85-1.20,3.0,160.0,0.85-1.20,4774,3844,OREB,0.9074188498112209,-0.06018552405282374,1.000041794797804
season_2024-25,m3_k160_cap0.85-1.20,3.0,160.0,0.85-1.20,4774,3844,POOLED,,,0.999331859941274
season_2024-25,m3_k320_capnone,3.0,320.0,none,4774,3844,PTS,5.6891262353912015,-1.175286586055763,0.9985408942020153
season_2024-25,m3_k320_capnone,3.0,320.0,none,4774,3844,AST,1.6917418408810896,-0.29000726208250677,0.9991651954631845
season_2024-25,m3_k320_capnone,3.0,320.0,none,4774,3844,REB,2.054310014333081,-0.1724744363011007,0.9989823189762783
season_2024-25,m3_k320_capnone,3.0,320.0,none,4774,3844,STL,0.8282722576780565,-0.02695623700110122,0.9997853630861122
season_2024-25,m3_k320_capnone,3.0,320.0,none,4774,3844,BLK,0.5734868182656576,0.01354585852706547,1.0003020153206517
season_2024-25,m3_k320_capnone,3.0,320.0,none,4774,3844,FG3M,1.1261211852171509,-0.10613313357545899,1.0000711460256049
season_2024-25,m3_k320_capnone,3.0,320.0,none,4774,3844,TOV,1.0831334501880854,-0.07322038445824414,1.0000981003916496
season_2024-25,m3_k320_capnone,3.0,320.0,none,4774,3844,FG3A,1.8348767837790299,-0.2820755167982116,0.9995781481906425
season_2024-25,m3_k320_capnone,3.0,320.0,none,4774,3844,OREB,0.9073668314059598,-0.06226385617515195,0.9999844667189673
season_2024-25,m3_k320_capnone,3.0,320.0,none,4774,3844,POOLED,,,0.9996119609305673
season_2024-25,m3_k320_cap0.75-1.35,3.0,320.0,0.75-1.35,4774,3844,PTS,5.6891262353912015,-1.175286586055763,0.9985408942020153
season_2024-25,m3_k320_cap0.75-1.35,3.0,320.0,0.75-1.35,4774,3844,AST,1.6917418408810896,-0.29000726208250677,0.9991651954631845
season_2024-25,m3_k320_cap0.75-1.35,3.0,320.0,0.75-1.35,4774,3844,REB,2.054310014333081,-0.1724744363011007,0.9989823189762783
season_2024-25,m3_k320_cap0.75-1.35,3.0,320.0,0.75-1.35,4774,3844,STL,0.8282722576780565,-0.02695623700110122,0.9997853630861122
season_2024-25,m3_k320_cap0.75-1.35,3.0,320.0,0.75-1.35,4774,3844,BLK,0.5734868182656576,0.01354585852706547,1.0003020153206517
season_2024-25,m3_k320_cap0.75-1.35,3.0,320.0,0.75-1.35,4774,3844,FG3M,1.1261211852171509,-0.10613313357545899,1.0000711460256049
season_2024-25,m3_k320_cap0.75-1.35,3.0,320.0,0.75-1.35,4774,3844,TOV,1.0831334501880854,-0.07322038445824414,1.0000981003916496
season_2024-25,m3_k320_cap0.75-1.35,3.0,320.0,0.75-1.35,4774,3844,FG3A,1.8348767837790299,-0.2820755167982116,0.9995781481906425
season_2024-25,m3_k320_cap0.75-1.35,3.0,320.0,0.75-1.35,4774,3844,OREB,0.9073668314059598,-0.06226385617515195,0.9999844667189673
season_2024-25,m3_k320_cap0.75-1.35,3.0,320.0,0.75-1.35,4774,3844,POOLED,,,0.9996119609305673
season_2024-25,m3_k320_cap0.85-1.20,3.0,320.0,0.85-1.20,4774,3844,PTS,5.6891262353912015,-1.175286586055763,0.9985408942020153
season_2024-25,m3_k320_cap0.85-1.20,3.0,320.0,0.85-1.20,4774,3844,AST,1.6917418408810896,-0.29000726208250677,0.9991651954631845
season_2024-25,m3_k320_cap0.85-1.20,3.0,320.0,0.85-1.20,4774,3844,REB,2.054310014333081,-0.1724744363011007,0.9989823189762783
season_2024-25,m3_k320_cap0.85-1.20,3.0,320.0,0.85-1.20,4774,3844,STL,0.8282722576780565,-0.02695623700110122,0.9997853630861122
season_2024-25,m3_k320_cap0.85-1.20,3.0,320.0,0.85-1.20,4774,3844,BLK,0.5734868182656576,0.01354585852706547,1.0003020153206517
season_2024-25,m3_k320_cap0.85-1.20,3.0,320.0,0.85-1.20,4774,3844,FG3M,1.1261211852171509,-0.10613313357545899,1.0000711460256049
season_2024-25,m3_k320_cap0.85-1.20,3.0,320.0,0.85-1.20,4774,3844,TOV,1.0831334501880854,-0.07322038445824414,1.0000981003916496
season_2024-25,m3_k320_cap0.85-1.20,3.0,320.0,0.85-1.20,4774,3844,FG3A,1.8348767837790299,-0.2820755167982116,0.9995781481906425
season_2024-25,m3_k320_cap0.85-1.20,3.0,320.0,0.85-1.20,4774,3844,OREB,0.9073668314059598,-0.06226385617515195,0.9999844667189673
season_2024-25,m3_k320_cap0.85-1.20,3.0,320.0,0.85-1.20,4774,3844,POOLED,,,0.9996119609305673
season_2024-25,m5_k0_capnone,5.0,0.0,none,4774,3264,PTS,5.787230723396979,-0.4135801972755948,1.015759943160556
season_2024-25,m5_k0_capnone,5.0,0.0,none,4774,3264,AST,1.7231349536599978,-0.15044369584549,1.0177063847321093
season_2024-25,m5_k0_capnone,5.0,0.0,none,4774,3264,REB,2.0946410888735723,-0.021591707681637404,1.0185947582333321
season_2024-25,m5_k0_capnone,5.0,0.0,none,4774,3264,STL,0.8532396658117595,-0.0009901198261011018,1.0299228558910154
season_2024-25,m5_k0_capnone,5.0,0.0,none,4774,3264,BLK,0.5806208123901512,0.01897293167541326,1.0127454551221067
season_2024-25,m5_k0_capnone,5.0,0.0,none,4774,3264,FG3M,1.156495604350209,-0.033670851226684576,1.0270456675522575
season_2024-25,m5_k0_capnone,5.0,0.0,none,4774,3264,TOV,1.1083940918921333,-0.0211305421428899,1.0234222067411538
season_2024-25,m5_k0_capnone,5.0,0.0,none,4774,3264,FG3A,1.891011872739504,-0.017275846254423567,1.0301586257287925
season_2024-25,m5_k0_capnone,5.0,0.0,none,4774,3264,OREB,0.9303018428605073,-0.018892695301415362,1.0252605231106606
season_2024-25,m5_k0_capnone,5.0,0.0,none,4774,3264,POOLED,,,1.022290713363554
season_2024-25,m5_k0_cap0.75-1.35,5.0,0.0,0.75-1.35,4774,3264,PTS,5.765193423589118,-0.43149232485461453,1.011892012630372
season_2024-25,m5_k0_cap0.75-1.35,5.0,0.0,0.75-1.35,4774,3264,AST,1.7184999663641378,-0.16343936915137142,1.014968899688277
season_2024-25,m5_k0_cap0.75-1.35,5.0,0.0,0.75-1.35,4774,3264,REB,2.088047537702749,-0.025811012460915043,1.015388406225621
season_2024-25,m5_k0_cap0.75-1.35,5.0,0.0,0.75-1.35,4774,3264,STL,0.8428673123037472,-0.0006613032485212003,1.017402664466113
season_2024-25,m5_k0_cap0.75-1.35,5.0,0.0,0.75-1.35,4774,3264,BLK,0.5793262464168188,0.020368141244454747,1.0104874137672835
season_2024-25,m5_k0_cap0.75-1.35,5.0,0.0,0.75-1.35,4774,3264,FG3M,1.1487209982930728,-0.0390687534052882,1.0201412958989007
season_2024-25,m5_k0_cap0.75-1.35,5.0,0.0,0.75-1.35,4774,3264,TOV,1.101877600791183,-0.024303440648759896,1.0174052839232426
season_2024-25,m5_k0_cap0.75-1.35,5.0,0.0,0.75-1.35,4774,3264,FG3A,1.8850776535803058,-0.02252520991576331,1.0269258659868048
season_2024-25,m5_k0_cap0.75-1.35,5.0,0.0,0.75-1.35,4774,3264,OREB,0.9231671564203174,-0.022322635141362637,1.0173975779729756
season_2024-25,m5_k0_cap0.75-1.35,5.0,0.0,0.75-1.35,4774,3264,POOLED,,,1.0168899356177323
season_2024-25,m5_k0_cap0.85-1.20,5.0,0.0,0.85-1.20,4774,3264,PTS,5.7269980139696735,-0.4988251457504535,1.0051880519696734
season_2024-25,m5_k0_cap0.85-1.20,5.0,0.0,0.85-1.20,4774,3264,AST,1.7061087446737548,-0.18773284945356203,1.0076504796178418
season_2024-25,m5_k0_cap0.85-1.20,5.0,0.0,0.85-1.20,4774,3264,REB,2.0777075551202926,-0.0467078964172323,1.0103602168548216
season_2024-25,m5_k0_cap0.85-1.20,5.0,0.0,0.85-1.20,4774,3264,STL,0.8368294579434968,-0.00490709664194241,1.010114531418235
season_2024-25,m5_k0_cap0.85-1.20,5.0,0.0,0.85-1.20,4774,3264,BLK,0.577627375442869,0.020184907876344103,1.0075241650841644
season_2024-25,m5_k0_cap0.85-1.20,5.0,0.0,0.85-1.20,4774,3264,FG3M,1.1424937164350548,-0.04730789549526793,1.0146110519197222
season_2024-25,m5_k0_cap0.85-1.20,5.0,0.0,0.85-1.20,4774,3264,TOV,1.094652435830535,-0.03138916100391992,1.0107340157144125
season_2024-25,m5_k0_cap0.85-1.20,5.0,0.0,0.85-1.20,4774,3264,FG3A,1.873566360861277,-0.04454487381944631,1.0206549072166637
season_2024-25,m5_k0_cap0.85-1.20,5.0,0.0,0.85-1.20,4774,3264,OREB,0.9164518335158448,-0.02986924492937464,1.009996802056283
season_2024-25,m5_k0_cap0.85-1.20,5.0,0.0,0.85-1.20,4774,3264,POOLED,,,1.0107593579835352
season_2024-25,m5_k3_capnone,5.0,3.0,none,4774,3264,PTS,5.715884570684335,-0.5600646930577642,1.003237448812589
season_2024-25,m5_k3_capnone,5.0,3.0,none,4774,3264,AST,1.706842415378855,-0.1760720221462875,1.0080837952785133
season_2024-25,m5_k3_capnone,5.0,3.0,none,4774,3264,REB,2.0721804467666978,-0.050817498834002474,1.007672461120885
season_2024-25,m5_k3_capnone,5.0,3.0,none,4774,3264,STL,0.8436024340682925,-0.00579014940605081,1.0182900103520403
season_2024-25,m5_k3_capnone,5.0,3.0,none,4774,3264,BLK,0.5782483146932322,0.017857747647848587,1.0086072358082805
season_2024-25,m5_k3_capnone,5.0,3.0,none,4774,3264,FG3M,1.1458532086411457,-0.04600611848543936,1.0175945063336107
season_2024-25,m5_k3_capnone,5.0,3.0,none,4774,3264,TOV,1.0991023520421364,-0.030325600984641193,1.0148427917376732
season_2024-25,m5_k3_capnone,5.0,3.0,none,4774,3264,FG3A,1.8653073788093324,-0.06591625083130116,1.016155696120636
season_2024-25,m5_k3_capnone,5.0,3.0,none,4774,3264,OREB,0.9214925144019672,-0.02695514463402442,1.0155520002554494
season_2024-25,m5_k3_capnone,5.0,3.0,none,4774,3264,POOLED,,,1.0122262162021862
season_2024-25,m5_k3_cap0.75-1.35,5.0,3.0,0.75-1.35,4774,3264,PTS,5.712148659406218,-0.5649748845824454,1.002581731214849
season_2024-25,m5_k3_cap0.75-1.35,5.0,3.0,0.75-1.35,4774,3264,AST,1.7069847586634073,-0.18152837945016115,1.0081678651125126
season_2024-25,m5_k3_cap0.75-1.35,5.0,3.0,0.75-1.35,4774,3264,REB,2.0709778131680343,-0.05074421349602539,1.0070876371688575
season_2024-25,m5_k3_cap0.75-1.35,5.0,3.0,0.75-1.35,4774,3264,STL,0.8400518522732264,-0.004720428827185455,1.0140041977146612
season_2024-25,m5_k3_cap0.75-1.35,5.0,3.0,0.75-1.35,4774,3264,BLK,0.5780545213714352,0.018805982612947435,1.0082692126067438
season_2024-25,m5_k3_cap0.75-1.35,5.0,3.0,0.75-1.35,4774,3264,FG3M,1.143590054246488,-0.047836819277453875,1.015584673432135
season_2024-25,m5_k3_cap0.75-1.35,5.0,3.0,0.75-1.35,4774,3264,TOV,1.09770974875214,-0.031583179901898774,1.0135569484238296
season_2024-25,m5_k3_cap0.75-1.35,5.0,3.0,0.75-1.35,4774,3264,FG3A,1.8648960024037649,-0.0664311137831998,1.015931592317415
season_2024-25,m5_k3_cap0.75-1.35,5.0,3.0,0.75-1.35,4774,3264,OREB,0.9195982943057056,-0.028440359050361637,1.0134644314715282
season_2024-25,m5_k3_cap0.75-1.35,5.0,3.0,0.75-1.35,4774,3264,POOLED,,,1.0109609210513926
season_2024-25,m5_k3_cap0.85-1.20,5.0,3.0,0.85-1.20,4774,3264,PTS,5.698767091215837,-0.5908047011435636,1.0002330325722482
season_2024-25,m5_k3_cap0.85-1.20,5.0,3.0,0.85-1.20,4774,3264,AST,1.7012676198059522,-0.19691925656925915,1.0047912469867684
season_2024-25,m5_k3_cap0.85-1.20,5.0,3.0,0.85-1.20,4774,3264,REB,2.0673289614167474,-0.061204192397643895,1.0053132514341492
season_2024-25,m5_k3_cap0.85-1.20,5.0,3.0,0.85-1.20,4774,3264,STL,0.8357952817629198,-0.007084193325745081,1.0088662049185744
season_2024-25,m5_k3_cap0.85-1.20,5.0,3.0,0.85-1.20,4774,3264,BLK,0.5770375865899735,0.018987621989935154,1.0064954283122378
season_2024-25,m5_k3_cap0.85-1.20,5.0,3.0,0.85-1.20,4774,3264,FG3M,1.1399093545145162,-0.05313532395585725,1.012315965190562
season_2024-25,m5_k3_cap0.85-1.20,5.0,3.0,0.85-1.20,4774,3264,TOV,1.0930959693349291,-0.03554382788147705,1.0092968713022366
season_2024-25,m5_k3_cap0.85-1.20,5.0,3.0,0.85-1.20,4774,3264,FG3A,1.8618984718846887,-0.07525800974172896,1.0142986401585066
season_2024-25,m5_k3_cap0.85-1.20,5.0,3.0,0.85-1.20,4774,3264,OREB,0.9154541686181366,-0.03246259031514766,1.0088973025306578
season_2024-25,m5_k3_cap0.85-1.20,5.0,3.0,0.85-1.20,4774,3264,POOLED,,,1.0078342159339935
season_2024-25,m5_k5_capnone,5.0,5.0,none,4774,3264,PTS,5.6931630376531475,-0.6278442609946071,0.9992494234160947
season_2024-25,m5_k5_capnone,5.0,5.0,none,4774,3264,AST,1.701627022997259,-0.18739682909412192,1.0050035152839838
season_2024-25,m5_k5_capnone,5.0,5.0,none,4774,3264,REB,2.064611759512181,-0.06499132838312324,1.0039919140309277
season_2024-25,m5_k5_capnone,5.0,5.0,none,4774,3264,STL,0.8400842543375892,-0.007921999221592443,1.0140433093828154
season_2024-25,m5_k5_capnone,5.0,5.0,none,4774,3264,BLK,0.5772778134697307,0.01734792780612137,1.006914443055562
season_2024-25,m5_k5_capnone,5.0,5.0,none,4774,3264,FG3M,1.1418749416395564,-0.05158595696020761,1.0140615383975637
season_2024-25,m5_k5_capnone,5.0,5.0,none,4774,3264,TOV,1.0960523337936579,-0.03456909192587046,1.0120265944759843
season_2024-25,m5_k5_capnone,5.0,5.0,none,4774,3264,FG3A,1.8569902547611963,-0.08897922744560667,1.0116248112526147
season_2024-25,m5_k5_capnone,5.0,5.0,none,4774,3264,OREB,0.918538180175196,-0.030522069194773856,1.012296108333888
season_2024-25,m5_k5_capnone,5.0,5.0,none,4774,3264,POOLED,,,1.0088012952921595
season_2024-25,m5_k5_cap0.75-1.35,5.0,5.0,0.75-1.35,4774,3264,PTS,5.692103638932077,-0.6298406422374938,0.9990634804606241
season_2024-25,m5_k5_cap0.75-1.35,5.0,5.0,0.75-1.35,4774,3264,AST,1.7020228407668263,-0.19041201556140064,1.0052372905146605
season_2024-25,m5_k5_cap0.75-1.35,5.0,5.0,0.75-1.35,4774,3264,REB,2.0641261665348747,-0.06502933745033286,1.0037557769361547
season_2024-25,m5_k5_cap0.75-1.35,5.0,5.0,0.75-1.35,4774,3264,STL,0.8383775670037941,-0.006925278417904178,1.0119832125971568
season_2024-25,m5_k5_cap0.75-1.35,5.0,5.0,0.75-1.35,4774,3264,BLK,0.5773918930836749,0.018116545641360334,1.0071134259512464
season_2024-25,m5_k5_cap0.75-1.35,5.0,5.0,0.75-1.35,4774,3264,FG3M,1.140947745362533,-0.05233309582294021,1.0132381259127212
season_2024-25,m5_k5_cap0.75-1.35,5.0,5.0,0.75-1.35,4774,3264,TOV,1.0955616929019096,-0.03528126061307534,1.0115735671747532
season_2024-25,m5_k5_cap0.75-1.35,5.0,5.0,0.75-1.35,4774,3264,FG3A,1.85699801117215,-0.08911904974054267,1.0116290366801564
season_2024-25,m5_k5_cap0.75-1.35,5.0,5.0,0.75-1.35,4774,3264,OREB,0.917562286211074,-0.031547192953354175,1.0112206019658907
season_2024-25,m5_k5_cap0.75-1.35,5.0,5.0,0.75-1.35,4774,3264,POOLED,,,1.0083127242437073
season_2024-25,m5_k5_cap0.85-1.20,5.0,5.0,0.85-1.20,4774,3264,PTS,5.685134223159997,-0.6460455539897856,0.9978402264196385
season_2024-25,m5_k5_cap0.85-1.20,5.0,5.0,0.85-1.20,4774,3264,AST,1.6991431387189564,-0.20247766183907187,1.003536500246308
season_2024-25,m5_k5_cap0.85-1.20,5.0,5.0,0.85-1.20,4774,3264,REB,2.062283199044138,-0.07027445965231727,1.002859567539886
season_2024-25,m5_k5_cap0.85-1.20,5.0,5.0,0.85-1.20,4774,3264,STL,0.8351657987212802,-0.008549296482362544,1.0081063727190671
season_2024-25,m5_k5_cap0.85-1.20,5.0,5.0,0.85-1.20,4774,3264,BLK,0.5766505614148871,0.018344987278054222,1.0058203612482912
season_2024-25,m5_k5_cap0.85-1.20,5.0,5.0,0.85-1.20,4774,3264,FG3M,1.1383546996104352,-0.05642539748241932,1.0109353273586765
season_2024-25,m5_k5_cap0.85-1.20,5.0,5.0,0.85-1.20,4774,3264,TOV,1.0922751640281467,-0.03824674847965624,1.0085389907031634
season_2024-25,m5_k5_cap0.85-1.20,5.0,5.0,0.85-1.20,4774,3264,FG3A,1.8556128674028043,-0.09356846310115079,1.0108744577045106
season_2024-25,m5_k5_cap0.85-1.20,5.0,5.0,0.85-1.20,4774,3264,OREB,0.9148006680400809,-0.034219337841790855,1.0081770972019761
season_2024-25,m5_k5_cap0.85-1.20,5.0,5.0,0.85-1.20,4774,3264,POOLED,,,1.006298766793502
season_2024-25,m5_k10_capnone,5.0,10.0,none,4774,3264,PTS,5.667542382270107,-0.7457787784350018,0.9947525514751852
season_2024-25,m5_k10_capnone,5.0,10.0,none,4774,3264,AST,1.694826180560853,-0.20735023831218163,1.0009868474342682
season_2024-25,m5_k10_capnone,5.0,10.0,none,4774,3264,REB,2.054971140423937,-0.08876301383479213,0.9993038153769048
season_2024-25,m5_k10_capnone,5.0,10.0,none,4774,3264,STL,0.8351736074425146,-0.011645996710020938,1.0081157984183131
season_2024-25,m5_k10_capnone,5.0,10.0,none,4774,3264,BLK,0.5758421596148913,0.016418960280664384,1.0044103097458517
season_2024-25,m5_k10_capnone,5.0,10.0,none,4774,3264,FG3M,1.136328065163536,-0.061620871905621794,1.0091355400351703
season_2024-25,m5_k10_capnone,5.0,10.0,none,4774,3264,TOV,1.091599956568702,-0.0419173246450876,1.0079155461059686
season_2024-25,m5_k10_capnone,5.0,10.0,none,4774,3264,FG3A,1.8462882868302999,-0.13027215177291265,1.0057947449610085
season_2024-25,m5_k10_capnone,5.0,10.0,none,4774,3264,OREB,0.9140748948039601,-0.037134570247599995,1.0073772421297376
season_2024-25,m5_k10_capnone,5.0,10.0,none,4774,3264,POOLED,,,1.0041991550758231
season_2024-25,m5_k10_cap0.75-1.35,5.0,10.0,0.75-1.35,4774,3264,PTS,5.667683250490603,-0.7462596427454791,0.994777276305157
season_2024-25,m5_k10_cap0.75-1.35,5.0,10.0,0.75-1.35,4774,3264,AST,1.6948514008104125,-0.20768505112826524,1.0010017428485516
season_2024-25,m5_k10_cap0.75-1.35,5.0,10.0,0.75-1.35,4774,3264,REB,2.054969693122331,-0.08876156653318586,0.9993031115743118
season_2024-25,m5_k10_cap0.75-1.35,5.0,10.0,0.75-1.35,4774,3264,STL,0.8350004876473185,-0.011109932807062723,1.007906830128366
season_2024-25,m5_k10_cap0.75-1.35,5.0,10.0,0.75-1.35,4774,3264,BLK,0.5760652164912258,0.016900356753250884,1.004799375781586
season_2024-25,m5_k10_cap0.75-1.35,5.0,10.0,0.75-1.35,4774,3264,FG3M,1.1362093966857154,-0.06158351137778718,1.0090301544672857
season_2024-25,m5_k10_cap0.75-1.35,5.0,10.0,0.75-1.35,4774,3264,TOV,1.0916045773495398,-0.042178890553282146,1.0079198126477666
season_2024-25,m5_k10_cap0.75-1.35,5.0,10.0,0.75-1.35,4774,3264,FG3A,1.8463305678364847,-0.13031588994213775,1.00581777820784
season_2024-25,m5_k10_cap0.75-1.35,5.0,10.0,0.75-1.35,4774,3264,OREB,0.9137100720383023,-0.03771640566935712,1.0069751808176683
season_2024-25,m5_k10_cap0.75-1.35,5.0,10.0,0.75-1.35,4774,3264,POOLED,,,1.004170140308726
season_2024-25,m5_k10_cap0.85-1.20,5.0,10.0,0.85-1.20,4774,3264,PTS,5.666697859404129,-0.7516416878520557,0.9946043229805314
season_2024-25,m5_k10_cap0.85-1.20,5.0,10.0,0.85-1.20,4774,3264,AST,1.694368376124805,-0.2145498013646564,1.0007164620552615
season_2024-25,m5_k10_cap0.85-1.20,5.0,10.0,0.85-1.20,4774,3264,REB,2.0544854467819524,-0.08967971026121768,0.999067629330302
season_2024-25,m5_k10_cap0.85-1.20,5.0,10.0,0.85-1.20,4774,3264,STL,0.8336440188541894,-0.011608839058422618,1.0062694728074104
season_2024-25,m5_k10_cap0.85-1.20,5.0,10.0,0.85-1.20,4774,3264,BLK,0.5757946381100381,0.017124105033528438,1.0043274205571875
season_2024-25,m5_k10_cap0.85-1.20,5.0,10.0,0.85-1.20,4774,3264,FG3M,1.1353759715979383,-0.06380915394370003,1.008290017088111
season_2024-25,m5_k10_cap0.85-1.20,5.0,10.0,0.85-1.20,4774,3264,TOV,1.0903267209026561,-0.04386313555816742,1.0067399194361966
season_2024-25,m5_k10_cap0.85-1.20,5.0,10.0,0.85-1.20,4774,3264,FG3A,1.846098081700146,-0.13115161550676482,1.005691127708092
season_2024-25,m5_k10_cap0.85-1.20,5.0,10.0,0.85-1.20,4774,3264,OREB,0.9127891251109983,-0.038981936708526746,1.005960230094211
season_2024-25,m5_k10_cap0.85-1.20,5.0,10.0,0.85-1.20,4774,3264,POOLED,,,1.0035185113397005
season_2024-25,m5_k20_capnone,5.0,20.0,none,4774,3264,PTS,5.658149380934634,-0.8788209989042496,0.9931039158913205
season_2024-25,m5_k20_capnone,5.0,20.0,none,4774,3264,AST,1.6902100882427211,-0.23072599951321127,0.998260522015184
season_2024-25,m5_k20_capnone,5.0,20.0,none,4774,3264,REB,2.0496644721546287,-0.11514674859650764,0.996723256582602
season_2024-25,m5_k20_capnone,5.0,20.0,none,4774,3264,STL,0.8316341945767844,-0.016203441443612205,1.0038434674978065
season_2024-25,m5_k20_capnone,5.0,20.0,none,4774,3264,BLK,0.5748065585196384,0.015436934608870584,1.0026039668105728
season_2024-25,m5_k20_capnone,5.0,20.0,none,4774,3264,FG3M,1.1316478235383105,-0.07445171549273433,1.0049791715490262
season_2024-25,m5_k20_capnone,5.0,20.0,none,4774,3264,TOV,1.0876490696518157,-0.05119591443148731,1.004267542713816
season_2024-25,m5_k20_capnone,5.0,20.0,none,4774,3264,FG3A,1.8383157503588752,-0.17815314493712778,1.0014515796253634
season_2024-25,m5_k20_capnone,5.0,20.0,none,4774,3264,OREB,0.9104389292571666,-0.04482634642767246,1.0033701427489006
season_2024-25,m5_k20_capnone,5.0,20.0,none,4774,3264,POOLED,,,1.0009559517149547
season_2024-25,m5_k20_cap0.75-1.35,5.0,20.0,0.75-1.35,4774,3264,PTS,5.658149380934634,-0.8788209989042496,0.9931039158913205
season_2024-25,m5_k20_cap0.75-1.35,5.0,20.0,0.75-1.35,4774,3264,AST,1.6902100882427211,-0.23072599951321127,0.998260522015184
season_2024-25,m5_k20_cap0.75-1.35,5.0,20.0,0.75-1.35,4774,3264,REB,2.0496644721546287,-0.11514674859650764,0.996723256582602
season_2024-25,m5_k20_cap0.75-1.35,5.0,20.0,0.75-1.35,4774,3264,STL,0.8316246937436814,-0.01617007208259563,1.0038319992954305
season_2024-25,m5_k20_cap0.75-1.35,5.0,20.0,0.75-1.35,4774,3264,BLK,0.5748123703394454,0.01546426086142874,1.0026141040532792
season_2024-25,m5_k20_cap0.75-1.35,5.0,20.0,0.75-1.35,4774,3264,FG3M,1.1316044523950017,-0.0744579305919959,1.004940655064688
season_2024-25,m5_k20_cap0.75-1.35,5.0,20.0,0.75-1.35,4774,3264,TOV,1.0876498343679268,-0.05119667914759816,1.0042682488051382
season_2024-25,m5_k20_cap0.75-1.35,5.0,20.0,0.75-1.35,4774,3264,FG3A,1.8383363930809231,-0.1781650145732046,1.0014628250746822
season_2024-25,m5_k20_cap0.75-1.35,5.0,20.0,0.75-1.35,4774,3264,OREB,0.9104035624233175,-0.04492528414210578,1.003331165916971
season_2024-25,m5_k20_cap0.75-1.35,5.0,20.0,0.75-1.35,4774,3264,POOLED,,,1.0009485214110327
season_2024-25,m5_k20_cap0.85-1.20,5.0,20.0,0.85-1.20,4774,3264,PTS,5.658457471794011,-0.8796293771696583,0.9931579912114117
season_2024-25,m5_k20_cap0.85-1.20,5.0,20.0,0.85-1.20,4774,3264,AST,1.6900849742282016,-0.23175570936309076,0.9981866280168494
season_2024-25,m5_k20_cap0.85-1.20,5.0,20.0,0.85-1.20,4774,3264,REB,2.049640339075868,-0.11517091375578317,0.9967115210028618
season_2024-25,m5_k20_cap0.85-1.20,5.0,20.0,0.85-1.20,4774,3264,STL,0.8315066138118089,-0.0158537895340002,1.00368946815731
season_2024-25,m5_k20_cap0.85-1.20,5.0,20.0,0.85-1.20,4774,3264,BLK,0.5749409513903039,0.015770515416608892,1.0028383810204373
season_2024-25,m5_k20_cap0.85-1.20,5.0,20.0,0.85-1.20,4774,3264,FG3M,1.1315507618080851,-0.07458869416958655,1.0048929742222588
season_2024-25,m5_k20_cap0.85-1.20,5.0,20.0,0.85-1.20,4774,3264,TOV,1.0875045881432412,-0.05168990413040337,1.0041341374697603
season_2024-25,m5_k20_cap0.85-1.20,5.0,20.0,0.85-1.20,4774,3264,FG3A,1.8383348524798167,-0.1782530886458557,1.0014619858078635
season_2024-25,m5_k20_cap0.85-1.20,5.0,20.0,0.85-1.20,4774,3264,OREB,0.9100412231582271,-0.04567842876760568,1.0029318416037698
season_2024-25,m5_k20_cap0.85-1.20,5.0,20.0,0.85-1.20,4774,3264,POOLED,,,1.0008894365013914
season_2024-25,m5_k40_capnone,5.0,40.0,none,4774,3264,PTS,5.6644794576904,-1.0009814638866243,0.9942149547824509
season_2024-25,m5_k40_capnone,5.0,40.0,none,4774,3264,AST,1.688953319236724,-0.25373438463547393,0.9975182575519045
season_2024-25,m5_k40_capnone,5.0,40.0,none,4774,3264,REB,2.049551229787218,-0.13941697393006822,0.9966681883981444
season_2024-25,m5_k40_capnone,5.0,40.0,none,4774,3264,STL,0.8293358761185936,-0.020785045919031454,1.0010692285529317
season_2024-25,m5_k40_capnone,5.0,40.0,none,4774,3264,BLK,0.5742235521484377,0.014696197510084608,1.0015870603543433
season_2024-25,m5_k40_capnone,5.0,40.0,none,4774,3264,FG3M,1.1285792995076802,-0.0871180357498477,1.002254116391372
season_2024-25,m5_k40_capnone,5.0,40.0,none,4774,3264,TOV,1.0849849895027506,-0.0604875533820442,1.0018076967032357
season_2024-25,m5_k40_capnone,5.0,40.0,none,4774,3264,FG3A,1.835157777653559,-0.22109046972247293,0.9997312240479631
season_2024-25,m5_k40_capnone,5.0,40.0,none,4774,3264,OREB,0.9086074709610049,-0.05184505119052176,1.0013517420489682
season_2024-25,m5_k40_capnone,5.0,40.0,none,4774,3264,POOLED,,,0.9995780520923682
season_2024-25,m5_k40_cap0.75-1.35,5.0,40.0,0.75-1.35,4774,3264,PTS,5.6644794576904,-1.0009814638866243,0.9942149547824509
season_2024-25,m5_k40_cap0.75-1.35,5.0,40.0,0.75-1.35,4774,3264,AST,1.688953319236724,-0.25373438463547393,0.9975182575519045
season_2024-25,m5_k40_cap0.75-1.35,5.0,40.0,0.75-1.35,4774,3264,REB,2.049551229787218,-0.13941697393006822,0.9966681883981444
season_2024-25,m5_k40_cap0.75-1.35,5.0,40.0,0.75-1.35,4774,3264,STL,0.8293339760873634,-0.02078314588780112,1.0010669350758827
season_2024-25,m5_k40_cap0.75-1.35,5.0,40.0,0.75-1.35,4774,3264,BLK,0.5742186738568178,0.01469064663992235,1.0015785514143238
season_2024-25,m5_k40_cap0.75-1.35,5.0,40.0,0.75-1.35,4774,3264,FG3M,1.1285773214119996,-0.08712001384552817,1.0022523597097288
season_2024-25,m5_k40_cap0.75-1.35,5.0,40.0,0.75-1.35,4774,3264,TOV,1.0849849895027506,-0.0604875533820442,1.0018076967032357
season_2024-25,m5_k40_cap0.75-1.35,5.0,40.0,0.75-1.35,4774,3264,FG3A,1.8351581824435563,-0.2210900649324755,0.9997314445637163
season_2024-25,m5_k40_cap0.75-1.35,5.0,40.0,0.75-1.35,4774,3264,OREB,0.9086057020635782,-0.05184682008794855,1.001349792594912
season_2024-25,m5_k40_cap0.75-1.35,5.0,40.0,0.75-1.35,4774,3264,POOLED,,,0.9995764645326999
season_2024-25,m5_k40_cap0.85-1.20,5.0,40.0,0.85-1.20,4774,3264,PTS,5.6644794576904,-1.0009814638866243,0.9942149547824509
season_2024-25,m5_k40_cap0.85-1.20,5.0,40.0,0.85-1.20,4774,3264,AST,1.688958966443096,-0.25371962596911474,0.9975215928669756
season_2024-25,m5_k40_cap0.85-1.20,5.0,40.0,0.85-1.20,4774,3264,REB,2.049551229787218,-0.13941697393006822,0.9966681883981444
season_2024-25,m5_k40_cap0.85-1.20,5.0,40.0,0.85-1.20,4774,3264,STL,0.8293385573523954,-0.02073002295596146,1.0010724649987806
season_2024-25,m5_k40_cap0.85-1.20,5.0,40.0,0.85-1.20,4774,3264,BLK,0.5742278964471579,0.014689263860455203,1.0015946378794522
season_2024-25,m5_k40_cap0.85-1.20,5.0,40.0,0.85-1.20,4774,3264,FG3M,1.128525358673482,-0.08709460433612587,1.0022062133125718
season_2024-25,m5_k40_cap0.85-1.20,5.0,40.0,0.85-1.20,4774,3264,TOV,1.0849995674074202,-0.06050213128671363,1.001821157034246
season_2024-25,m5_k40_cap0.85-1.20,5.0,40.0,0.85-1.20,4774,3264,FG3A,1.835176061661485,-0.22113931892215127,0.9997411845504588
season_2024-25,m5_k40_cap0.85-1.20,5.0,40.0,0.85-1.20,4774,3264,OREB,0.9085353389293129,-0.051998773798554054,1.001272247285937
season_2024-25,m5_k40_cap0.85-1.20,5.0,40.0,0.85-1.20,4774,3264,POOLED,,,0.9995680712343351
season_2024-25,m5_k80_capnone,5.0,80.0,none,4774,3264,PTS,5.67508646813205,-1.0900775661332238,0.9960766701413626
season_2024-25,m5_k80_capnone,5.0,80.0,none,4774,3264,AST,1.6899247039506793,-0.27246340681365094,0.9980919702627536
season_2024-25,m5_k80_capnone,5.0,80.0,none,4774,3264,REB,2.0513929361776144,-0.156775510103164,0.9975637845388997
season_2024-25,m5_k80_capnone,5.0,80.0,none,4774,3264,STL,0.8284501536410134,-0.024047737648397082,1.0000000965608455
season_2024-25,m5_k80_capnone,5.0,80.0,none,4774,3264,BLK,0.5738256830770319,0.014148440387393345,1.0008930788690067
season_2024-25,m5_k80_capnone,5.0,80.0,none,4774,3264,FG3M,1.1269726221969685,-0.09667249668255294,1.0008272791730428
season_2024-25,m5_k80_capnone,5.0,80.0,none,4774,3264,TOV,1.083872917021236,-0.06713253824401696,1.0007808781001657
season_2024-25,m5_k80_capnone,5.0,80.0,none,4774,3264,FG3A,1.8345395858801405,-0.2522192567487291,0.9993944543021344
season_2024-25,m5_k80_capnone,5.0,80.0,none,4774,3264,OREB,0.9077562759633461,-0.05719488058644393,1.0004136630423894
season_2024-25,m5_k80_capnone,5.0,80.0,none,4774,3264,POOLED,,,0.9993379861100667
season_2024-25,m5_k80_cap0.75-1.35,5.0,80.0,0.75-1.35,4774,3264,PTS,5.67508646813205,-1.0900775661332238,0.9960766701413626
season_2024-25,m5_k80_cap0.75-1.35,5.0,80.0,0.75-1.35,4774,3264,AST,1.6899247039506793,-0.27246340681365094,0.9980919702627536
season_2024-25,m5_k80_cap0.75-1.35,5.0,80.0,0.75-1.35,4774,3264,REB,2.0513929361776144,-0.156775510103164,0.9975637845388997
season_2024-25,m5_k80_cap0.75-1.35,5.0,80.0,0.75-1.35,4774,3264,STL,0.8284501536410134,-0.024047737648397082,1.0000000965608455
season_2024-25,m5_k80_cap0.75-1.35,5.0,80.0,0.75-1.35,4774,3264,BLK,0.5738256830770319,0.014148440387393345,1.0008930788690067
season_2024-25,m5_k80_cap0.75-1.35,5.0,80.0,0.75-1.35,4774,3264,FG3M,1.1269722871469834,-0.096672831732538,1.000826981626183
season_2024-25,m5_k80_cap0.75-1.35,5.0,80.0,0.75-1.35,4774,3264,TOV,1.083872917021236,-0.06713253824401696,1.0007808781001657
season_2024-25,m5_k80_cap0.75-1.35,5.0,80.0,0.75-1.35,4774,3264,FG3A,1.8345395858801405,-0.2522192567487291,0.9993944543021344
season_2024-25,m5_k80_cap0.75-1.35,5.0,80.0,0.75-1.35,4774,3264,OREB,0.9077562759633461,-0.05719488058644393,1.0004136630423894
season_2024-25,m5_k80_cap0.75-1.35,5.0,80.0,0.75-1.35,4774,3264,POOLED,,,0.9993379530493045
season_2024-25,m5_k80_cap0.85-1.20,5.0,80.0,0.85-1.20,4774,3264,PTS,5.67508646813205,-1.0900775661332238,0.9960766701413626
season_2024-25,m5_k80_cap0.85-1.20,5.0,80.0,0.85-1.20,4774,3264,AST,1.6899247039506793,-0.27246340681365094,0.9980919702627536
season_2024-25,m5_k80_cap0.85-1.20,5.0,80.0,0.85-1.20,4774,3264,REB,2.0513929361776144,-0.156775510103164,0.9975637845388997
season_2024-25,m5_k80_cap0.85-1.20,5.0,80.0,0.85-1.20,4774,3264,STL,0.8284490797712222,-0.024045922675933917,0.9999988003212467
season_2024-25,m5_k80_cap0.85-1.20,5.0,80.0,0.85-1.20,4774,3264,BLK,0.5738238783318408,0.014147280855284182,1.0008899309496575
season_2024-25,m5_k80_cap0.85-1.20,5.0,80.0,0.85-1.20,4774,3264,FG3M,1.1269722313896195,-0.09667288748990184,1.000826932109904
season_2024-25,m5_k80_cap0.85-1.20,5.0,80.0,0.85-1.20,4774,3264,TOV,1.083872917021236,-0.06713253824401696,1.0007808781001657
season_2024-25,m5_k80_cap0.85-1.20,5.0,80.0,0.85-1.20,4774,3264,FG3A,1.8345393146163385,-0.25221920593138003,0.9993943065268879
season_2024-25,m5_k80_cap0.85-1.20,5.0,80.0,0.85-1.20,4774,3264,OREB,0.9077551907993041,-0.05719596575048612,1.0004124671124213
season_2024-25,m5_k80_cap0.85-1.20,5.0,80.0,0.85-1.20,4774,3264,POOLED,,,0.9993373044514777
season_2024-25,m5_k160_capnone,5.0,160.0,none,4774,3264,PTS,5.684154489533502,-1.1462235688998388,0.9976682660779267
season_2024-25,m5_k160_capnone,5.0,160.0,none,4774,3264,AST,1.691213736091091,-0.2841084393388419,0.998853289761633
season_2024-25,m5_k160_capnone,5.0,160.0,none,4774,3264,REB,2.0533425455340284,-0.16725934636284753,0.9985118523876565
season_2024-25,m5_k160_capnone,5.0,160.0,none,4774,3264,STL,0.8282560263551406,-0.025985361646290037,0.999765770688897
season_2024-25,m5_k160_capnone,5.0,160.0,none,4774,3264,BLK,0.5735695609136013,0.01374739228180677,1.0004463388427536
season_2024-25,m5_k160_capnone,5.0,160.0,none,4774,3264,FG3M,1.1263384358369248,-0.10285443115910692,1.0002640791478516
season_2024-25,m5_k160_capnone,5.0,160.0,none,4774,3264,TOV,1.0834133602364988,-0.07117271697344539,1.0003565519311621
season_2024-25,m5_k160_capnone,5.0,160.0,none,4774,3264,FG3A,1.8348586531297377,-0.27174621575712005,0.9995682712326881
season_2024-25,m5_k160_capnone,5.0,160.0,none,4774,3264,OREB,0.9074722652299544,-0.060547843933743906,1.0001006624874396
season_2024-25,m5_k160_capnone,5.0,160.0,none,4774,3264,POOLED,,,0.999503898062001
season_2024-25,m5_k160_cap0.75-1.35,5.0,160.0,0.75-1.35,4774,3264,PTS,5.684154489533502,-1.1462235688998388,0.9976682660779267
season_2024-25,m5_k160_cap0.75-1.35,5.0,160.0,0.75-1.35,4774,3264,AST,1.691213736091091,-0.2841084393388419,0.998853289761633
season_2024-25,m5_k160_cap0.75-1.35,5.0,160.0,0.75-1.35,4774,3264,REB,2.0533425455340284,-0.16725934636284753,0.9985118523876565
season_2024-25,m5_k160_cap0.75-1.35,5.0,160.0,0.75-1.35,4774,3264,STL,0.8282560263551406,-0.025985361646290037,0.999765770688897
season_2024-25,m5_k160_cap0.75-1.35,5.0,160.0,0.75-1.35,4774,3264,BLK,0.5735695609136013,0.01374739228180677,1.0004463388427536
season_2024-25,m5_k160_cap0.75-1.35,5.0,160.0,0.75-1.35,4774,3264,FG3M,1.1263384358369248,-0.10285443115910692,1.0002640791478516
season_2024-25,m5_k160_cap0.75-1.35,5.0,160.0,0.75-1.35,4774,3264,TOV,1.0834133602364988,-0.07117271697344539,1.0003565519311621
season_2024-25,m5_k160_cap0.75-1.35,5.0,160.0,0.75-1.35,4774,3264,FG3A,1.8348586531297377,-0.27174621575712005,0.9995682712326881
season_2024-25,m5_k160_cap0.75-1.35,5.0,160.0,0.75-1.35,4774,3264,OREB,0.9074722652299544,-0.060547843933743906,1.0001006624874396
season_2024-25,m5_k160_cap0.75-1.35,5.0,160.0,0.75-1.35,4774,3264,POOLED,,,0.999503898062001
season_2024-25,m5_k160_cap0.85-1.20,5.0,160.0,0.85-1.20,4774,3264,PTS,5.684154489533502,-1.1462235688998388,0.9976682660779267
season_2024-25,m5_k160_cap0.85-1.20,5.0,160.0,0.85-1.20,4774,3264,AST,1.691213736091091,-0.2841084393388419,0.998853289761633
season_2024-25,m5_k160_cap0.85-1.20,5.0,160.0,0.85-1.20,4774,3264,REB,2.0533425455340284,-0.16725934636284753,0.9985118523876565
season_2024-25,m5_k160_cap0.85-1.20,5.0,160.0,0.85-1.20,4774,3264,STL,0.8282560263551406,-0.025985361646290037,0.999765770688897
season_2024-25,m5_k160_cap0.85-1.20,5.0,160.0,0.85-1.20,4774,3264,BLK,0.5735695609136013,0.01374739228180677,1.0004463388427536
season_2024-25,m5_k160_cap0.85-1.20,5.0,160.0,0.85-1.20,4774,3264,FG3M,1.1263385889770747,-0.10285427801895718,1.0002642151465764
season_2024-25,m5_k160_cap0.85-1.20,5.0,160.0,0.85-1.20,4774,3264,TOV,1.0834133602364988,-0.07117271697344539,1.0003565519311621
season_2024-25,m5_k160_cap0.85-1.20,5.0,160.0,0.85-1.20,4774,3264,FG3A,1.8348584925478462,-0.2717463763390116,0.9995681837531629
season_2024-25,m5_k160_cap0.85-1.20,5.0,160.0,0.85-1.20,4774,3264,OREB,0.9074722652299544,-0.060547843933743906,1.0001006624874396
season_2024-25,m5_k160_cap0.85-1.20,5.0,160.0,0.85-1.20,4774,3264,POOLED,,,0.999503903453023
season_2024-25,m5_k320_capnone,5.0,320.0,none,4774,3264,PTS,5.690300707018982,-1.1779686341804363,0.9987470344599204
season_2024-25,m5_k320_capnone,5.0,320.0,none,4774,3264,AST,1.692035671087017,-0.29063618445920447,0.9993387354845069
season_2024-25,m5_k320_capnone,5.0,320.0,none,4774,3264,REB,2.0547174077468497,-0.17304105106683274,0.999180428713554
season_2024-25,m5_k320_capnone,5.0,320.0,none,4774,3264,STL,0.8283011619378013,-0.027088431980124495,0.9998202526475528
season_2024-25,m5_k320_capnone,5.0,320.0,none,4774,3264,BLK,0.5734436993230848,0.013516638653514731,1.0002268052830705
season_2024-25,m5_k320_capnone,5.0,320.0,none,4774,3264,FG3M,1.1261511663074144,-0.10642437168603833,1.0000977712447132
season_2024-25,m5_k320_capnone,5.0,320.0,none,4774,3264,TOV,1.0832100994783338,-0.07343888447665639,1.0001688735817496
season_2024-25,m5_k320_capnone,5.0,320.0,none,4774,3264,FG3A,1.8351481877457858,-0.2828872963131986,0.9997259997940307
season_2024-25,m5_k320_capnone,5.0,320.0,none,4774,3264,OREB,0.9073982140875347,-0.06244565713835654,1.0000190527243322
season_2024-25,m5_k320_capnone,5.0,320.0,none,4774,3264,POOLED,,,0.99970277265927
season_2024-25,m5_k320_cap0.75-1.35,5.0,320.0,0.75-1.35,4774,3264,PTS,5.690300707018982,-1.1779686341804363,0.9987470344599204
season_2024-25,m5_k320_cap0.75-1.35,5.0,320.0,0.75-1.35,4774,3264,AST,1.692035671087017,-0.29063618445920447,0.9993387354845069
season_2024-25,m5_k320_cap0.75-1.35,5.0,320.0,0.75-1.35,4774,3264,REB,2.0547174077468497,-0.17304105106683274,0.999180428713554
season_2024-25,m5_k320_cap0.75-1.35,5.0,320.0,0.75-1.35,4774,3264,STL,0.8283011619378013,-0.027088431980124495,0.9998202526475528
season_2024-25,m5_k320_cap0.75-1.35,5.0,320.0,0.75-1.35,4774,3264,BLK,0.5734436993230848,0.013516638653514731,1.0002268052830705
season_2024-25,m5_k320_cap0.75-1.35,5.0,320.0,0.75-1.35,4774,3264,FG3M,1.1261511663074144,-0.10642437168603833,1.0000977712447132
season_2024-25,m5_k320_cap0.75-1.35,5.0,320.0,0.75-1.35,4774,3264,TOV,1.0832100994783338,-0.07343888447665639,1.0001688735817496
season_2024-25,m5_k320_cap0.75-1.35,5.0,320.0,0.75-1.35,4774,3264,FG3A,1.8351481877457858,-0.2828872963131986,0.9997259997940307
season_2024-25,m5_k320_cap0.75-1.35,5.0,320.0,0.75-1.35,4774,3264,OREB,0.9073982140875347,-0.06244565713835654,1.0000190527243322
season_2024-25,m5_k320_cap0.75-1.35,5.0,320.0,0.75-1.35,4774,3264,POOLED,,,0.99970277265927
season_2024-25,m5_k320_cap0.85-1.20,5.0,320.0,0.85-1.20,4774,3264,PTS,5.690300707018982,-1.1779686341804363,0.9987470344599204
season_2024-25,m5_k320_cap0.85-1.20,5.0,320.0,0.85-1.20,4774,3264,AST,1.692035671087017,-0.29063618445920447,0.9993387354845069
season_2024-25,m5_k320_cap0.85-1.20,5.0,320.0,0.85-1.20,4774,3264,REB,2.0547174077468497,-0.17304105106683274,0.999180428713554
season_2024-25,m5_k320_cap0.85-1.20,5.0,320.0,0.85-1.20,4774,3264,STL,0.8283011619378013,-0.027088431980124495,0.9998202526475528
season_2024-25,m5_k320_cap0.85-1.20,5.0,320.0,0.85-1.20,4774,3264,BLK,0.5734436993230848,0.013516638653514731,1.0002268052830705
season_2024-25,m5_k320_cap0.85-1.20,5.0,320.0,0.85-1.20,4774,3264,FG3M,1.1261511663074144,-0.10642437168603833,1.0000977712447132
season_2024-25,m5_k320_cap0.85-1.20,5.0,320.0,0.85-1.20,4774,3264,TOV,1.0832100994783338,-0.07343888447665639,1.0001688735817496
season_2024-25,m5_k320_cap0.85-1.20,5.0,320.0,0.85-1.20,4774,3264,FG3A,1.8351481877457858,-0.2828872963131986,0.9997259997940307
season_2024-25,m5_k320_cap0.85-1.20,5.0,320.0,0.85-1.20,4774,3264,OREB,0.9073982140875347,-0.06244565713835654,1.0000190527243322
season_2024-25,m5_k320_cap0.85-1.20,5.0,320.0,0.85-1.20,4774,3264,POOLED,,,0.99970277265927
season_2024-25,m8_k0_capnone,8.0,0.0,none,4774,2561,PTS,5.726548930942216,-0.6190120658505532,1.0051092300646471
season_2024-25,m8_k0_capnone,8.0,0.0,none,4774,2561,AST,1.7089469655963163,-0.18462792407948128,1.0093267705827693
season_2024-25,m8_k0_capnone,8.0,0.0,none,4774,2561,REB,2.0749798987991284,-0.06764737208073998,1.0090337956145632
season_2024-25,m8_k0_capnone,8.0,0.0,none,4774,2561,STL,0.8392399228931043,-0.008642671009686024,1.0130241394034227
season_2024-25,m8_k0_capnone,8.0,0.0,none,4774,2561,BLK,0.577146379334498,0.018108713657363957,1.006685189607762
season_2024-25,m8_k0_capnone,8.0,0.0,none,4774,2561,FG3M,1.1420496459413272,-0.04827892429442767,1.0142166875356682
season_2024-25,m8_k0_capnone,8.0,0.0,none,4774,2561,TOV,1.0967369010757615,-0.035463922045477714,1.0126586813516165
season_2024-25,m8_k0_capnone,8.0,0.0,none,4774,2561,FG3A,1.8652031832276166,-0.07832334522072852,1.0160989339295494
season_2024-25,m8_k0_capnone,8.0,0.0,none,4774,2561,OREB,0.921580255747912,-0.029029699863920337,1.0156486976219354
season_2024-25,m8_k0_capnone,8.0,0.0,none,4774,2561,POOLED,,,1.0113113473013258
season_2024-25,m8_k0_cap0.75-1.35,8.0,0.0,0.75-1.35,4774,2561,PTS,5.722098016702868,-0.6252223808234444,1.0043280169748536
season_2024-25,m8_k0_cap0.75-1.35,8.0,0.0,0.75-1.35,4774,2561,AST,1.7062328978535426,-0.19330271531686957,1.0077238061344251
season_2024-25,m8_k0_cap0.75-1.35,8.0,0.0,0.75-1.35,4774,2561,REB,2.072907677596238,-0.06958626386681069,1.0080261033343076
season_2024-25,m8_k0_cap0.75-1.35,8.0,0.0,0.75-1.35,4774,2561,STL,0.8361476427975333,-0.007770602896742449,1.0092915305306092
season_2024-25,m8_k0_cap0.75-1.35,8.0,0.0,0.75-1.35,4774,2561,BLK,0.5772760385589358,0.01943352786412054,1.006911347174735
season_2024-25,m8_k0_cap0.75-1.35,8.0,0.0,0.75-1.35,4774,2561,FG3M,1.1400532548046893,-0.050789158893944454,1.0124437583002166
season_2024-25,m8_k0_cap0.75-1.35,8.0,0.0,0.75-1.35,4774,2561,TOV,1.0952416180078313,-0.036896830240491986,1.011278029913398
season_2024-25,m8_k0_cap0.75-1.35,8.0,0.0,0.75-1.35,4774,2561,FG3A,1.8636639857298394,-0.08033935642856488,1.015260431748842
season_2024-25,m8_k0_cap0.75-1.35,8.0,0.0,0.75-1.35,4774,2561,OREB,0.9189382961485211,-0.031518979908194,1.0127370653364614
season_2024-25,m8_k0_cap0.75-1.35,8.0,0.0,0.75-1.35,4774,2561,POOLED,,,1.0097777877164278
season_2024-25,m8_k0_cap0.85-1.20,8.0,0.0,0.85-1.20,4774,2561,PTS,5.70633042856513,-0.6662830756214536,1.0015605302102744
season_2024-25,m8_k0_cap0.85-1.20,8.0,0.0,0.85-1.20,4774,2561,AST,1.6983831519235886,-0.21234694096900253,1.0030876419532793
season_2024-25,m8_k0_cap0.85-1.20,8.0,0.0,0.85-1.20,4774,2561,REB,2.068441969166661,-0.08353765988462504,1.0058544915854846
season_2024-25,m8_k0_cap0.85-1.20,8.0,0.0,0.85-1.20,4774,2561,STL,0.8333613123799877,-0.010286361204394238,1.0059282253584751
season_2024-25,m8_k0_cap0.85-1.20,8.0,0.0,0.85-1.20,4774,2561,BLK,0.5764015095141694,0.01923137854971116,1.0053859534985876
season_2024-25,m8_k0_cap0.85-1.20,8.0,0.0,0.85-1.20,4774,2561,FG3M,1.1362871557007916,-0.05665248434741394,1.0090992096882885
season_2024-25,m8_k0_cap0.85-1.20,8.0,0.0,0.85-1.20,4774,2561,TOV,1.0912105282998898,-0.04215222681797652,1.0075559722493859
season_2024-25,m8_k0_cap0.85-1.20,8.0,0.0,0.85-1.20,4774,2561,FG3A,1.8601424309740093,-0.09422144563077921,1.0133420090990473
season_2024-25,m8_k0_cap0.85-1.20,8.0,0.0,0.85-1.20,4774,2561,OREB,0.9147131401603605,-0.037150915128159004,1.0080806350908478
season_2024-25,m8_k0_cap0.85-1.20,8.0,0.0,0.85-1.20,4774,2561,POOLED,,,1.00665496319263
season_2024-25,m8_k3_capnone,8.0,3.0,none,4774,2561,PTS,5.698079769685052,-0.7097346975991199,1.000112395654107
season_2024-25,m8_k3_capnone,8.0,3.0,none,4774,2561,AST,1.7019604295313604,-0.2007028025269902,1.0052004296102504
season_2024-25,m8_k3_capnone,8.0,3.0,none,4774,2561,REB,2.0649596934251973,-0.0853281682673884,1.0041611094419662
season_2024-25,m8_k3_capnone,8.0,3.0,none,4774,2561,STL,0.8357337232457784,-0.011164961197225444,1.0087918992734912
season_2024-25,m8_k3_capnone,8.0,3.0,none,4774,2561,BLK,0.5762133488862636,0.017346816802402718,1.0050577551001183
season_2024-25,m8_k3_capnone,8.0,3.0,none,4774,2561,FG3M,1.1378566498507765,-0.05680819261097096,1.0104930257658655
season_2024-25,m8_k3_capnone,8.0,3.0,none,4774,2561,TOV,1.0927381666983593,-0.04110920827135163,1.0089664985886189
season_2024-25,m8_k3_capnone,8.0,3.0,none,4774,2561,FG3A,1.8551269031510547,-0.1117663801566029,1.010609720992408
season_2024-25,m8_k3_capnone,8.0,3.0,none,4774,2561,OREB,0.9173743031165068,-0.03423850604493499,1.0110134308769037
season_2024-25,m8_k3_capnone,8.0,3.0,none,4774,2561,POOLED,,,1.0071562517004145
season_2024-25,m8_k3_cap0.75-1.35,8.0,3.0,0.75-1.35,4774,2561,PTS,5.697020681586002,-0.7117374948302029,0.9999265072182193
season_2024-25,m8_k3_cap0.75-1.35,8.0,3.0,0.75-1.35,4774,2561,AST,1.7014229683787676,-0.20436182557300236,1.00488299791671
season_2024-25,m8_k3_cap0.75-1.35,8.0,3.0,0.75-1.35,4774,2561,REB,2.0645897256711416,-0.08530091024364096,1.003981199281224
season_2024-25,m8_k3_cap0.75-1.35,8.0,3.0,0.75-1.35,4774,2561,STL,0.8345484976289105,-0.01022633417952536,1.007361245025791
season_2024-25,m8_k3_cap0.75-1.35,8.0,3.0,0.75-1.35,4774,2561,BLK,0.5765761743743035,0.0182502258735165,1.0056906119598341
season_2024-25,m8_k3_cap0.75-1.35,8.0,3.0,0.75-1.35,4774,2561,FG3M,1.137244271567936,-0.057575143810650514,1.0099491927759878
season_2024-25,m8_k3_cap0.75-1.35,8.0,3.0,0.75-1.35,4774,2561,TOV,1.0923911507376485,-0.04187525253663104,1.0086460856209905
season_2024-25,m8_k3_cap0.75-1.35,8.0,3.0,0.75-1.35,4774,2561,FG3A,1.8549117706128757,-0.11223821558353235,1.0104925241397205
season_2024-25,m8_k3_cap0.75-1.35,8.0,3.0,0.75-1.35,4774,2561,OREB,0.9161031584853868,-0.035697142759990606,1.0096125367268458
season_2024-25,m8_k3_cap0.75-1.35,8.0,3.0,0.75-1.35,4774,2561,POOLED,,,1.0067269889628137
season_2024-25,m8_k3_cap0.85-1.20,8.0,3.0,0.85-1.20,4774,2561,PTS,5.690542976097272,-0.7307190054587913,0.99878955690925
season_2024-25,m8_k3_cap0.85-1.20,8.0,3.0,0.85-1.20,4774,2561,AST,1.6973233306105873,-0.2178594154495981,1.0024616974127047
season_2024-25,m8_k3_cap0.85-1.20,8.0,3.0,0.85-1.20,4774,2561,REB,2.062953918591493,-0.09314000161935787,1.0031857291046569
season_2024-25,m8_k3_cap0.85-1.20,8.0,3.0,0.85-1.20,4774,2561,STL,0.8324556480345006,-0.011968157494359153,1.0048350220692266
season_2024-25,m8_k3_cap0.85-1.20,8.0,3.0,0.85-1.20,4774,2561,BLK,0.5759684997105252,0.018251822030333056,1.0046306779361105
season_2024-25,m8_k3_cap0.85-1.20,8.0,3.0,0.85-1.20,4774,2561,FG3M,1.1350891189905297,-0.06150643911685974,1.0080352727323547
season_2024-25,m8_k3_cap0.85-1.20,8.0,3.0,0.85-1.20,4774,2561,TOV,1.090007567903722,-0.04484903494849755,1.0064452333955125
season_2024-25,m8_k3_cap0.85-1.20,8.0,3.0,0.85-1.20,4774,2561,FG3A,1.8536575976794645,-0.1180727014323309,1.0098092935983716
season_2024-25,m8_k3_cap0.85-1.20,8.0,3.0,0.85-1.20,4774,2561,OREB,0.9136438449099381,-0.03903478624377101,1.006902193689037
season_2024-25,m8_k3_cap0.85-1.20,8.0,3.0,0.85-1.20,4774,2561,POOLED,,,1.0050105196496917
season_2024-25,m8_k5_capnone,8.0,5.0,none,4774,2561,PTS,5.687343762723614,-0.7556840392073483,0.998228039155785
season_2024-25,m8_k5_capnone,8.0,5.0,none,4774,2561,AST,1.699145514772549,-0.20869322635185394,1.0035379035751106
season_2024-25,m8_k5_capnone,8.0,5.0,none,4774,2561,REB,2.0607320398948383,-0.09449705638064551,1.0021052604716942
season_2024-25,m8_k5_capnone,8.0,5.0,none,4774,2561,STL,0.8341783265149262,-0.01246849945424738,1.0069144213417087
season_2024-25,m8_k5_capnone,8.0,5.0,none,4774,2561,BLK,0.5757800872841717,0.016957007502745324,1.004302040339238
season_2024-25,m8_k5_capnone,8.0,5.0,none,4774,2561,FG3M,1.1360267770639385,-0.061144463990386116,1.008867975994103
season_2024-25,m8_k5_capnone,8.0,5.0,none,4774,2561,TOV,1.0911137256321366,-0.04398068754348018,1.0074665906832307
season_2024-25,m8_k5_capnone,8.0,5.0,none,4774,2561,FG3A,1.8510191577663855,-0.1286817206684094,1.0083719617264209
season_2024-25,m8_k5_capnone,8.0,5.0,none,4774,2561,OREB,0.9155899984639895,-0.036950016852133775,1.0090469969334819
season_2024-25,m8_k5_capnone,8.0,5.0,none,4774,2561,POOLED,,,1.0054267989134191
season_2024-25,m8_k5_cap0.75-1.35,8.0,5.0,0.75-1.35,4774,2561,PTS,5.687046712139747,-0.7567518276342909,0.9981759015966299
season_2024-25,m8_k5_cap0.75-1.35,8.0,5.0,0.75-1.35,4774,2561,AST,1.6990408938127315,-0.21065447670773918,1.0034761130470056
season_2024-25,m8_k5_cap0.75-1.35,8.0,5.0,0.75-1.35,4774,2561,REB,2.060630851383134,-0.09454432948069341,1.002056053909213
season_2024-25,m8_k5_cap0.75-1.35,8.0,5.0,0.75-1.35,4774,2561,STL,0.8335907150246183,-0.011661145486432224,1.0062051311756492
season_2024-25,m8_k5_cap0.75-1.35,8.0,5.0,0.75-1.35,4774,2561,BLK,0.5762594440459012,0.017691562063241035,1.0051381563920285
season_2024-25,m8_k5_cap0.75-1.35,8.0,5.0,0.75-1.35,4774,2561,FG3M,1.1357166499322227,-0.06126354236514515,1.0085925622996443
season_2024-25,m8_k5_cap0.75-1.35,8.0,5.0,0.75-1.35,4774,2561,TOV,1.090967378621459,-0.04451714243853872,1.0073314629504928
season_2024-25,m8_k5_cap0.75-1.35,8.0,5.0,0.75-1.35,4774,2561,FG3A,1.8510285511375713,-0.12887149843200632,1.008377078913939
season_2024-25,m8_k5_cap0.75-1.35,8.0,5.0,0.75-1.35,4774,2561,OREB,0.9146487213278505,-0.03802191361879806,1.008009640836215
season_2024-25,m8_k5_cap0.75-1.35,8.0,5.0,0.75-1.35,4774,2561,POOLED,,,1.0052624556800909
season_2024-25,m8_k5_cap0.85-1.20,8.0,5.0,0.85-1.20,4774,2561,PTS,5.683687710631923,-0.7688401596770739,0.9975863382383091
season_2024-25,m8_k5_cap0.85-1.20,8.0,5.0,0.85-1.20,4774,2561,AST,1.696443125054397,-0.22147160089533838,1.0019418363231778
season_2024-25,m8_k5_cap0.85-1.20,8.0,5.0,0.85-1.20,4774,2561,REB,2.0599781219534328,-0.09903314407083241,1.0017386406878406
season_2024-25,m8_k5_cap0.85-1.20,8.0,5.0,0.85-1.20,4774,2561,STL,0.8319877424680396,-0.012948373090897856,1.0042702257328557
season_2024-25,m8_k5_cap0.85-1.20,8.0,5.0,0.85-1.20,4774,2561,BLK,0.575711099386408,0.01773903604955034,1.004181708483356
season_2024-25,m8_k5_cap0.85-1.20,8.0,5.0,0.85-1.20,4774,2561,FG3M,1.134240591124065,-0.06433158434345214,1.0072817230727003
season_2024-25,m8_k5_cap0.85-1.20,8.0,5.0,0.85-1.20,4774,2561,TOV,1.0893170336944198,-0.0467440333453021,1.005807637030209
season_2024-25,m8_k5_cap0.85-1.20,8.0,5.0,0.85-1.20,4774,2561,FG3A,1.8502064502641713,-0.1321272285714296,1.0079292264608894
season_2024-25,m8_k5_cap0.85-1.20,8.0,5.0,0.85-1.20,4774,2561,OREB,0.9129973729905424,-0.04042912190534089,1.0061897344551414
season_2024-25,m8_k5_cap0.85-1.20,8.0,5.0,0.85-1.20,4774,2561,POOLED,,,1.0041030078316089
season_2024-25,m8_k10_capnone,8.0,10.0,none,4774,2561,PTS,5.673870097869267,-0.8394645656172947,0.9958631759421438
season_2024-25,m8_k10_capnone,8.0,10.0,none,4774,2561,AST,1.694858780999105,-0.2236072381438918,1.0010061016859932
season_2024-25,m8_k10_capnone,8.0,10.0,none,4774,2561,REB,2.054911469626308,-0.11045248583636241,0.9992747982999425
season_2024-25,m8_k10_capnone,8.0,10.0,none,4774,2561,STL,0.8318020222327145,-0.014990384089111693,1.0040460477875175
season_2024-25,m8_k10_capnone,8.0,10.0,none,4774,2561,BLK,0.5750852276550774,0.01615891006092635,1.0030900342996747
season_2024-25,m8_k10_capnone,8.0,10.0,none,4774,2561,FG3M,1.1330083500285026,-0.06938028218263964,1.0061874103283919
season_2024-25,m8_k10_capnone,8.0,10.0,none,4774,2561,TOV,1.0887412976746473,-0.04923184867883479,1.0052760381772685
season_2024-25,m8_k10_capnone,8.0,10.0,none,4774,2561,FG3A,1.8448813334176966,-0.15998797099428988,1.005028284837259
season_2024-25,m8_k10_capnone,8.0,10.0,none,4774,2561,OREB,0.9126498320749209,-0.04222520652387479,1.0058067190030202
season_2024-25,m8_k10_capnone,8.0,10.0,none,4774,2561,POOLED,,,1.0028420678179124
season_2024-25,m8_k10_cap0.75-1.35,8.0,10.0,0.75-1.35,4774,2561,PTS,5.673861470810575,-0.8397430947198578,0.9958616617428547
season_2024-25,m8_k10_cap0.75-1.35,8.0,10.0,0.75-1.35,4774,2561,AST,1.6948151077193792,-0.22384052280170588,1.00098030766706
season_2024-25,m8_k10_cap0.75-1.35,8.0,10.0,0.75-1.35,4774,2561,REB,2.054911469626308,-0.11045248583636241,0.9992747982999425
season_2024-25,m8_k10_cap0.75-1.35,8.0,10.0,0.75-1.35,4774,2561,STL,0.8317213283227362,-0.0145558020140543,1.0039486443198307
season_2024-25,m8_k10_cap0.75-1.35,8.0,10.0,0.75-1.35,4774,2561,BLK,0.575483267955264,0.01669137065997697,1.0037843144501053
season_2024-25,m8_k10_cap0.75-1.35,8.0,10.0,0.75-1.35,4774,2561,FG3M,1.1329458049840126,-0.06923886383969617,1.0061318661337328
season_2024-25,m8_k10_cap0.75-1.35,8.0,10.0,0.75-1.35,4774,2561,TOV,1.0888087016812646,-0.04945250280312677,1.0053382748471498
season_2024-25,m8_k10_cap0.75-1.35,8.0,10.0,0.75-1.35,4774,2561,FG3A,1.8449078917337536,-0.16005810330343903,1.0050427528999746
season_2024-25,m8_k10_cap0.75-1.35,8.0,10.0,0.75-1.35,4774,2561,OREB,0.9122239636015772,-0.04274036144003774,1.0053373808660406
season_2024-25,m8_k10_cap0.75-1.35,8.0,10.0,0.75-1.35,4774,2561,POOLED,,,1.0028555556918546
season_2024-25,m8_k10_cap0.85-1.20,8.0,10.0,0.85-1.20,4774,2561,PTS,5.673827369111516,-0.8435886709764416,0.9958556762998071
season_2024-25,m8_k10_cap0.85-1.20,8.0,10.0,0.85-1.20,4774,2561,AST,1.6940200676204,-0.2298421248755247,1.000510746427454
season_2024-25,m8_k10_cap0.85-1.20,8.0,10.0,0.85-1.20,4774,2561,REB,2.0548895683064554,-0.1114644862153049,0.9992641479934442
season_2024-25,m8_k10_cap0.85-1.20,8.0,10.0,0.85-1.20,4774,2561,STL,0.831041804265056,-0.01503247945192824,1.0031284089437986
season_2024-25,m8_k10_cap0.85-1.20,8.0,10.0,0.85-1.20,4774,2561,BLK,0.5752207847809166,0.01673737461127186,1.0033264792568197
season_2024-25,m8_k10_cap0.85-1.20,8.0,10.0,0.85-1.20,4774,2561,FG3M,1.1324209581328837,-0.07066792672994908,1.0056657669263058
season_2024-25,m8_k10_cap0.85-1.20,8.0,10.0,0.85-1.20,4774,2561,TOV,1.0879302119972571,-0.05094286575328017,1.0045271320798046
season_2024-25,m8_k10_cap0.85-1.20,8.0,10.0,0.85-1.20,4774,2561,FG3A,1.8446917972243118,-0.1607405793211469,1.0049250319982272
season_2024-25,m8_k10_cap0.85-1.20,8.0,10.0,0.85-1.20,4774,2561,OREB,0.9114438078988244,-0.04400859594988209,1.0044775923468083
season_2024-25,m8_k10_cap0.85-1.20,8.0,10.0,0.85-1.20,4774,2561,POOLED,,,1.0024089980302744
season_2024-25,m8_k20_capnone,8.0,20.0,none,4774,2561,PTS,5.668121028998406,-0.9397430696270499,0.9948541140697903
season_2024-25,m8_k20_capnone,8.0,20.0,none,4774,2561,AST,1.6915208431545308,-0.24198576248825676,0.9990346712713024
season_2024-25,m8_k20_capnone,8.0,20.0,none,4774,2561,REB,2.051384618111361,-0.12942898671106848,0.9975597395792504
season_2024-25,m8_k20_capnone,8.0,20.0,none,4774,2561,STL,0.8298771853621445,-0.018459281376201012,1.0017226285112046
season_2024-25,m8_k20_capnone,8.0,20.0,none,4774,2561,BLK,0.5744407305778868,0.015326780642931945,1.0019658729333651
season_2024-25,m8_k20_capnone,8.0,20.0,none,4774,2561,FG3M,1.130027462295872,-0.07990258493377987,1.0035401820814862
season_2024-25,m8_k20_capnone,8.0,20.0,none,4774,2561,TOV,1.0863619700821245,-0.05636651133965567,1.0030791149771972
season_2024-25,m8_k20_capnone,8.0,20.0,none,4774,2561,FG3A,1.839299372116114,-0.19729018047431068,1.0019874231344823
season_2024-25,m8_k20_capnone,8.0,20.0,none,4774,2561,OREB,0.9101585053179907,-0.04819458414224434,1.0030610951029364
season_2024-25,m8_k20_capnone,8.0,20.0,none,4774,2561,POOLED,,,1.0007560935178905
season_2024-25,m8_k20_cap0.75-1.35,8.0,20.0,0.75-1.35,4774,2561,PTS,5.668121028998406,-0.9397430696270499,0.9948541140697903
season_2024-25,m8_k20_cap0.75-1.35,8.0,20.0,0.75-1.35,4774,2561,AST,1.6915208431545308,-0.24198576248825676,0.9990346712713024
season_2024-25,m8_k20_cap0.75-1.35,8.0,20.0,0.75-1.35,4774,2561,REB,2.051384618111361,-0.12942898671106848,0.9975597395792504
season_2024-25,m8_k20_cap0.75-1.35,8.0,20.0,0.75-1.35,4774,2561,STL,0.8298693643330234,-0.018428790871162753,1.0017131879554368
season_2024-25,m8_k20_cap0.75-1.35,8.0,20.0,0.75-1.35,4774,2561,BLK,0.5745510202142325,0.015476841902496418,1.002158245176269
season_2024-25,m8_k20_cap0.75-1.35,8.0,20.0,0.75-1.35,4774,2561,FG3M,1.1299947362882548,-0.07989815489734971,1.003511119191655
season_2024-25,m8_k20_cap0.75-1.35,8.0,20.0,0.75-1.35,4774,2561,TOV,1.0863627347982354,-0.056367276055766524,1.0030798210685192
season_2024-25,m8_k20_cap0.75-1.35,8.0,20.0,0.75-1.35,4774,2561,FG3A,1.8393163371277366,-0.19730343102905798,1.0019966650928804
season_2024-25,m8_k20_cap0.75-1.35,8.0,20.0,0.75-1.35,4774,2561,OREB,0.9100896056720811,-0.04830542534060712,1.0029851626649329
season_2024-25,m8_k20_cap0.75-1.35,8.0,20.0,0.75-1.35,4774,2561,POOLED,,,1.0007658584522263
season_2024-25,m8_k20_cap0.85-1.20,8.0,20.0,0.85-1.20,4774,2561,PTS,5.668311878049449,-0.9403742930940718,0.9948876114073781
season_2024-25,m8_k20_cap0.85-1.20,8.0,20.0,0.85-1.20,4774,2561,AST,1.6914369238305909,-0.2429848835259846,0.9989851074042387
season_2024-25,m8_k20_cap0.85-1.20,8.0,20.0,0.85-1.20,4774,2561,REB,2.0513889750826584,-0.12946000279019804,0.9975618583136479
season_2024-25,m8_k20_cap0.85-1.20,8.0,20.0,0.85-1.20,4774,2561,STL,0.8297987173467894,-0.01817075522819497,1.0016279118615823
season_2024-25,m8_k20_cap0.85-1.20,8.0,20.0,0.85-1.20,4774,2561,BLK,0.5746605806631718,0.015671836506234216,1.0023493455370496
season_2024-25,m8_k20_cap0.85-1.20,8.0,20.0,0.85-1.20,4774,2561,FG3M,1.1299018443637447,-0.0798984238075059,1.003428624932049
season_2024-25,m8_k20_cap0.85-1.20,8.0,20.0,0.85-1.20,4774,2561,TOV,1.0862471484230498,-0.05682025461858444,1.002973095794515
season_2024-25,m8_k20_cap0.85-1.20,8.0,20.0,0.85-1.20,4774,2561,FG3A,1.8392857864524004,-0.1974125414553871,1.0019800221293047
season_2024-25,m8_k20_cap0.85-1.20,8.0,20.0,0.85-1.20,4774,2561,OREB,0.9097107975016197,-0.048945058139044546,1.0025676884161325
season_2024-25,m8_k20_cap0.85-1.20,8.0,20.0,0.85-1.20,4774,2561,POOLED,,,1.0007068073106555
season_2024-25,m8_k40_capnone,8.0,40.0,none,4774,2561,PTS,5.672673883021081,-1.035965777107051,0.9956532193697732
season_2024-25,m8_k40_capnone,8.0,40.0,none,4774,2561,AST,1.6907121599502735,-0.2607163122310182,0.9985570522325555
season_2024-25,m8_k40_capnone,8.0,40.0,none,4774,2561,REB,2.0513247545644444,-0.14760220660263254,0.9975306287709967
season_2024-25,m8_k40_capnone,8.0,40.0,none,4774,2561,STL,0.8284676304908891,-0.02206487460886766,1.0000211924004523
season_2024-25,m8_k40_capnone,8.0,40.0,none,4774,2561,BLK,0.5740321443200057,0.014626276607415556,1.001253198039761
season_2024-25,m8_k40_capnone,8.0,40.0,none,4774,2561,FG3M,1.1278328147499328,-0.09030591895017355,1.0015911878567072
season_2024-25,m8_k40_capnone,8.0,40.0,none,4774,2561,TOV,1.0846637223880864,-0.0634846886827787,1.0015110586194997
season_2024-25,m8_k40_capnone,8.0,40.0,none,4774,2561,FG3A,1.8363248292386358,-0.23198553552115025,1.0003669938569044
season_2024-25,m8_k40_capnone,8.0,40.0,none,4774,2561,OREB,0.908629156865564,-0.053859860286004264,1.0013756414984027
season_2024-25,m8_k40_capnone,8.0,40.0,none,4774,2561,POOLED,,,0.9997622414050058
season_2024-25,m8_k40_cap0.75-1.35,8.0,40.0,0.75-1.35,4774,2561,PTS,5.672673883021081,-1.035965777107051,0.9956532193697732
season_2024-25,m8_k40_cap0.75-1.35,8.0,40.0,0.75-1.35,4774,2561,AST,1.6907121599502735,-0.2607163122310182,0.9985570522325555
season_2024-25,m8_k40_cap0.75-1.35,8.0,40.0,0.75-1.35,4774,2561,REB,2.0513247545644444,-0.14760220660263254,0.9975306287709967
season_2024-25,m8_k40_cap0.75-1.35,8.0,40.0,0.75-1.35,4774,2561,STL,0.8284657304596588,-0.022062974577637326,1.000018898923403
season_2024-25,m8_k40_cap0.75-1.35,8.0,40.0,0.75-1.35,4774,2561,BLK,0.5740361333541822,0.014631774225001367,1.001260155896156
season_2024-25,m8_k40_cap0.75-1.35,8.0,40.0,0.75-1.35,4774,2561,FG3M,1.1278308366542524,-0.09030789704585405,1.001589431175064
season_2024-25,m8_k40_cap0.75-1.35,8.0,40.0,0.75-1.35,4774,2561,TOV,1.0846637223880864,-0.0634846886827787,1.0015110586194997
season_2024-25,m8_k40_cap0.75-1.35,8.0,40.0,0.75-1.35,4774,2561,FG3A,1.8363253360061829,-0.23198502875360333,1.0003672699265407
season_2024-25,m8_k40_cap0.75-1.35,8.0,40.0,0.75-1.35,4774,2561,OREB,0.9086273879681372,-0.05386162918343104,1.0013736920443466
season_2024-25,m8_k40_cap0.75-1.35,8.0,40.0,0.75-1.35,4774,2561,POOLED,,,0.9997623785509262
season_2024-25,m8_k40_cap0.85-1.20,8.0,40.0,0.85-1.20,4774,2561,PTS,5.672673883021081,-1.035965777107051,0.9956532193697732
season_2024-25,m8_k40_cap0.85-1.20,8.0,40.0,0.85-1.20,4774,2561,AST,1.6907059358025498,-0.2606896822105634,0.998553376168261
season_2024-25,m8_k40_cap0.85-1.20,8.0,40.0,0.85-1.20,4774,2561,REB,2.0513247545644444,-0.14760220660263254,0.9975306287709967
season_2024-25,m8_k40_cap0.85-1.20,8.0,40.0,0.85-1.20,4774,2561,STL,0.8284703117246909,-0.02200985164579766,1.000024428846301
season_2024-25,m8_k40_cap0.85-1.20,8.0,40.0,0.85-1.20,4774,2561,BLK,0.5740904639942089,0.014690274564352235,1.0013549218907376
season_2024-25,m8_k40_cap0.85-1.20,8.0,40.0,0.85-1.20,4774,2561,FG3M,1.127789292482481,-0.09026994184469793,1.0015525371639935
season_2024-25,m8_k40_cap0.85-1.20,8.0,40.0,0.85-1.20,4774,2561,TOV,1.084678297224337,-0.06349926351902935,1.0015245161173225
season_2024-25,m8_k40_cap0.85-1.20,8.0,40.0,0.85-1.20,4774,2561,FG3A,1.8363318920816427,-0.23203606881342667,1.0003708414523376
season_2024-25,m8_k40_cap0.85-1.20,8.0,40.0,0.85-1.20,4774,2561,OREB,0.9085644852004999,-0.05400385914275368,1.0013043686038439
season_2024-25,m8_k40_cap0.85-1.20,8.0,40.0,0.85-1.20,4774,2561,POOLED,,,0.9997632042648408
season_2024-25,m8_k80_capnone,8.0,80.0,none,4774,2561,PTS,5.68013340327341,-1.1088678004233599,0.9969624952963192
season_2024-25,m8_k80_capnone,8.0,80.0,none,4774,2561,AST,1.690942630815567,-0.2761922411266245,0.9986931713859659
season_2024-25,m8_k80_capnone,8.0,80.0,none,4774,2561,REB,2.052520898397433,-0.16111989112506928,0.998112296840456
season_2024-25,m8_k80_capnone,8.0,80.0,none,4774,2561,STL,0.8280698235618879,-0.024729278770646745,0.9995410102607477
season_2024-25,m8_k80_capnone,8.0,80.0,none,4774,2561,BLK,0.573731764824448,0.014103949707919295,1.000729262344646
season_2024-25,m8_k80_capnone,8.0,80.0,none,4774,2561,FG3M,1.1266629148841472,-0.09838081197327597,1.0005522383059215
season_2024-25,m8_k80_capnone,8.0,80.0,none,4774,2561,TOV,1.0838046184952346,-0.06871602608632361,1.0007178154866883
season_2024-25,m8_k80_capnone,8.0,80.0,none,4774,2561,FG3A,1.835427217778492,-0.25801753214024087,0.9998780058174583
season_2024-25,m8_k80_capnone,8.0,80.0,none,4774,2561,OREB,0.9078402941460039,-0.058291676312565585,1.0005062572112213
season_2024-25,m8_k80_capnone,8.0,80.0,none,4774,2561,POOLED,,,0.9995213947721582
season_2024-25,m8_k80_cap0.75-1.35,8.0,80.0,0.75-1.35,4774,2561,PTS,5.68013340327341,-1.1088678004233599,0.9969624952963192
season_2024-25,m8_k80_cap0.75-1.35,8.0,80.0,0.75-1.35,4774,2561,AST,1.690942630815567,-0.2761922411266245,0.9986931713859659
season_2024-25,m8_k80_cap0.75-1.35,8.0,80.0,0.75-1.35,4774,2561,REB,2.052520898397433,-0.16111989112506928,0.998112296840456
season_2024-25,m8_k80_cap0.75-1.35,8.0,80.0,0.75-1.35,4774,2561,STL,0.8280698235618879,-0.024729278770646745,0.9995410102607477
season_2024-25,m8_k80_cap0.75-1.35,8.0,80.0,0.75-1.35,4774,2561,BLK,0.573731764824448,0.014103949707919295,1.000729262344646
season_2024-25,m8_k80_cap0.75-1.35,8.0,80.0,0.75-1.35,4774,2561,FG3M,1.1266625798341623,-0.09838114702326103,1.000551940759062
season_2024-25,m8_k80_cap0.75-1.35,8.0,80.0,0.75-1.35,4774,2561,TOV,1.0838046184952346,-0.06871602608632361,1.0007178154866883
season_2024-25,m8_k80_cap0.75-1.35,8.0,80.0,0.75-1.35,4774,2561,FG3A,1.835427217778492,-0.25801753214024087,0.9998780058174583
season_2024-25,m8_k80_cap0.75-1.35,8.0,80.0,0.75-1.35,4774,2561,OREB,0.9078402941460039,-0.058291676312565585,1.0005062572112213
season_2024-25,m8_k80_cap0.75-1.35,8.0,80.0,0.75-1.35,4774,2561,POOLED,,,0.999521361711396
season_2024-25,m8_k80_cap0.85-1.20,8.0,80.0,0.85-1.20,4774,2561,PTS,5.68013340327341,-1.1088678004233599,0.9969624952963192
season_2024-25,m8_k80_cap0.85-1.20,8.0,80.0,0.85-1.20,4774,2561,AST,1.690942630815567,-0.2761922411266245,0.9986931713859659
season_2024-25,m8_k80_cap0.85-1.20,8.0,80.0,0.85-1.20,4774,2561,REB,2.052520898397433,-0.16111989112506928,0.998112296840456
season_2024-25,m8_k80_cap0.85-1.20,8.0,80.0,0.85-1.20,4774,2561,STL,0.8280687496920965,-0.02472746379818358,0.9995397140211487
season_2024-25,m8_k80_cap0.85-1.20,8.0,80.0,0.85-1.20,4774,2561,BLK,0.5737335624098593,0.014106419979822184,1.0007323977755789
season_2024-25,m8_k80_cap0.85-1.20,8.0,80.0,0.85-1.20,4774,2561,FG3M,1.1266625240767985,-0.09838120278062487,1.0005518912427829
season_2024-25,m8_k80_cap0.85-1.20,8.0,80.0,0.85-1.20,4774,2561,TOV,1.0838046184952346,-0.06871602608632361,1.0007178154866883
season_2024-25,m8_k80_cap0.85-1.20,8.0,80.0,0.85-1.20,4774,2561,FG3A,1.8354269337779532,-0.25801746858615543,0.9998778511036731
season_2024-25,m8_k80_cap0.85-1.20,8.0,80.0,0.85-1.20,4774,2561,OREB,0.9078392089819618,-0.05829276147660777,1.0005050612812532
season_2024-25,m8_k80_cap0.85-1.20,8.0,80.0,0.85-1.20,4774,2561,POOLED,,,0.9995214104926518
season_2024-25,m8_k160_capnone,8.0,160.0,none,4774,2561,PTS,5.686997283330534,-1.1559066101656488,0.9981672259783876
season_2024-25,m8_k160_capnone,8.0,160.0,none,4774,2561,AST,1.691734108011665,-0.2860266830648916,0.9991606283278194
season_2024-25,m8_k160_capnone,8.0,160.0,none,4774,2561,REB,2.053975750303924,-0.16950013477923687,0.9988197710391765
season_2024-25,m8_k160_capnone,8.0,160.0,none,4774,2561,STL,0.8280822532246493,-0.02633704841315317,0.9995560137753311
season_2024-25,m8_k160_capnone,8.0,160.0,none,4774,2561,BLK,0.5735255315310597,0.013723912909190485,1.0003695407740152
season_2024-25,m8_k160_capnone,8.0,160.0,none,4774,2561,FG3M,1.1262193563972478,-0.103747053941675,1.0001583286182736
season_2024-25,m8_k160_capnone,8.0,160.0,none,4774,2561,TOV,1.0833882956663001,-0.071987223107621,1.0003334088650528
season_2024-25,m8_k160_capnone,8.0,160.0,none,4774,2561,FG3A,1.8353587700636007,-0.274736412780801,0.9998407178422092
season_2024-25,m8_k160_capnone,8.0,160.0,none,4774,2561,OREB,0.9075227561721932,-0.061112912689020436,1.0001563071905533
season_2024-25,m8_k160_capnone,8.0,160.0,none,4774,2561,POOLED,,,0.9996179936012021
season_2024-25,m8_k160_cap0.75-1.35,8.0,160.0,0.75-1.35,4774,2561,PTS,5.686997283330534,-1.1559066101656488,0.9981672259783876
season_2024-25,m8_k160_cap0.75-1.35,8.0,160.0,0.75-1.35,4774,2561,AST,1.691734108011665,-0.2860266830648916,0.9991606283278194
season_2024-25,m8_k160_cap0.75-1.35,8.0,160.0,0.75-1.35,4774,2561,REB,2.053975750303924,-0.16950013477923687,0.9988197710391765
season_2024-25,m8_k160_cap0.75-1.35,8.0,160.0,0.75-1.35,4774,2561,STL,0.8280822532246493,-0.02633704841315317,0.9995560137753311
season_2024-25,m8_k160_cap0.75-1.35,8.0,160.0,0.75-1.35,4774,2561,BLK,0.5735255315310597,0.013723912909190485,1.0003695407740152
season_2024-25,m8_k160_cap0.75-1.35,8.0,160.0,0.75-1.35,4774,2561,FG3M,1.1262193563972478,-0.103747053941675,1.0001583286182736
season_2024-25,m8_k160_cap0.75-1.35,8.0,160.0,0.75-1.35,4774,2561,TOV,1.0833882956663001,-0.071987223107621,1.0003334088650528
season_2024-25,m8_k160_cap0.75-1.35,8.0,160.0,0.75-1.35,4774,2561,FG3A,1.8353587700636007,-0.274736412780801,0.9998407178422092
season_2024-25,m8_k160_cap0.75-1.35,8.0,160.0,0.75-1.35,4774,2561,OREB,0.9075227561721932,-0.061112912689020436,1.0001563071905533
season_2024-25,m8_k160_cap0.75-1.35,8.0,160.0,0.75-1.35,4774,2561,POOLED,,,0.9996179936012021
season_2024-25,m8_k160_cap0.85-1.20,8.0,160.0,0.85-1.20,4774,2561,PTS,5.686997283330534,-1.1559066101656488,0.9981672259783876
season_2024-25,m8_k160_cap0.85-1.20,8.0,160.0,0.85-1.20,4774,2561,AST,1.691734108011665,-0.2860266830648916,0.9991606283278194
season_2024-25,m8_k160_cap0.85-1.20,8.0,160.0,0.85-1.20,4774,2561,REB,2.053975750303924,-0.16950013477923687,0.9988197710391765
season_2024-25,m8_k160_cap0.85-1.20,8.0,160.0,0.85-1.20,4774,2561,STL,0.8280822532246493,-0.02633704841315317,0.9995560137753311
season_2024-25,m8_k160_cap0.85-1.20,8.0,160.0,0.85-1.20,4774,2561,BLK,0.5735255315310597,0.013723912909190485,1.0003695407740152
season_2024-25,m8_k160_cap0.85-1.20,8.0,160.0,0.85-1.20,4774,2561,FG3M,1.1262195095373975,-0.10374690080152525,1.000158464616998
season_2024-25,m8_k160_cap0.85-1.20,8.0,160.0,0.85-1.20,4774,2561,TOV,1.0833882956663001,-0.071987223107621,1.0003334088650528
season_2024-25,m8_k160_cap0.85-1.20,8.0,160.0,0.85-1.20,4774,2561,FG3A,1.8353586094817091,-0.2747365733626925,0.999840630362684
season_2024-25,m8_k160_cap0.85-1.20,8.0,160.0,0.85-1.20,4774,2561,OREB,0.9075227561721932,-0.061112912689020436,1.0001563071905533
season_2024-25,m8_k160_cap0.85-1.20,8.0,160.0,0.85-1.20,4774,2561,POOLED,,,0.9996179989922245
season_2024-25,m8_k320_capnone,8.0,320.0,none,4774,2561,PTS,5.6917790216164414,-1.1828849048781707,0.9990065044591756
season_2024-25,m8_k320_capnone,8.0,320.0,none,4774,2561,AST,1.6923123881199449,-0.2916092119051546,0.9995021682386139
season_2024-25,m8_k320_capnone,8.0,320.0,none,4774,2561,REB,2.0550529393455856,-0.17417938898370014,0.9993435930520698
season_2024-25,m8_k320_capnone,8.0,320.0,none,4774,2561,STL,0.8282166491359674,-0.027267129750978298,0.9997182394973069
season_2024-25,m8_k320_capnone,8.0,320.0,none,4774,2561,BLK,0.5734241439367946,0.01350496824628439,1.0001926958812615
season_2024-25,m8_k320_capnone,8.0,320.0,none,4774,2561,FG3M,1.1260917608261345,-0.10687694523183239,1.0000450151927682
season_2024-25,m8_k320_capnone,8.0,320.0,none,4774,2561,TOV,1.0832042133979083,-0.073852034516137,1.000163438740963
season_2024-25,m8_k320_capnone,8.0,320.0,none,4774,2561,FG3A,1.8354172697886701,-0.28440616019260834,0.9998725864926665
season_2024-25,m8_k320_capnone,8.0,320.0,none,4774,2561,OREB,0.9074214756745367,-0.0627324335432761,1.0000446886908103
season_2024-25,m8_k320_capnone,8.0,320.0,none,4774,2561,POOLED,,,0.9997654366939595
season_2024-25,m8_k320_cap0.75-1.35,8.0,320.0,0.75-1.35,4774,2561,PTS,5.6917790216164414,-1.1828849048781707,0.9990065044591756
season_2024-25,m8_k320_cap0.75-1.35,8.0,320.0,0.75-1.35,4774,2561,AST,1.6923123881199449,-0.2916092119051546,0.9995021682386139
season_2024-25,m8_k320_cap0.75-1.35,8.0,320.0,0.75-1.35,4774,2561,REB,2.0550529393455856,-0.17417938898370014,0.9993435930520698
season_2024-25,m8_k320_cap0.75-1.35,8.0,320.0,0.75-1.35,4774,2561,STL,0.8282166491359674,-0.027267129750978298,0.9997182394973069
season_2024-25,m8_k320_cap0.75-1.35,8.0,320.0,0.75-1.35,4774,2561,BLK,0.5734241439367946,0.01350496824628439,1.0001926958812615
season_2024-25,m8_k320_cap0.75-1.35,8.0,320.0,0.75-1.35,4774,2561,FG3M,1.1260917608261345,-0.10687694523183239,1.0000450151927682
season_2024-25,m8_k320_cap0.75-1.35,8.0,320.0,0.75-1.35,4774,2561,TOV,1.0832042133979083,-0.073852034516137,1.000163438740963
season_2024-25,m8_k320_cap0.75-1.35,8.0,320.0,0.75-1.35,4774,2561,FG3A,1.8354172697886701,-0.28440616019260834,0.9998725864926665
season_2024-25,m8_k320_cap0.75-1.35,8.0,320.0,0.75-1.35,4774,2561,OREB,0.9074214756745367,-0.0627324335432761,1.0000446886908103
season_2024-25,m8_k320_cap0.75-1.35,8.0,320.0,0.75-1.35,4774,2561,POOLED,,,0.9997654366939595
season_2024-25,m8_k320_cap0.85-1.20,8.0,320.0,0.85-1.20,4774,2561,PTS,5.6917790216164414,-1.1828849048781707,0.9990065044591756
season_2024-25,m8_k320_cap0.85-1.20,8.0,320.0,0.85-1.20,4774,2561,AST,1.6923123881199449,-0.2916092119051546,0.9995021682386139
season_2024-25,m8_k320_cap0.85-1.20,8.0,320.0,0.85-1.20,4774,2561,REB,2.0550529393455856,-0.17417938898370014,0.9993435930520698
season_2024-25,m8_k320_cap0.85-1.20,8.0,320.0,0.85-1.20,4774,2561,STL,0.8282166491359674,-0.027267129750978298,0.9997182394973069
season_2024-25,m8_k320_cap0.85-1.20,8.0,320.0,0.85-1.20,4774,2561,BLK,0.5734241439367946,0.01350496824628439,1.0001926958812615
season_2024-25,m8_k320_cap0.85-1.20,8.0,320.0,0.85-1.20,4774,2561,FG3M,1.1260917608261345,-0.10687694523183239,1.0000450151927682
season_2024-25,m8_k320_cap0.85-1.20,8.0,320.0,0.85-1.20,4774,2561,TOV,1.0832042133979083,-0.073852034516137,1.000163438740963
season_2024-25,m8_k320_cap0.85-1.20,8.0,320.0,0.85-1.20,4774,2561,FG3A,1.8354172697886701,-0.28440616019260834,0.9998725864926665
season_2024-25,m8_k320_cap0.85-1.20,8.0,320.0,0.85-1.20,4774,2561,OREB,0.9074214756745367,-0.0627324335432761,1.0000446886908103
season_2024-25,m8_k320_cap0.85-1.20,8.0,320.0,0.85-1.20,4774,2561,POOLED,,,0.9997654366939595
season_2024-25,m12_k0_capnone,12.0,0.0,none,4774,1889,PTS,5.71120055404613,-0.8261928316590046,1.0024153221856082
season_2024-25,m12_k0_capnone,12.0,0.0,none,4774,1889,AST,1.7067537583054497,-0.22119992628513538,1.008031433233704
season_2024-25,m12_k0_capnone,12.0,0.0,none,4774,1889,REB,2.064940729252231,-0.11549556711963095,1.0041518874290494
season_2024-25,m12_k0_capnone,12.0,0.0,none,4774,1889,STL,0.8331494661674321,-0.014405432383802805,1.0056725114424592
season_2024-25,m12_k0_capnone,12.0,0.0,none,4774,1889,BLK,0.576430984365589,0.01811614780552332,1.0054373648864998
season_2024-25,m12_k0_capnone,12.0,0.0,none,4774,1889,FG3M,1.1367123602920208,-0.06665670096807641,1.0094768198855106
season_2024-25,m12_k0_capnone,12.0,0.0,none,4774,1889,TOV,1.0918660756504146,-0.052375644988535475,1.0081612639240753
season_2024-25,m12_k0_capnone,12.0,0.0,none,4774,1889,FG3A,1.8552982927836834,-0.1556366416928984,1.010703088205464
season_2024-25,m12_k0_capnone,12.0,0.0,none,4774,1889,OREB,0.9129633890043506,-0.042580714095432584,1.0061522816222488
season_2024-25,m12_k0_capnone,12.0,0.0,none,4774,1889,POOLED,,,1.0066891080905132
season_2024-25,m12_k0_cap0.75-1.35,12.0,0.0,0.75-1.35,4774,1889,PTS,5.710251982175068,-0.8280061876563505,1.0022488312755538
season_2024-25,m12_k0_cap0.75-1.35,12.0,0.0,0.75-1.35,4774,1889,AST,1.7061626463291417,-0.22643640161193365,1.0076823146512606
season_2024-25,m12_k0_cap0.75-1.35,12.0,0.0,0.75-1.35,4774,1889,REB,2.064629560218321,-0.116152176351515,1.004000570266148
season_2024-25,m12_k0_cap0.75-1.35,12.0,0.0,0.75-1.35,4774,1889,STL,0.8324954073321255,-0.013753693448674964,1.0048830144575307
season_2024-25,m12_k0_cap0.75-1.35,12.0,0.0,0.75-1.35,4774,1889,BLK,0.5764266423727518,0.018511409107225773,1.0054297913834178
season_2024-25,m12_k0_cap0.75-1.35,12.0,0.0,0.75-1.35,4774,1889,FG3M,1.1355984206964034,-0.06691729301711134,1.0084875668081186
season_2024-25,m12_k0_cap0.75-1.35,12.0,0.0,0.75-1.35,4774,1889,TOV,1.0909056076314478,-0.05364146530473597,1.0072744274579974
season_2024-25,m12_k0_cap0.75-1.35,12.0,0.0,0.75-1.35,4774,1889,FG3A,1.8551182552084156,-0.15602946115383518,1.0106050098888806
season_2024-25,m12_k0_cap0.75-1.35,12.0,0.0,0.75-1.35,4774,1889,OREB,0.9118663895424814,-0.043692598480461156,1.0049433081576045
season_2024-25,m12_k0_cap0.75-1.35,12.0,0.0,0.75-1.35,4774,1889,POOLED,,,1.0061727593718348
season_2024-25,m12_k0_cap0.85-1.20,12.0,0.0,0.85-1.20,4774,1889,PTS,5.704513180030007,-0.852859625605077,1.0012415713926688
season_2024-25,m12_k0_cap0.85-1.20,12.0,0.0,0.85-1.20,4774,1889,AST,1.7018016125988775,-0.23990384297074963,1.0051066302210336
season_2024-25,m12_k0_cap0.85-1.20,12.0,0.0,0.85-1.20,4774,1889,REB,2.0624035692043874,-0.12331537144066951,1.0029181018706261
season_2024-25,m12_k0_cap0.85-1.20,12.0,0.0,0.85-1.20,4774,1889,STL,0.8311957746791203,-0.014750248535928077,1.0033142625262443
season_2024-25,m12_k0_cap0.85-1.20,12.0,0.0,0.85-1.20,4774,1889,BLK,0.5758108784594327,0.018194032027311097,1.0043557477195764
season_2024-25,m12_k0_cap0.85-1.20,12.0,0.0,0.85-1.20,4774,1889,FG3M,1.1339662698017283,-0.07010187921282622,1.0070381073386125
season_2024-25,m12_k0_cap0.85-1.20,12.0,0.0,0.85-1.20,4774,1889,TOV,1.0886074828848182,-0.05613882356218134,1.0051524819182598
season_2024-25,m12_k0_cap0.85-1.20,12.0,0.0,0.85-1.20,4774,1889,FG3A,1.8531651269149825,-0.16300954408513676,1.0095410123605517
season_2024-25,m12_k0_cap0.85-1.20,12.0,0.0,0.85-1.20,4774,1889,OREB,0.9101280873421652,-0.04707744774054355,1.0030275722737103
season_2024-25,m12_k0_cap0.85-1.20,12.0,0.0,0.85-1.20,4774,1889,POOLED,,,1.0046328319579203
season_2024-25,m12_k3_capnone,12.0,3.0,none,4774,1889,PTS,5.6999420989753515,-0.8764884464083708,1.0004392669306248
season_2024-25,m12_k3_capnone,12.0,3.0,none,4774,1889,AST,1.7027112783105265,-0.23079625641581178,1.0056438908695688
season_2024-25,m12_k3_capnone,12.0,3.0,none,4774,1889,REB,2.0602234699522746,-0.12426078761971246,1.001857949999059
season_2024-25,m12_k3_capnone,12.0,3.0,none,4774,1889,STL,0.8316099216758226,-0.01605854497213949,1.0038141683260955
season_2024-25,m12_k3_capnone,12.0,3.0,none,4774,1889,BLK,0.5758724376743283,0.017319796579006723,1.0044631221260325
season_2024-25,m12_k3_capnone,12.0,3.0,none,4774,1889,FG3M,1.134406101677623,-0.07183493859733607,1.0074287075457296
season_2024-25,m12_k3_capnone,12.0,3.0,none,4774,1889,TOV,1.0897901008088264,-0.05525920258831707,1.006244437797828
season_2024-25,m12_k3_capnone,12.0,3.0,none,4774,1889,FG3A,1.8509725777798687,-0.1741261953831051,1.0083465865420616
season_2024-25,m12_k3_capnone,12.0,3.0,none,4774,1889,OREB,0.9113221973298622,-0.04551257984403638,1.004343568624823
season_2024-25,m12_k3_capnone,12.0,3.0,none,4774,1889,POOLED,,,1.0047312998624247
season_2024-25,m12_k3_cap0.75-1.35,12.0,3.0,0.75-1.35,4774,1889,PTS,5.6997007710571355,-0.8770200251085941,1.000396909671306
season_2024-25,m12_k3_cap0.75-1.35,12.0,3.0,0.75-1.35,4774,1889,AST,1.7027977018412046,-0.23302545633772587,1.005694933754385
season_2024-25,m12_k3_cap0.75-1.35,12.0,3.0,0.75-1.35,4774,1889,REB,2.060356660680052,-0.12434836104951832,1.0019227187930448
season_2024-25,m12_k3_cap0.75-1.35,12.0,3.0,0.75-1.35,4774,1889,STL,0.8314278422823344,-0.015422050385666186,1.0035943851438849
season_2024-25,m12_k3_cap0.75-1.35,12.0,3.0,0.75-1.35,4774,1889,BLK,0.5759567462811926,0.017690508584030776,1.0046101770655171
season_2024-25,m12_k3_cap0.75-1.35,12.0,3.0,0.75-1.35,4774,1889,FG3M,1.1339167671482346,-0.0716934701944912,1.0069941456619647
season_2024-25,m12_k3_cap0.75-1.35,12.0,3.0,0.75-1.35,4774,1889,TOV,1.089470561909047,-0.05593806081169779,1.005949395440291
season_2024-25,m12_k3_cap0.75-1.35,12.0,3.0,0.75-1.35,4774,1889,FG3A,1.8509337138454185,-0.1744418008113937,1.0083254147991016
season_2024-25,m12_k3_cap0.75-1.35,12.0,3.0,0.75-1.35,4774,1889,OREB,0.9107636227521005,-0.04613001947124512,1.0037279786760476
season_2024-25,m12_k3_cap0.75-1.35,12.0,3.0,0.75-1.35,4774,1889,POOLED,,,1.0045795621117268
season_2024-25,m12_k3_cap0.85-1.20,12.0,3.0,0.85-1.20,4774,1889,PTS,5.696780101471479,-0.8899124189647764,0.9998842812114929
season_2024-25,m12_k3_cap0.85-1.20,12.0,3.0,0.85-1.20,4774,1889,AST,1.7005185172483197,-0.24310890449165498,1.0043488170690753
season_2024-25,m12_k3_cap0.85-1.20,12.0,3.0,0.85-1.20,4774,1889,REB,2.059257979995971,-0.12857583406080583,1.0013884456940774
season_2024-25,m12_k3_cap0.85-1.20,12.0,3.0,0.85-1.20,4774,1889,STL,0.8305811299833779,-0.016111181364211392,1.0025723412985257
season_2024-25,m12_k3_cap0.85-1.20,12.0,3.0,0.85-1.20,4774,1889,BLK,0.5754412403200166,0.017495896426961477,1.0037110079208214
season_2024-25,m12_k3_cap0.85-1.20,12.0,3.0,0.85-1.20,4774,1889,FG3M,1.132858204938526,-0.07372274175753106,1.0060540714176476
season_2024-25,m12_k3_cap0.85-1.20,12.0,3.0,0.85-1.20,4774,1889,TOV,1.0877611416527744,-0.057702094148267165,1.004371023033112
season_2024-25,m12_k3_cap0.85-1.20,12.0,3.0,0.85-1.20,4774,1889,FG3A,1.8499144337497586,-0.17719054071262955,1.0077701458461594
season_2024-25,m12_k3_cap0.85-1.20,12.0,3.0,0.85-1.20,4774,1889,OREB,0.9096194267629526,-0.04838024654480084,1.0024669911939978
season_2024-25,m12_k3_cap0.85-1.20,12.0,3.0,0.85-1.20,4774,1889,POOLED,,,1.0036185694094344
season_2024-25,m12_k5_capnone,12.0,5.0,none,4774,1889,PTS,5.6949417833249525,-0.9033467463598979,0.9995616243095522
season_2024-25,m12_k5_capnone,12.0,5.0,none,4774,1889,AST,1.7009165058508504,-0.23587696874254654,1.0045838744225262
season_2024-25,m12_k5_capnone,12.0,5.0,none,4774,1889,REB,2.05833856335104,-0.1289014104794365,1.0009413461980663
season_2024-25,m12_k5_capnone,12.0,5.0,none,4774,1889,STL,0.8308879247778183,-0.016958234767962363,1.0029426651167015
season_2024-25,m12_k5_capnone,12.0,5.0,none,4774,1889,BLK,0.5755693881305396,0.01690687838707984,1.0039345292103128
season_2024-25,m12_k5_capnone,12.0,5.0,none,4774,1889,FG3M,1.133312708282225,-0.07471304972856646,1.00645770087225
season_2024-25,m12_k5_capnone,12.0,5.0,none,4774,1889,TOV,1.088812782560525,-0.05682133227514919,1.0053420428773914
season_2024-25,m12_k5_capnone,12.0,5.0,none,4774,1889,FG3A,1.8487549301703836,-0.18404844995459205,1.0071384879327026
season_2024-25,m12_k5_capnone,12.0,5.0,none,4774,1889,OREB,0.9105400737752548,-0.04713453808258588,1.0034816113892355
season_2024-25,m12_k5_capnone,12.0,5.0,none,4774,1889,POOLED,,,1.0038204313698598
season_2024-25,m12_k5_cap0.75-1.35,12.0,5.0,0.75-1.35,4774,1889,PTS,5.694775893957478,-0.9035951220669954,0.9995325078318221
season_2024-25,m12_k5_cap0.75-1.35,12.0,5.0,0.75-1.35,4774,1889,AST,1.7011041640435234,-0.2370256326944418,1.0046947078429875
season_2024-25,m12_k5_cap0.75-1.35,12.0,5.0,0.75-1.35,4774,1889,REB,2.058413954245781,-0.1289577815733382,1.0009780077390862
season_2024-25,m12_k5_cap0.75-1.35,12.0,5.0,0.75-1.35,4774,1889,STL,0.8308230074957692,-0.016368665359989206,1.0028643051960326
season_2024-25,m12_k5_cap0.75-1.35,12.0,5.0,0.75-1.35,4774,1889,BLK,0.5757176384284015,0.017239965591017058,1.004193114180359
season_2024-25,m12_k5_cap0.75-1.35,12.0,5.0,0.75-1.35,4774,1889,FG3M,1.1329851603873247,-0.07451383515863987,1.0061668163716018
season_2024-25,m12_k5_cap0.75-1.35,12.0,5.0,0.75-1.35,4774,1889,TOV,1.088657987461761,-0.057284441832538835,1.0051991147052473
season_2024-25,m12_k5_cap0.75-1.35,12.0,5.0,0.75-1.35,4774,1889,FG3A,1.8487526481246275,-0.18428026470803976,1.0071372447521842
season_2024-25,m12_k5_cap0.75-1.35,12.0,5.0,0.75-1.35,4774,1889,OREB,0.910160291043926,-0.047571984018718684,1.0030630631032371
season_2024-25,m12_k5_cap0.75-1.35,12.0,5.0,0.75-1.35,4774,1889,POOLED,,,1.0037587646358397
season_2024-25,m12_k5_cap0.85-1.20,12.0,5.0,0.85-1.20,4774,1889,PTS,5.693100742169471,-0.9116219623062322,0.9992384894720404
season_2024-25,m12_k5_cap0.85-1.20,12.0,5.0,0.85-1.20,4774,1889,AST,1.6996419603338957,-0.24526088533277227,1.0038311109158249
season_2024-25,m12_k5_cap0.85-1.20,12.0,5.0,0.85-1.20,4774,1889,REB,2.057975692162048,-0.13168357725183538,1.000764886997975
season_2024-25,m12_k5_cap0.85-1.20,12.0,5.0,0.85-1.20,4774,1889,STL,0.8302258103320175,-0.01693512056802337,1.002143444419083
season_2024-25,m12_k5_cap0.85-1.20,12.0,5.0,0.85-1.20,4774,1889,BLK,0.5752262339429723,0.017131123731638907,1.0033359839352403
season_2024-25,m12_k5_cap0.85-1.20,12.0,5.0,0.85-1.20,4774,1889,FG3M,1.13216669537409,-0.07596574890153501,1.0054399645420542
season_2024-25,m12_k5_cap0.85-1.20,12.0,5.0,0.85-1.20,4774,1889,TOV,1.0874026698162282,-0.05872590632079991,1.0040400324218337
season_2024-25,m12_k5_cap0.85-1.20,12.0,5.0,0.85-1.20,4774,1889,FG3A,1.8481023189687247,-0.18567980072578472,1.0067829676589657
season_2024-25,m12_k5_cap0.85-1.20,12.0,5.0,0.85-1.20,4774,1889,OREB,0.9092954426446279,-0.049297536574118984,1.0021099370516435
season_2024-25,m12_k5_cap0.85-1.20,12.0,5.0,0.85-1.20,4774,1889,POOLED,,,1.0030763130460736
season_2024-25,m12_k10_capnone,12.0,10.0,none,4774,1889,PTS,5.687980596097721,-0.9543906371801997,0.9983398145217247
season_2024-25,m12_k10_capnone,12.0,10.0,none,4774,1889,AST,1.697843522607931,-0.24568999006005987,1.002768929713842
season_2024-25,m12_k10_capnone,12.0,10.0,none,4774,1889,REB,2.055767739038438,-0.1375085487029801,0.9996911901770348
season_2024-25,m12_k10_capnone,12.0,10.0,none,4774,1889,STL,0.8297211150571533,-0.018678073063368317,1.0015342402063976
season_2024-25,m12_k10_capnone,12.0,10.0,none,4774,1889,BLK,0.5750257337904678,0.016149474861600628,1.002986262371929
season_2024-25,m12_k10_capnone,12.0,10.0,none,4774,1889,FG3M,1.1313884961458547,-0.08041946342580765,1.0047488714303767
season_2024-25,m12_k10_capnone,12.0,10.0,none,4774,1889,TOV,1.0873110468047222,-0.059896636703025266,1.00395543342829
season_2024-25,m12_k10_capnone,12.0,10.0,none,4774,1889,FG3A,1.844991595933454,-0.20275411880151759,1.0050883520866187
season_2024-25,m12_k10_capnone,12.0,10.0,none,4774,1889,OREB,0.9094504506763981,-0.05019892364374202,1.0022807672149487
season_2024-25,m12_k10_capnone,12.0,10.0,none,4774,1889,POOLED,,,1.0023770956834626
season_2024-25,m12_k10_cap0.75-1.35,12.0,10.0,0.75-1.35,4774,1889,PTS,5.6879488089180485,-0.9544224243598725,0.9983342353172034
season_2024-25,m12_k10_cap0.75-1.35,12.0,10.0,0.75-1.35,4774,1889,AST,1.6978984957057892,-0.2457795813119929,1.0028013975554118
season_2024-25,m12_k10_cap0.75-1.35,12.0,10.0,0.75-1.35,4774,1889,REB,2.055767739038438,-0.1375085487029801,0.9996911901770348
season_2024-25,m12_k10_cap0.75-1.35,12.0,10.0,0.75-1.35,4774,1889,STL,0.8297231871433948,-0.018319722478814263,1.0015367413664644
season_2024-25,m12_k10_cap0.75-1.35,12.0,10.0,0.75-1.35,4774,1889,BLK,0.5751651209982197,0.01635122417008953,1.003229387933639
season_2024-25,m12_k10_cap0.75-1.35,12.0,10.0,0.75-1.35,4774,1889,FG3M,1.1312433958005745,-0.0801745258684916,1.0046200125912945
season_2024-25,m12_k10_cap0.75-1.35,12.0,10.0,0.75-1.35,4774,1889,TOV,1.087298082372633,-0.060054411478436834,1.0039434628775674
season_2024-25,m12_k10_cap0.75-1.35,12.0,10.0,0.75-1.35,4774,1889,FG3A,1.8450059908398873,-0.202871904158057,1.0050961939395666
season_2024-25,m12_k10_cap0.75-1.35,12.0,10.0,0.75-1.35,4774,1889,OREB,0.9093133232146661,-0.05039171348915691,1.0021296427447275
season_2024-25,m12_k10_cap0.75-1.35,12.0,10.0,0.75-1.35,4774,1889,POOLED,,,1.0023758071669902
season_2024-25,m12_k10_cap0.85-1.20,12.0,10.0,0.85-1.20,4774,1889,PTS,5.687650508577855,-0.956794533502621,0.9982818784040127
season_2024-25,m12_k10_cap0.85-1.20,12.0,10.0,0.85-1.20,4774,1889,AST,1.6976926372656695,-0.2504493794536869,1.0026798148271316
season_2024-25,m12_k10_cap0.85-1.20,12.0,10.0,0.85-1.20,4774,1889,REB,2.055833161072736,-0.1383561402973718,0.9997230040002062
season_2024-25,m12_k10_cap0.85-1.20,12.0,10.0,0.85-1.20,4774,1889,STL,0.8295471764221775,-0.018571417669231906,1.0013242835167802
season_2024-25,m12_k10_cap0.85-1.20,12.0,10.0,0.85-1.20,4774,1889,BLK,0.5749015162376563,0.016401094351001726,1.002769596418226
season_2024-25,m12_k10_cap0.85-1.20,12.0,10.0,0.85-1.20,4774,1889,FG3M,1.1307755319751362,-0.08076456097154883,1.0042045181327652
season_2024-25,m12_k10_cap0.85-1.20,12.0,10.0,0.85-1.20,4774,1889,TOV,1.0866200928685423,-0.061041109101634954,1.003317449513278
season_2024-25,m12_k10_cap0.85-1.20,12.0,10.0,0.85-1.20,4774,1889,FG3A,1.844776015477361,-0.20310124248699385,1.0049709112235632
season_2024-25,m12_k10_cap0.85-1.20,12.0,10.0,0.85-1.20,4774,1889,OREB,0.9088606934833154,-0.05126610045425549,1.001630811748421
season_2024-25,m12_k10_cap0.85-1.20,12.0,10.0,0.85-1.20,4774,1889,POOLED,,,1.0021002519760425
season_2024-25,m12_k20_capnone,12.0,20.0,none,4774,1889,PTS,5.683515686564969,-1.018576930168379,0.997556145013808
season_2024-25,m12_k20_capnone,12.0,20.0,none,4774,1889,AST,1.694911603674921,-0.25815686537506616,1.00103729945975
season_2024-25,m12_k20_capnone,12.0,20.0,none,4774,1889,REB,2.054153474546417,-0.1481853571079813,0.9989061958604865
season_2024-25,m12_k20_capnone,12.0,20.0,none,4774,1889,STL,0.8285687055275898,-0.021033460560583927,1.000143197382908
season_2024-25,m12_k20_capnone,12.0,20.0,none,4774,1889,BLK,0.57443716945464,0.01534336217760965,1.0019596614588426
season_2024-25,m12_k20_capnone,12.0,20.0,none,4774,1889,FG3M,1.1293317244512924,-0.08762804309448619,1.0029223202095174
season_2024-25,m12_k20_capnone,12.0,20.0,none,4774,1889,TOV,1.0858956106503503,-0.0638975789225897,1.002648507666772
season_2024-25,m12_k20_capnone,12.0,20.0,none,4774,1889,FG3A,1.8410139935696284,-0.22596743300320715,1.002921490289565
season_2024-25,m12_k20_capnone,12.0,20.0,none,4774,1889,OREB,0.9085308992080098,-0.053785493831691886,1.0012673543890556
season_2024-25,m12_k20_capnone,12.0,20.0,none,4774,1889,POOLED,,,1.0010402413034116
season_2024-25,m12_k20_cap0.75-1.35,12.0,20.0,0.75-1.35,4774,1889,PTS,5.683515686564969,-1.018576930168379,0.997556145013808
season_2024-25,m12_k20_cap0.75-1.35,12.0,20.0,0.75-1.35,4774,1889,AST,1.694911603674921,-0.25815686537506616,1.00103729945975
season_2024-25,m12_k20_cap0.75-1.35,12.0,20.0,0.75-1.35,4774,1889,REB,2.054153474546417,-0.1481853571079813,0.9989061958604865
season_2024-25,m12_k20_cap0.75-1.35,12.0,20.0,0.75-1.35,4774,1889,STL,0.828559783005337,-0.02099458346258868,1.0001324272441434
season_2024-25,m12_k20_cap0.75-1.35,12.0,20.0,0.75-1.35,4774,1889,BLK,0.5744883835687649,0.015403137899462967,1.0020489914659854
season_2024-25,m12_k20_cap0.75-1.35,12.0,20.0,0.75-1.35,4774,1889,FG3M,1.1293039771033302,-0.08756940957326165,1.002897678703399
season_2024-25,m12_k20_cap0.75-1.35,12.0,20.0,0.75-1.35,4774,1889,TOV,1.0858969459107193,-0.06389891418295864,1.002649740563197
season_2024-25,m12_k20_cap0.75-1.35,12.0,20.0,0.75-1.35,4774,1889,FG3A,1.8410312900244241,-0.22598875581851283,1.002930912806874
season_2024-25,m12_k20_cap0.75-1.35,12.0,20.0,0.75-1.35,4774,1889,OREB,0.9085049409748428,-0.05381609289703723,1.0012387465217059
season_2024-25,m12_k20_cap0.75-1.35,12.0,20.0,0.75-1.35,4774,1889,POOLED,,,1.001044237515483
season_2024-25,m12_k20_cap0.85-1.20,12.0,20.0,0.85-1.20,4774,1889,PTS,5.683457601859535,-1.018936220847547,0.9975459501347873
season_2024-25,m12_k20_cap0.85-1.20,12.0,20.0,0.85-1.20,4774,1889,AST,1.695047514624443,-0.25897997031155456,1.001117570271267
season_2024-25,m12_k20_cap0.85-1.20,12.0,20.0,0.85-1.20,4774,1889,REB,2.054170499069336,-0.14820238163090016,0.9989144746486276
season_2024-25,m12_k20_cap0.85-1.20,12.0,20.0,0.85-1.20,4774,1889,STL,0.8286415383440779,-0.020787614478760194,1.0002311119341951
season_2024-25,m12_k20_cap0.85-1.20,12.0,20.0,0.85-1.20,4774,1889,BLK,0.5745056235156016,0.015509475850571672,1.0020790621720863
season_2024-25,m12_k20_cap0.85-1.20,12.0,20.0,0.85-1.20,4774,1889,FG3M,1.1291588275290632,-0.08750140688648758,1.0027687761456743
season_2024-25,m12_k20_cap0.85-1.20,12.0,20.0,0.85-1.20,4774,1889,TOV,1.0857476414233682,-0.06423940892640213,1.0025118820803351
season_2024-25,m12_k20_cap0.85-1.20,12.0,20.0,0.85-1.20,4774,1889,FG3A,1.840966195393986,-0.22613148181201922,1.0028954514774127
season_2024-25,m12_k20_cap0.85-1.20,12.0,20.0,0.85-1.20,4774,1889,OREB,0.9083219399716912,-0.054195680838412676,1.0010370660610457
season_2024-25,m12_k20_cap0.85-1.20,12.0,20.0,0.85-1.20,4774,1889,POOLED,,,1.00101126054727
season_2024-25,m12_k40_capnone,12.0,40.0,none,4774,1889,PTS,5.68411210773497,-1.083604504434438,0.9976608273329854
season_2024-25,m12_k40_capnone,12.0,40.0,none,4774,1889,AST,1.6932899779597137,-0.2711961867744148,1.0000795457791651
season_2024-25,m12_k40_capnone,12.0,40.0,none,4774,1889,REB,2.053548193620293,-0.15897872842586905,0.998611856184881
season_2024-25,m12_k40_capnone,12.0,40.0,none,4774,1889,STL,0.8279307349896575,-0.02352901768701114,0.9993731201528764
season_2024-25,m12_k40_capnone,12.0,40.0,none,4774,1889,BLK,0.5740089033629627,0.014640282175567933,1.0012126600963809
season_2024-25,m12_k40_capnone,12.0,40.0,none,4774,1889,FG3M,1.1276740556327516,-0.09496682576204635,1.001450199112027
season_2024-25,m12_k40_capnone,12.0,40.0,none,4774,1889,TOV,1.0846499107588536,-0.06797674043332168,1.0014983058195963
season_2024-25,m12_k40_capnone,12.0,40.0,none,4774,1889,FG3A,1.838377700804013,-0.24905542933700528,1.0014853281101543
season_2024-25,m12_k40_capnone,12.0,40.0,none,4774,1889,OREB,0.9078845263202985,-0.0572927447733729,1.0005550042953035
season_2024-25,m12_k40_capnone,12.0,40.0,none,4774,1889,POOLED,,,1.000214094098152
season_2024-25,m12_k40_cap0.75-1.35,12.0,40.0,0.75-1.35,4774,1889,PTS,5.68411210773497,-1.083604504434438,0.9976608273329854
season_2024-25,m12_k40_cap0.75-1.35,12.0,40.0,0.75-1.35,4774,1889,AST,1.6932899779597137,-0.2711961867744148,1.0000795457791651
season_2024-25,m12_k40_cap0.75-1.35,12.0,40.0,0.75-1.35,4774,1889,REB,2.053548193620293,-0.15897872842586905,0.998611856184881
season_2024-25,m12_k40_cap0.75-1.35,12.0,40.0,0.75-1.35,4774,1889,STL,0.8279288349584271,-0.02352711765578081,0.999370826675827
season_2024-25,m12_k40_cap0.75-1.35,12.0,40.0,0.75-1.35,4774,1889,BLK,0.5740152573480516,0.014648144744066127,1.001223743008642
season_2024-25,m12_k40_cap0.75-1.35,12.0,40.0,0.75-1.35,4774,1889,FG3M,1.1276782452505396,-0.09496056327725239,1.0014539197736376
season_2024-25,m12_k40_cap0.75-1.35,12.0,40.0,0.75-1.35,4774,1889,TOV,1.0846499107588536,-0.06797674043332168,1.0014983058195963
season_2024-25,m12_k40_cap0.75-1.35,12.0,40.0,0.75-1.35,4774,1889,FG3A,1.8383778370554154,-0.24905437831378482,1.0014854023352606
season_2024-25,m12_k40_cap0.75-1.35,12.0,40.0,0.75-1.35,4774,1889,OREB,0.9078845263202985,-0.0572927447733729,1.0005550042953035
season_2024-25,m12_k40_cap0.75-1.35,12.0,40.0,0.75-1.35,4774,1889,POOLED,,,1.0002154923561442
season_2024-25,m12_k40_cap0.85-1.20,12.0,40.0,0.85-1.20,4774,1889,PTS,5.68411210773497,-1.083604504434438,0.9976608273329854
season_2024-25,m12_k40_cap0.85-1.20,12.0,40.0,0.85-1.20,4774,1889,AST,1.6932843304524543,-0.2711689801134955,1.0000762102863858
season_2024-25,m12_k40_cap0.85-1.20,12.0,40.0,0.85-1.20,4774,1889,REB,2.053548193620293,-0.15897872842586905,0.998611856184881
season_2024-25,m12_k40_cap0.85-1.20,12.0,40.0,0.85-1.20,4774,1889,STL,0.8279307248944179,-0.02346552617619369,0.9993731079671817
season_2024-25,m12_k40_cap0.85-1.20,12.0,40.0,0.85-1.20,4774,1889,BLK,0.5740498195914883,0.014665559489719156,1.0012840280590782
season_2024-25,m12_k40_cap0.85-1.20,12.0,40.0,0.85-1.20,4774,1889,FG3M,1.1276427532902813,-0.09490167224913532,1.0014224005323373
season_2024-25,m12_k40_cap0.85-1.20,12.0,40.0,0.85-1.20,4774,1889,TOV,1.0846556626496737,-0.06798249232414166,1.0015036167580424
season_2024-25,m12_k40_cap0.85-1.20,12.0,40.0,0.85-1.20,4774,1889,FG3A,1.8383661800047135,-0.24911203941611837,1.001479051972524
season_2024-25,m12_k40_cap0.85-1.20,12.0,40.0,0.85-1.20,4774,1889,OREB,0.9078404104703323,-0.05736303288042433,1.0005063854091205
season_2024-25,m12_k40_cap0.85-1.20,12.0,40.0,0.85-1.20,4774,1889,POOLED,,,1.0002130538336151
season_2024-25,m12_k80_capnone,12.0,80.0,none,4774,1889,PTS,5.687354557670499,-1.1351340400445087,0.998229933857268
season_2024-25,m12_k80_capnone,12.0,80.0,none,4774,1889,AST,1.692724567091291,-0.28200686091475174,0.9997456066123178
season_2024-25,m12_k80_capnone,12.0,80.0,none,4774,1889,REB,2.0542018229744796,-0.16742362813286257,0.998929707026984
season_2024-25,m12_k80_capnone,12.0,80.0,none,4774,1889,STL,0.8278651317241816,-0.025501789710379634,0.999293932199899
season_2024-25,m12_k80_capnone,12.0,80.0,none,4774,1889,BLK,0.5737312111142925,0.014115191640223105,1.000728296537993
season_2024-25,m12_k80_capnone,12.0,80.0,none,4774,1889,FG3M,1.126678301486593,-0.10096848058918845,1.000565902640936
season_2024-25,m12_k80_capnone,12.0,80.0,none,4774,1889,TOV,1.0838965914592507,-0.0711580735136343,1.0008027376046267
season_2024-25,m12_k80_capnone,12.0,80.0,none,4774,1889,FG3A,1.8368820860463941,-0.26741412672227755,1.0006705683164485
season_2024-25,m12_k80_capnone,12.0,80.0,none,4774,1889,OREB,0.9075429191364585,-0.06024435931023573,1.0001785282486417
season_2024-25,m12_k80_capnone,12.0,80.0,none,4774,1889,POOLED,,,0.9999050236716794
season_2024-25,m12_k80_cap0.75-1.35,12.0,80.0,0.75-1.35,4774,1889,PTS,5.687354557670499,-1.1351340400445087,0.998229933857268
season_2024-25,m12_k80_cap0.75-1.35,12.0,80.0,0.75-1.35,4774,1889,AST,1.692724567091291,-0.28200686091475174,0.9997456066123178
season_2024-25,m12_k80_cap0.75-1.35,12.0,80.0,0.75-1.35,4774,1889,REB,2.0542018229744796,-0.16742362813286257,0.998929707026984
season_2024-25,m12_k80_cap0.75-1.35,12.0,80.0,0.75-1.35,4774,1889,STL,0.8278651317241816,-0.025501789710379634,0.999293932199899
season_2024-25,m12_k80_cap0.75-1.35,12.0,80.0,0.75-1.35,4774,1889,BLK,0.5737312111142925,0.014115191640223105,1.000728296537993
season_2024-25,m12_k80_cap0.75-1.35,12.0,80.0,0.75-1.35,4774,1889,FG3M,1.1266792272761794,-0.10096755479960227,1.0005667248041852
season_2024-25,m12_k80_cap0.75-1.35,12.0,80.0,0.75-1.35,4774,1889,TOV,1.0838965914592507,-0.0711580735136343,1.0008027376046267
season_2024-25,m12_k80_cap0.75-1.35,12.0,80.0,0.75-1.35,4774,1889,FG3A,1.8368820860463941,-0.26741412672227755,1.0006705683164485
season_2024-25,m12_k80_cap0.75-1.35,12.0,80.0,0.75-1.35,4774,1889,OREB,0.9075429191364585,-0.06024435931023573,1.0001785282486417
season_2024-25,m12_k80_cap0.75-1.35,12.0,80.0,0.75-1.35,4774,1889,POOLED,,,0.9999051150231516
season_2024-25,m12_k80_cap0.85-1.20,12.0,80.0,0.85-1.20,4774,1889,PTS,5.687354557670499,-1.1351340400445087,0.998229933857268
season_2024-25,m12_k80_cap0.85-1.20,12.0,80.0,0.85-1.20,4774,1889,AST,1.692724567091291,-0.28200686091475174,0.9997456066123178
season_2024-25,m12_k80_cap0.85-1.20,12.0,80.0,0.85-1.20,4774,1889,REB,2.0542018229744796,-0.16742362813286257,0.998929707026984
season_2024-25,m12_k80_cap0.85-1.20,12.0,80.0,0.85-1.20,4774,1889,STL,0.8278640578543904,-0.025499974737916473,0.9992926359603002
season_2024-25,m12_k80_cap0.85-1.20,12.0,80.0,0.85-1.20,4774,1889,BLK,0.5737346346303944,0.01411928784281679,1.000734267991821
season_2024-25,m12_k80_cap0.85-1.20,12.0,80.0,0.85-1.20,4774,1889,FG3M,1.1266805943105491,-0.10096484837424413,1.000567938822398
season_2024-25,m12_k80_cap0.85-1.20,12.0,80.0,0.85-1.20,4774,1889,TOV,1.0838965914592507,-0.0711580735136343,1.0008027376046267
season_2024-25,m12_k80_cap0.85-1.20,12.0,80.0,0.85-1.20,4774,1889,FG3A,1.8368818009966157,-0.26741406211895236,1.0006704130310733
season_2024-25,m12_k80_cap0.85-1.20,12.0,80.0,0.85-1.20,4774,1889,OREB,0.9075429191364585,-0.06024435931023573,1.0001785282486417
season_2024-25,m12_k80_cap0.85-1.20,12.0,80.0,0.85-1.20,4774,1889,POOLED,,,0.9999057521283811
season_2024-25,m12_k160_capnone,12.0,160.0,none,4774,1889,PTS,5.691242463544129,-1.1697057282000403,0.9989123291578815
season_2024-25,m12_k160_capnone,12.0,160.0,none,4774,1889,AST,1.6927545132446085,-0.2890695727584194,0.999763293208115
season_2024-25,m12_k160_capnone,12.0,160.0,none,4774,1889,REB,2.0549446240408034,-0.17280994921257967,0.9992909208294758
season_2024-25,m12_k160_capnone,12.0,160.0,none,4774,1889,STL,0.8280412383174809,-0.02673941390340335,0.9995065057742176
season_2024-25,m12_k160_capnone,12.0,160.0,none,4774,1889,BLK,0.5735326101434415,0.01372963500554492,1.0003818876144406
season_2024-25,m12_k160_capnone,12.0,160.0,none,4774,1889,FG3M,1.1262673678486759,-0.10510290674268873,1.000200966007466
season_2024-25,m12_k160_capnone,12.0,160.0,none,4774,1889,TOV,1.0834815226648056,-0.0732627217252943,1.000419488880488
season_2024-25,m12_k160_capnone,12.0,160.0,none,4774,1889,FG3A,1.8361891979481024,-0.27967953986859284,1.0002931065662555
season_2024-25,m12_k160_capnone,12.0,160.0,none,4774,1889,OREB,0.907396823651457,-0.06215824433394713,1.0000175203623023
season_2024-25,m12_k160_capnone,12.0,160.0,none,4774,1889,POOLED,,,0.999865113155627
season_2024-25,m12_k160_cap0.75-1.35,12.0,160.0,0.75-1.35,4774,1889,PTS,5.691242463544129,-1.1697057282000403,0.9989123291578815
season_2024-25,m12_k160_cap0.75-1.35,12.0,160.0,0.75-1.35,4774,1889,AST,1.6927545132446085,-0.2890695727584194,0.999763293208115
season_2024-25,m12_k160_cap0.75-1.35,12.0,160.0,0.75-1.35,4774,1889,REB,2.0549446240408034,-0.17280994921257967,0.9992909208294758
season_2024-25,m12_k160_cap0.75-1.35,12.0,160.0,0.75-1.35,4774,1889,STL,0.8280412383174809,-0.02673941390340335,0.9995065057742176
season_2024-25,m12_k160_cap0.75-1.35,12.0,160.0,0.75-1.35,4774,1889,BLK,0.5735326101434415,0.01372963500554492,1.0003818876144406
season_2024-25,m12_k160_cap0.75-1.35,12.0,160.0,0.75-1.35,4774,1889,FG3M,1.1262673678486759,-0.10510290674268873,1.000200966007466
season_2024-25,m12_k160_cap0.75-1.35,12.0,160.0,0.75-1.35,4774,1889,TOV,1.0834815226648056,-0.0732627217252943,1.000419488880488
season_2024-25,m12_k160_cap0.75-1.35,12.0,160.0,0.75-1.35,4774,1889,FG3A,1.8361891979481024,-0.27967953986859284,1.0002931065662555
season_2024-25,m12_k160_cap0.75-1.35,12.0,160.0,0.75-1.35,4774,1889,OREB,0.907396823651457,-0.06215824433394713,1.0000175203623023
season_2024-25,m12_k160_cap0.75-1.35,12.0,160.0,0.75-1.35,4774,1889,POOLED,,,0.999865113155627
season_2024-25,m12_k160_cap0.85-1.20,12.0,160.0,0.85-1.20,4774,1889,PTS,5.691242463544129,-1.1697057282000403,0.9989123291578815
season_2024-25,m12_k160_cap0.85-1.20,12.0,160.0,0.85-1.20,4774,1889,AST,1.6927545132446085,-0.2890695727584194,0.999763293208115
season_2024-25,m12_k160_cap0.85-1.20,12.0,160.0,0.85-1.20,4774,1889,REB,2.0549446240408034,-0.17280994921257967,0.9992909208294758
season_2024-25,m12_k160_cap0.85-1.20,12.0,160.0,0.85-1.20,4774,1889,STL,0.8280412383174809,-0.02673941390340335,0.9995065057742176
season_2024-25,m12_k160_cap0.85-1.20,12.0,160.0,0.85-1.20,4774,1889,BLK,0.5735326101434415,0.01372963500554492,1.0003818876144406
season_2024-25,m12_k160_cap0.85-1.20,12.0,160.0,0.85-1.20,4774,1889,FG3M,1.1262680708564894,-0.10510220373487539,1.0002015903255579
season_2024-25,m12_k160_cap0.85-1.20,12.0,160.0,0.85-1.20,4774,1889,TOV,1.0834815226648056,-0.0732627217252943,1.000419488880488
season_2024-25,m12_k160_cap0.85-1.20,12.0,160.0,0.85-1.20,4774,1889,FG3A,1.8361890373662104,-0.2796797004504844,1.00029301908673
season_2024-25,m12_k160_cap0.85-1.20,12.0,160.0,0.85-1.20,4774,1889,OREB,0.907396823651457,-0.06215824433394713,1.0000175203623023
season_2024-25,m12_k160_cap0.85-1.20,12.0,160.0,0.85-1.20,4774,1889,POOLED,,,0.9998651728043565
season_2024-25,m12_k320_capnone,12.0,320.0,none,4774,1889,PTS,5.693988345296683,-1.189962870775323,0.9993942793040236
season_2024-25,m12_k320_capnone,12.0,320.0,none,4774,1889,AST,1.6928518422693326,-0.2931665329340884,0.9998207770225261
season_2024-25,m12_k320_capnone,12.0,320.0,none,4774,1889,REB,2.055587542518081,-0.17587667645903607,0.999603563121468
season_2024-25,m12_k320_capnone,12.0,320.0,none,4774,1889,STL,0.8282122721066282,-0.027472494852893232,0.9997129561018695
season_2024-25,m12_k320_capnone,12.0,320.0,none,4774,1889,BLK,0.5734277402248709,0.013508205754983791,1.0001989686918924
season_2024-25,m12_k320_capnone,12.0,320.0,none,4774,1889,FG3M,1.126130125352021,-0.10757191306675702,1.000079085465021
season_2024-25,m12_k320_capnone,12.0,320.0,none,4774,1889,TOV,1.0832582518602234,-0.07450410403773886,1.000213334498037
season_2024-25,m12_k320_capnone,12.0,320.0,none,4774,1889,FG3A,1.8358675913036713,-0.2869435609544272,1.0001179062602032
season_2024-25,m12_k320_capnone,12.0,320.0,none,4774,1889,OREB,0.9073618564640097,-0.06326800531299934,0.9999789839698733
season_2024-25,m12_k320_capnone,12.0,320.0,none,4774,1889,POOLED,,,0.9999022060483238
season_2024-25,m12_k320_cap0.75-1.35,12.0,320.0,0.75-1.35,4774,1889,PTS,5.693988345296683,-1.189962870775323,0.9993942793040236
season_2024-25,m12_k320_cap0.75-1.35,12.0,320.0,0.75-1.35,4774,1889,AST,1.6928518422693326,-0.2931665329340884,0.9998207770225261
season_2024-25,m12_k320_cap0.75-1.35,12.0,320.0,0.75-1.35,4774,1889,REB,2.055587542518081,-0.17587667645903607,0.999603563121468
season_2024-25,m12_k320_cap0.75-1.35,12.0,320.0,0.75-1.35,4774,1889,STL,0.8282122721066282,-0.027472494852893232,0.9997129561018695
season_2024-25,m12_k320_cap0.75-1.35,12.0,320.0,0.75-1.35,4774,1889,BLK,0.5734277402248709,0.013508205754983791,1.0001989686918924
season_2024-25,m12_k320_cap0.75-1.35,12.0,320.0,0.75-1.35,4774,1889,FG3M,1.126130125352021,-0.10757191306675702,1.000079085465021
season_2024-25,m12_k320_cap0.75-1.35,12.0,320.0,0.75-1.35,4774,1889,TOV,1.0832582518602234,-0.07450410403773886,1.000213334498037
season_2024-25,m12_k320_cap0.75-1.35,12.0,320.0,0.75-1.35,4774,1889,FG3A,1.8358675913036713,-0.2869435609544272,1.0001179062602032
season_2024-25,m12_k320_cap0.75-1.35,12.0,320.0,0.75-1.35,4774,1889,OREB,0.9073618564640097,-0.06326800531299934,0.9999789839698733
season_2024-25,m12_k320_cap0.75-1.35,12.0,320.0,0.75-1.35,4774,1889,POOLED,,,0.9999022060483238
season_2024-25,m12_k320_cap0.85-1.20,12.0,320.0,0.85-1.20,4774,1889,PTS,5.693988345296683,-1.189962870775323,0.9993942793040236
season_2024-25,m12_k320_cap0.85-1.20,12.0,320.0,0.85-1.20,4774,1889,AST,1.6928518422693326,-0.2931665329340884,0.9998207770225261
season_2024-25,m12_k320_cap0.85-1.20,12.0,320.0,0.85-1.20,4774,1889,REB,2.055587542518081,-0.17587667645903607,0.999603563121468
season_2024-25,m12_k320_cap0.85-1.20,12.0,320.0,0.85-1.20,4774,1889,STL,0.8282122721066282,-0.027472494852893232,0.9997129561018695
season_2024-25,m12_k320_cap0.85-1.20,12.0,320.0,0.85-1.20,4774,1889,BLK,0.5734277402248709,0.013508205754983791,1.0001989686918924
season_2024-25,m12_k320_cap0.85-1.20,12.0,320.0,0.85-1.20,4774,1889,FG3M,1.126130125352021,-0.10757191306675702,1.000079085465021
season_2024-25,m12_k320_cap0.85-1.20,12.0,320.0,0.85-1.20,4774,1889,TOV,1.0832582518602234,-0.07450410403773886,1.000213334498037
season_2024-25,m12_k320_cap0.85-1.20,12.0,320.0,0.85-1.20,4774,1889,FG3A,1.8358675913036713,-0.2869435609544272,1.0001179062602032
season_2024-25,m12_k320_cap0.85-1.20,12.0,320.0,0.85-1.20,4774,1889,OREB,0.9073618564640097,-0.06326800531299934,0.9999789839698733
season_2024-25,m12_k320_cap0.85-1.20,12.0,320.0,0.85-1.20,4774,1889,POOLED,,,0.9999022060483238
season_2025-26,no_adjustment,,,,5602,0,PTS,5.414778015067763,-0.7343226953858348,1.0000000000000047
season_2025-26,no_adjustment,,,,5602,0,AST,1.6303959143408155,-0.15326546868572735,1.0000000000000004
season_2025-26,no_adjustment,,,,5602,0,REB,2.086105854281106,-0.13618076428500753,1.0000000000000024
season_2025-26,no_adjustment,,,,5602,0,STL,0.827606049618061,-0.0025941287074387294,1.0000000000000029
season_2025-26,no_adjustment,,,,5602,0,BLK,0.5838115893240624,-0.026055627198043285,0.9999999999999983
season_2025-26,no_adjustment,,,,5602,0,FG3M,1.091625766799741,-0.06679882141398355,1.0000000000000029
season_2025-26,no_adjustment,,,,5602,0,TOV,1.0670730832496316,-0.011254735423058555,0.9999999999999952
season_2025-26,no_adjustment,,,,5602,0,FG3A,1.7631897223707873,-0.17568786544036874,1.0000000000000002
season_2025-26,no_adjustment,,,,5602,0,OREB,0.9181840611718421,-0.02059197306028815,1.0000000000000002
season_2025-26,no_adjustment,,,,5602,0,POOLED,,,1.0000000000000009
season_2025-26,m3_k0_capnone,3.0,0.0,none,5602,4877,PTS,5.58805821030463,0.21620770560561664,1.0320013479323997
season_2025-26,m3_k0_capnone,3.0,0.0,none,5602,4877,AST,1.6542305137696518,0.015787726780539267,1.0146189028193642
season_2025-26,m3_k0_capnone,3.0,0.0,none,5602,4877,REB,2.168728824528893,0.07726510616403158,1.0396063172337267
season_2025-26,m3_k0_capnone,3.0,0.0,none,5602,4877,STL,0.8519967679745721,0.007588758955949964,1.0294714113892351
season_2025-26,m3_k0_capnone,3.0,0.0,none,5602,4877,BLK,0.5919766385038701,-0.014246046898688074,1.0139857606959466
season_2025-26,m3_k0_capnone,3.0,0.0,none,5602,4877,FG3M,1.1342212615411942,0.01582718939283546,1.0390202357226608
season_2025-26,m3_k0_capnone,3.0,0.0,none,5602,4877,TOV,1.0985822335972213,0.06768348830853788,1.0295285776037264
season_2025-26,m3_k0_capnone,3.0,0.0,none,5602,4877,FG3A,1.8334434305249092,0.06460041526572848,1.0398446674585076
season_2025-26,m3_k0_capnone,3.0,0.0,none,5602,4877,OREB,0.9496192095131081,0.009928376044559378,1.0342362165393577
season_2025-26,m3_k0_capnone,3.0,0.0,none,5602,4877,POOLED,,,1.030257048599436
season_2025-26,m3_k0_cap0.75-1.35,3.0,0.0,0.75-1.35,5602,4877,PTS,5.565615924962853,0.1824567382197099,1.0278567116648878
season_2025-26,m3_k0_cap0.75-1.35,3.0,0.0,0.75-1.35,5602,4877,AST,1.6446587445725556,0.010470152145953511,1.0087480777560138
season_2025-26,m3_k0_cap0.75-1.35,3.0,0.0,0.75-1.35,5602,4877,REB,2.1588239843639685,0.07132609186350833,1.034858312646808
season_2025-26,m3_k0_cap0.75-1.35,3.0,0.0,0.75-1.35,5602,4877,STL,0.8404219720823499,0.010583399743425807,1.015485535020202
season_2025-26,m3_k0_cap0.75-1.35,3.0,0.0,0.75-1.35,5602,4877,BLK,0.5876999386308206,-0.014599222830319492,1.006660281121276
season_2025-26,m3_k0_cap0.75-1.35,3.0,0.0,0.75-1.35,5602,4877,FG3M,1.1234882487240372,0.01077628793416481,1.0291880998904128
season_2025-26,m3_k0_cap0.75-1.35,3.0,0.0,0.75-1.35,5602,4877,TOV,1.0884620524818887,0.06475497751738317,1.0200445213809672
season_2025-26,m3_k0_cap0.75-1.35,3.0,0.0,0.75-1.35,5602,4877,FG3A,1.8239376716583484,0.060086601881271996,1.0344534388539195
season_2025-26,m3_k0_cap0.75-1.35,3.0,0.0,0.75-1.35,5602,4877,OREB,0.9391490596433134,0.008811191845109393,1.0228331108739948
season_2025-26,m3_k0_cap0.75-1.35,3.0,0.0,0.75-1.35,5602,4877,POOLED,,,1.022236454356498
season_2025-26,m3_k0_cap0.85-1.20,3.0,0.0,0.85-1.20,5602,4877,PTS,5.512175382471534,0.10345816458554208,1.0179873241585835
season_2025-26,m3_k0_cap0.85-1.20,3.0,0.0,0.85-1.20,5602,4877,AST,1.6339785118006023,-0.01016850439033465,1.0021973788257657
season_2025-26,m3_k0_cap0.85-1.20,3.0,0.0,0.85-1.20,5602,4877,REB,2.1403040396766637,0.053954295204812534,1.02598055380763
season_2025-26,m3_k0_cap0.85-1.20,3.0,0.0,0.85-1.20,5602,4877,STL,0.8354435194711224,0.008459066314732554,1.0094700490126682
season_2025-26,m3_k0_cap0.85-1.20,3.0,0.0,0.85-1.20,5602,4877,BLK,0.5863532158993688,-0.015643110367114296,1.004353504832352
season_2025-26,m3_k0_cap0.85-1.20,3.0,0.0,0.85-1.20,5602,4877,FG3M,1.115454305015294,0.0025725449546478447,1.0218284864101486
season_2025-26,m3_k0_cap0.85-1.20,3.0,0.0,0.85-1.20,5602,4877,TOV,1.0798628400011971,0.05714403624017939,1.0119858301669562
season_2025-26,m3_k0_cap0.85-1.20,3.0,0.0,0.85-1.20,5602,4877,FG3A,1.8078775141416186,0.042487957515274746,1.0253448572231605
season_2025-26,m3_k0_cap0.85-1.20,3.0,0.0,0.85-1.20,5602,4877,OREB,0.9320679022620687,0.006626763721386098,1.0151209781103228
season_2025-26,m3_k0_cap0.85-1.20,3.0,0.0,0.85-1.20,5602,4877,POOLED,,,1.0149187736163987
season_2025-26,m3_k3_capnone,3.0,3.0,none,5602,4877,PTS,5.471941075234533,0.033439210094274516,1.0105568612430145
season_2025-26,m3_k3_capnone,3.0,3.0,none,5602,4877,AST,1.6339092535915274,-0.012275099065296858,1.0021548994448584
season_2025-26,m3_k3_capnone,3.0,3.0,none,5602,4877,REB,2.1286452286540483,0.03504671110362439,1.020391762136925
season_2025-26,m3_k3_capnone,3.0,3.0,none,5602,4877,STL,0.8399265300667821,0.004045340426401273,1.014886890271536
season_2025-26,m3_k3_capnone,3.0,3.0,none,5602,4877,BLK,0.5874976047308603,-0.01667410628080368,1.006313707151762
season_2025-26,m3_k3_capnone,3.0,3.0,none,5602,4877,FG3M,1.1179746214052522,0.0002921637507860425,1.024137259678983
season_2025-26,m3_k3_capnone,3.0,3.0,none,5602,4877,TOV,1.0819639907670986,0.05570910353327392,1.0139549087604323
season_2025-26,m3_k3_capnone,3.0,3.0,none,5602,4877,FG3A,1.7997272159529438,0.017201763390101057,1.0207223834840804
season_2025-26,m3_k3_capnone,3.0,3.0,none,5602,4877,OREB,0.9360878700082539,0.005310291293208889,1.0194991501089248
season_2025-26,m3_k3_capnone,3.0,3.0,none,5602,4877,POOLED,,,1.014735313586724
season_2025-26,m3_k3_cap0.75-1.35,3.0,3.0,0.75-1.35,5602,4877,PTS,5.469996674184418,0.02698124475052032,1.0101977696893616
season_2025-26,m3_k3_cap0.75-1.35,3.0,3.0,0.75-1.35,5602,4877,AST,1.6327315302983993,-0.012783023940476479,1.0014325452713913
season_2025-26,m3_k3_cap0.75-1.35,3.0,3.0,0.75-1.35,5602,4877,REB,2.1279788178442036,0.0345624699158253,1.0200723100782114
season_2025-26,m3_k3_cap0.75-1.35,3.0,3.0,0.75-1.35,5602,4877,STL,0.8372083793892952,0.006083338150185248,1.0116025369506034
season_2025-26,m3_k3_cap0.75-1.35,3.0,3.0,0.75-1.35,5602,4877,BLK,0.5870269104291758,-0.016370158322623757,1.0055074636473644
season_2025-26,m3_k3_cap0.75-1.35,3.0,3.0,0.75-1.35,5602,4877,FG3M,1.1161331056722321,-0.0006748018336605912,1.0224503118356587
season_2025-26,m3_k3_cap0.75-1.35,3.0,3.0,0.75-1.35,5602,4877,TOV,1.0804354479338016,0.053538336656553914,1.0125224456449333
season_2025-26,m3_k3_cap0.75-1.35,3.0,3.0,0.75-1.35,5602,4877,FG3A,1.798487455256268,0.0166592059289739,1.0200192483189043
season_2025-26,m3_k3_cap0.75-1.35,3.0,3.0,0.75-1.35,5602,4877,OREB,0.9341023192857193,0.004623286175293316,1.0173366744066124
season_2025-26,m3_k3_cap0.75-1.35,3.0,3.0,0.75-1.35,5602,4877,POOLED,,,1.013460145093671
season_2025-26,m3_k3_cap0.85-1.20,3.0,3.0,0.85-1.20,5602,4877,PTS,5.460163206530355,-0.01088068934287907,1.0083817270692026
season_2025-26,m3_k3_cap0.85-1.20,3.0,3.0,0.85-1.20,5602,4877,AST,1.6295699000471189,-0.022334382123393566,0.9994933658221108
season_2025-26,m3_k3_cap0.85-1.20,3.0,3.0,0.85-1.20,5602,4877,REB,2.122331182174908,0.026445188721727887,1.017365047808799
season_2025-26,m3_k3_cap0.85-1.20,3.0,3.0,0.85-1.20,5602,4877,STL,0.8338246248437775,0.006086048095707462,1.0075139315723813
season_2025-26,m3_k3_cap0.85-1.20,3.0,3.0,0.85-1.20,5602,4877,BLK,0.5862058992495602,-0.016739397392578695,1.004101168886128
season_2025-26,m3_k3_cap0.85-1.20,3.0,3.0,0.85-1.20,5602,4877,FG3M,1.1115706408387052,-0.004788589379152517,1.018270798148562
season_2025-26,m3_k3_cap0.85-1.20,3.0,3.0,0.85-1.20,5602,4877,TOV,1.076764072497474,0.049174761361434116,1.0090818420968175
season_2025-26,m3_k3_cap0.85-1.20,3.0,3.0,0.85-1.20,5602,4877,FG3A,1.7939864991650396,0.010508402312028134,1.0174665133329175
season_2025-26,m3_k3_cap0.85-1.20,3.0,3.0,0.85-1.20,5602,4877,OREB,0.9302707985479528,0.0034403253555792563,1.01316374122274
season_2025-26,m3_k3_cap0.85-1.20,3.0,3.0,0.85-1.20,5602,4877,POOLED,,,1.0105375706621844
season_2025-26,m3_k5_capnone,3.0,5.0,none,5602,4877,PTS,5.439610515898805,-0.046611660991582565,1.0045860607326773
season_2025-26,m3_k5_capnone,3.0,5.0,none,5602,4877,AST,1.6290755276866717,-0.025792292899914287,0.999190143545792
season_2025-26,m3_k5_capnone,3.0,5.0,none,5602,4877,REB,2.116578381237048,0.0162901245224508,1.014607373299591
season_2025-26,m3_k5_capnone,3.0,5.0,none,5602,4877,STL,0.8365679603876132,0.0028008878354242542,1.0108287158771863
season_2025-26,m3_k5_capnone,3.0,5.0,none,5602,4877,BLK,0.5866419808816418,-0.017442137223473392,1.0048481249932968
season_2025-26,m3_k5_capnone,3.0,5.0,none,5602,4877,FG3M,1.1133045200188199,-0.006292635088589562,1.0198591439286344
season_2025-26,m3_k5_capnone,3.0,5.0,none,5602,4877,TOV,1.0775901022216186,0.04985007817870124,1.009855950016051
season_2025-26,m3_k5_capnone,3.0,5.0,none,5602,4877,FG3A,1.7899318855716666,-0.0033200807138218376,1.0151669232536826
season_2025-26,m3_k5_capnone,3.0,5.0,none,5602,4877,OREB,0.9322119991599093,0.0031568892056033546,1.0152779149424178
season_2025-26,m3_k5_capnone,3.0,5.0,none,5602,4877,POOLED,,,1.0104689278432588
season_2025-26,m3_k5_cap0.75-1.35,3.0,5.0,0.75-1.35,5602,4877,PTS,5.4390669232159405,-0.04896099754823979,1.0044856701568583
season_2025-26,m3_k5_cap0.75-1.35,3.0,5.0,0.75-1.35,5602,4877,AST,1.6285333313822556,-0.025834035458791045,0.9988575885512371
season_2025-26,m3_k5_cap0.75-1.35,3.0,5.0,0.75-1.35,5602,4877,REB,2.1164151033127254,0.016353138425416112,1.014529104057411
season_2025-26,m3_k5_cap0.75-1.35,3.0,5.0,0.75-1.35,5602,4877,STL,0.83552783573407,0.004075250668210823,1.0095719287209988
season_2025-26,m3_k5_cap0.75-1.35,3.0,5.0,0.75-1.35,5602,4877,BLK,0.5866299983332678,-0.017008301198501913,1.0048276003093182
season_2025-26,m3_k5_cap0.75-1.35,3.0,5.0,0.75-1.35,5602,4877,FG3M,1.112666469941103,-0.006984085839359558,1.019274648676578
season_2025-26,m3_k5_cap0.75-1.35,3.0,5.0,0.75-1.35,5602,4877,TOV,1.0770004576826568,0.04817029032389963,1.0093033688028075
season_2025-26,m3_k5_cap0.75-1.35,3.0,5.0,0.75-1.35,5602,4877,FG3A,1.7893184383475607,-0.0034768333195148806,1.0148190042428564
season_2025-26,m3_k5_cap0.75-1.35,3.0,5.0,0.75-1.35,5602,4877,OREB,0.9314885915080982,0.002714649449542704,1.0144900471472746
season_2025-26,m3_k5_cap0.75-1.35,3.0,5.0,0.75-1.35,5602,4877,POOLED,,,1.0100176622961488
season_2025-26,m3_k5_cap0.85-1.20,3.0,5.0,0.85-1.20,5602,4877,PTS,5.436617123302667,-0.07247430590630399,1.0040332416535187
season_2025-26,m3_k5_cap0.85-1.20,3.0,5.0,0.85-1.20,5602,4877,AST,1.6270236637198627,-0.030675941166145672,0.9979316369776874
season_2025-26,m3_k5_cap0.85-1.20,3.0,5.0,0.85-1.20,5602,4877,REB,2.113523767312697,0.011327812536965657,1.0131431072758503
season_2025-26,m3_k5_cap0.85-1.20,3.0,5.0,0.85-1.20,5602,4877,STL,0.83317871020381,0.004657332721301185,1.0067334700952502
season_2025-26,m3_k5_cap0.85-1.20,3.0,5.0,0.85-1.20,5602,4877,BLK,0.5861016009357578,-0.01727927896408086,1.00392251824659
season_2025-26,m3_k5_cap0.85-1.20,3.0,5.0,0.85-1.20,5602,4877,FG3M,1.1096400914414002,-0.009134368124913606,1.0165022896944562
season_2025-26,m3_k5_cap0.85-1.20,3.0,5.0,0.85-1.20,5602,4877,TOV,1.075013018053269,0.04511699065786283,1.007440853797429
season_2025-26,m3_k5_cap0.85-1.20,3.0,5.0,0.85-1.20,5602,4877,FG3A,1.7874372487276953,-0.006520566014315377,1.0137520801359396
season_2025-26,m3_k5_cap0.85-1.20,3.0,5.0,0.85-1.20,5602,4877,OREB,0.9291399959179526,0.0015117305516751062,1.0119321770104874
season_2025-26,m3_k5_cap0.85-1.20,3.0,5.0,0.85-1.20,5602,4877,POOLED,,,1.0083768194319123
season_2025-26,m3_k10_capnone,3.0,10.0,none,5602,4877,PTS,5.401689644577959,-0.187840386384013,0.9975828426477765
season_2025-26,m3_k10_capnone,3.0,10.0,none,5602,4877,AST,1.6247699310984434,-0.05052307813481103,0.9965493146830866
season_2025-26,m3_k10_capnone,3.0,10.0,none,5602,4877,REB,2.1016412155436734,-0.016556261764406305,1.0074470627800074
season_2025-26,m3_k10_capnone,3.0,10.0,none,5602,4877,STL,0.8327894533250618,0.0008784597402119087,1.0062631293106126
season_2025-26,m3_k10_capnone,3.0,10.0,none,5602,4877,BLK,0.5856662786564076,-0.01870360469013125,1.0031768628205746
season_2025-26,m3_k10_capnone,3.0,10.0,none,5602,4877,FG3M,1.1062683211644684,-0.017826664829803385,1.0134135294439386
season_2025-26,m3_k10_capnone,3.0,10.0,none,5602,4877,TOV,1.0721093781832818,0.039171852701136,1.0047197282104687
season_2025-26,m3_k10_capnone,3.0,10.0,none,5602,4877,FG3A,1.7769538086121657,-0.03920563802456591,1.0078063557578316
season_2025-26,m3_k10_capnone,3.0,10.0,none,5602,4877,OREB,0.9271716883700867,-0.0009615263788275284,1.0097884809574826
season_2025-26,m3_k10_capnone,3.0,10.0,none,5602,4877,POOLED,,,1.0051941451790865
season_2025-26,m3_k10_cap0.75-1.35,3.0,10.0,0.75-1.35,5602,4877,PTS,5.4016444151902165,-0.1879257707583683,0.9975744896945037
season_2025-26,m3_k10_cap0.75-1.35,3.0,10.0,0.75-1.35,5602,4877,AST,1.6246826404488466,-0.050365291781047476,0.9964957751416604
season_2025-26,m3_k10_cap0.75-1.35,3.0,10.0,0.75-1.35,5602,4877,REB,2.1016133665197323,-0.016507935144638605,1.0074337130145177
season_2025-26,m3_k10_cap0.75-1.35,3.0,10.0,0.75-1.35,5602,4877,STL,0.8327730473302397,0.0012617628340213921,1.0062433058755016
season_2025-26,m3_k10_cap0.75-1.35,3.0,10.0,0.75-1.35,5602,4877,BLK,0.5857798846587571,-0.018456363468680705,1.0033714564265033
season_2025-26,m3_k10_cap0.75-1.35,3.0,10.0,0.75-1.35,5602,4877,FG3M,1.1063083513264889,-0.017939184088121576,1.0134501996685137
season_2025-26,m3_k10_cap0.75-1.35,3.0,10.0,0.75-1.35,5602,4877,TOV,1.0720164448930687,0.03840808953116404,1.0046326364342146
season_2025-26,m3_k10_cap0.75-1.35,3.0,10.0,0.75-1.35,5602,4877,FG3A,1.7766107384829033,-0.039487658093857,1.0076117821819368
season_2025-26,m3_k10_cap0.75-1.35,3.0,10.0,0.75-1.35,5602,4877,OREB,0.9273051428629396,-0.0010363317078644666,1.0099338270797868
season_2025-26,m3_k10_cap0.75-1.35,3.0,10.0,0.75-1.35,5602,4877,POOLED,,,1.0051941317241264
season_2025-26,m3_k10_cap0.85-1.20,3.0,10.0,0.85-1.20,5602,4877,PTS,5.4023960698166995,-0.19572761897288274,0.9977133051038134
season_2025-26,m3_k10_cap0.85-1.20,3.0,10.0,0.85-1.20,5602,4877,AST,1.624296189867645,-0.05167924364750592,0.9962587464679484
season_2025-26,m3_k10_cap0.85-1.20,3.0,10.0,0.85-1.20,5602,4877,REB,2.101071786965715,-0.016910375253344958,1.0071741003237686
season_2025-26,m3_k10_cap0.85-1.20,3.0,10.0,0.85-1.20,5602,4877,STL,0.8320084438004124,0.0021144602336624174,1.0053194320949992
season_2025-26,m3_k10_cap0.85-1.20,3.0,10.0,0.85-1.20,5602,4877,BLK,0.5856266008138293,-0.01839927228295468,1.0031088993828767
season_2025-26,m3_k10_cap0.85-1.20,3.0,10.0,0.85-1.20,5602,4877,FG3M,1.1054355313916686,-0.019115022073249596,1.0126506400013038
season_2025-26,m3_k10_cap0.85-1.20,3.0,10.0,0.85-1.20,5602,4877,TOV,1.0714013679504713,0.03669208812295328,1.0040562214236097
season_2025-26,m3_k10_cap0.85-1.20,3.0,10.0,0.85-1.20,5602,4877,FG3A,1.7764736926595375,-0.04018142943084229,1.0075340561030997
season_2025-26,m3_k10_cap0.85-1.20,3.0,10.0,0.85-1.20,5602,4877,OREB,0.9261995636945396,-0.0019242773265996866,1.0087297338972185
season_2025-26,m3_k10_cap0.85-1.20,3.0,10.0,0.85-1.20,5602,4877,POOLED,,,1.0047272371998488
season_2025-26,m3_k20_capnone,3.0,20.0,none,5602,4877,PTS,5.385691266105505,-0.34482762833726743,0.9946282656682706
season_2025-26,m3_k20_capnone,3.0,20.0,none,5602,4877,AST,1.6227738502545088,-0.07984195988964231,0.9953250225793238
season_2025-26,m3_k20_capnone,3.0,20.0,none,5602,4877,REB,2.0912016767507455,-0.053723898590899606,1.0024427439572094
season_2025-26,m3_k20_capnone,3.0,20.0,none,5602,4877,STL,0.8299286938953713,-0.0006503729527199933,1.0028064612122936
season_2025-26,m3_k20_capnone,3.0,20.0,none,5602,4877,BLK,0.5849852412129184,-0.020166143868406514,1.0020103264654507
season_2025-26,m3_k20_capnone,3.0,20.0,none,5602,4877,FG3M,1.1001783909816747,-0.030947487361455736,1.0078347584328373
season_2025-26,m3_k20_capnone,3.0,20.0,none,5602,4877,TOV,1.0683374578483573,0.026590917254040083,1.0011848997210857
season_2025-26,m3_k20_capnone,3.0,20.0,none,5602,4877,FG3A,1.7675318744897315,-0.07918162622574165,1.002462668687239
season_2025-26,m3_k20_capnone,3.0,20.0,none,5602,4877,OREB,0.9232317225368359,-0.006032234634978786,1.005497439542298
season_2025-26,m3_k20_capnone,3.0,20.0,none,5602,4877,POOLED,,,1.0015769540295565
season_2025-26,m3_k20_cap0.75-1.35,3.0,20.0,0.75-1.35,5602,4877,PTS,5.385691266105505,-0.34482762833726743,0.9946282656682706
season_2025-26,m3_k20_cap0.75-1.35,3.0,20.0,0.75-1.35,5602,4877,AST,1.6227670872187325,-0.07983519685386564,0.9953208744851604
season_2025-26,m3_k20_cap0.75-1.35,3.0,20.0,0.75-1.35,5602,4877,REB,2.0912016767507455,-0.053723898590899606,1.0024427439572094
season_2025-26,m3_k20_cap0.75-1.35,3.0,20.0,0.75-1.35,5602,4877,STL,0.8299278682943279,-0.0006337187730918395,1.0028054636349515
season_2025-26,m3_k20_cap0.75-1.35,3.0,20.0,0.75-1.35,5602,4877,BLK,0.5850294203015185,-0.020192963945216243,1.00208600000364
season_2025-26,m3_k20_cap0.75-1.35,3.0,20.0,0.75-1.35,5602,4877,FG3M,1.1001725598775165,-0.030959471094570118,1.0078294167632509
season_2025-26,m3_k20_cap0.75-1.35,3.0,20.0,0.75-1.35,5602,4877,TOV,1.0683273873588228,0.026506959144894933,1.001175462232977
season_2025-26,m3_k20_cap0.75-1.35,3.0,20.0,0.75-1.35,5602,4877,FG3A,1.7673854477320572,-0.07934214663831551,1.0023796221745376
season_2025-26,m3_k20_cap0.75-1.35,3.0,20.0,0.75-1.35,5602,4877,OREB,0.9232708364397892,-0.005992376906747182,1.0055400387384803
season_2025-26,m3_k20_cap0.75-1.35,3.0,20.0,0.75-1.35,5602,4877,POOLED,,,1.0015786541842753
season_2025-26,m3_k20_cap0.85-1.20,3.0,20.0,0.85-1.20,5602,4877,PTS,5.386001909100852,-0.3455536147013345,0.9946856351475885
season_2025-26,m3_k20_cap0.85-1.20,3.0,20.0,0.85-1.20,5602,4877,AST,1.6225808757350964,-0.07976962846149857,0.9952066620524633
season_2025-26,m3_k20_cap0.85-1.20,3.0,20.0,0.85-1.20,5602,4877,REB,2.091207345313729,-0.05360110692458274,1.0024454612512392
season_2025-26,m3_k20_cap0.85-1.20,3.0,20.0,0.85-1.20,5602,4877,STL,0.829964286407654,-0.00028963629960622505,1.0028494678001492
season_2025-26,m3_k20_cap0.85-1.20,3.0,20.0,0.85-1.20,5602,4877,BLK,0.5851207198478648,-0.01978014199845908,1.002242385296457
season_2025-26,m3_k20_cap0.85-1.20,3.0,20.0,0.85-1.20,5602,4877,FG3M,1.100156186627421,-0.03141450100348192,1.007814417804273
season_2025-26,m3_k20_cap0.85-1.20,3.0,20.0,0.85-1.20,5602,4877,TOV,1.068230624454786,0.025488670893657618,1.001084781561188
season_2025-26,m3_k20_cap0.85-1.20,3.0,20.0,0.85-1.20,5602,4877,FG3A,1.767374202190201,-0.07977520543666912,1.0023732442211537
season_2025-26,m3_k20_cap0.85-1.20,3.0,20.0,0.85-1.20,5602,4877,OREB,0.9231852531643759,-0.00618345322980648,1.0054468294583017
season_2025-26,m3_k20_cap0.85-1.20,3.0,20.0,0.85-1.20,5602,4877,POOLED,,,1.0015720982880905
season_2025-26,m3_k40_capnone,3.0,40.0,none,5602,4877,PTS,5.386336091827468,-0.48696878304108027,0.994747351939244
season_2025-26,m3_k40_capnone,3.0,40.0,none,5602,4877,AST,1.6235985620023923,-0.10700066727638789,0.9958308578434025
season_2025-26,m3_k40_capnone,3.0,40.0,none,5602,4877,REB,2.086728394721464,-0.08514269885769955,1.0002984222680191
season_2025-26,m3_k40_capnone,3.0,40.0,none,5602,4877,STL,0.8282513762405195,-0.0014674618639513586,1.0007797509730127
season_2025-26,m3_k40_capnone,3.0,40.0,none,5602,4877,BLK,0.5844053219608363,-0.02190251477523073,1.0010169935774318
season_2025-26,m3_k40_capnone,3.0,40.0,none,5602,4877,FG3M,1.0962856619403958,-0.04360829522636261,1.0042687661672909
season_2025-26,m3_k40_capnone,3.0,40.0,none,5602,4877,TOV,1.0665663459960841,0.013889355844209316,0.9995251147634524
season_2025-26,m3_k40_capnone,3.0,40.0,none,5602,4877,FG3A,1.7634332453146147,-0.11459711169644998,1.000138114997347
season_2025-26,m3_k40_capnone,3.0,40.0,none,5602,4877,OREB,0.9204578957669965,-0.011082732529033232,1.0024764474698598
season_2025-26,m3_k40_capnone,3.0,40.0,none,5602,4877,POOLED,,,0.9998979799998955
season_2025-26,m3_k40_cap0.75-1.35,3.0,40.0,0.75-1.35,5602,4877,PTS,5.386336091827468,-0.48696878304108027,0.994747351939244
season_2025-26,m3_k40_cap0.75-1.35,3.0,40.0,0.75-1.35,5602,4877,AST,1.6235985620023923,-0.10700066727638789,0.9958308578434025
season_2025-26,m3_k40_cap0.75-1.35,3.0,40.0,0.75-1.35,5602,4877,REB,2.086728394721464,-0.08514269885769955,1.0002984222680191
season_2025-26,m3_k40_cap0.75-1.35,3.0,40.0,0.75-1.35,5602,4877,STL,0.8282513762405195,-0.0014674618639513586,1.0007797509730127
season_2025-26,m3_k40_cap0.75-1.35,3.0,40.0,0.75-1.35,5602,4877,BLK,0.5844031535645438,-0.02192095613112684,1.001013279371801
season_2025-26,m3_k40_cap0.75-1.35,3.0,40.0,0.75-1.35,5602,4877,FG3M,1.0962793406473064,-0.04361461651945207,1.0042629754528523
season_2025-26,m3_k40_cap0.75-1.35,3.0,40.0,0.75-1.35,5602,4877,TOV,1.0665663459960841,0.013889355844209316,0.9995251147634524
season_2025-26,m3_k40_cap0.75-1.35,3.0,40.0,0.75-1.35,5602,4877,FG3A,1.7633923639794524,-0.11464205789766084,1.0001149289869913
season_2025-26,m3_k40_cap0.75-1.35,3.0,40.0,0.75-1.35,5602,4877,OREB,0.9204662059091739,-0.0110731911235074,1.0024854980976465
season_2025-26,m3_k40_cap0.75-1.35,3.0,40.0,0.75-1.35,5602,4877,POOLED,,,0.9998953532996023
season_2025-26,m3_k40_cap0.85-1.20,3.0,40.0,0.85-1.20,5602,4877,PTS,5.386335703340465,-0.48696839455407626,0.9947472801935505
season_2025-26,m3_k40_cap0.85-1.20,3.0,40.0,0.85-1.20,5602,4877,AST,1.623565618642966,-0.10695864943663824,0.9958106521012655
season_2025-26,m3_k40_cap0.85-1.20,3.0,40.0,0.85-1.20,5602,4877,REB,2.086728394721464,-0.08514269885769955,1.0002984222680191
season_2025-26,m3_k40_cap0.85-1.20,3.0,40.0,0.85-1.20,5602,4877,STL,0.8282511688142117,-0.0014743467007861516,1.0007795003389002
season_2025-26,m3_k40_cap0.85-1.20,3.0,40.0,0.85-1.20,5602,4877,BLK,0.5844888701094831,-0.021830680378013112,1.0011601016454708
season_2025-26,m3_k40_cap0.85-1.20,3.0,40.0,0.85-1.20,5602,4877,FG3M,1.0962926346233046,-0.04362450147866322,1.0042751535970502
season_2025-26,m3_k40_cap0.85-1.20,3.0,40.0,0.85-1.20,5602,4877,TOV,1.0665494608846355,0.013727508306121985,0.9995092910005691
season_2025-26,m3_k40_cap0.85-1.20,3.0,40.0,0.85-1.20,5602,4877,FG3A,1.763335009860887,-0.11470319654668513,1.000082400372607
season_2025-26,m3_k40_cap0.85-1.20,3.0,40.0,0.85-1.20,5602,4877,OREB,0.9204847228513381,-0.011066494388814645,1.002505665015095
season_2025-26,m3_k40_cap0.85-1.20,3.0,40.0,0.85-1.20,5602,4877,POOLED,,,0.9999076073925031
season_2025-26,m3_k80_capnone,3.0,80.0,none,5602,4877,PTS,5.3949704755198,-0.5919450624415148,0.9963419479999329
season_2025-26,m3_k80_capnone,3.0,80.0,none,5602,4877,AST,1.6255813287797507,-0.12657709281356283,0.9970469837916572
season_2025-26,m3_k80_capnone,3.0,80.0,none,5602,4877,REB,2.0855641040222874,-0.10697678962826702,0.9997403054798479
season_2025-26,m3_k80_capnone,3.0,80.0,none,5602,4877,STL,0.8276071697088655,-0.0020429147098554516,1.000001353410608
season_2025-26,m3_k80_capnone,3.0,80.0,none,5602,4877,BLK,0.5840381229718693,-0.02365002817045454,1.000388025266967
season_2025-26,m3_k80_capnone,3.0,80.0,none,5602,4877,FG3M,1.0938868290338881,-0.05342715781786068,1.0020712796481333
season_2025-26,m3_k80_capnone,3.0,80.0,none,5602,4877,TOV,1.0659202737429734,0.0033930350134343955,0.9989196527166138
season_2025-26,m3_k80_capnone,3.0,80.0,none,5602,4877,FG3A,1.7622470790490574,-0.14046926915048624,0.9994653761250025
season_2025-26,m3_k80_capnone,3.0,80.0,none,5602,4877,OREB,0.9189329874711666,-0.015195873838117229,1.0008156603136507
season_2025-26,m3_k80_capnone,3.0,80.0,none,5602,4877,POOLED,,,0.9994211760836015
season_2025-26,m3_k80_cap0.75-1.35,3.0,80.0,0.75-1.35,5602,4877,PTS,5.3949704755198,-0.5919450624415148,0.9963419479999329
season_2025-26,m3_k80_cap0.75-1.35,3.0,80.0,0.75-1.35,5602,4877,AST,1.6255813287797507,-0.12657709281356283,0.9970469837916572
season_2025-26,m3_k80_cap0.75-1.35,3.0,80.0,0.75-1.35,5602,4877,REB,2.0855641040222874,-0.10697678962826702,0.9997403054798479
season_2025-26,m3_k80_cap0.75-1.35,3.0,80.0,0.75-1.35,5602,4877,STL,0.8276071697088655,-0.0020429147098554516,1.000001353410608
season_2025-26,m3_k80_cap0.75-1.35,3.0,80.0,0.75-1.35,5602,4877,BLK,0.5840386298320288,-0.023651013879440682,1.0003888934582958
season_2025-26,m3_k80_cap0.75-1.35,3.0,80.0,0.75-1.35,5602,4877,FG3M,1.0938852528008922,-0.05342873405085641,1.0020698357164821
season_2025-26,m3_k80_cap0.75-1.35,3.0,80.0,0.75-1.35,5602,4877,TOV,1.0659202737429734,0.0033930350134343955,0.9989196527166138
season_2025-26,m3_k80_cap0.75-1.35,3.0,80.0,0.75-1.35,5602,4877,FG3A,1.7622451680970714,-0.14047118010247248,0.9994642923210523
season_2025-26,m3_k80_cap0.75-1.35,3.0,80.0,0.75-1.35,5602,4877,OREB,0.9189329874711666,-0.015195873838117229,1.0008156603136507
season_2025-26,m3_k80_cap0.75-1.35,3.0,80.0,0.75-1.35,5602,4877,POOLED,,,0.9994209916897936
season_2025-26,m3_k80_cap0.85-1.20,3.0,80.0,0.85-1.20,5602,4877,PTS,5.3949704755198,-0.5919450624415148,0.9963419479999329
season_2025-26,m3_k80_cap0.85-1.20,3.0,80.0,0.85-1.20,5602,4877,AST,1.6255813287797507,-0.12657709281356283,0.9970469837916572
season_2025-26,m3_k80_cap0.85-1.20,3.0,80.0,0.85-1.20,5602,4877,REB,2.0855641040222874,-0.10697678962826702,0.9997403054798479
season_2025-26,m3_k80_cap0.85-1.20,3.0,80.0,0.85-1.20,5602,4877,STL,0.8276071697088655,-0.0020429147098554516,1.000001353410608
season_2025-26,m3_k80_cap0.85-1.20,3.0,80.0,0.85-1.20,5602,4877,BLK,0.5840421755873365,-0.023651785161706965,1.0003949669165357
season_2025-26,m3_k80_cap0.85-1.20,3.0,80.0,0.85-1.20,5602,4877,FG3M,1.0938838859288478,-0.053430100922900986,1.0020685835730405
season_2025-26,m3_k80_cap0.85-1.20,3.0,80.0,0.85-1.20,5602,4877,TOV,1.0659202737429734,0.0033930350134343955,0.9989196527166138
season_2025-26,m3_k80_cap0.85-1.20,3.0,80.0,0.85-1.20,5602,4877,FG3A,1.7622230526650833,-0.1404950764899708,0.9994517494666405
season_2025-26,m3_k80_cap0.85-1.20,3.0,80.0,0.85-1.20,5602,4877,OREB,0.9189394408977679,-0.015188529924980678,1.0008226887808984
season_2025-26,m3_k80_cap0.85-1.20,3.0,80.0,0.85-1.20,5602,4877,POOLED,,,0.9994209146817528
season_2025-26,m3_k160_capnone,3.0,160.0,none,5602,4877,PTS,5.402704885358743,-0.6569979372260248,0.9977703370894615
season_2025-26,m3_k160_capnone,3.0,160.0,none,5602,4877,AST,1.627467769162636,-0.13873568801077032,0.9982040281428436
season_2025-26,m3_k160_capnone,3.0,160.0,none,5602,4877,REB,2.085435362529718,-0.12038025585513988,0.9996785916927431
season_2025-26,m3_k160_capnone,3.0,160.0,none,5602,4877,STL,0.8274715519215551,-0.002331425993609927,0.9998374858465986
season_2025-26,m3_k160_capnone,3.0,160.0,none,5602,4877,BLK,0.5839013499673322,-0.024790716662313722,1.000153749334392
season_2025-26,m3_k160_capnone,3.0,160.0,none,5602,4877,FG3M,1.0927073575728778,-0.05953683573385058,1.000990807294986
season_2025-26,m3_k160_capnone,3.0,160.0,none,5602,4877,TOV,1.0661203084040336,-0.003311584035521982,0.999107113785776
season_2025-26,m3_k160_capnone,3.0,160.0,none,5602,4877,FG3A,1.762358457214673,-0.1565434377463836,0.999528544690587
season_2025-26,m3_k160_capnone,3.0,160.0,none,5602,4877,OREB,0.9184149316833412,-0.017698247826920976,1.0002514425170967
season_2025-26,m3_k160_capnone,3.0,160.0,none,5602,4877,POOLED,,,0.9995024555993872
season_2025-26,m3_k160_cap0.75-1.35,3.0,160.0,0.75-1.35,5602,4877,PTS,5.402704885358743,-0.6569979372260248,0.9977703370894615
season_2025-26,m3_k160_cap0.75-1.35,3.0,160.0,0.75-1.35,5602,4877,AST,1.627467769162636,-0.13873568801077032,0.9982040281428436
season_2025-26,m3_k160_cap0.75-1.35,3.0,160.0,0.75-1.35,5602,4877,REB,2.085435362529718,-0.12038025585513988,0.9996785916927431
season_2025-26,m3_k160_cap0.75-1.35,3.0,160.0,0.75-1.35,5602,4877,STL,0.8274715519215551,-0.002331425993609927,0.9998374858465986
season_2025-26,m3_k160_cap0.75-1.35,3.0,160.0,0.75-1.35,5602,4877,BLK,0.5839013499673322,-0.024790716662313722,1.000153749334392
season_2025-26,m3_k160_cap0.75-1.35,3.0,160.0,0.75-1.35,5602,4877,FG3M,1.0927073575728778,-0.05953683573385058,1.000990807294986
season_2025-26,m3_k160_cap0.75-1.35,3.0,160.0,0.75-1.35,5602,4877,TOV,1.0661203084040336,-0.003311584035521982,0.999107113785776
season_2025-26,m3_k160_cap0.75-1.35,3.0,160.0,0.75-1.35,5602,4877,FG3A,1.762358457214673,-0.1565434377463836,0.999528544690587
season_2025-26,m3_k160_cap0.75-1.35,3.0,160.0,0.75-1.35,5602,4877,OREB,0.9184149316833412,-0.017698247826920976,1.0002514425170967
season_2025-26,m3_k160_cap0.75-1.35,3.0,160.0,0.75-1.35,5602,4877,POOLED,,,0.9995024555993872
season_2025-26,m3_k160_cap0.85-1.20,3.0,160.0,0.85-1.20,5602,4877,PTS,5.402704885358743,-0.6569979372260248,0.9977703370894615
season_2025-26,m3_k160_cap0.85-1.20,3.0,160.0,0.85-1.20,5602,4877,AST,1.627467769162636,-0.13873568801077032,0.9982040281428436
season_2025-26,m3_k160_cap0.85-1.20,3.0,160.0,0.85-1.20,5602,4877,REB,2.085435362529718,-0.12038025585513988,0.9996785916927431
season_2025-26,m3_k160_cap0.85-1.20,3.0,160.0,0.85-1.20,5602,4877,STL,0.8274715519215551,-0.002331425993609927,0.9998374858465986
season_2025-26,m3_k160_cap0.85-1.20,3.0,160.0,0.85-1.20,5602,4877,BLK,0.5839010104786588,-0.024791405159692755,1.0001531678305648
season_2025-26,m3_k160_cap0.85-1.20,3.0,160.0,0.85-1.20,5602,4877,FG3M,1.0927067571778355,-0.05953743612889309,1.0009902572941884
season_2025-26,m3_k160_cap0.85-1.20,3.0,160.0,0.85-1.20,5602,4877,TOV,1.0661203084040336,-0.003311584035521982,0.999107113785776
season_2025-26,m3_k160_cap0.85-1.20,3.0,160.0,0.85-1.20,5602,4877,FG3A,1.7623577045422376,-0.15654419041881895,0.999528117809449
season_2025-26,m3_k160_cap0.85-1.20,3.0,160.0,0.85-1.20,5602,4877,OREB,0.9184149316833412,-0.017698247826920976,1.0002514425170967
season_2025-26,m3_k160_cap0.85-1.20,3.0,160.0,0.85-1.20,5602,4877,POOLED,,,0.9995022824454135
season_2025-26,m3_k320_capnone,3.0,320.0,none,5602,4877,PTS,5.408085458076498,-0.6938425522777175,0.9987640200627586
season_2025-26,m3_k320_capnone,3.0,320.0,none,5602,4877,AST,1.6287709550004956,-0.1456470169986353,0.9990033345115586
season_2025-26,m3_k320_capnone,3.0,320.0,none,5602,4877,REB,2.0856582532447363,-0.12793081229381933,0.9997854370450826
season_2025-26,m3_k320_capnone,3.0,320.0,none,5602,4877,STL,0.8274773942162572,-0.0024681761132437237,0.9998445451167729
season_2025-26,m3_k320_capnone,3.0,320.0,none,5602,4877,BLK,0.5838456765056527,-0.025410657587969225,1.0000583872985953
season_2025-26,m3_k320_capnone,3.0,320.0,none,5602,4877,FG3M,1.0921660419035415,-0.06299727852016593,1.0004949270347359
season_2025-26,m3_k320_capnone,3.0,320.0,none,5602,4877,TOV,1.0664922822433245,-0.007101732920343065,0.9994557064408902
season_2025-26,m3_k320_capnone,3.0,320.0,none,5602,4877,FG3A,1.7626899078053049,-0.16566059193507696,0.9997165281993533
season_2025-26,m3_k320_capnone,3.0,320.0,none,5602,4877,OREB,0.9182591094549204,-0.019089299629201115,1.0000817355541791
season_2025-26,m3_k320_capnone,3.0,320.0,none,5602,4877,POOLED,,,0.9996894023626584
season_2025-26,m3_k320_cap0.75-1.35,3.0,320.0,0.75-1.35,5602,4877,PTS,5.408085458076498,-0.6938425522777175,0.9987640200627586
season_2025-26,m3_k320_cap0.75-1.35,3.0,320.0,0.75-1.35,5602,4877,AST,1.6287709550004956,-0.1456470169986353,0.9990033345115586
season_2025-26,m3_k320_cap0.75-1.35,3.0,320.0,0.75-1.35,5602,4877,REB,2.0856582532447363,-0.12793081229381933,0.9997854370450826
season_2025-26,m3_k320_cap0.75-1.35,3.0,320.0,0.75-1.35,5602,4877,STL,0.8274773942162572,-0.0024681761132437237,0.9998445451167729
season_2025-26,m3_k320_cap0.75-1.35,3.0,320.0,0.75-1.35,5602,4877,BLK,0.5838456765056527,-0.025410657587969225,1.0000583872985953
season_2025-26,m3_k320_cap0.75-1.35,3.0,320.0,0.75-1.35,5602,4877,FG3M,1.0921660419035415,-0.06299727852016593,1.0004949270347359
season_2025-26,m3_k320_cap0.75-1.35,3.0,320.0,0.75-1.35,5602,4877,TOV,1.0664922822433245,-0.007101732920343065,0.9994557064408902
season_2025-26,m3_k320_cap0.75-1.35,3.0,320.0,0.75-1.35,5602,4877,FG3A,1.7626899078053049,-0.16566059193507696,0.9997165281993533
season_2025-26,m3_k320_cap0.75-1.35,3.0,320.0,0.75-1.35,5602,4877,OREB,0.9182591094549204,-0.019089299629201115,1.0000817355541791
season_2025-26,m3_k320_cap0.75-1.35,3.0,320.0,0.75-1.35,5602,4877,POOLED,,,0.9996894023626584
season_2025-26,m3_k320_cap0.85-1.20,3.0,320.0,0.85-1.20,5602,4877,PTS,5.408085458076498,-0.6938425522777175,0.9987640200627586
season_2025-26,m3_k320_cap0.85-1.20,3.0,320.0,0.85-1.20,5602,4877,AST,1.6287709550004956,-0.1456470169986353,0.9990033345115586
season_2025-26,m3_k320_cap0.85-1.20,3.0,320.0,0.85-1.20,5602,4877,REB,2.0856582532447363,-0.12793081229381933,0.9997854370450826
season_2025-26,m3_k320_cap0.85-1.20,3.0,320.0,0.85-1.20,5602,4877,STL,0.8274773942162572,-0.0024681761132437237,0.9998445451167729
season_2025-26,m3_k320_cap0.85-1.20,3.0,320.0,0.85-1.20,5602,4877,BLK,0.5838456765056527,-0.025410657587969225,1.0000583872985953
season_2025-26,m3_k320_cap0.85-1.20,3.0,320.0,0.85-1.20,5602,4877,FG3M,1.0921660419035415,-0.06299727852016593,1.0004949270347359
season_2025-26,m3_k320_cap0.85-1.20,3.0,320.0,0.85-1.20,5602,4877,TOV,1.0664922822433245,-0.007101732920343065,0.9994557064408902
season_2025-26,m3_k320_cap0.85-1.20,3.0,320.0,0.85-1.20,5602,4877,FG3A,1.7626899078053049,-0.16566059193507696,0.9997165281993533
season_2025-26,m3_k320_cap0.85-1.20,3.0,320.0,0.85-1.20,5602,4877,OREB,0.9182591094549204,-0.019089299629201115,1.0000817355541791
season_2025-26,m3_k320_cap0.85-1.20,3.0,320.0,0.85-1.20,5602,4877,POOLED,,,0.9996894023626584
season_2025-26,m5_k0_capnone,5.0,0.0,none,5602,4376,PTS,5.508450181299248,0.0836381449859234,1.017299354834279
season_2025-26,m5_k0_capnone,5.0,0.0,none,5602,4376,AST,1.6485500916694455,0.002318572954941168,1.011134827540322
season_2025-26,m5_k0_capnone,5.0,0.0,none,5602,4376,REB,2.1462040384915126,0.04658474558726797,1.0288087893944011
season_2025-26,m5_k0_capnone,5.0,0.0,none,5602,4376,STL,0.8441695836416906,0.005920485726557575,1.0200137904154714
season_2025-26,m5_k0_capnone,5.0,0.0,none,5602,4376,BLK,0.5894709210509301,-0.014125044211701951,1.0096937639306185
season_2025-26,m5_k0_capnone,5.0,0.0,none,5602,4376,FG3M,1.1239342844589881,0.003838157269197501,1.0295966975513662
season_2025-26,m5_k0_capnone,5.0,0.0,none,5602,4376,TOV,1.0896598926034757,0.06195485284747142,1.0211670687869416
season_2025-26,m5_k0_capnone,5.0,0.0,none,5602,4376,FG3A,1.8093396113691291,0.026200401513996392,1.0261740914280562
season_2025-26,m5_k0_capnone,5.0,0.0,none,5602,4376,OREB,0.9415844232313886,0.007849525072218295,1.025485480579658
season_2025-26,m5_k0_capnone,5.0,0.0,none,5602,4376,POOLED,,,1.0210415404956794
season_2025-26,m5_k0_cap0.75-1.35,5.0,0.0,0.75-1.35,5602,4376,PTS,5.502704175544458,0.06426505163504424,1.0162381837689463
season_2025-26,m5_k0_cap0.75-1.35,5.0,0.0,0.75-1.35,5602,4376,AST,1.6437507100449715,-0.0024732415118391077,1.0081911366353957
season_2025-26,m5_k0_cap0.75-1.35,5.0,0.0,0.75-1.35,5602,4376,REB,2.1412784788215977,0.04363138341585848,1.026447662963637
season_2025-26,m5_k0_cap0.75-1.35,5.0,0.0,0.75-1.35,5602,4376,STL,0.8379307263184824,0.008310741838956102,1.0124753518962175
season_2025-26,m5_k0_cap0.75-1.35,5.0,0.0,0.75-1.35,5602,4376,BLK,0.5869710119602543,-0.014462574053290184,1.0054117162008531
season_2025-26,m5_k0_cap0.75-1.35,5.0,0.0,0.75-1.35,5602,4376,FG3M,1.1191272381835422,0.001409320538289482,1.0251931314010925
season_2025-26,m5_k0_cap0.75-1.35,5.0,0.0,0.75-1.35,5602,4376,TOV,1.083703452430088,0.05922492231802384,1.0155850329668195
season_2025-26,m5_k0_cap0.75-1.35,5.0,0.0,0.75-1.35,5602,4376,FG3A,1.8067147065916005,0.024387120751558022,1.0246853663383937
season_2025-26,m5_k0_cap0.75-1.35,5.0,0.0,0.75-1.35,5602,4376,OREB,0.9362465885749008,0.006711730101101736,1.0196720114919076
season_2025-26,m5_k0_cap0.75-1.35,5.0,0.0,0.75-1.35,5602,4376,POOLED,,,1.0170999548514736
season_2025-26,m5_k0_cap0.85-1.20,5.0,0.0,0.85-1.20,5602,4376,PTS,5.476206008868254,-0.002530190967468225,1.0113445082383026
season_2025-26,m5_k0_cap0.85-1.20,5.0,0.0,0.85-1.20,5602,4376,AST,1.634311863820569,-0.023704683866209088,1.0024018396055274
season_2025-26,m5_k0_cap0.85-1.20,5.0,0.0,0.85-1.20,5602,4376,REB,2.1284152053880123,0.03083870430217788,1.0202814977102355
season_2025-26,m5_k0_cap0.85-1.20,5.0,0.0,0.85-1.20,5602,4376,STL,0.8336690073782783,0.006281887835703401,1.0073258983099722
season_2025-26,m5_k0_cap0.85-1.20,5.0,0.0,0.85-1.20,5602,4376,BLK,0.5857169473794261,-0.01582810016468192,1.0032636523327136
season_2025-26,m5_k0_cap0.85-1.20,5.0,0.0,0.85-1.20,5602,4376,FG3M,1.1132258505360586,-0.00542720030058659,1.0197870775802997
season_2025-26,m5_k0_cap0.85-1.20,5.0,0.0,0.85-1.20,5602,4376,TOV,1.0773124762884139,0.05162848372944791,1.0095957748344606
season_2025-26,m5_k0_cap0.85-1.20,5.0,0.0,0.85-1.20,5602,4376,FG3A,1.7980130271670802,0.01075282764831836,1.0197501745583395
season_2025-26,m5_k0_cap0.85-1.20,5.0,0.0,0.85-1.20,5602,4376,OREB,0.9302341539906569,0.0044050442309678675,1.0131238314063478
season_2025-26,m5_k0_cap0.85-1.20,5.0,0.0,0.85-1.20,5602,4376,POOLED,,,1.0118749171751331
season_2025-26,m5_k3_capnone,5.0,3.0,none,5602,4376,PTS,5.446776590215714,-0.05249481192367962,1.0059094897443503
season_2025-26,m5_k3_capnone,5.0,3.0,none,5602,4376,AST,1.6344863948523218,-0.023514812070671225,1.0025088878569477
season_2025-26,m5_k3_capnone,5.0,3.0,none,5602,4376,REB,2.1217521518722915,0.015584714813117607,1.0170874826500471
season_2025-26,m5_k3_capnone,5.0,3.0,none,5602,4376,STL,0.837204500631208,0.003566094348452052,1.0115978502302867
season_2025-26,m5_k3_capnone,5.0,3.0,none,5602,4376,BLK,0.5869808679168598,-0.016205875032596708,1.0054285982853917
season_2025-26,m5_k3_capnone,5.0,3.0,none,5602,4376,FG3M,1.1143091056493253,-0.007301770135195211,1.020779409518783
season_2025-26,m5_k3_capnone,5.0,3.0,none,5602,4376,TOV,1.079483099166985,0.05130453439199491,1.0116299587274333
season_2025-26,m5_k3_capnone,5.0,3.0,none,5602,4376,FG3A,1.7913757697746069,-0.007107582912718739,1.0159858278699134
season_2025-26,m5_k3_capnone,5.0,3.0,none,5602,4376,OREB,0.9334626301426165,0.0037481519050427386,1.016639984962574
season_2025-26,m5_k3_capnone,5.0,3.0,none,5602,4376,POOLED,,,1.0119519433161919
season_2025-26,m5_k3_cap0.75-1.35,5.0,3.0,0.75-1.35,5602,4376,PTS,5.446320378621579,-0.057792635003396854,1.005825236688571
season_2025-26,m5_k3_cap0.75-1.35,5.0,3.0,0.75-1.35,5602,4376,AST,1.6341135091993164,-0.02398111381616288,1.0022801792042055
season_2025-26,m5_k3_cap0.75-1.35,5.0,3.0,0.75-1.35,5602,4376,REB,2.121258846263339,0.01568483809155099,1.016851010657056
season_2025-26,m5_k3_cap0.75-1.35,5.0,3.0,0.75-1.35,5602,4376,STL,0.8355834311821004,0.005457937552080436,1.0096391049433766
season_2025-26,m5_k3_cap0.75-1.35,5.0,3.0,0.75-1.35,5602,4376,BLK,0.5865548289373889,-0.015937080761592493,1.004698844050872
season_2025-26,m5_k3_cap0.75-1.35,5.0,3.0,0.75-1.35,5602,4376,FG3M,1.1132975869410109,-0.008142604225103262,1.0198527927797152
season_2025-26,m5_k3_cap0.75-1.35,5.0,3.0,0.75-1.35,5602,4376,TOV,1.0781054751433978,0.04927022144465701,1.0103389281080575
season_2025-26,m5_k3_cap0.75-1.35,5.0,3.0,0.75-1.35,5602,4376,FG3A,1.7906601140873188,-0.007411490501526597,1.0155799409263768
season_2025-26,m5_k3_cap0.75-1.35,5.0,3.0,0.75-1.35,5602,4376,OREB,0.932167002474594,0.0030747023041458586,1.0152289087711959
season_2025-26,m5_k3_cap0.75-1.35,5.0,3.0,0.75-1.35,5602,4376,POOLED,,,1.0111438829032695
season_2025-26,m5_k3_cap0.85-1.20,5.0,3.0,0.85-1.20,5602,4376,PTS,5.441339311589903,-0.0914188735129736,1.0049053343365606
season_2025-26,m5_k3_cap0.85-1.20,5.0,3.0,0.85-1.20,5602,4376,AST,1.6309285279489705,-0.03386552952457575,1.0003266774673996
season_2025-26,m5_k3_cap0.85-1.20,5.0,3.0,0.85-1.20,5602,4376,REB,2.116229679251099,0.00836747184023697,1.0144402187972281
season_2025-26,m5_k3_cap0.85-1.20,5.0,3.0,0.85-1.20,5602,4376,STL,0.8327635339663936,0.004668977716682191,1.0062318108364663
season_2025-26,m5_k3_cap0.85-1.20,5.0,3.0,0.85-1.20,5602,4376,BLK,0.5856782927664991,-0.01668269931846534,1.0031974415660314
season_2025-26,m5_k3_cap0.85-1.20,5.0,3.0,0.85-1.20,5602,4376,FG3M,1.1098482500728375,-0.011871466736100325,1.0166929765010233
season_2025-26,m5_k3_cap0.85-1.20,5.0,3.0,0.85-1.20,5602,4376,TOV,1.0750437190872175,0.045141310674291474,1.0074696250544595
season_2025-26,m5_k3_cap0.85-1.20,5.0,3.0,0.85-1.20,5602,4376,FG3A,1.787762428182017,-0.012452988359806556,1.0139365069450323
season_2025-26,m5_k3_cap0.85-1.20,5.0,3.0,0.85-1.20,5602,4376,OREB,0.9285099418075554,0.0015713905086544144,1.011245981140791
season_2025-26,m5_k3_cap0.85-1.20,5.0,3.0,0.85-1.20,5602,4376,POOLED,,,1.0087162858494436
season_2025-26,m5_k5_capnone,5.0,5.0,none,5602,4376,PTS,5.427055984374403,-0.11758318868164086,1.0022674926418957
season_2025-26,m5_k5_capnone,5.0,5.0,none,5602,4376,AST,1.630661438211802,-0.03593640081380773,1.0001628585232898
season_2025-26,m5_k5_capnone,5.0,5.0,none,5602,4376,REB,2.1130071208081445,0.0004989141523098515,1.0128954465430584
season_2025-26,m5_k5_capnone,5.0,5.0,none,5602,4376,STL,0.834921318193956,0.002513889931444635,1.0088390709314816
season_2025-26,m5_k5_capnone,5.0,5.0,none,5602,4376,BLK,0.5863352385251055,-0.017085321428752038,1.0043227117227391
season_2025-26,m5_k5_capnone,5.0,5.0,none,5602,4376,FG3M,1.1105831958698473,-0.012794502260014304,1.0173662345161436
season_2025-26,m5_k5_capnone,5.0,5.0,none,5602,4376,TOV,1.0762130805369279,0.046005808493479086,1.0085654838743159
season_2025-26,m5_k5_capnone,5.0,5.0,none,5602,4376,FG3A,1.7843725913260966,-0.023258552751142077,1.0120139476124141
season_2025-26,m5_k5_capnone,5.0,5.0,none,5602,4376,OREB,0.9304659299701651,0.0018333056097113128,1.0133762600743126
season_2025-26,m5_k5_capnone,5.0,5.0,none,5602,4376,POOLED,,,1.008867722937739
season_2025-26,m5_k5_cap0.75-1.35,5.0,5.0,0.75-1.35,5602,4376,PTS,5.426870534820427,-0.11986195900732285,1.002233243859497
season_2025-26,m5_k5_cap0.75-1.35,5.0,5.0,0.75-1.35,5602,4376,AST,1.6304767754754965,-0.03578024957666578,1.000049596011601
season_2025-26,m5_k5_cap0.75-1.35,5.0,5.0,0.75-1.35,5602,4376,REB,2.112902440416177,0.000759808544019381,1.0128452667347074
season_2025-26,m5_k5_cap0.75-1.35,5.0,5.0,0.75-1.35,5602,4376,STL,0.8342397987085298,0.00379707856273268,1.0080155879642647
season_2025-26,m5_k5_cap0.75-1.35,5.0,5.0,0.75-1.35,5602,4376,BLK,0.5863124211028575,-0.01662001890156738,1.0042836281850616
season_2025-26,m5_k5_cap0.75-1.35,5.0,5.0,0.75-1.35,5602,4376,FG3M,1.1102242934408943,-0.013307710475993753,1.0170374566145326
season_2025-26,m5_k5_cap0.75-1.35,5.0,5.0,0.75-1.35,5602,4376,TOV,1.0755443565261507,0.044475447149789425,1.007938793892838
season_2025-26,m5_k5_cap0.75-1.35,5.0,5.0,0.75-1.35,5602,4376,FG3A,1.7838573386239223,-0.023438203040529335,1.0117217200116988
season_2025-26,m5_k5_cap0.75-1.35,5.0,5.0,0.75-1.35,5602,4376,OREB,0.9300046031925765,0.0014424207637884943,1.012873826197384
season_2025-26,m5_k5_cap0.75-1.35,5.0,5.0,0.75-1.35,5602,4376,POOLED,,,1.008555457719065
season_2025-26,m5_k5_cap0.85-1.20,5.0,5.0,0.85-1.20,5602,4376,PTS,5.426511007793693,-0.1418134870562026,1.0021668464881304
season_2025-26,m5_k5_cap0.85-1.20,5.0,5.0,0.85-1.20,5602,4376,AST,1.6291953631348566,-0.041153440256821924,0.99926364437288
season_2025-26,m5_k5_cap0.85-1.20,5.0,5.0,0.85-1.20,5602,4376,REB,2.1100845490295193,-0.0038359704187975402,1.0114944765143192
season_2025-26,m5_k5_cap0.85-1.20,5.0,5.0,0.85-1.20,5602,4376,STL,0.8323586831576932,0.0036978633358805088,1.0057426278382426
season_2025-26,m5_k5_cap0.85-1.20,5.0,5.0,0.85-1.20,5602,4376,BLK,0.5856686726118774,-0.0171801962242074,1.00318096338232
season_2025-26,m5_k5_cap0.85-1.20,5.0,5.0,0.85-1.20,5602,4376,FG3M,1.1079896915578251,-0.015595208058295819,1.0149904163640808
season_2025-26,m5_k5_cap0.85-1.20,5.0,5.0,0.85-1.20,5602,4376,TOV,1.073869262679286,0.04157625773153449,1.0063689915305074
season_2025-26,m5_k5_cap0.85-1.20,5.0,5.0,0.85-1.20,5602,4376,FG3A,1.782533008621444,-0.02579172012945907,1.0109706210314384
season_2025-26,m5_k5_cap0.85-1.20,5.0,5.0,0.85-1.20,5602,4376,OREB,0.9275437252801267,-6.338642473775935e-05,1.0101936686815707
season_2025-26,m5_k5_cap0.85-1.20,5.0,5.0,0.85-1.20,5602,4376,POOLED,,,1.007152472911499
season_2025-26,m5_k10_capnone,5.0,10.0,none,5602,4376,PTS,5.400932673176549,-0.23712455142973318,0.9974430453376553
season_2025-26,m5_k10_capnone,5.0,10.0,none,5602,4376,AST,1.6263737765458408,-0.05854754805851594,0.9975330300084809
season_2025-26,m5_k10_capnone,5.0,10.0,none,5602,4376,REB,2.101343229699447,-0.027615995614833085,1.0073042196718232
season_2025-26,m5_k10_capnone,5.0,10.0,none,5602,4376,STL,0.832114676347582,0.0006825749773528047,1.00544779334516
season_2025-26,m5_k10_capnone,5.0,10.0,none,5602,4376,BLK,0.585557679734474,-0.018568989594041165,1.0029908457494519
season_2025-26,m5_k10_capnone,5.0,10.0,none,5602,4376,FG3M,1.1048567116450057,-0.022695359523562178,1.012120403573888
season_2025-26,m5_k10_capnone,5.0,10.0,none,5602,4376,TOV,1.0717702151894246,0.036326695728542566,1.0044018840073103
season_2025-26,m5_k10_capnone,5.0,10.0,none,5602,4376,FG3A,1.7747357445151537,-0.05262301953204326,1.0065483719635353
season_2025-26,m5_k10_capnone,5.0,10.0,none,5602,4376,OREB,0.9264028942142782,-0.0020265448095360935,1.008951182437154
season_2025-26,m5_k10_capnone,5.0,10.0,none,5602,4376,POOLED,,,1.0047489751216065
season_2025-26,m5_k10_cap0.75-1.35,5.0,10.0,0.75-1.35,5602,4376,PTS,5.400875375117198,-0.23719786713247978,0.9974324635447929
season_2025-26,m5_k10_cap0.75-1.35,5.0,10.0,0.75-1.35,5602,4376,AST,1.6263572925354137,-0.058289636403632314,0.9975229195743943
season_2025-26,m5_k10_cap0.75-1.35,5.0,10.0,0.75-1.35,5602,4376,REB,2.1013206268428233,-0.027569034858956704,1.0072933847199068
season_2025-26,m5_k10_cap0.75-1.35,5.0,10.0,0.75-1.35,5602,4376,STL,0.8320846175561342,0.0010951993789648797,1.0054114731763288
season_2025-26,m5_k10_cap0.75-1.35,5.0,10.0,0.75-1.35,5602,4376,BLK,0.5857702830408111,-0.01811816617682743,1.0033550099939186
season_2025-26,m5_k10_cap0.75-1.35,5.0,10.0,0.75-1.35,5602,4376,FG3M,1.10492231555474,-0.022779823081985298,1.0121805010099596
season_2025-26,m5_k10_cap0.75-1.35,5.0,10.0,0.75-1.35,5602,4376,TOV,1.071543198631494,0.03561240895502346,1.004189137044151
season_2025-26,m5_k10_cap0.75-1.35,5.0,10.0,0.75-1.35,5602,4376,FG3A,1.7744237151064206,-0.05284374418264836,1.0063714032546245
season_2025-26,m5_k10_cap0.75-1.35,5.0,10.0,0.75-1.35,5602,4376,OREB,0.9265455645169148,-0.0020340506652229097,1.0091065655554958
season_2025-26,m5_k10_cap0.75-1.35,5.0,10.0,0.75-1.35,5602,4376,POOLED,,,1.0047625397637303
season_2025-26,m5_k10_cap0.85-1.20,5.0,10.0,0.85-1.20,5602,4376,PTS,5.402197375129354,-0.24492014115163105,0.9976766102131287
season_2025-26,m5_k10_cap0.85-1.20,5.0,10.0,0.85-1.20,5602,4376,AST,1.626379048735437,-0.059653020726003717,0.9975362636951884
season_2025-26,m5_k10_cap0.85-1.20,5.0,10.0,0.85-1.20,5602,4376,REB,2.100752344155673,-0.02780302962410723,1.0070209715602465
season_2025-26,m5_k10_cap0.85-1.20,5.0,10.0,0.85-1.20,5602,4376,STL,0.8313410692622324,0.0017658160353440017,1.004513040529244
season_2025-26,m5_k10_cap0.85-1.20,5.0,10.0,0.85-1.20,5602,4376,BLK,0.5854952260762737,-0.01827673917692176,1.0028838700412912
season_2025-26,m5_k10_cap0.85-1.20,5.0,10.0,0.85-1.20,5602,4376,FG3M,1.1042962020648432,-0.02380337375668159,1.0116069404464962
season_2025-26,m5_k10_cap0.85-1.20,5.0,10.0,0.85-1.20,5602,4376,TOV,1.0709939561494293,0.033902245767527636,1.0036744183330462
season_2025-26,m5_k10_cap0.85-1.20,5.0,10.0,0.85-1.20,5602,4376,FG3A,1.77431710733342,-0.05344568612949687,1.0063109402360122
season_2025-26,m5_k10_cap0.85-1.20,5.0,10.0,0.85-1.20,5602,4376,OREB,0.9255003722012393,-0.003045296206268608,1.007968240071669
season_2025-26,m5_k10_cap0.85-1.20,5.0,10.0,0.85-1.20,5602,4376,POOLED,,,1.004354588347369
season_2025-26,m5_k20_capnone,5.0,20.0,none,5602,4376,PTS,5.388477882314455,-0.3748475858084368,0.9951428973302142
season_2025-26,m5_k20_capnone,5.0,20.0,none,5602,4376,AST,1.624708570952555,-0.08523675874939697,0.9965116795630837
season_2025-26,m5_k20_capnone,5.0,20.0,none,5602,4376,REB,2.09201114993176,-0.0602308872437528,1.0028307746888971
season_2025-26,m5_k20_capnone,5.0,20.0,none,5602,4376,STL,0.8296108174471711,-0.0007735290087997106,1.0024223697132684
season_2025-26,m5_k20_capnone,5.0,20.0,none,5602,4376,BLK,0.5849319704275444,-0.020141751243313067,1.0019190799291569
season_2025-26,m5_k20_capnone,5.0,20.0,none,5602,4376,FG3M,1.099610315129718,-0.03399955239327392,1.00731436410977
season_2025-26,m5_k20_capnone,5.0,20.0,none,5602,4376,TOV,1.0684083493528487,0.024610546941254068,1.0012513351935985
season_2025-26,m5_k20_capnone,5.0,20.0,none,5602,4376,FG3A,1.766997529177223,-0.08699321214270637,1.0021596126373264
season_2025-26,m5_k20_capnone,5.0,20.0,none,5602,4376,OREB,0.922975352972172,-0.006875486612356424,1.0052182258470215
season_2025-26,m5_k20_capnone,5.0,20.0,none,5602,4376,POOLED,,,1.0016411487791486
season_2025-26,m5_k20_cap0.75-1.35,5.0,20.0,0.75-1.35,5602,4376,PTS,5.388477882314455,-0.3748475858084368,0.9951428973302142
season_2025-26,m5_k20_cap0.75-1.35,5.0,20.0,0.75-1.35,5602,4376,AST,1.6247018079167783,-0.08522999571362032,0.9965075314689201
season_2025-26,m5_k20_cap0.75-1.35,5.0,20.0,0.75-1.35,5602,4376,REB,2.09201114993176,-0.0602308872437528,1.0028307746888971
season_2025-26,m5_k20_cap0.75-1.35,5.0,20.0,0.75-1.35,5602,4376,STL,0.8296094486803222,-0.0007563316633659266,1.0024207158263139
season_2025-26,m5_k20_cap0.75-1.35,5.0,20.0,0.75-1.35,5602,4376,BLK,0.5850144137479282,-0.02011479677014211,1.0020602955574374
season_2025-26,m5_k20_cap0.75-1.35,5.0,20.0,0.75-1.35,5602,4376,FG3M,1.0996126079808313,-0.034003412171116895,1.007316464510093
season_2025-26,m5_k20_cap0.75-1.35,5.0,20.0,0.75-1.35,5602,4376,TOV,1.0683897743925885,0.02452626990102816,1.001233927800842
season_2025-26,m5_k20_cap0.75-1.35,5.0,20.0,0.75-1.35,5602,4376,FG3A,1.7668719203966783,-0.08713291457815016,1.0020883731224002
season_2025-26,m5_k20_cap0.75-1.35,5.0,20.0,0.75-1.35,5602,4376,OREB,0.9230140532612758,-0.006842201758133652,1.005260374573775
season_2025-26,m5_k20_cap0.75-1.35,5.0,20.0,0.75-1.35,5602,4376,POOLED,,,1.0016512616532103
season_2025-26,m5_k20_cap0.85-1.20,5.0,20.0,0.85-1.20,5602,4376,PTS,5.3887702909534525,-0.3756080198837925,0.9951968992926554
season_2025-26,m5_k20_cap0.85-1.20,5.0,20.0,0.85-1.20,5602,4376,AST,1.6246098432280325,-0.08509885793042912,0.99645112511514
season_2025-26,m5_k20_cap0.85-1.20,5.0,20.0,0.85-1.20,5602,4376,REB,2.09202214191015,-0.06010705669353062,1.002836043826303
season_2025-26,m5_k20_cap0.85-1.20,5.0,20.0,0.85-1.20,5602,4376,STL,0.8296106002038609,-0.00042887224956475873,1.002422107217229
season_2025-26,m5_k20_cap0.85-1.20,5.0,20.0,0.85-1.20,5602,4376,BLK,0.5851713609686455,-0.019576332494754056,1.0023291275292368
season_2025-26,m5_k20_cap0.85-1.20,5.0,20.0,0.85-1.20,5602,4376,FG3M,1.0996277553964235,-0.03443838903267727,1.0073303405251641
season_2025-26,m5_k20_cap0.85-1.20,5.0,20.0,0.85-1.20,5602,4376,TOV,1.0682378455771546,0.023562274805284517,1.0010915487849912
season_2025-26,m5_k20_cap0.85-1.20,5.0,20.0,0.85-1.20,5602,4376,FG3A,1.766869118664344,-0.08751612410774648,1.0020867841088648
season_2025-26,m5_k20_cap0.85-1.20,5.0,20.0,0.85-1.20,5602,4376,OREB,0.9229436355064989,-0.007036271357254641,1.0051836821569113
season_2025-26,m5_k20_cap0.85-1.20,5.0,20.0,0.85-1.20,5602,4376,POOLED,,,1.0016586287284994
season_2025-26,m5_k40_capnone,5.0,40.0,none,5602,4376,PTS,5.388986903261347,-0.5036383256212726,0.9952369032055197
season_2025-26,m5_k40_capnone,5.0,40.0,none,5602,4376,AST,1.6250302303774276,-0.1098689102875174,0.9967089687135553
season_2025-26,m5_k40_capnone,5.0,40.0,none,5602,4376,REB,2.087545679386019,-0.08861874291471365,1.0006901975285496
season_2025-26,m5_k40_capnone,5.0,40.0,none,5602,4376,STL,0.8281588835548134,-0.0016176481720206815,1.0006679916573953
season_2025-26,m5_k40_capnone,5.0,40.0,none,5602,4376,BLK,0.5843860945353774,-0.02192952126984708,1.0009840592784036
season_2025-26,m5_k40_capnone,5.0,40.0,none,5602,4376,FG3M,1.0960790073461901,-0.04531519102851085,1.0040794571563727
season_2025-26,m5_k40_capnone,5.0,40.0,none,5602,4376,TOV,1.0667374547863497,0.012644868076077887,0.9996854681571905
season_2025-26,m5_k40_capnone,5.0,40.0,none,5602,4376,FG3A,1.7633179052225774,-0.11890755981985277,1.0000726994095779
season_2025-26,m5_k40_capnone,5.0,40.0,none,5602,4376,OREB,0.9204116324541214,-0.011692954534635246,1.0024260618066452
season_2025-26,m5_k40_capnone,5.0,40.0,none,5602,4376,POOLED,,,1.0000613118792454
season_2025-26,m5_k40_cap0.75-1.35,5.0,40.0,0.75-1.35,5602,4376,PTS,5.388986903261347,-0.5036383256212726,0.9952369032055197
season_2025-26,m5_k40_cap0.75-1.35,5.0,40.0,0.75-1.35,5602,4376,AST,1.6250302303774276,-0.1098689102875174,0.9967089687135553
season_2025-26,m5_k40_cap0.75-1.35,5.0,40.0,0.75-1.35,5602,4376,REB,2.087545679386019,-0.08861874291471365,1.0006901975285496
season_2025-26,m5_k40_cap0.75-1.35,5.0,40.0,0.75-1.35,5602,4376,STL,0.8281588835548134,-0.0016176481720206815,1.0006679916573953
season_2025-26,m5_k40_cap0.75-1.35,5.0,40.0,0.75-1.35,5602,4376,BLK,0.5843860432021708,-0.021943629555720396,1.00098397135071
season_2025-26,m5_k40_cap0.75-1.35,5.0,40.0,0.75-1.35,5602,4376,FG3M,1.0960745270177172,-0.045319671356983414,1.0040753528849191
season_2025-26,m5_k40_cap0.75-1.35,5.0,40.0,0.75-1.35,5602,4376,TOV,1.0667374547863497,0.012644868076077887,0.9996854681571905
season_2025-26,m5_k40_cap0.75-1.35,5.0,40.0,0.75-1.35,5602,4376,FG3A,1.7632822989896126,-0.11894723091886586,1.0000525051942233
season_2025-26,m5_k40_cap0.75-1.35,5.0,40.0,0.75-1.35,5602,4376,OREB,0.9204197863449445,-0.011683569380463724,1.0024349422601053
season_2025-26,m5_k40_cap0.75-1.35,5.0,40.0,0.75-1.35,5602,4376,POOLED,,,1.0000595889946855
season_2025-26,m5_k40_cap0.85-1.20,5.0,40.0,0.85-1.20,5602,4376,PTS,5.388986514774343,-0.5036379371342686,0.9952368314598262
season_2025-26,m5_k40_cap0.85-1.20,5.0,40.0,0.85-1.20,5602,4376,AST,1.624997287018001,-0.10982689244776775,0.9966887629714181
season_2025-26,m5_k40_cap0.85-1.20,5.0,40.0,0.85-1.20,5602,4376,REB,2.087545679386019,-0.08861874291471365,1.0006901975285496
season_2025-26,m5_k40_cap0.85-1.20,5.0,40.0,0.85-1.20,5602,4376,STL,0.8281587718816797,-0.0016250190498987716,1.0006678567222609
season_2025-26,m5_k40_cap0.85-1.20,5.0,40.0,0.85-1.20,5602,4376,BLK,0.5844779175191782,-0.021839631361871763,1.0011413411574894
season_2025-26,m5_k40_cap0.85-1.20,5.0,40.0,0.85-1.20,5602,4376,FG3M,1.096091186396691,-0.04532619091321928,1.0040906139565062
season_2025-26,m5_k40_cap0.85-1.20,5.0,40.0,0.85-1.20,5602,4376,TOV,1.0667206285836388,0.01248292002958464,0.9996696996002143
season_2025-26,m5_k40_cap0.85-1.20,5.0,40.0,0.85-1.20,5602,4376,FG3A,1.763232684035186,-0.11900063040375143,1.0000243658772812
season_2025-26,m5_k40_cap0.85-1.20,5.0,40.0,0.85-1.20,5602,4376,OREB,0.9204386900090129,-0.011682024772755796,1.002455530358797
season_2025-26,m5_k40_cap0.85-1.20,5.0,40.0,0.85-1.20,5602,4376,POOLED,,,1.0000739110702603
season_2025-26,m5_k80_capnone,5.0,80.0,none,5602,4376,PTS,5.3966608667140825,-0.6005425904839795,0.9966541290698823
season_2025-26,m5_k80_capnone,5.0,80.0,none,5602,4376,AST,1.6263718808601537,-0.1280456646379951,0.9975318672935414
season_2025-26,m5_k80_capnone,5.0,80.0,none,5602,4376,REB,2.0860850912539632,-0.10877426977175218,0.9999900469925361
season_2025-26,m5_k80_capnone,5.0,80.0,none,5602,4376,STL,0.8275976580197721,-0.0021132732192959192,0.999989860395184
season_2025-26,m5_k80_capnone,5.0,80.0,none,5602,4376,BLK,0.5840248860165433,-0.023681482951012262,1.000365351932679
season_2025-26,m5_k80_capnone,5.0,80.0,none,5602,4376,FG3M,1.0938025019697266,-0.0543179309736283,1.0019940305883124
season_2025-26,m5_k80_capnone,5.0,80.0,none,5602,4376,TOV,1.0661285940001513,0.002736689974440542,0.9991148785736315
season_2025-26,m5_k80_capnone,5.0,80.0,none,5602,4376,FG3A,1.7622612567528777,-0.14270639078712521,0.9994734170656003
season_2025-26,m5_k80_capnone,5.0,80.0,none,5602,4376,OREB,0.9189265670163638,-0.015511827695843751,1.000808667756195
season_2025-26,m5_k80_capnone,5.0,80.0,none,5602,4376,POOLED,,,0.9995469166297289
season_2025-26,m5_k80_cap0.75-1.35,5.0,80.0,0.75-1.35,5602,4376,PTS,5.3966608667140825,-0.6005425904839795,0.9966541290698823
season_2025-26,m5_k80_cap0.75-1.35,5.0,80.0,0.75-1.35,5602,4376,AST,1.6263718808601537,-0.1280456646379951,0.9975318672935414
season_2025-26,m5_k80_cap0.75-1.35,5.0,80.0,0.75-1.35,5602,4376,REB,2.0860850912539632,-0.10877426977175218,0.9999900469925361
season_2025-26,m5_k80_cap0.75-1.35,5.0,80.0,0.75-1.35,5602,4376,STL,0.8275976580197721,-0.0021132732192959192,0.999989860395184
season_2025-26,m5_k80_cap0.75-1.35,5.0,80.0,0.75-1.35,5602,4376,BLK,0.5840256323011163,-0.023682229235585096,1.000366630229627
season_2025-26,m5_k80_cap0.75-1.35,5.0,80.0,0.75-1.35,5602,4376,FG3M,1.093800925736731,-0.054319507206624026,1.0019925866566615
season_2025-26,m5_k80_cap0.75-1.35,5.0,80.0,0.75-1.35,5602,4376,TOV,1.0661285940001513,0.002736689974440542,0.9991148785736315
season_2025-26,m5_k80_cap0.75-1.35,5.0,80.0,0.75-1.35,5602,4376,FG3A,1.7622593458008913,-0.14270830173911142,0.9994723332616499
season_2025-26,m5_k80_cap0.75-1.35,5.0,80.0,0.75-1.35,5602,4376,OREB,0.9189265670163638,-0.015511827695843751,1.000808667756195
season_2025-26,m5_k80_cap0.75-1.35,5.0,80.0,0.75-1.35,5602,4376,POOLED,,,0.9995467778032121
season_2025-26,m5_k80_cap0.85-1.20,5.0,80.0,0.85-1.20,5602,4376,PTS,5.3966608667140825,-0.6005425904839795,0.9966541290698823
season_2025-26,m5_k80_cap0.85-1.20,5.0,80.0,0.85-1.20,5602,4376,AST,1.6263718808601537,-0.1280456646379951,0.9975318672935414
season_2025-26,m5_k80_cap0.85-1.20,5.0,80.0,0.85-1.20,5602,4376,REB,2.0860850912539632,-0.10877426977175218,0.9999900469925361
season_2025-26,m5_k80_cap0.85-1.20,5.0,80.0,0.85-1.20,5602,4376,STL,0.8275976580197721,-0.0021132732192959192,0.999989860395184
season_2025-26,m5_k80_cap0.85-1.20,5.0,80.0,0.85-1.20,5602,4376,BLK,0.5840321345664871,-0.02367940745894457,1.0003777678388999
season_2025-26,m5_k80_cap0.85-1.20,5.0,80.0,0.85-1.20,5602,4376,FG3M,1.09380034313043,-0.05432008981292494,1.0019920529515047
season_2025-26,m5_k80_cap0.85-1.20,5.0,80.0,0.85-1.20,5602,4376,TOV,1.0661285940001513,0.002736689974440542,0.9991148785736315
season_2025-26,m5_k80_cap0.85-1.20,5.0,80.0,0.85-1.20,5602,4376,FG3A,1.7622393971899966,-0.14273003130551612,0.999461019328361
season_2025-26,m5_k80_cap0.85-1.20,5.0,80.0,0.85-1.20,5602,4376,OREB,0.9189329609978538,-0.015504543227818605,1.0008156314814003
season_2025-26,m5_k80_cap0.85-1.20,5.0,80.0,0.85-1.20,5602,4376,POOLED,,,0.9995474726583267
season_2025-26,m5_k160_capnone,5.0,160.0,none,5602,4376,PTS,5.403715189604049,-0.6613629889658066,0.9979569198528722
season_2025-26,m5_k160_capnone,5.0,160.0,none,5602,4376,AST,1.6278952655106587,-0.13947792461284061,0.9984662321536991
season_2025-26,m5_k160_capnone,5.0,160.0,none,5602,4376,REB,2.0857422516254767,-0.12129417046896238,0.9998257026819236
season_2025-26,m5_k160_capnone,5.0,160.0,none,5602,4376,STL,0.8274790207244191,-0.002363429512460106,0.9998465104336802
season_2025-26,m5_k160_capnone,5.0,160.0,none,5602,4376,BLK,0.5838958600393054,-0.02480425377282662,1.0001443457389045
season_2025-26,m5_k160_capnone,5.0,160.0,none,5602,4376,FG3M,1.0926949983519352,-0.059989661079213254,1.0009794854470426
season_2025-26,m5_k160_capnone,5.0,160.0,none,5602,4376,TOV,1.0662506638990645,-0.0036417662611001197,0.9992292755168488
season_2025-26,m5_k160_capnone,5.0,160.0,none,5602,4376,FG3A,1.7623990559561769,-0.15768155982342738,0.9995515704268358
season_2025-26,m5_k160_capnone,5.0,160.0,none,5602,4376,OREB,0.9184379326367458,-0.017856164913947294,1.0002764929992138
season_2025-26,m5_k160_capnone,5.0,160.0,none,5602,4376,POOLED,,,0.9995862816945579
season_2025-26,m5_k160_cap0.75-1.35,5.0,160.0,0.75-1.35,5602,4376,PTS,5.403715189604049,-0.6613629889658066,0.9979569198528722
season_2025-26,m5_k160_cap0.75-1.35,5.0,160.0,0.75-1.35,5602,4376,AST,1.6278952655106587,-0.13947792461284061,0.9984662321536991
season_2025-26,m5_k160_cap0.75-1.35,5.0,160.0,0.75-1.35,5602,4376,REB,2.0857422516254767,-0.12129417046896238,0.9998257026819236
season_2025-26,m5_k160_cap0.75-1.35,5.0,160.0,0.75-1.35,5602,4376,STL,0.8274790207244191,-0.002363429512460106,0.9998465104336802
season_2025-26,m5_k160_cap0.75-1.35,5.0,160.0,0.75-1.35,5602,4376,BLK,0.5838958600393054,-0.02480425377282662,1.0001443457389045
season_2025-26,m5_k160_cap0.75-1.35,5.0,160.0,0.75-1.35,5602,4376,FG3M,1.0926949983519352,-0.059989661079213254,1.0009794854470426
season_2025-26,m5_k160_cap0.75-1.35,5.0,160.0,0.75-1.35,5602,4376,TOV,1.0662506638990645,-0.0036417662611001197,0.9992292755168488
season_2025-26,m5_k160_cap0.75-1.35,5.0,160.0,0.75-1.35,5602,4376,FG3A,1.7623990559561769,-0.15768155982342738,0.9995515704268358
season_2025-26,m5_k160_cap0.75-1.35,5.0,160.0,0.75-1.35,5602,4376,OREB,0.9184379326367458,-0.017856164913947294,1.0002764929992138
season_2025-26,m5_k160_cap0.75-1.35,5.0,160.0,0.75-1.35,5602,4376,POOLED,,,0.9995862816945579
season_2025-26,m5_k160_cap0.85-1.20,5.0,160.0,0.85-1.20,5602,4376,PTS,5.403715189604049,-0.6613629889658066,0.9979569198528722
season_2025-26,m5_k160_cap0.85-1.20,5.0,160.0,0.85-1.20,5602,4376,AST,1.6278952655106587,-0.13947792461284061,0.9984662321536991
season_2025-26,m5_k160_cap0.85-1.20,5.0,160.0,0.85-1.20,5602,4376,REB,2.0857422516254767,-0.12129417046896238,0.9998257026819236
season_2025-26,m5_k160_cap0.85-1.20,5.0,160.0,0.85-1.20,5602,4376,STL,0.8274790207244191,-0.002363429512460106,0.9998465104336802
season_2025-26,m5_k160_cap0.85-1.20,5.0,160.0,0.85-1.20,5602,4376,BLK,0.583895520550632,-0.024804942270205653,1.0001437642350774
season_2025-26,m5_k160_cap0.85-1.20,5.0,160.0,0.85-1.20,5602,4376,FG3M,1.0926943979568928,-0.05999026147425575,1.0009789354462453
season_2025-26,m5_k160_cap0.85-1.20,5.0,160.0,0.85-1.20,5602,4376,TOV,1.0662506638990645,-0.0036417662611001197,0.9992292755168488
season_2025-26,m5_k160_cap0.85-1.20,5.0,160.0,0.85-1.20,5602,4376,FG3A,1.7623983032837411,-0.15768231249586273,0.9995511435456975
season_2025-26,m5_k160_cap0.85-1.20,5.0,160.0,0.85-1.20,5602,4376,OREB,0.9184379326367458,-0.017856164913947294,1.0002764929992138
season_2025-26,m5_k160_cap0.85-1.20,5.0,160.0,0.85-1.20,5602,4376,POOLED,,,0.9995861085405842
season_2025-26,m5_k320_capnone,5.0,320.0,none,5602,4376,PTS,5.40865107970262,-0.6960415856849985,0.9988684789389208
season_2025-26,m5_k320_capnone,5.0,320.0,none,5602,4376,AST,1.6289865935564407,-0.14601998978847563,0.9991355959788798
season_2025-26,m5_k320_capnone,5.0,320.0,none,5602,4376,REB,2.0858184954983776,-0.1283915763220466,0.9998622511019113
season_2025-26,m5_k320_capnone,5.0,320.0,none,5602,4376,STL,0.8274880005401266,-0.0024832433068387575,0.999857360784172
season_2025-26,m5_k320_capnone,5.0,320.0,none,5602,4376,BLK,0.5838445593417368,-0.025416665345757226,1.000056473729327
season_2025-26,m5_k320_capnone,5.0,320.0,none,5602,4376,FG3M,1.0921625954707361,-0.06322558998888275,1.000491769878767
season_2025-26,m5_k320_capnone,5.0,320.0,none,5602,4376,TOV,1.066568052743509,-0.007267248707395457,0.9995267142297418
season_2025-26,m5_k320_capnone,5.0,320.0,none,5602,4376,FG3A,1.7627059121978697,-0.16623448373221608,0.9997256051536718
season_2025-26,m5_k320_capnone,5.0,320.0,none,5602,4376,OREB,0.9182765710798383,-0.01916812371089454,1.0001007531190187
season_2025-26,m5_k320_capnone,5.0,320.0,none,5602,4376,POOLED,,,0.9997361114349345
season_2025-26,m5_k320_cap0.75-1.35,5.0,320.0,0.75-1.35,5602,4376,PTS,5.40865107970262,-0.6960415856849985,0.9988684789389208
season_2025-26,m5_k320_cap0.75-1.35,5.0,320.0,0.75-1.35,5602,4376,AST,1.6289865935564407,-0.14601998978847563,0.9991355959788798
season_2025-26,m5_k320_cap0.75-1.35,5.0,320.0,0.75-1.35,5602,4376,REB,2.0858184954983776,-0.1283915763220466,0.9998622511019113
season_2025-26,m5_k320_cap0.75-1.35,5.0,320.0,0.75-1.35,5602,4376,STL,0.8274880005401266,-0.0024832433068387575,0.999857360784172
season_2025-26,m5_k320_cap0.75-1.35,5.0,320.0,0.75-1.35,5602,4376,BLK,0.5838445593417368,-0.025416665345757226,1.000056473729327
season_2025-26,m5_k320_cap0.75-1.35,5.0,320.0,0.75-1.35,5602,4376,FG3M,1.0921625954707361,-0.06322558998888275,1.000491769878767
season_2025-26,m5_k320_cap0.75-1.35,5.0,320.0,0.75-1.35,5602,4376,TOV,1.066568052743509,-0.007267248707395457,0.9995267142297418
season_2025-26,m5_k320_cap0.75-1.35,5.0,320.0,0.75-1.35,5602,4376,FG3A,1.7627059121978697,-0.16623448373221608,0.9997256051536718
season_2025-26,m5_k320_cap0.75-1.35,5.0,320.0,0.75-1.35,5602,4376,OREB,0.9182765710798383,-0.01916812371089454,1.0001007531190187
season_2025-26,m5_k320_cap0.75-1.35,5.0,320.0,0.75-1.35,5602,4376,POOLED,,,0.9997361114349345
season_2025-26,m5_k320_cap0.85-1.20,5.0,320.0,0.85-1.20,5602,4376,PTS,5.40865107970262,-0.6960415856849985,0.9988684789389208
season_2025-26,m5_k320_cap0.85-1.20,5.0,320.0,0.85-1.20,5602,4376,AST,1.6289865935564407,-0.14601998978847563,0.9991355959788798
season_2025-26,m5_k320_cap0.85-1.20,5.0,320.0,0.85-1.20,5602,4376,REB,2.0858184954983776,-0.1283915763220466,0.9998622511019113
season_2025-26,m5_k320_cap0.85-1.20,5.0,320.0,0.85-1.20,5602,4376,STL,0.8274880005401266,-0.0024832433068387575,0.999857360784172
season_2025-26,m5_k320_cap0.85-1.20,5.0,320.0,0.85-1.20,5602,4376,BLK,0.5838445593417368,-0.025416665345757226,1.000056473729327
season_2025-26,m5_k320_cap0.85-1.20,5.0,320.0,0.85-1.20,5602,4376,FG3M,1.0921625954707361,-0.06322558998888275,1.000491769878767
season_2025-26,m5_k320_cap0.85-1.20,5.0,320.0,0.85-1.20,5602,4376,TOV,1.066568052743509,-0.007267248707395457,0.9995267142297418
season_2025-26,m5_k320_cap0.85-1.20,5.0,320.0,0.85-1.20,5602,4376,FG3A,1.7627059121978697,-0.16623448373221608,0.9997256051536718
season_2025-26,m5_k320_cap0.85-1.20,5.0,320.0,0.85-1.20,5602,4376,OREB,0.9182765710798383,-0.01916812371089454,1.0001007531190187
season_2025-26,m5_k320_cap0.85-1.20,5.0,320.0,0.85-1.20,5602,4376,POOLED,,,0.9997361114349345
season_2025-26,m8_k0_capnone,8.0,0.0,none,5602,3644,PTS,5.4933079381062955,-0.08727521868785929,1.014502888727854
season_2025-26,m8_k0_capnone,8.0,0.0,none,5602,3644,AST,1.6377134659933004,-0.03346293601563331,1.0044882053421018
season_2025-26,m8_k0_capnone,8.0,0.0,none,5602,3644,REB,2.121500345408075,0.0046521681846538425,1.0169667761846013
season_2025-26,m8_k0_capnone,8.0,0.0,none,5602,3644,STL,0.8356079850889244,0.003514001394614201,1.009668773536103
season_2025-26,m8_k0_capnone,8.0,0.0,none,5602,3644,BLK,0.5864026754467959,-0.017188018643438004,1.004438223170137
season_2025-26,m8_k0_capnone,8.0,0.0,none,5602,3644,FG3M,1.1154551207349495,-0.009465340549820069,1.0218292336622565
season_2025-26,m8_k0_capnone,8.0,0.0,none,5602,3644,TOV,1.0842706122037644,0.05008678335081358,1.016116542741154
season_2025-26,m8_k0_capnone,8.0,0.0,none,5602,3644,FG3A,1.7934089913715265,-0.019917699107077566,1.017138977511794
season_2025-26,m8_k0_capnone,8.0,0.0,none,5602,3644,OREB,0.9361232592374888,0.0028604064694291694,1.0195376927396798
season_2025-26,m8_k0_capnone,8.0,0.0,none,5602,3644,POOLED,,,1.013854145957298
season_2025-26,m8_k0_cap0.75-1.35,8.0,0.0,0.75-1.35,5602,3644,PTS,5.4916740822478145,-0.1012311689314152,1.0142011485911513
season_2025-26,m8_k0_cap0.75-1.35,8.0,0.0,0.75-1.35,5602,3644,AST,1.6353713752830747,-0.03522936456533389,1.0030516887944187
season_2025-26,m8_k0_cap0.75-1.35,8.0,0.0,0.75-1.35,5602,3644,REB,2.1204931625773398,0.004526920671068331,1.0164839709479119
season_2025-26,m8_k0_cap0.75-1.35,8.0,0.0,0.75-1.35,5602,3644,STL,0.8340202951901685,0.004494065001092547,1.0077503609054936
season_2025-26,m8_k0_cap0.75-1.35,8.0,0.0,0.75-1.35,5602,3644,BLK,0.586149927886466,-0.016480316508420963,1.0040052965805457
season_2025-26,m8_k0_cap0.75-1.35,8.0,0.0,0.75-1.35,5602,3644,FG3M,1.1124478205543085,-0.011344508174109032,1.0190743516577236
season_2025-26,m8_k0_cap0.75-1.35,8.0,0.0,0.75-1.35,5602,3644,TOV,1.080664716778165,0.047260728299126815,1.0127373033224085
season_2025-26,m8_k0_cap0.75-1.35,8.0,0.0,0.75-1.35,5602,3644,FG3A,1.792453653675159,-0.020205104593745228,1.0165971539721905
season_2025-26,m8_k0_cap0.75-1.35,8.0,0.0,0.75-1.35,5602,3644,OREB,0.932521441115509,0.0020855828076860134,1.015614930110384
season_2025-26,m8_k0_cap0.75-1.35,8.0,0.0,0.75-1.35,5602,3644,POOLED,,,1.0121684672091364
season_2025-26,m8_k0_cap0.85-1.20,8.0,0.0,0.85-1.20,5602,3644,PTS,5.475092877291036,-0.1492447908125168,1.0111389353460953
season_2025-26,m8_k0_cap0.85-1.20,8.0,0.0,0.85-1.20,5602,3644,AST,1.6307936496640723,-0.0479673328580055,1.0002439501471752
season_2025-26,m8_k0_cap0.85-1.20,8.0,0.0,0.85-1.20,5602,3644,REB,2.1143803103103065,-0.004018791450132581,1.0135537014917917
season_2025-26,m8_k0_cap0.85-1.20,8.0,0.0,0.85-1.20,5602,3644,STL,0.8318135696092056,0.0030740935415278082,1.005083964759669
season_2025-26,m8_k0_cap0.85-1.20,8.0,0.0,0.85-1.20,5602,3644,BLK,0.5852340920482667,-0.017644063790702512,1.0024365784273832
season_2025-26,m8_k0_cap0.85-1.20,8.0,0.0,0.85-1.20,5602,3644,FG3M,1.1083355511141761,-0.016116137069882346,1.0153072461484904
season_2025-26,m8_k0_cap0.85-1.20,8.0,0.0,0.85-1.20,5602,3644,TOV,1.0759056737744392,0.04103949711333273,1.008277399798994
season_2025-26,m8_k0_cap0.85-1.20,8.0,0.0,0.85-1.20,5602,3644,FG3A,1.7872309562019741,-0.03062424873187047,1.0136350805169516
season_2025-26,m8_k0_cap0.85-1.20,8.0,0.0,0.85-1.20,5602,3644,OREB,0.9281409238480184,-2.5286500771894205e-05,1.0108440813745654
season_2025-26,m8_k0_cap0.85-1.20,8.0,0.0,0.85-1.20,5602,3644,POOLED,,,1.0089467708901239
season_2025-26,m8_k3_capnone,8.0,3.0,none,5602,3644,PTS,5.453074072933886,-0.18336976819213321,1.007072507452675
season_2025-26,m8_k3_capnone,8.0,3.0,none,5602,3644,AST,1.6308837112014114,-0.050640639898602686,1.0002991892069317
season_2025-26,m8_k3_capnone,8.0,3.0,none,5602,3644,REB,2.109240295179071,-0.01631328130105843,1.0110897732492785
season_2025-26,m8_k3_capnone,8.0,3.0,none,5602,3644,STL,0.8328414249188756,0.0019351413139525743,1.0063259268141322
season_2025-26,m8_k3_capnone,8.0,3.0,none,5602,3644,BLK,0.5856000447255963,-0.018486222723534413,1.0030634119538524
season_2025-26,m8_k3_capnone,8.0,3.0,none,5602,3644,FG3M,1.1098689870682819,-0.017521609113638946,1.0167119729337524
season_2025-26,m8_k3_capnone,8.0,3.0,none,5602,3644,TOV,1.0783331582982825,0.041865699327193265,1.0105522997678422
season_2025-26,m8_k3_capnone,8.0,3.0,none,5602,3644,FG3A,1.7835307504595816,-0.042115940958002536,1.011536494247167
season_2025-26,m8_k3_capnone,8.0,3.0,none,5602,3644,OREB,0.9315135694995713,-0.0004576494351857204,1.0145172508339095
season_2025-26,m8_k3_capnone,8.0,3.0,none,5602,3644,POOLED,,,1.0090187584955044
season_2025-26,m8_k3_cap0.75-1.35,8.0,3.0,0.75-1.35,5602,3644,PTS,5.453400756029877,-0.18787599773140792,1.007132839214214
season_2025-26,m8_k3_cap0.75-1.35,8.0,3.0,0.75-1.35,5602,3644,AST,1.6305564384075948,-0.05077351813626894,1.0000984571080975
season_2025-26,m8_k3_cap0.75-1.35,8.0,3.0,0.75-1.35,5602,3644,REB,2.1092719525046153,-0.016054677985071875,1.0111049485700703
season_2025-26,m8_k3_cap0.75-1.35,8.0,3.0,0.75-1.35,5602,3644,STL,0.8324760662907599,0.0028620499366606767,1.0058844623899847
season_2025-26,m8_k3_cap0.75-1.35,8.0,3.0,0.75-1.35,5602,3644,BLK,0.5859063312375832,-0.017607594040691645,1.00358804441677
season_2025-26,m8_k3_cap0.75-1.35,8.0,3.0,0.75-1.35,5602,3644,FG3M,1.1089074774050987,-0.01837993679584554,1.0158311677233716
season_2025-26,m8_k3_cap0.75-1.35,8.0,3.0,0.75-1.35,5602,3644,TOV,1.0768739021808793,0.039980270674713825,1.0091847682085613
season_2025-26,m8_k3_cap0.75-1.35,8.0,3.0,0.75-1.35,5602,3644,FG3A,1.7832621277253986,-0.042082973482267985,1.0113841438047984
season_2025-26,m8_k3_cap0.75-1.35,8.0,3.0,0.75-1.35,5602,3644,OREB,0.9302019711175471,-0.0008558575770303097,1.0130887808380893
season_2025-26,m8_k3_cap0.75-1.35,8.0,3.0,0.75-1.35,5602,3644,POOLED,,,1.008588623585995
season_2025-26,m8_k3_cap0.85-1.20,8.0,3.0,0.85-1.20,5602,3644,PTS,5.449928033910418,-0.2146960521209508,1.006491497665254
season_2025-26,m8_k3_cap0.85-1.20,8.0,3.0,0.85-1.20,5602,3644,AST,1.6285047136543767,-0.05682494104511469,0.9988400359263641
season_2025-26,m8_k3_cap0.85-1.20,8.0,3.0,0.85-1.20,5602,3644,REB,2.1071027233941484,-0.020183929262659182,1.0100651024347387
season_2025-26,m8_k3_cap0.85-1.20,8.0,3.0,0.85-1.20,5602,3644,STL,0.8311663413662997,0.002134039255357787,1.0043019160503772
season_2025-26,m8_k3_cap0.85-1.20,8.0,3.0,0.85-1.20,5602,3644,BLK,0.5852274694930014,-0.018256887687105997,1.00242523477579
season_2025-26,m8_k3_cap0.85-1.20,8.0,3.0,0.85-1.20,5602,3644,FG3M,1.1061014034049834,-0.02118877471636834,1.0132606219507652
season_2025-26,m8_k3_cap0.85-1.20,8.0,3.0,0.85-1.20,5602,3644,TOV,1.0742165645755248,0.036448880684577106,1.006694463048523
season_2025-26,m8_k3_cap0.85-1.20,8.0,3.0,0.85-1.20,5602,3644,FG3A,1.7811485676195966,-0.045678970626067975,1.0101854298609807
season_2025-26,m8_k3_cap0.85-1.20,8.0,3.0,0.85-1.20,5602,3644,OREB,0.9269854488388126,-0.0021317496805195444,1.0095856463199087
season_2025-26,m8_k3_cap0.85-1.20,8.0,3.0,0.85-1.20,5602,3644,POOLED,,,1.0068722164480781
season_2025-26,m8_k5_capnone,8.0,5.0,none,5602,3644,PTS,5.437628018627094,-0.23131087584209348,1.00421993357729
season_2025-26,m8_k5_capnone,8.0,5.0,none,5602,3644,AST,1.6287821817981687,-0.05949367900526591,0.9990102204449534
season_2025-26,m8_k5_capnone,8.0,5.0,none,5602,3644,REB,2.1041896375833513,-0.027377937788722995,1.00866867961908
season_2025-26,m8_k5_capnone,8.0,5.0,none,5602,3644,STL,0.8317146427988904,0.001209467241822907,1.0049644310632189
season_2025-26,m8_k5_capnone,8.0,5.0,none,5602,3644,BLK,0.5853356080583564,-0.019034911806998567,1.0026104633107018
season_2025-26,m8_k5_capnone,8.0,5.0,none,5602,3644,FG3M,1.1073335667635065,-0.02166420272331294,1.014389363499378
season_2025-26,m8_k5_capnone,8.0,5.0,none,5602,3644,TOV,1.075869492117357,0.037591655878672234,1.00824349241472
season_2025-26,m8_k5_capnone,8.0,5.0,none,5602,3644,FG3A,1.7795737352250072,-0.053443633023628,1.0092922574617722
season_2025-26,m8_k5_capnone,8.0,5.0,none,5602,3644,OREB,0.9295916206029746,-0.0020228541305175574,1.0124240442777601
season_2025-26,m8_k5_capnone,8.0,5.0,none,5602,3644,POOLED,,,1.007091431740986
season_2025-26,m8_k5_cap0.75-1.35,8.0,5.0,0.75-1.35,5602,3644,PTS,5.437727007491692,-0.23345380959992507,1.0042382148187965
season_2025-26,m8_k5_cap0.75-1.35,8.0,5.0,0.75-1.35,5602,3644,AST,1.628733000142081,-0.059202084253439244,0.9989800549767655
season_2025-26,m8_k5_cap0.75-1.35,8.0,5.0,0.75-1.35,5602,3644,REB,2.1041730527100366,-0.027241381897128127,1.0086607294600405
season_2025-26,m8_k5_cap0.75-1.35,8.0,5.0,0.75-1.35,5602,3644,STL,0.8316579491609578,0.0019924223772582136,1.0048959278931917
season_2025-26,m8_k5_cap0.75-1.35,8.0,5.0,0.75-1.35,5602,3644,BLK,0.5857280145880907,-0.01819110545539754,1.0032826091483489
season_2025-26,m8_k5_cap0.75-1.35,8.0,5.0,0.75-1.35,5602,3644,FG3M,1.1069389327893027,-0.022153876002980515,1.0140278531849403
season_2025-26,m8_k5_cap0.75-1.35,8.0,5.0,0.75-1.35,5602,3644,TOV,1.0749754615481442,0.0362101157964196,1.0074056579840265
season_2025-26,m8_k5_cap0.75-1.35,8.0,5.0,0.75-1.35,5602,3644,FG3A,1.7792953748691795,-0.05341096648611468,1.0091343842889107
season_2025-26,m8_k5_cap0.75-1.35,8.0,5.0,0.75-1.35,5602,3644,OREB,0.9289125240963853,-0.0022672802649809907,1.0116844360278383
season_2025-26,m8_k5_cap0.75-1.35,8.0,5.0,0.75-1.35,5602,3644,POOLED,,,1.00692331864254
season_2025-26,m8_k5_cap0.85-1.20,8.0,5.0,0.85-1.20,5602,3644,PTS,5.4378000995297455,-0.25222679071054005,1.0042517134401343
season_2025-26,m8_k5_cap0.85-1.20,8.0,5.0,0.85-1.20,5602,3644,AST,1.6274120522861695,-0.06275481940489282,0.9981698543106005
season_2025-26,m8_k5_cap0.85-1.20,8.0,5.0,0.85-1.20,5602,3644,REB,2.103220103366363,-0.029628405458607305,1.008203921699438
season_2025-26,m8_k5_cap0.85-1.20,8.0,5.0,0.85-1.20,5602,3644,STL,0.8308480310053882,0.0015710069606145699,1.0039173002527297
season_2025-26,m8_k5_cap0.85-1.20,8.0,5.0,0.85-1.20,5602,3644,BLK,0.5852827013049144,-0.01860863809152839,1.0025198403179256
season_2025-26,m8_k5_cap0.85-1.20,8.0,5.0,0.85-1.20,5602,3644,FG3M,1.104816574401999,-0.024224804589943843,1.0120836352561848
season_2025-26,m8_k5_cap0.85-1.20,8.0,5.0,0.85-1.20,5602,3644,TOV,1.073189058841643,0.0337040342380958,1.005731543310399
season_2025-26,m8_k5_cap0.85-1.20,8.0,5.0,0.85-1.20,5602,3644,FG3A,1.778207896679353,-0.05505535392759957,1.0085176167476593
season_2025-26,m8_k5_cap0.85-1.20,8.0,5.0,0.85-1.20,5602,3644,OREB,0.9263381444815391,-0.0033318175379674873,1.008880663098519
season_2025-26,m8_k5_cap0.85-1.20,8.0,5.0,0.85-1.20,5602,3644,POOLED,,,1.0058084542703989
season_2025-26,m8_k10_capnone,8.0,10.0,none,5602,3644,PTS,5.416118787942996,-0.32085268187943594,1.0002476136365197
season_2025-26,m8_k10_capnone,8.0,10.0,none,5602,3644,AST,1.6261551381217054,-0.07623021756214343,0.9973989285781398
season_2025-26,m8_k10_capnone,8.0,10.0,none,5602,3644,REB,2.0966408534373135,-0.048229900466064825,1.0050500788992047
season_2025-26,m8_k10_capnone,8.0,10.0,none,5602,3644,STL,0.8302790726518545,-4.40611662324448e-05,1.0032298253922014
season_2025-26,m8_k10_capnone,8.0,10.0,none,5602,3644,BLK,0.5849901417127853,-0.01999341486647809,1.0020187204404187
season_2025-26,m8_k10_capnone,8.0,10.0,none,5602,3644,FG3M,1.1029506666792228,-0.029328686661473355,1.0103743427682963
season_2025-26,m8_k10_capnone,8.0,10.0,none,5602,3644,TOV,1.0721099017556233,0.02967640225884549,1.004720218872589
season_2025-26,m8_k10_capnone,8.0,10.0,none,5602,3644,FG3A,1.7732958201417048,-0.07468533639478765,1.0057317131802068
season_2025-26,m8_k10_capnone,8.0,10.0,none,5602,3644,OREB,0.9262466719160909,-0.00506848583914551,1.0087810397557533
season_2025-26,m8_k10_capnone,8.0,10.0,none,5602,3644,POOLED,,,1.0041724979470366
season_2025-26,m8_k10_cap0.75-1.35,8.0,10.0,0.75-1.35,5602,3644,PTS,5.416083952079867,-0.3209484597784054,1.0002411801570619
season_2025-26,m8_k10_cap0.75-1.35,8.0,10.0,0.75-1.35,5602,3644,AST,1.626208094872074,-0.07588049507678964,0.997431409492685
season_2025-26,m8_k10_cap0.75-1.35,8.0,10.0,0.75-1.35,5602,3644,REB,2.0966232782465,-0.04818796737599935,1.0050416540195288
season_2025-26,m8_k10_cap0.75-1.35,8.0,10.0,0.75-1.35,5602,3644,STL,0.8303174218070817,0.00029370556484995355,1.003276162843752
season_2025-26,m8_k10_cap0.75-1.35,8.0,10.0,0.75-1.35,5602,3644,BLK,0.585335646662701,-0.019429867301418973,1.0026105294353649
season_2025-26,m8_k10_cap0.75-1.35,8.0,10.0,0.75-1.35,5602,3644,FG3M,1.1030003463265208,-0.02938486575048459,1.010419852547205
season_2025-26,m8_k10_cap0.75-1.35,8.0,10.0,0.75-1.35,5602,3644,TOV,1.071812393162765,0.029076549904573982,1.0044414107969957
season_2025-26,m8_k10_cap0.75-1.35,8.0,10.0,0.75-1.35,5602,3644,FG3A,1.773116395739353,-0.07479150622375376,1.0056299519232783
season_2025-26,m8_k10_cap0.75-1.35,8.0,10.0,0.75-1.35,5602,3644,OREB,0.9262512820632823,-0.005092899960408382,1.0087860606958745
season_2025-26,m8_k10_cap0.75-1.35,8.0,10.0,0.75-1.35,5602,3644,POOLED,,,1.004208690212416
season_2025-26,m8_k10_cap0.85-1.20,8.0,10.0,0.85-1.20,5602,3644,PTS,5.417738440086735,-0.3284105676223652,1.0005467306343416
season_2025-26,m8_k10_cap0.85-1.20,8.0,10.0,0.85-1.20,5602,3644,AST,1.6258325654733832,-0.07695153469905407,0.997201079303933
season_2025-26,m8_k10_cap0.85-1.20,8.0,10.0,0.85-1.20,5602,3644,REB,2.096533496767323,-0.04810942071269847,1.004998616184707
season_2025-26,m8_k10_cap0.85-1.20,8.0,10.0,0.85-1.20,5602,3644,STL,0.830135815805119,0.0004631250507625882,1.003056727519365
season_2025-26,m8_k10_cap0.85-1.20,8.0,10.0,0.85-1.20,5602,3644,BLK,0.5852322471269619,-0.019433456417189927,1.002433418296035
season_2025-26,m8_k10_cap0.85-1.20,8.0,10.0,0.85-1.20,5602,3644,FG3M,1.1021901340558506,-0.030536335163553634,1.0096776455607892
season_2025-26,m8_k10_cap0.85-1.20,8.0,10.0,0.85-1.20,5602,3644,TOV,1.071063886810935,0.027484890428004966,1.0037399533583444
season_2025-26,m8_k10_cap0.85-1.20,8.0,10.0,0.85-1.20,5602,3644,FG3A,1.7729638417048237,-0.07523224441183504,1.00554343030136
season_2025-26,m8_k10_cap0.85-1.20,8.0,10.0,0.85-1.20,5602,3644,OREB,0.9250068650691798,-0.005785040753885894,1.0074307583695474
season_2025-26,m8_k10_cap0.85-1.20,8.0,10.0,0.85-1.20,5602,3644,POOLED,,,1.003847595503158
season_2025-26,m8_k20_capnone,8.0,20.0,none,5602,3644,PTS,5.402893103023271,-0.43045349962923535,0.9978050970859018
season_2025-26,m8_k20_capnone,8.0,20.0,none,5602,3644,AST,1.6252659772519982,-0.09657119201110982,0.9968535635769851
season_2025-26,m8_k20_capnone,8.0,20.0,none,5602,3644,REB,2.0905127641820336,-0.07315890975808517,1.002112505409008
season_2025-26,m8_k20_capnone,8.0,20.0,none,5602,3644,STL,0.8288084202440347,-0.0011802887923420965,1.00145282967244
season_2025-26,m8_k20_capnone,8.0,20.0,none,5602,3644,BLK,0.5846895145963794,-0.02116679915559899,1.0015037818508066
season_2025-26,m8_k20_capnone,8.0,20.0,none,5602,3644,FG3M,1.0987686177817972,-0.038548193300430425,1.0065433147506215
season_2025-26,m8_k20_capnone,8.0,20.0,none,5602,3644,TOV,1.0690641325425259,0.01984743151951651,1.0018658977760226
season_2025-26,m8_k20_capnone,8.0,20.0,none,5602,3644,FG3A,1.7673766260812824,-0.10112799688980653,1.0023746189405334
season_2025-26,m8_k20_capnone,8.0,20.0,none,5602,3644,OREB,0.9231032137914599,-0.0090538054176282,1.0053574798644835
season_2025-26,m8_k20_capnone,8.0,20.0,none,5602,3644,POOLED,,,1.001763232102978
season_2025-26,m8_k20_cap0.75-1.35,8.0,20.0,0.75-1.35,5602,3644,PTS,5.402893103023271,-0.43045349962923535,0.9978050970859018
season_2025-26,m8_k20_cap0.75-1.35,8.0,20.0,0.75-1.35,5602,3644,AST,1.6252592142162214,-0.09656442897533317,0.9968494154828214
season_2025-26,m8_k20_cap0.75-1.35,8.0,20.0,0.75-1.35,5602,3644,REB,2.0905127641820336,-0.07315890975808517,1.002112505409008
season_2025-26,m8_k20_cap0.75-1.35,8.0,20.0,0.75-1.35,5602,3644,STL,0.8288057583288578,-0.001161331702130437,1.0014496132687198
season_2025-26,m8_k20_cap0.75-1.35,8.0,20.0,0.75-1.35,5602,3644,BLK,0.5848424414566292,-0.021051553909888034,1.0017657274220255
season_2025-26,m8_k20_cap0.75-1.35,8.0,20.0,0.75-1.35,5602,3644,FG3M,1.0987818059072072,-0.038532789167340244,1.0065553959288156
season_2025-26,m8_k20_cap0.75-1.35,8.0,20.0,0.75-1.35,5602,3644,TOV,1.0690406925559512,0.019781389256308034,1.001843931158232
season_2025-26,m8_k20_cap0.75-1.35,8.0,20.0,0.75-1.35,5602,3644,FG3A,1.7672952350273299,-0.10120938794375915,1.0023284576835114
season_2025-26,m8_k20_cap0.75-1.35,8.0,20.0,0.75-1.35,5602,3644,OREB,0.9231318372859303,-0.009015571277017973,1.0053886538912182
season_2025-26,m8_k20_cap0.75-1.35,8.0,20.0,0.75-1.35,5602,3644,POOLED,,,1.001788755258917
season_2025-26,m8_k20_cap0.85-1.20,8.0,20.0,0.85-1.20,5602,3644,PTS,5.403261056678497,-0.43128947872081896,0.9978730506851449
season_2025-26,m8_k20_cap0.85-1.20,8.0,20.0,0.85-1.20,5602,3644,AST,1.6252331278813537,-0.09632212973395489,0.9968334154826752
season_2025-26,m8_k20_cap0.85-1.20,8.0,20.0,0.85-1.20,5602,3644,REB,2.090527984556285,-0.07303930760372448,1.0021198014789656
season_2025-26,m8_k20_cap0.85-1.20,8.0,20.0,0.85-1.20,5602,3644,STL,0.8288957090679829,-0.0009116111917416974,1.0015583011391949
season_2025-26,m8_k20_cap0.85-1.20,8.0,20.0,0.85-1.20,5602,3644,BLK,0.5849711092467691,-0.020531475650390842,1.0019861200837896
season_2025-26,m8_k20_cap0.85-1.20,8.0,20.0,0.85-1.20,5602,3644,FG3M,1.0987639382096182,-0.03891565449749227,1.006539027959011
season_2025-26,m8_k20_cap0.85-1.20,8.0,20.0,0.85-1.20,5602,3644,TOV,1.0688468578947088,0.01895005633287563,1.0016622803750894
season_2025-26,m8_k20_cap0.85-1.20,8.0,20.0,0.85-1.20,5602,3644,FG3A,1.7672297999097122,-0.10148311933727555,1.0022913458986664
season_2025-26,m8_k20_cap0.85-1.20,8.0,20.0,0.85-1.20,5602,3644,OREB,0.9229421070379192,-0.009256449390542727,1.0051820174922277
season_2025-26,m8_k20_cap0.85-1.20,8.0,20.0,0.85-1.20,5602,3644,POOLED,,,1.0017828178438626
season_2025-26,m8_k40_capnone,8.0,40.0,none,5602,3644,PTS,5.400227281652054,-0.536315889696318,0.9973127737877353
season_2025-26,m8_k40_capnone,8.0,40.0,none,5602,3644,AST,1.6257659639644089,-0.11623823463775841,0.9971602294045996
season_2025-26,m8_k40_capnone,8.0,40.0,none,5602,3644,REB,2.0876157319742528,-0.09589462896852693,1.0007237780815643
season_2025-26,m8_k40_capnone,8.0,40.0,none,5602,3644,STL,0.827898099111276,-0.0018784804475434622,1.0003528846766552
season_2025-26,m8_k40_capnone,8.0,40.0,none,5602,3644,BLK,0.5842879411840685,-0.022618242839441898,1.0008159342306935
season_2025-26,m8_k40_capnone,8.0,40.0,none,5602,3644,FG3M,1.0956683478784106,-0.04799361535315788,1.0037032664504832
season_2025-26,m8_k40_capnone,8.0,40.0,none,5602,3644,TOV,1.0673154304319377,0.00967125908839763,1.0002271139494616
season_2025-26,m8_k40_capnone,8.0,40.0,none,5602,3644,FG3A,1.7640398511849558,-0.12702903660001436,1.0004821539074227
season_2025-26,m8_k40_capnone,8.0,40.0,none,5602,3644,OREB,0.9206615067095281,-0.013099235183546732,1.0026982014200119
season_2025-26,m8_k40_capnone,8.0,40.0,none,5602,3644,POOLED,,,1.0003862595454032
season_2025-26,m8_k40_cap0.75-1.35,8.0,40.0,0.75-1.35,5602,3644,PTS,5.400227281652054,-0.536315889696318,0.9973127737877353
season_2025-26,m8_k40_cap0.75-1.35,8.0,40.0,0.75-1.35,5602,3644,AST,1.6257659639644089,-0.11623823463775841,0.9971602294045996
season_2025-26,m8_k40_cap0.75-1.35,8.0,40.0,0.75-1.35,5602,3644,REB,2.0876157319742528,-0.09589462896852693,1.0007237780815643
season_2025-26,m8_k40_cap0.75-1.35,8.0,40.0,0.75-1.35,5602,3644,STL,0.827898099111276,-0.0018784804475434622,1.0003528846766552
season_2025-26,m8_k40_cap0.75-1.35,8.0,40.0,0.75-1.35,5602,3644,BLK,0.5842963304899781,-0.02262401938295742,1.000830304116566
season_2025-26,m8_k40_cap0.75-1.35,8.0,40.0,0.75-1.35,5602,3644,FG3M,1.0956682782064846,-0.047993685025084,1.0037032026264805
season_2025-26,m8_k40_cap0.75-1.35,8.0,40.0,0.75-1.35,5602,3644,TOV,1.0673154304319377,0.00967125908839763,1.0002271139494616
season_2025-26,m8_k40_cap0.75-1.35,8.0,40.0,0.75-1.35,5602,3644,FG3A,1.7640151817021983,-0.127053706082772,1.0004681625130512
season_2025-26,m8_k40_cap0.75-1.35,8.0,40.0,0.75-1.35,5602,3644,OREB,0.920669660600351,-0.01308985002937521,1.0027070818734718
season_2025-26,m8_k40_cap0.75-1.35,8.0,40.0,0.75-1.35,5602,3644,POOLED,,,1.0003872812255095
season_2025-26,m8_k40_cap0.85-1.20,8.0,40.0,0.85-1.20,5602,3644,PTS,5.4002268931650494,-0.536315501209314,0.9973127020420417
season_2025-26,m8_k40_cap0.85-1.20,8.0,40.0,0.85-1.20,5602,3644,AST,1.6257342915773314,-0.11619734240957272,0.9971408032107537
season_2025-26,m8_k40_cap0.85-1.20,8.0,40.0,0.85-1.20,5602,3644,REB,2.0876157319742528,-0.09589462896852693,1.0007237780815643
season_2025-26,m8_k40_cap0.85-1.20,8.0,40.0,0.85-1.20,5602,3644,STL,0.8278977283898561,-0.0018857537280977884,1.0003524367323464
season_2025-26,m8_k40_cap0.85-1.20,8.0,40.0,0.85-1.20,5602,3644,BLK,0.5844220786771025,-0.02247291972142372,1.0010456958446918
season_2025-26,m8_k40_cap0.85-1.20,8.0,40.0,0.85-1.20,5602,3644,FG3M,1.0956869414608064,-0.04799332796680587,1.0037202993778485
season_2025-26,m8_k40_cap0.85-1.20,8.0,40.0,0.85-1.20,5602,3644,TOV,1.0673093431233973,0.009537749072884752,1.000221409271276
season_2025-26,m8_k40_cap0.85-1.20,8.0,40.0,0.85-1.20,5602,3644,FG3A,1.7639793383606446,-0.12708954942432557,1.0004478338206257
season_2025-26,m8_k40_cap0.85-1.20,8.0,40.0,0.85-1.20,5602,3644,OREB,0.9206771740260967,-0.013078542767695142,1.002715264792413
season_2025-26,m8_k40_cap0.85-1.20,8.0,40.0,0.85-1.20,5602,3644,POOLED,,,1.0004089136859513
season_2025-26,m8_k80_capnone,8.0,80.0,none,5602,3644,PTS,5.403397217380206,-0.617856085544195,0.997898196813265
season_2025-26,m8_k80_capnone,8.0,80.0,none,5602,3644,AST,1.626955437199138,-0.13142916836137855,0.9978897903807199
season_2025-26,m8_k80_capnone,8.0,80.0,none,5602,3644,REB,2.0864498731244008,-0.1126378531667155,1.0001649095814547
season_2025-26,m8_k80_capnone,8.0,80.0,none,5602,3644,STL,0.8275589911278609,-0.002248548254352759,0.999943139021012
season_2025-26,m8_k80_capnone,8.0,80.0,none,5602,3644,BLK,0.5839472453439102,-0.024101433244760207,1.000232362670299
season_2025-26,m8_k80_capnone,8.0,80.0,none,5602,3644,FG3M,1.093690770215707,-0.05574226080219011,1.0018916770552448
season_2025-26,m8_k80_capnone,8.0,80.0,none,5602,3644,TOV,1.0665891671029633,0.001123347308593638,0.9995465014025097
season_2025-26,m8_k80_capnone,8.0,80.0,none,5602,3644,FG3A,1.7628794850193865,-0.14701629302426716,0.9998240476634679
season_2025-26,m8_k80_capnone,8.0,80.0,none,5602,3644,OREB,0.9191345991304706,-0.01626197964518774,1.0010352368319435
season_2025-26,m8_k80_capnone,8.0,80.0,none,5602,3644,POOLED,,,0.9998250957133239
season_2025-26,m8_k80_cap0.75-1.35,8.0,80.0,0.75-1.35,5602,3644,PTS,5.403397217380206,-0.617856085544195,0.997898196813265
season_2025-26,m8_k80_cap0.75-1.35,8.0,80.0,0.75-1.35,5602,3644,AST,1.626955437199138,-0.13142916836137855,0.9978897903807199
season_2025-26,m8_k80_cap0.75-1.35,8.0,80.0,0.75-1.35,5602,3644,REB,2.0864498731244008,-0.1126378531667155,1.0001649095814547
season_2025-26,m8_k80_cap0.75-1.35,8.0,80.0,0.75-1.35,5602,3644,STL,0.8275589911278609,-0.002248548254352759,0.999943139021012
season_2025-26,m8_k80_cap0.75-1.35,8.0,80.0,0.75-1.35,5602,3644,BLK,0.583947991628483,-0.024102179529333047,1.0002336409672468
season_2025-26,m8_k80_cap0.75-1.35,8.0,80.0,0.75-1.35,5602,3644,FG3M,1.0936898547024165,-0.05574317631548052,1.0018908383856948
season_2025-26,m8_k80_cap0.75-1.35,8.0,80.0,0.75-1.35,5602,3644,TOV,1.0665891671029633,0.001123347308593638,0.9995465014025097
season_2025-26,m8_k80_cap0.75-1.35,8.0,80.0,0.75-1.35,5602,3644,FG3A,1.7628775726696044,-0.14701820537404914,0.9998229630667521
season_2025-26,m8_k80_cap0.75-1.35,8.0,80.0,0.75-1.35,5602,3644,OREB,0.9191345991304706,-0.01626197964518774,1.0010352368319435
season_2025-26,m8_k80_cap0.75-1.35,8.0,80.0,0.75-1.35,5602,3644,POOLED,,,0.9998250240500665
season_2025-26,m8_k80_cap0.85-1.20,8.0,80.0,0.85-1.20,5602,3644,PTS,5.403397217380206,-0.617856085544195,0.997898196813265
season_2025-26,m8_k80_cap0.85-1.20,8.0,80.0,0.85-1.20,5602,3644,AST,1.626955437199138,-0.13142916836137855,0.9978897903807199
season_2025-26,m8_k80_cap0.85-1.20,8.0,80.0,0.85-1.20,5602,3644,REB,2.0864498731244008,-0.1126378531667155,1.0001649095814547
season_2025-26,m8_k80_cap0.85-1.20,8.0,80.0,0.85-1.20,5602,3644,STL,0.8275589911278609,-0.002248548254352759,0.999943139021012
season_2025-26,m8_k80_cap0.85-1.20,8.0,80.0,0.85-1.20,5602,3644,BLK,0.583957781582267,-0.024096132430106703,1.0002504099967813
season_2025-26,m8_k80_cap0.85-1.20,8.0,80.0,0.85-1.20,5602,3644,FG3M,1.0936906649699263,-0.0557423660479708,1.0018915806432838
season_2025-26,m8_k80_cap0.85-1.20,8.0,80.0,0.85-1.20,5602,3644,TOV,1.0665891671029633,0.001123347308593638,0.9995465014025097
season_2025-26,m8_k80_cap0.85-1.20,8.0,80.0,0.85-1.20,5602,3644,FG3A,1.762863033695291,-0.14703274434836258,0.9998147172301703
season_2025-26,m8_k80_cap0.85-1.20,8.0,80.0,0.85-1.20,5602,3644,OREB,0.9191409931119606,-0.016254695177162593,1.0010422005571489
season_2025-26,m8_k80_cap0.85-1.20,8.0,80.0,0.85-1.20,5602,3644,POOLED,,,0.999826827291816
season_2025-26,m8_k160_capnone,8.0,160.0,none,5602,3644,PTS,5.40754717430939,-0.670273866571311,0.9986646099363211
season_2025-26,m8_k160_capnone,8.0,160.0,none,5602,3644,AST,1.6282156678675395,-0.1412227958060224,0.9986627502840886
season_2025-26,m8_k160_capnone,8.0,160.0,none,5602,3644,REB,2.086085136586797,-0.12328691200043523,0.9999900687233768
season_2025-26,m8_k160_capnone,8.0,160.0,none,5602,3644,STL,0.8274865894505069,-0.0024316122289025246,0.9998556557584289
season_2025-26,m8_k160_capnone,8.0,160.0,none,5602,3644,BLK,0.5838605873407567,-0.025016835826743734,1.0000839277903855
season_2025-26,m8_k160_capnone,8.0,160.0,none,5602,3644,FG3M,1.0926696197763528,-0.06072221726248957,1.0009562370258767
season_2025-26,m8_k160_capnone,8.0,160.0,none,5602,3644,TOV,1.0665525098947684,-0.004471875859690047,0.9995121483588706
season_2025-26,m8_k160_capnone,8.0,160.0,none,5602,3644,FG3A,1.7627860141781737,-0.15990364778832672,0.9997710353074934
season_2025-26,m8_k160_capnone,8.0,160.0,none,5602,3644,OREB,0.9185715337529452,-0.018241242224790323,1.0004219988099212
season_2025-26,m8_k160_capnone,8.0,160.0,none,5602,3644,POOLED,,,0.9997687146660847
season_2025-26,m8_k160_cap0.75-1.35,8.0,160.0,0.75-1.35,5602,3644,PTS,5.40754717430939,-0.670273866571311,0.9986646099363211
season_2025-26,m8_k160_cap0.75-1.35,8.0,160.0,0.75-1.35,5602,3644,AST,1.6282156678675395,-0.1412227958060224,0.9986627502840886
season_2025-26,m8_k160_cap0.75-1.35,8.0,160.0,0.75-1.35,5602,3644,REB,2.086085136586797,-0.12328691200043523,0.9999900687233768
season_2025-26,m8_k160_cap0.75-1.35,8.0,160.0,0.75-1.35,5602,3644,STL,0.8274865894505069,-0.0024316122289025246,0.9998556557584289
season_2025-26,m8_k160_cap0.75-1.35,8.0,160.0,0.75-1.35,5602,3644,BLK,0.5838605873407567,-0.025016835826743734,1.0000839277903855
season_2025-26,m8_k160_cap0.75-1.35,8.0,160.0,0.75-1.35,5602,3644,FG3M,1.0926696197763528,-0.06072221726248957,1.0009562370258767
season_2025-26,m8_k160_cap0.75-1.35,8.0,160.0,0.75-1.35,5602,3644,TOV,1.0665525098947684,-0.004471875859690047,0.9995121483588706
season_2025-26,m8_k160_cap0.75-1.35,8.0,160.0,0.75-1.35,5602,3644,FG3A,1.7627860141781737,-0.15990364778832672,0.9997710353074934
season_2025-26,m8_k160_cap0.75-1.35,8.0,160.0,0.75-1.35,5602,3644,OREB,0.9185715337529452,-0.018241242224790323,1.0004219988099212
season_2025-26,m8_k160_cap0.75-1.35,8.0,160.0,0.75-1.35,5602,3644,POOLED,,,0.9997687146660847
season_2025-26,m8_k160_cap0.85-1.20,8.0,160.0,0.85-1.20,5602,3644,PTS,5.40754717430939,-0.670273866571311,0.9986646099363211
season_2025-26,m8_k160_cap0.85-1.20,8.0,160.0,0.85-1.20,5602,3644,AST,1.6282156678675395,-0.1412227958060224,0.9986627502840886
season_2025-26,m8_k160_cap0.85-1.20,8.0,160.0,0.85-1.20,5602,3644,REB,2.086085136586797,-0.12328691200043523,0.9999900687233768
season_2025-26,m8_k160_cap0.85-1.20,8.0,160.0,0.85-1.20,5602,3644,STL,0.8274865894505069,-0.0024316122289025246,0.9998556557584289
season_2025-26,m8_k160_cap0.85-1.20,8.0,160.0,0.85-1.20,5602,3644,BLK,0.5838602478520833,-0.02501752432412277,1.0000833462865584
season_2025-26,m8_k160_cap0.85-1.20,8.0,160.0,0.85-1.20,5602,3644,FG3M,1.0926692082148186,-0.06072262882402368,1.0009558600088193
season_2025-26,m8_k160_cap0.85-1.20,8.0,160.0,0.85-1.20,5602,3644,TOV,1.0665525098947684,-0.004471875859690047,0.9995121483588706
season_2025-26,m8_k160_cap0.85-1.20,8.0,160.0,0.85-1.20,5602,3644,FG3A,1.762785261505738,-0.15990440046076204,0.9997706084263551
season_2025-26,m8_k160_cap0.85-1.20,8.0,160.0,0.85-1.20,5602,3644,OREB,0.9185715337529452,-0.018241242224790323,1.0004219988099212
season_2025-26,m8_k160_cap0.85-1.20,8.0,160.0,0.85-1.20,5602,3644,POOLED,,,0.9997685607325267
season_2025-26,m8_k320_capnone,8.0,320.0,none,5602,3644,PTS,5.410663123477167,-0.7005623688637905,0.999240062735883
season_2025-26,m8_k320_capnone,8.0,320.0,none,5602,3644,AST,1.6291577334773761,-0.1469061124285727,0.9992405642994148
season_2025-26,m8_k320_capnone,8.0,320.0,none,5602,3644,REB,2.086039052688602,-0.12940375463719558,0.9999679778509981
season_2025-26,m8_k320_capnone,8.0,320.0,none,5602,3644,STL,0.8274998804911132,-0.002517390279218533,0.9998717153807728
season_2025-26,m8_k320_capnone,8.0,320.0,none,5602,3644,BLK,0.583828368016499,-0.025522862859390167,1.000028739909831
season_2025-26,m8_k320_capnone,8.0,320.0,none,5602,3644,FG3M,1.0921553955631362,-0.06359711063971524,1.000485174296454
season_2025-26,m8_k320_capnone,8.0,320.0,none,5602,3644,TOV,1.0667326761294045,-0.007688304713553559,0.9996809898726003
season_2025-26,m8_k320_capnone,8.0,320.0,none,5602,3644,FG3A,1.7629120862728629,-0.16736291930993163,0.9998425375928627
season_2025-26,m8_k320_capnone,8.0,320.0,none,5602,3644,OREB,0.9183566636007057,-0.019363174283639362,1.000187982384102
season_2025-26,m8_k320_capnone,8.0,320.0,none,5602,3644,POOLED,,,0.9998384160358798
season_2025-26,m8_k320_cap0.75-1.35,8.0,320.0,0.75-1.35,5602,3644,PTS,5.410663123477167,-0.7005623688637905,0.999240062735883
season_2025-26,m8_k320_cap0.75-1.35,8.0,320.0,0.75-1.35,5602,3644,AST,1.6291577334773761,-0.1469061124285727,0.9992405642994148
season_2025-26,m8_k320_cap0.75-1.35,8.0,320.0,0.75-1.35,5602,3644,REB,2.086039052688602,-0.12940375463719558,0.9999679778509981
season_2025-26,m8_k320_cap0.75-1.35,8.0,320.0,0.75-1.35,5602,3644,STL,0.8274998804911132,-0.002517390279218533,0.9998717153807728
season_2025-26,m8_k320_cap0.75-1.35,8.0,320.0,0.75-1.35,5602,3644,BLK,0.583828368016499,-0.025522862859390167,1.000028739909831
season_2025-26,m8_k320_cap0.75-1.35,8.0,320.0,0.75-1.35,5602,3644,FG3M,1.0921553955631362,-0.06359711063971524,1.000485174296454
season_2025-26,m8_k320_cap0.75-1.35,8.0,320.0,0.75-1.35,5602,3644,TOV,1.0667326761294045,-0.007688304713553559,0.9996809898726003
season_2025-26,m8_k320_cap0.75-1.35,8.0,320.0,0.75-1.35,5602,3644,FG3A,1.7629120862728629,-0.16736291930993163,0.9998425375928627
season_2025-26,m8_k320_cap0.75-1.35,8.0,320.0,0.75-1.35,5602,3644,OREB,0.9183566636007057,-0.019363174283639362,1.000187982384102
season_2025-26,m8_k320_cap0.75-1.35,8.0,320.0,0.75-1.35,5602,3644,POOLED,,,0.9998384160358798
season_2025-26,m8_k320_cap0.85-1.20,8.0,320.0,0.85-1.20,5602,3644,PTS,5.410663123477167,-0.7005623688637905,0.999240062735883
season_2025-26,m8_k320_cap0.85-1.20,8.0,320.0,0.85-1.20,5602,3644,AST,1.6291577334773761,-0.1469061124285727,0.9992405642994148
season_2025-26,m8_k320_cap0.85-1.20,8.0,320.0,0.85-1.20,5602,3644,REB,2.086039052688602,-0.12940375463719558,0.9999679778509981
season_2025-26,m8_k320_cap0.85-1.20,8.0,320.0,0.85-1.20,5602,3644,STL,0.8274998804911132,-0.002517390279218533,0.9998717153807728
season_2025-26,m8_k320_cap0.85-1.20,8.0,320.0,0.85-1.20,5602,3644,BLK,0.583828368016499,-0.025522862859390167,1.000028739909831
season_2025-26,m8_k320_cap0.85-1.20,8.0,320.0,0.85-1.20,5602,3644,FG3M,1.0921553955631362,-0.06359711063971524,1.000485174296454
season_2025-26,m8_k320_cap0.85-1.20,8.0,320.0,0.85-1.20,5602,3644,TOV,1.0667326761294045,-0.007688304713553559,0.9996809898726003
season_2025-26,m8_k320_cap0.85-1.20,8.0,320.0,0.85-1.20,5602,3644,FG3A,1.7629120862728629,-0.16736291930993163,0.9998425375928627
season_2025-26,m8_k320_cap0.85-1.20,8.0,320.0,0.85-1.20,5602,3644,OREB,0.9183566636007057,-0.019363174283639362,1.000187982384102
season_2025-26,m8_k320_cap0.85-1.20,8.0,320.0,0.85-1.20,5602,3644,POOLED,,,0.9998384160358798
season_2025-26,m12_k0_capnone,12.0,0.0,none,5602,2758,PTS,5.451225386080629,-0.3121613210494282,1.0067310923756188
season_2025-26,m12_k0_capnone,12.0,0.0,none,5602,2758,AST,1.631305860719181,-0.07506945750599484,1.0005581137503856
season_2025-26,m12_k0_capnone,12.0,0.0,none,5602,2758,REB,2.1077806335576117,-0.04565098658844508,1.0103900668472932
season_2025-26,m12_k0_capnone,12.0,0.0,none,5602,2758,STL,0.8339564282347135,-0.0008090883524505787,1.007673190184612
season_2025-26,m12_k0_capnone,12.0,0.0,none,5602,2758,BLK,0.5856681374176012,-0.019422057508717946,1.0031800466580105
season_2025-26,m12_k0_capnone,12.0,0.0,none,5602,2758,FG3M,1.105268611827292,-0.02699662765143128,1.0124977308547325
season_2025-26,m12_k0_capnone,12.0,0.0,none,5602,2758,TOV,1.0749657355884137,0.030405410892665772,1.007396543369589
season_2025-26,m12_k0_capnone,12.0,0.0,none,5602,2758,FG3A,1.785605210254793,-0.0684915967617456,1.0127130322957338
season_2025-26,m12_k0_capnone,12.0,0.0,none,5602,2758,OREB,0.9275555614942981,-0.005330144158924222,1.0102065595764051
season_2025-26,m12_k0_capnone,12.0,0.0,none,5602,2758,POOLED,,,1.0079273751013755
season_2025-26,m12_k0_cap0.75-1.35,12.0,0.0,0.75-1.35,5602,2758,PTS,5.4530244335039555,-0.3178355162069648,1.0070633400537914
season_2025-26,m12_k0_cap0.75-1.35,12.0,0.0,0.75-1.35,5602,2758,AST,1.6305094572984482,-0.07453973537464124,1.0000696413408758
season_2025-26,m12_k0_cap0.75-1.35,12.0,0.0,0.75-1.35,5602,2758,REB,2.107273219327261,-0.04524571836018124,1.0101468317164828
season_2025-26,m12_k0_cap0.75-1.35,12.0,0.0,0.75-1.35,5602,2758,STL,0.8331834955817733,-0.0003055518803589485,1.0067392522883185
season_2025-26,m12_k0_cap0.75-1.35,12.0,0.0,0.75-1.35,5602,2758,BLK,0.5862639342151874,-0.01851697094260587,1.004200575898062
season_2025-26,m12_k0_cap0.75-1.35,12.0,0.0,0.75-1.35,5602,2758,FG3M,1.1044908615717446,-0.028012380125179308,1.0117852611794997
season_2025-26,m12_k0_cap0.75-1.35,12.0,0.0,0.75-1.35,5602,2758,TOV,1.0733709126996966,0.02895708050228393,1.0059019663684896
season_2025-26,m12_k0_cap0.75-1.35,12.0,0.0,0.75-1.35,5602,2758,FG3A,1.7848097178835,-0.06882944567863179,1.0122618656622173
season_2025-26,m12_k0_cap0.75-1.35,12.0,0.0,0.75-1.35,5602,2758,OREB,0.9266433719699451,-0.005556268472660209,1.0092130882639225
season_2025-26,m12_k0_cap0.75-1.35,12.0,0.0,0.75-1.35,5602,2758,POOLED,,,1.007486869196851
season_2025-26,m12_k0_cap0.85-1.20,12.0,0.0,0.85-1.20,5602,2758,PTS,5.448559822497617,-0.34046551627841964,1.0062388166857208
season_2025-26,m12_k0_cap0.85-1.20,12.0,0.0,0.85-1.20,5602,2758,AST,1.6293215585147394,-0.08038494801783896,0.9993410460510692
season_2025-26,m12_k0_cap0.85-1.20,12.0,0.0,0.85-1.20,5602,2758,REB,2.104676050202739,-0.04965229334766365,1.0089018473743927
season_2025-26,m12_k0_cap0.85-1.20,12.0,0.0,0.85-1.20,5602,2758,STL,0.8315452268582929,-0.0003917309429556766,1.0047597250431557
season_2025-26,m12_k0_cap0.85-1.20,12.0,0.0,0.85-1.20,5602,2758,BLK,0.585556369047197,-0.019366193249908778,1.0029886006976219
season_2025-26,m12_k0_cap0.85-1.20,12.0,0.0,0.85-1.20,5602,2758,FG3M,1.1023235401685967,-0.030627199121053165,1.0097998542121451
season_2025-26,m12_k0_cap0.85-1.20,12.0,0.0,0.85-1.20,5602,2758,TOV,1.0710299122452116,0.02459362208061003,1.0037081143341418
season_2025-26,m12_k0_cap0.85-1.20,12.0,0.0,0.85-1.20,5602,2758,FG3A,1.7821648672486639,-0.07396893358449962,1.0107618282009736
season_2025-26,m12_k0_cap0.85-1.20,12.0,0.0,0.85-1.20,5602,2758,OREB,0.9242244862388385,-0.00698047117202209,1.0065786646952761
season_2025-26,m12_k0_cap0.85-1.20,12.0,0.0,0.85-1.20,5602,2758,POOLED,,,1.0058976108104998
season_2025-26,m12_k3_capnone,12.0,3.0,none,5602,2758,PTS,5.436313509258394,-0.365847922363374,1.0039771702793223
season_2025-26,m12_k3_capnone,12.0,3.0,none,5602,2758,AST,1.6294242716671055,-0.08434648317592994,0.9994040449530308
season_2025-26,m12_k3_capnone,12.0,3.0,none,5602,2758,REB,2.102098574565668,-0.05798649277356449,1.007666303343019
season_2025-26,m12_k3_capnone,12.0,3.0,none,5602,2758,STL,0.8324091970853498,-0.0014013731503225101,1.0058036640373857
season_2025-26,m12_k3_capnone,12.0,3.0,none,5602,2758,BLK,0.5852663323659903,-0.020293107835290584,1.0024918022672542
season_2025-26,m12_k3_capnone,12.0,3.0,none,5602,2758,FG3M,1.1027285724878482,-0.03195300150387292,1.0101708900850332
season_2025-26,m12_k3_capnone,12.0,3.0,none,5602,2758,TOV,1.0727584901286464,0.02560307715084321,1.0053280388834245
season_2025-26,m12_k3_capnone,12.0,3.0,none,5602,2758,FG3A,1.7804870826956904,-0.08167375930554516,1.0098102660793902
season_2025-26,m12_k3_capnone,12.0,3.0,none,5602,2758,OREB,0.925590575015755,-0.007318331423706502,1.0080664805207578
season_2025-26,m12_k3_capnone,12.0,3.0,none,5602,2758,POOLED,,,1.0058576289387353
season_2025-26,m12_k3_cap0.75-1.35,12.0,3.0,0.75-1.35,5602,2758,PTS,5.437265265481086,-0.36819397459588266,1.0041529404069331
season_2025-26,m12_k3_cap0.75-1.35,12.0,3.0,0.75-1.35,5602,2758,AST,1.6290772280290902,-0.08367376320233402,0.9991911864473373
season_2025-26,m12_k3_cap0.75-1.35,12.0,3.0,0.75-1.35,5602,2758,REB,2.1020520607287208,-0.057775800263908446,1.0076440063743144
season_2025-26,m12_k3_cap0.75-1.35,12.0,3.0,0.75-1.35,5602,2758,STL,0.8321967230714736,-0.0010910144706822167,1.0055469307595488
season_2025-26,m12_k3_cap0.75-1.35,12.0,3.0,0.75-1.35,5602,2758,BLK,0.5858869087674702,-0.019389050827364914,1.0035547760293857
season_2025-26,m12_k3_cap0.75-1.35,12.0,3.0,0.75-1.35,5602,2758,FG3M,1.1023716924135047,-0.03250535636883457,1.0098439647914046
season_2025-26,m12_k3_cap0.75-1.35,12.0,3.0,0.75-1.35,5602,2758,TOV,1.07203935476558,0.024633638704173295,1.0046541062593568
season_2025-26,m12_k3_cap0.75-1.35,12.0,3.0,0.75-1.35,5602,2758,FG3A,1.7801609625767203,-0.08178740663228315,1.0096253057686349
season_2025-26,m12_k3_cap0.75-1.35,12.0,3.0,0.75-1.35,5602,2758,OREB,0.9252711564877044,-0.007341834737530604,1.0077185998053781
season_2025-26,m12_k3_cap0.75-1.35,12.0,3.0,0.75-1.35,5602,2758,POOLED,,,1.0057702018491437
season_2025-26,m12_k3_cap0.85-1.20,12.0,3.0,0.85-1.20,5602,2758,PTS,5.436793560610031,-0.38128130741091226,1.004065826056217
season_2025-26,m12_k3_cap0.85-1.20,12.0,3.0,0.85-1.20,5602,2758,AST,1.6282140628714454,-0.08653255173771296,0.9986617658630164
season_2025-26,m12_k3_cap0.85-1.20,12.0,3.0,0.85-1.20,5602,2758,REB,2.100689604669403,-0.059627737402176674,1.0069908966308556
season_2025-26,m12_k3_cap0.85-1.20,12.0,3.0,0.85-1.20,5602,2758,STL,0.8311081308647215,-0.0010275574594918,1.0042315800473898
season_2025-26,m12_k3_cap0.85-1.20,12.0,3.0,0.85-1.20,5602,2758,BLK,0.585462711650427,-0.019863084225016883,1.0028281766867204
season_2025-26,m12_k3_cap0.85-1.20,12.0,3.0,0.85-1.20,5602,2758,FG3M,1.1011139272678758,-0.034084136533687116,1.008691770345394
season_2025-26,m12_k3_cap0.85-1.20,12.0,3.0,0.85-1.20,5602,2758,TOV,1.0704140716560073,0.022044218471716188,1.0031309836775153
season_2025-26,m12_k3_cap0.85-1.20,12.0,3.0,0.85-1.20,5602,2758,FG3A,1.778776931045934,-0.08395574693139952,1.0088403468313032
season_2025-26,m12_k3_cap0.85-1.20,12.0,3.0,0.85-1.20,5602,2758,OREB,0.9235575622828242,-0.008314173516910127,1.0058523136462685
season_2025-26,m12_k3_cap0.85-1.20,12.0,3.0,0.85-1.20,5602,2758,POOLED,,,1.0048104066427421
season_2025-26,m12_k5_capnone,12.0,5.0,none,5602,2758,PTS,5.429480800466366,-0.39417280290233464,1.00271530713867
season_2025-26,m12_k5_capnone,12.0,5.0,none,5602,2758,AST,1.6287016009878703,-0.08950759756948003,0.9989607963697397
season_2025-26,m12_k5_capnone,12.0,5.0,none,5602,2758,REB,2.099547561118069,-0.0646302728959119,1.0064434442813066
season_2025-26,m12_k5_capnone,12.0,5.0,none,5602,2758,STL,0.831712467028932,-0.001689236287737252,1.0049618020708868
season_2025-26,m12_k5_capnone,12.0,5.0,none,5602,2758,BLK,0.5850667832871593,-0.020713122290150137,1.0021499983659954
season_2025-26,m12_k5_capnone,12.0,5.0,none,5602,2758,FG3M,1.1014725924939193,-0.03462664267449354,1.009020330953756
season_2025-26,m12_k5_capnone,12.0,5.0,none,5602,2758,TOV,1.0717391143178294,0.022992839859533383,1.0043727380452545
season_2025-26,m12_k5_capnone,12.0,5.0,none,5602,2758,FG3A,1.7780471030923648,-0.0887548839186689,1.0084264220310906
season_2025-26,m12_k5_capnone,12.0,5.0,none,5602,2758,OREB,0.9246147925156873,-0.008355110729721088,1.0070037497009456
season_2025-26,m12_k5_capnone,12.0,5.0,none,5602,2758,POOLED,,,1.0048949543286272
season_2025-26,m12_k5_cap0.75-1.35,12.0,5.0,0.75-1.35,5602,2758,PTS,5.429918957595448,-0.39526345590988987,1.0027962258998573
season_2025-26,m12_k5_cap0.75-1.35,12.0,5.0,0.75-1.35,5602,2758,AST,1.6285263768461995,-0.08888088765394606,0.9988533230007687
season_2025-26,m12_k5_cap0.75-1.35,12.0,5.0,0.75-1.35,5602,2758,REB,2.0995301056336744,-0.06450113896675644,1.0064350767843462
season_2025-26,m12_k5_cap0.75-1.35,12.0,5.0,0.75-1.35,5602,2758,STL,0.8316263545055665,-0.0014542464777131696,1.0048577519332578
season_2025-26,m12_k5_cap0.75-1.35,12.0,5.0,0.75-1.35,5602,2758,BLK,0.5856315324245259,-0.019897534720715985,1.0031173466470058
season_2025-26,m12_k5_cap0.75-1.35,12.0,5.0,0.75-1.35,5602,2758,FG3M,1.1012632756704288,-0.034944098373479886,1.0088285831681534
season_2025-26,m12_k5_cap0.75-1.35,12.0,5.0,0.75-1.35,5602,2758,TOV,1.0712915170199218,0.0223162812697709,1.0039532754002551
season_2025-26,m12_k5_cap0.75-1.35,12.0,5.0,0.75-1.35,5602,2758,FG3A,1.7778128391664212,-0.08886595521203851,1.0082935583222274
season_2025-26,m12_k5_cap0.75-1.35,12.0,5.0,0.75-1.35,5602,2758,OREB,0.9245126507198909,-0.008319903665912124,1.006892506432721
season_2025-26,m12_k5_cap0.75-1.35,12.0,5.0,0.75-1.35,5602,2758,POOLED,,,1.004891960843177
season_2025-26,m12_k5_cap0.85-1.20,12.0,5.0,0.85-1.20,5602,2758,PTS,5.430443023909458,-0.4050263581765574,1.0028930103502172
season_2025-26,m12_k5_cap0.85-1.20,12.0,5.0,0.85-1.20,5602,2758,AST,1.6277318667772722,-0.09048705423041245,0.9983660118747171
season_2025-26,m12_k5_cap0.85-1.20,12.0,5.0,0.85-1.20,5602,2758,REB,2.098681496129251,-0.06530766136509583,1.0060282855840426
season_2025-26,m12_k5_cap0.85-1.20,12.0,5.0,0.85-1.20,5602,2758,STL,0.8308834821692292,-0.001338900341784036,1.0039601360486468
season_2025-26,m12_k5_cap0.85-1.20,12.0,5.0,0.85-1.20,5602,2758,BLK,0.5854051075806552,-0.02016036997254402,1.0027295077482734
season_2025-26,m12_k5_cap0.85-1.20,12.0,5.0,0.85-1.20,5602,2758,FG3M,1.1003774650932219,-0.03610578816509127,1.0080171232300066
season_2025-26,m12_k5_cap0.85-1.20,12.0,5.0,0.85-1.20,5602,2758,TOV,1.0700355912203592,0.020416801112379653,1.0027762934116007
season_2025-26,m12_k5_cap0.85-1.20,12.0,5.0,0.85-1.20,5602,2758,FG3A,1.7769515506115527,-0.09001572114909649,1.007805075123885
season_2025-26,m12_k5_cap0.85-1.20,12.0,5.0,0.85-1.20,5602,2758,OREB,0.9231568398557193,-0.009088110439311394,1.0054158843462504
season_2025-26,m12_k5_cap0.85-1.20,12.0,5.0,0.85-1.20,5602,2758,POOLED,,,1.0042212586352934
season_2025-26,m12_k10_capnone,12.0,10.0,none,5602,2758,PTS,5.419374409415363,-0.44836968484306106,1.0008488610862412
season_2025-26,m12_k10_capnone,12.0,10.0,none,5602,2758,AST,1.627675047531417,-0.09959195036022182,0.9983311619064638
season_2025-26,m12_k10_capnone,12.0,10.0,none,5602,2758,REB,2.09549093456938,-0.07707335552892187,1.0044988514216662
season_2025-26,m12_k10_capnone,12.0,10.0,none,5602,2758,STL,0.8305840238832997,-0.002182443957207262,1.0035982992954382
season_2025-26,m12_k10_capnone,12.0,10.0,none,5602,2758,BLK,0.584769519378495,-0.021485345058227218,1.0016408205522962
season_2025-26,m12_k10_capnone,12.0,10.0,none,5602,2758,FG3M,1.09923007785048,-0.039669373671558636,1.0069660421016216
season_2025-26,m12_k10_capnone,12.0,10.0,none,5602,2758,TOV,1.0699850449003432,0.017872460981018332,1.0027289242849595
season_2025-26,m12_k10_capnone,12.0,10.0,none,5602,2758,FG3A,1.7735701445030594,-0.10257815872758076,1.0058872973228965
season_2025-26,m12_k10_capnone,12.0,10.0,none,5602,2758,OREB,0.9229619819560027,-0.010349413553338621,1.0052036633897377
season_2025-26,m12_k10_capnone,12.0,10.0,none,5602,2758,POOLED,,,1.0033004357068134
season_2025-26,m12_k10_cap0.75-1.35,12.0,10.0,0.75-1.35,5602,2758,PTS,5.419353294290943,-0.4484068176108765,1.0008449615497574
season_2025-26,m12_k10_cap0.75-1.35,12.0,10.0,0.75-1.35,5602,2758,AST,1.627629354276405,-0.09923769409641264,0.9983031360419421
season_2025-26,m12_k10_cap0.75-1.35,12.0,10.0,0.75-1.35,5602,2758,REB,2.0954733593785675,-0.0770314224388564,1.0044904265419907
season_2025-26,m12_k10_cap0.75-1.35,12.0,10.0,0.75-1.35,5602,2758,STL,0.8305709461950604,-0.0020667292364329624,1.0035824974676903
season_2025-26,m12_k10_cap0.75-1.35,12.0,10.0,0.75-1.35,5602,2758,BLK,0.5851451434538413,-0.02098110934412736,1.0022842200363338
season_2025-26,m12_k10_cap0.75-1.35,12.0,10.0,0.75-1.35,5602,2758,FG3M,1.0992112919652273,-0.03970690592287578,1.0069488330123677
season_2025-26,m12_k10_cap0.75-1.35,12.0,10.0,0.75-1.35,5602,2758,TOV,1.0698943074890384,0.01768545824800784,1.0026438903611081
season_2025-26,m12_k10_cap0.75-1.35,12.0,10.0,0.75-1.35,5602,2758,FG3A,1.773475610113681,-0.10266619361126712,1.0058336817713884
season_2025-26,m12_k10_cap0.75-1.35,12.0,10.0,0.75-1.35,5602,2758,OREB,0.9230568958117874,-0.010258364631299194,1.0053070346633184
season_2025-26,m12_k10_cap0.75-1.35,12.0,10.0,0.75-1.35,5602,2758,POOLED,,,1.0033598534939885
season_2025-26,m12_k10_cap0.85-1.20,12.0,10.0,0.85-1.20,5602,2758,PTS,5.420143292152526,-0.4527982716848233,1.0009908581792009
season_2025-26,m12_k10_cap0.85-1.20,12.0,10.0,0.85-1.20,5602,2758,AST,1.6271870646645323,-0.09939680541936469,0.9980318586129554
season_2025-26,m12_k10_cap0.85-1.20,12.0,10.0,0.85-1.20,5602,2758,REB,2.0952175669663795,-0.07686145842971678,1.0043678093643136
season_2025-26,m12_k10_cap0.85-1.20,12.0,10.0,0.85-1.20,5602,2758,STL,0.8303420613167037,-0.001908014395476208,1.0033059348707127
season_2025-26,m12_k10_cap0.85-1.20,12.0,10.0,0.85-1.20,5602,2758,BLK,0.585165204493824,-0.020831169140353732,1.0023185822181568
season_2025-26,m12_k10_cap0.85-1.20,12.0,10.0,0.85-1.20,5602,2758,FG3M,1.098776971902736,-0.04038797797962384,1.0065509676672098
season_2025-26,m12_k10_cap0.85-1.20,12.0,10.0,0.85-1.20,5602,2758,TOV,1.0691562972545516,0.016456773184787866,1.0019522692846592
season_2025-26,m12_k10_cap0.85-1.20,12.0,10.0,0.85-1.20,5602,2758,FG3A,1.773133106440149,-0.10299649085896925,1.0056394294630937
season_2025-26,m12_k10_cap0.85-1.20,12.0,10.0,0.85-1.20,5602,2758,OREB,0.9223417431581459,-0.010652393210665672,1.0045281574382783
season_2025-26,m12_k10_cap0.85-1.20,12.0,10.0,0.85-1.20,5602,2758,POOLED,,,1.0030762074553978
season_2025-26,m12_k20_capnone,12.0,20.0,none,5602,2758,PTS,5.411985485569723,-0.5180478489506023,0.9994842762731464
season_2025-26,m12_k20_capnone,12.0,20.0,none,5602,2758,AST,1.6270862305288136,-0.1125696398608597,0.9979700122020121
season_2025-26,m12_k20_capnone,12.0,20.0,none,5602,2758,REB,2.091564763894103,-0.09230022338055875,1.0026167941582633
season_2025-26,m12_k20_capnone,12.0,20.0,none,5602,2758,STL,0.8293566405888918,-0.002575996518735812,1.0021152467066197
season_2025-26,m12_k20_capnone,12.0,20.0,none,5602,2758,BLK,0.5844087184454629,-0.02242572143839267,1.0010228113527018
season_2025-26,m12_k20_capnone,12.0,20.0,none,5602,2758,FG3M,1.0969424605846987,-0.045921611529954755,1.0048704363222822
season_2025-26,m12_k20_capnone,12.0,20.0,none,5602,2758,TOV,1.0683572582251235,0.011243752072992977,1.0012034555042622
season_2025-26,m12_k20_capnone,12.0,20.0,none,5602,2758,FG3A,1.7688415313617256,-0.12043801141730599,1.0032054457437167
season_2025-26,m12_k20_capnone,12.0,20.0,none,5602,2758,OREB,0.9212056976916153,-0.012906465604265711,1.0032908832199907
season_2025-26,m12_k20_capnone,12.0,20.0,none,5602,2758,POOLED,,,1.0017532623869994
season_2025-26,m12_k20_cap0.75-1.35,12.0,20.0,0.75-1.35,5602,2758,PTS,5.411985485569723,-0.5180478489506023,0.9994842762731464
season_2025-26,m12_k20_cap0.75-1.35,12.0,20.0,0.75-1.35,5602,2758,AST,1.627079467493037,-0.11256287682508304,0.9979658641078484
season_2025-26,m12_k20_cap0.75-1.35,12.0,20.0,0.75-1.35,5602,2758,REB,2.091564763894103,-0.09230022338055875,1.0026167941582633
season_2025-26,m12_k20_cap0.75-1.35,12.0,20.0,0.75-1.35,5602,2758,STL,0.8293585672446738,-0.0025528030525430023,1.0021175746932058
season_2025-26,m12_k20_cap0.75-1.35,12.0,20.0,0.75-1.35,5602,2758,BLK,0.5845564975852824,-0.022299536432146466,1.0012759394894533
season_2025-26,m12_k20_cap0.75-1.35,12.0,20.0,0.75-1.35,5602,2758,FG3M,1.0969657352383893,-0.04589833687626435,1.0048917574145453
season_2025-26,m12_k20_cap0.75-1.35,12.0,20.0,0.75-1.35,5602,2758,TOV,1.0683481784202264,0.01123020674048696,1.001194946429261
season_2025-26,m12_k20_cap0.75-1.35,12.0,20.0,0.75-1.35,5602,2758,FG3A,1.7688067853232323,-0.12047275745579919,1.0031857393910466
season_2025-26,m12_k20_cap0.75-1.35,12.0,20.0,0.75-1.35,5602,2758,OREB,0.9212607612144278,-0.01285832418985364,1.0033508532468525
season_2025-26,m12_k20_cap0.75-1.35,12.0,20.0,0.75-1.35,5602,2758,POOLED,,,1.0017870828004025
season_2025-26,m12_k20_cap0.85-1.20,12.0,20.0,0.85-1.20,5602,2758,PTS,5.4122394012880175,-0.5185667106672177,0.9995311693715502
season_2025-26,m12_k20_cap0.85-1.20,12.0,20.0,0.85-1.20,5602,2758,AST,1.626902960613663,-0.1121920085625993,0.9978576039743302
season_2025-26,m12_k20_cap0.85-1.20,12.0,20.0,0.85-1.20,5602,2758,REB,2.0915548719923263,-0.09220573350222608,1.0026120523558488
season_2025-26,m12_k20_cap0.85-1.20,12.0,20.0,0.85-1.20,5602,2758,STL,0.8293363353128099,-0.002458945000964655,1.0020907117529527
season_2025-26,m12_k20_cap0.85-1.20,12.0,20.0,0.85-1.20,5602,2758,BLK,0.5847563077629196,-0.021765636723439022,1.001618190621995
season_2025-26,m12_k20_cap0.85-1.20,12.0,20.0,0.85-1.20,5602,2758,FG3M,1.0968765930413227,-0.046180331047832306,1.0048100973806968
season_2025-26,m12_k20_cap0.85-1.20,12.0,20.0,0.85-1.20,5602,2758,TOV,1.068138470912376,0.010781179073960097,1.000998420520078
season_2025-26,m12_k20_cap0.85-1.20,12.0,20.0,0.85-1.20,5602,2758,FG3A,1.7687495036280971,-0.12061133073188429,1.0031532518518962
season_2025-26,m12_k20_cap0.85-1.20,12.0,20.0,0.85-1.20,5602,2758,OREB,0.9211114978568474,-0.013016844847969914,1.0031882895911624
season_2025-26,m12_k20_cap0.85-1.20,12.0,20.0,0.85-1.20,5602,2758,POOLED,,,1.001762198602279
season_2025-26,m12_k40_capnone,12.0,40.0,none,5602,2758,PTS,5.409460947916444,-0.5895543357053514,0.9990180452205984
season_2025-26,m12_k40_capnone,12.0,40.0,none,5602,2758,AST,1.6274609543352871,-0.1259789054785701,0.9981998482824251
season_2025-26,m12_k40_capnone,12.0,40.0,none,5602,2758,REB,2.088817857702589,-0.10722397300266552,1.0013000315472593
season_2025-26,m12_k40_capnone,12.0,40.0,none,5602,2758,STL,0.8284464671518652,-0.0026739088842105607,1.0010154801722322
season_2025-26,m12_k40_capnone,12.0,40.0,none,5602,2758,BLK,0.5840789630921798,-0.023515338857303707,1.000457979548549
season_2025-26,m12_k40_capnone,12.0,40.0,none,5602,2758,FG3M,1.0948450414933009,-0.05261380030789168,1.0029490644060195
season_2025-26,m12_k40_capnone,12.0,40.0,none,5602,2758,TOV,1.067342483485203,0.0041987170314104596,1.0002524665271717
season_2025-26,m12_k40_capnone,12.0,40.0,none,5602,2758,FG3A,1.765655531626754,-0.13870551873596787,1.001398493437593
season_2025-26,m12_k40_capnone,12.0,40.0,none,5602,2758,OREB,0.9196373059147466,-0.015551441325862125,1.001582737932795
season_2025-26,m12_k40_capnone,12.0,40.0,none,5602,2758,POOLED,,,1.000686016341627
season_2025-26,m12_k40_cap0.75-1.35,12.0,40.0,0.75-1.35,5602,2758,PTS,5.409460947916444,-0.5895543357053514,0.9990180452205984
season_2025-26,m12_k40_cap0.75-1.35,12.0,40.0,0.75-1.35,5602,2758,AST,1.6274609543352871,-0.1259789054785701,0.9981998482824251
season_2025-26,m12_k40_cap0.75-1.35,12.0,40.0,0.75-1.35,5602,2758,REB,2.088817857702589,-0.10722397300266552,1.0013000315472593
season_2025-26,m12_k40_cap0.75-1.35,12.0,40.0,0.75-1.35,5602,2758,STL,0.8284464671518652,-0.0026739088842105607,1.0010154801722322
season_2025-26,m12_k40_cap0.75-1.35,12.0,40.0,0.75-1.35,5602,2758,BLK,0.5840902285945246,-0.02351263896829681,1.000477276017737
season_2025-26,m12_k40_cap0.75-1.35,12.0,40.0,0.75-1.35,5602,2758,FG3M,1.0948485510564518,-0.05261029074474068,1.0029522793934793
season_2025-26,m12_k40_cap0.75-1.35,12.0,40.0,0.75-1.35,5602,2758,TOV,1.067342483485203,0.0041987170314104596,1.0002524665271717
season_2025-26,m12_k40_cap0.75-1.35,12.0,40.0,0.75-1.35,5602,2758,FG3A,1.7656453602479456,-0.13871569011477627,1.0013927247000152
season_2025-26,m12_k40_cap0.75-1.35,12.0,40.0,0.75-1.35,5602,2758,OREB,0.9196454598055696,-0.015542056171690606,1.0015916183862552
season_2025-26,m12_k40_cap0.75-1.35,12.0,40.0,0.75-1.35,5602,2758,POOLED,,,1.000688863360797
season_2025-26,m12_k40_cap0.85-1.20,12.0,40.0,0.85-1.20,5602,2758,PTS,5.409460559429441,-0.5895539472183475,0.9990179734749051
season_2025-26,m12_k40_cap0.85-1.20,12.0,40.0,0.85-1.20,5602,2758,AST,1.6274211425284035,-0.1259373629092765,0.9981754297920857
season_2025-26,m12_k40_cap0.85-1.20,12.0,40.0,0.85-1.20,5602,2758,REB,2.088817857702589,-0.10722397300266552,1.0013000315472593
season_2025-26,m12_k40_cap0.85-1.20,12.0,40.0,0.85-1.20,5602,2758,STL,0.8284513602871774,-0.002674171140197106,1.001021392568975
season_2025-26,m12_k40_cap0.85-1.20,12.0,40.0,0.85-1.20,5602,2758,BLK,0.5842288902945542,-0.02334469774421906,1.000714787061651
season_2025-26,m12_k40_cap0.85-1.20,12.0,40.0,0.85-1.20,5602,2758,FG3M,1.094861277271393,-0.052603734777744146,1.0029639374317267
season_2025-26,m12_k40_cap0.85-1.20,12.0,40.0,0.85-1.20,5602,2758,TOV,1.067331061657088,0.004136499276626478,1.0002417626416604
season_2025-26,m12_k40_cap0.85-1.20,12.0,40.0,0.85-1.20,5602,2758,FG3A,1.7656259879329905,-0.13873506242973127,1.0013817376152396
season_2025-26,m12_k40_cap0.85-1.20,12.0,40.0,0.85-1.20,5602,2758,OREB,0.9196831506986052,-0.015512408451345933,1.0016326677734417
season_2025-26,m12_k40_cap0.85-1.20,12.0,40.0,0.85-1.20,5602,2758,POOLED,,,1.000716635545216
season_2025-26,m12_k80_capnone,12.0,80.0,none,5602,2758,PTS,5.409762774870686,-0.647133214932612,0.9990737865554051
season_2025-26,m12_k80_capnone,12.0,80.0,none,5602,2758,AST,1.6281711619855967,-0.13679534505423757,0.9986354526924108
season_2025-26,m12_k80_capnone,12.0,80.0,none,5602,2758,REB,2.087320390404508,-0.1188744582862605,1.0005822025382434
season_2025-26,m12_k80_capnone,12.0,80.0,none,5602,2758,STL,0.8279453916763785,-0.0026774485999714937,1.0004100284893718
season_2025-26,m12_k80_capnone,12.0,80.0,none,5602,2758,BLK,0.5838582045321324,-0.0246083018698174,1.0000798463218639
season_2025-26,m12_k80_capnone,12.0,80.0,none,5602,2758,FG3M,1.0933187966760156,-0.05828526943947659,1.0015509251684678
season_2025-26,m12_k80_capnone,12.0,80.0,none,5602,2758,TOV,1.0668016119520698,-0.001942908788162299,0.9997455925917088
season_2025-26,m12_k80_capnone,12.0,80.0,none,5602,2758,FG3A,1.764095174384372,-0.15343739139221257,1.0005135306780075
season_2025-26,m12_k80_capnone,12.0,80.0,none,5602,2758,OREB,0.9187222713584744,-0.01761028563911038,1.0005861680782668
season_2025-26,m12_k80_capnone,12.0,80.0,none,5602,2758,POOLED,,,1.0001308370126383
season_2025-26,m12_k80_cap0.75-1.35,12.0,80.0,0.75-1.35,5602,2758,PTS,5.409762774870686,-0.647133214932612,0.9990737865554051
season_2025-26,m12_k80_cap0.75-1.35,12.0,80.0,0.75-1.35,5602,2758,AST,1.6281711619855967,-0.13679534505423757,0.9986354526924108
season_2025-26,m12_k80_cap0.75-1.35,12.0,80.0,0.75-1.35,5602,2758,REB,2.087320390404508,-0.1188744582862605,1.0005822025382434
season_2025-26,m12_k80_cap0.75-1.35,12.0,80.0,0.75-1.35,5602,2758,STL,0.8279453916763785,-0.0026774485999714937,1.0004100284893718
season_2025-26,m12_k80_cap0.75-1.35,12.0,80.0,0.75-1.35,5602,2758,BLK,0.5838589508167052,-0.02460904815439023,1.000081124618812
season_2025-26,m12_k80_cap0.75-1.35,12.0,80.0,0.75-1.35,5602,2758,FG3M,1.0933191532706972,-0.05828491284479528,1.001551251832323
season_2025-26,m12_k80_cap0.75-1.35,12.0,80.0,0.75-1.35,5602,2758,TOV,1.0668016119520698,-0.001942908788162299,0.9997455925917088
season_2025-26,m12_k80_cap0.75-1.35,12.0,80.0,0.75-1.35,5602,2758,FG3A,1.76409388376121,-0.15343868201537453,1.0005127986959945
season_2025-26,m12_k80_cap0.75-1.35,12.0,80.0,0.75-1.35,5602,2758,OREB,0.9187222713584744,-0.01761028563911038,1.0005861680782668
season_2025-26,m12_k80_cap0.75-1.35,12.0,80.0,0.75-1.35,5602,2758,POOLED,,,1.0001309340102817
season_2025-26,m12_k80_cap0.85-1.20,12.0,80.0,0.85-1.20,5602,2758,PTS,5.409762774870686,-0.647133214932612,0.9990737865554051
season_2025-26,m12_k80_cap0.85-1.20,12.0,80.0,0.85-1.20,5602,2758,AST,1.6281711619855967,-0.13679534505423757,0.9986354526924108
season_2025-26,m12_k80_cap0.85-1.20,12.0,80.0,0.85-1.20,5602,2758,REB,2.087320390404508,-0.1188744582862605,1.0005822025382434
season_2025-26,m12_k80_cap0.85-1.20,12.0,80.0,0.85-1.20,5602,2758,STL,0.8279453916763785,-0.0026774485999714937,1.0004100284893718
season_2025-26,m12_k80_cap0.85-1.20,12.0,80.0,0.85-1.20,5602,2758,BLK,0.5838693459555938,-0.024599702952162378,1.0000989302586427
season_2025-26,m12_k80_cap0.85-1.20,12.0,80.0,0.85-1.20,5602,2758,FG3M,1.0933210144877443,-0.05828305162774808,1.0015529568278478
season_2025-26,m12_k80_cap0.85-1.20,12.0,80.0,0.85-1.20,5602,2758,TOV,1.0668016119520698,-0.001942908788162299,0.9997455925917088
season_2025-26,m12_k80_cap0.85-1.20,12.0,80.0,0.85-1.20,5602,2758,FG3A,1.7640879126546345,-0.15344465312195016,1.0005094121593674
season_2025-26,m12_k80_cap0.85-1.20,12.0,80.0,0.85-1.20,5602,2758,OREB,0.9187286653399643,-0.017603001171085233,1.0005931318034722
season_2025-26,m12_k80_cap0.85-1.20,12.0,80.0,0.85-1.20,5602,2758,POOLED,,,1.0001334993240523
season_2025-26,m12_k160_capnone,12.0,160.0,none,5602,2758,PTS,5.411340259053685,-0.6856536237641423,0.9993651159836124
season_2025-26,m12_k160_capnone,12.0,160.0,none,5602,2758,AST,1.6289165885377352,-0.14404634463193322,0.9990926585438128
season_2025-26,m12_k160_capnone,12.0,160.0,none,5602,2758,REB,2.0865681867680874,-0.12657062771080235,1.0002216246534361
season_2025-26,m12_k160_capnone,12.0,160.0,none,5602,2758,STL,0.8277155863130232,-0.0026549878953310096,1.0001323536663551
season_2025-26,m12_k160_capnone,12.0,160.0,none,5602,2758,BLK,0.5838074404990856,-0.025282474701701318,0.9999928935549522
season_2025-26,m12_k160_capnone,12.0,160.0,none,5602,2758,FG3M,1.0924891013081222,-0.06205918683151851,1.0007908704014152
season_2025-26,m12_k160_capnone,12.0,160.0,none,5602,2758,TOV,1.0667473881768423,-0.006079713427702327,0.999694777163901
season_2025-26,m12_k160_capnone,12.0,160.0,none,5602,2758,FG3A,1.7635348806459308,-0.16328021828210237,1.000195757876061
season_2025-26,m12_k160_capnone,12.0,160.0,none,5602,2758,OREB,0.9184075449711367,-0.01894839575607675,1.0002433976026652
season_2025-26,m12_k160_capnone,12.0,160.0,none,5602,2758,POOLED,,,0.9999699388273569
season_2025-26,m12_k160_cap0.75-1.35,12.0,160.0,0.75-1.35,5602,2758,PTS,5.411340259053685,-0.6856536237641423,0.9993651159836124
season_2025-26,m12_k160_cap0.75-1.35,12.0,160.0,0.75-1.35,5602,2758,AST,1.6289165885377352,-0.14404634463193322,0.9990926585438128
season_2025-26,m12_k160_cap0.75-1.35,12.0,160.0,0.75-1.35,5602,2758,REB,2.0865681867680874,-0.12657062771080235,1.0002216246534361
season_2025-26,m12_k160_cap0.75-1.35,12.0,160.0,0.75-1.35,5602,2758,STL,0.8277155863130232,-0.0026549878953310096,1.0001323536663551
season_2025-26,m12_k160_cap0.75-1.35,12.0,160.0,0.75-1.35,5602,2758,BLK,0.5838074404990856,-0.025282474701701318,0.9999928935549522
season_2025-26,m12_k160_cap0.75-1.35,12.0,160.0,0.75-1.35,5602,2758,FG3M,1.0924891013081222,-0.06205918683151851,1.0007908704014152
season_2025-26,m12_k160_cap0.75-1.35,12.0,160.0,0.75-1.35,5602,2758,TOV,1.0667473881768423,-0.006079713427702327,0.999694777163901
season_2025-26,m12_k160_cap0.75-1.35,12.0,160.0,0.75-1.35,5602,2758,FG3A,1.7635348806459308,-0.16328021828210237,1.000195757876061
season_2025-26,m12_k160_cap0.75-1.35,12.0,160.0,0.75-1.35,5602,2758,OREB,0.9184075449711367,-0.01894839575607675,1.0002433976026652
season_2025-26,m12_k160_cap0.75-1.35,12.0,160.0,0.75-1.35,5602,2758,POOLED,,,0.9999699388273569
season_2025-26,m12_k160_cap0.85-1.20,12.0,160.0,0.85-1.20,5602,2758,PTS,5.411340259053685,-0.6856536237641423,0.9993651159836124
season_2025-26,m12_k160_cap0.85-1.20,12.0,160.0,0.85-1.20,5602,2758,AST,1.6289165885377352,-0.14404634463193322,0.9990926585438128
season_2025-26,m12_k160_cap0.85-1.20,12.0,160.0,0.85-1.20,5602,2758,REB,2.0865681867680874,-0.12657062771080235,1.0002216246534361
season_2025-26,m12_k160_cap0.85-1.20,12.0,160.0,0.85-1.20,5602,2758,STL,0.8277155863130232,-0.0026549878953310096,1.0001323536663551
season_2025-26,m12_k160_cap0.85-1.20,12.0,160.0,0.85-1.20,5602,2758,BLK,0.5838071010104123,-0.02528316319908035,0.9999923120511255
season_2025-26,m12_k160_cap0.85-1.20,12.0,160.0,0.85-1.20,5602,2758,FG3M,1.0924893284447277,-0.062058959694913,1.000791078473277
season_2025-26,m12_k160_cap0.85-1.20,12.0,160.0,0.85-1.20,5602,2758,TOV,1.0667473881768423,-0.006079713427702327,0.999694777163901
season_2025-26,m12_k160_cap0.85-1.20,12.0,160.0,0.85-1.20,5602,2758,FG3A,1.7635341604405228,-0.16328093848751027,1.0001953494087252
season_2025-26,m12_k160_cap0.85-1.20,12.0,160.0,0.85-1.20,5602,2758,OREB,0.9184075449711367,-0.01894839575607675,1.0002433976026652
season_2025-26,m12_k160_cap0.85-1.20,12.0,160.0,0.85-1.20,5602,2758,POOLED,,,0.9999698519496567
season_2025-26,m12_k320_capnone,12.0,320.0,none,5602,2758,PTS,5.412732692580419,-0.7084504979892734,0.9996222702977614
season_2025-26,m12_k320_capnone,12.0,320.0,none,5602,2758,AST,1.6295474158073218,-0.1483557171868094,0.9994795751596102
season_2025-26,m12_k320_capnone,12.0,320.0,none,5602,2758,REB,2.086294185688037,-0.13109026419018607,1.0000902789312198
season_2025-26,m12_k320_capnone,12.0,320.0,none,5602,2758,STL,0.8276305420299791,-0.0026313568951857116,1.0000295942881663
season_2025-26,m12_k320_capnone,12.0,320.0,none,5602,2758,BLK,0.5838004932724794,-0.025658077283166117,0.999980993779865
season_2025-26,m12_k320_capnone,12.0,320.0,none,5602,2758,FG3M,1.0920698355124498,-0.06428317819367636,1.0004067957410108
season_2025-26,m12_k320_capnone,12.0,320.0,none,5602,2758,TOV,1.0668613587922295,-0.008511976096494392,0.9998015839207917
season_2025-26,m12_k320_capnone,12.0,320.0,none,5602,2758,FG3A,1.763331292707111,-0.16909525816442497,1.000080292174193
season_2025-26,m12_k320_capnone,12.0,320.0,none,5602,2758,OREB,0.9182848569832196,-0.019725541287936136,1.000109777348181
season_2025-26,m12_k320_capnone,12.0,320.0,none,5602,2758,POOLED,,,0.9999556846267553
season_2025-26,m12_k320_cap0.75-1.35,12.0,320.0,0.75-1.35,5602,2758,PTS,5.412732692580419,-0.7084504979892734,0.9996222702977614
season_2025-26,m12_k320_cap0.75-1.35,12.0,320.0,0.75-1.35,5602,2758,AST,1.6295474158073218,-0.1483557171868094,0.9994795751596102
season_2025-26,m12_k320_cap0.75-1.35,12.0,320.0,0.75-1.35,5602,2758,REB,2.086294185688037,-0.13109026419018607,1.0000902789312198
season_2025-26,m12_k320_cap0.75-1.35,12.0,320.0,0.75-1.35,5602,2758,STL,0.8276305420299791,-0.0026313568951857116,1.0000295942881663
season_2025-26,m12_k320_cap0.75-1.35,12.0,320.0,0.75-1.35,5602,2758,BLK,0.5838004932724794,-0.025658077283166117,0.999980993779865
season_2025-26,m12_k320_cap0.75-1.35,12.0,320.0,0.75-1.35,5602,2758,FG3M,1.0920698355124498,-0.06428317819367636,1.0004067957410108
season_2025-26,m12_k320_cap0.75-1.35,12.0,320.0,0.75-1.35,5602,2758,TOV,1.0668613587922295,-0.008511976096494392,0.9998015839207917
season_2025-26,m12_k320_cap0.75-1.35,12.0,320.0,0.75-1.35,5602,2758,FG3A,1.763331292707111,-0.16909525816442497,1.000080292174193
season_2025-26,m12_k320_cap0.75-1.35,12.0,320.0,0.75-1.35,5602,2758,OREB,0.9182848569832196,-0.019725541287936136,1.000109777348181
season_2025-26,m12_k320_cap0.75-1.35,12.0,320.0,0.75-1.35,5602,2758,POOLED,,,0.9999556846267553
season_2025-26,m12_k320_cap0.85-1.20,12.0,320.0,0.85-1.20,5602,2758,PTS,5.412732692580419,-0.7084504979892734,0.9996222702977614
season_2025-26,m12_k320_cap0.85-1.20,12.0,320.0,0.85-1.20,5602,2758,AST,1.6295474158073218,-0.1483557171868094,0.9994795751596102
season_2025-26,m12_k320_cap0.85-1.20,12.0,320.0,0.85-1.20,5602,2758,REB,2.086294185688037,-0.13109026419018607,1.0000902789312198
season_2025-26,m12_k320_cap0.85-1.20,12.0,320.0,0.85-1.20,5602,2758,STL,0.8276305420299791,-0.0026313568951857116,1.0000295942881663
season_2025-26,m12_k320_cap0.85-1.20,12.0,320.0,0.85-1.20,5602,2758,BLK,0.5838004932724794,-0.025658077283166117,0.999980993779865
season_2025-26,m12_k320_cap0.85-1.20,12.0,320.0,0.85-1.20,5602,2758,FG3M,1.0920698355124498,-0.06428317819367636,1.0004067957410108
season_2025-26,m12_k320_cap0.85-1.20,12.0,320.0,0.85-1.20,5602,2758,TOV,1.0668613587922295,-0.008511976096494392,0.9998015839207917
season_2025-26,m12_k320_cap0.85-1.20,12.0,320.0,0.85-1.20,5602,2758,FG3A,1.763331292707111,-0.16909525816442497,1.000080292174193
season_2025-26,m12_k320_cap0.85-1.20,12.0,320.0,0.85-1.20,5602,2758,OREB,0.9182848569832196,-0.019725541287936136,1.000109777348181
season_2025-26,m12_k320_cap0.85-1.20,12.0,320.0,0.85-1.20,5602,2758,POOLED,,,0.9999556846267553
